fecha,periodo,comprobante,tipo_comprobante,es_nota_credito,codigo_cliente,razon_social,condicion_comercial,localidad,codigo_producto_original,codigo_producto,codigo_normalizado,motivo_normalizacion,producto,unidad_medida,rubro,producto_activo,cantidad,precio_unitario,bonificacion_pct,importe_neto,costo_unitario,costo_total,margen_bruto,margen_bruto_pct,vendedor
2025-01-05,2025-01,FAC 0003-00040174,FAC,false,C9002,VENTA ONLINE,Ecommerce,,CAF-BLEND-250,CAF-BLEND-250,false,,Blend Casa 250 g,UN,CAFE,S,2.00,5600.00,0.00,11200.00,2560.00,5120.00,6080.00,0.54,
2025-03-14,2025-03,FAC 0003-00040914,FAC,false,C9002,VENTA ONLINE,Ecommerce,,CAF-ETIOP-250,CAF-ETIOP-250,false,,Etiopia Yirgacheffe 250 g,UN,CAFE,S,1.00,9922.60,0.00,9922.60,4282.00,4282.00,5640.60,0.57,
2025-04-10,2025-04,FAC 0003-00041573,FAC,false,C9001,CONSUMIDOR FINAL,Local,CABA,CAF-ETIOP-250,CAF-ETIOP-250,false,,Etiopia Yirgacheffe 250 g,UN,CAFE,S,2.00,10140.90,0.00,20281.79,4377.00,8754.00,11527.79,0.57,
2025-01-08,2025-01,FAC 0003-00040172,FAC,false,C9002,VENTA ONLINE,Ecommerce,,CAF-BLEND-250,CAF-BLEND-250,false,,Blend Casa 250 g,UN,CAFE,S,2.00,5600.00,0.00,11200.00,2560.00,5120.00,6080.00,0.54,
2025-04-22,2025-04,FAC 0003-00041384,FAC,false,C9002,VENTA ONLINE,Ecommerce,,CAF-BRAS-250,CAF-BRAS-250,false,,Brasil Cerrado 250 g,UN,CAFE,S,1.00,5657.55,0.00,5657.55,2594.00,2594.00,3063.55,0.54,
2025-02-06,2025-02,FAC 0003-00040462,FAC,false,C0131,Tostado Coghlan II,Mayorista,CABA,CAF-BLEND-1K,CAF-BLEND-1K,false,,Blend Casa 1 kg,UN,CAFE,S,9.00,18396.00,35.00,107616.60,10016.00,90144.00,17472.60,0.16,M. Paz
2025-06-24,2025-06,FAC 0003-00042139,FAC,false,C0138,El Almacen de Constitucion,Mayorista,CABA,CAF-BLEND-1K,CAF-BLEND-1K,false,,Blend Casa 1 kg,UN,CAFE,S,5.00,20069.06,30.00,70241.70,10926.00,54630.00,15611.70,0.22,R. Ibarra
2025-01-26,2025-01,FAC 0003-00040166,FAC,false,C9002,VENTA ONLINE,Ecommerce,,CAF-CAPS-10,CAF-CAPS-10,false,,Capsulas compatibles x10,UN,CAFE,S,2.00,6900.00,0.00,13800.00,3300.00,6600.00,7200.00,0.52,
2025-03-22,2025-03,FAC 0003-00040970,FAC,false,C9002,VENTA ONLINE,Ecommerce,,CAF-COLOM-250,CAF-COLOM-250,false,,Colombia Huila 250 g,UN,CAFE,S,3.00,8564.77,0.00,25694.31,3760.00,11280.00,14414.31,0.56,
2025-01-21,2025-01,FAC 0003-00040085,FAC,false,C9002,VENTA ONLINE,Ecommerce,,CAF-CAPS-10,CAF-CAPS-10,false,,Capsulas compatibles x10,UN,CAFE,S,1.00,6900.00,0.00,6900.00,3300.00,3300.00,3600.00,0.52,
2025-05-01,2025-05,FAC 0003-00041669,FAC,false,C0113,Bar Recoleta II,Mayorista,CABA,CAF-BRAS-1K,CAF-BRAS-1K,false,,Brasil Cerrado 1 kg,UN,CAFE,S,4.00,18546.10,30.00,51929.07,10146.00,40584.00,11345.07,0.22,M. Paz
2025-05-20,2025-05,FAC 0003-00041904,FAC,false,C9002,VENTA ONLINE,Ecommerce,,CAF-ETIOP-250,CAF-ETIOP-250,false,,Etiopia Yirgacheffe 250 g,UN,CAFE,S,2.00,10363.99,0.00,20727.99,4473.00,8946.00,11781.99,0.57,
2025-01-11,2025-01,FAC 0003-00040046,FAC,false,C0133,El Almacen de Barracas II,Mayorista,CABA,CAF-BRAS-1K,CAF-BRAS-1K,false,,Brasil Cerrado 1 kg,UN,CAFE,S,2.00,17000.00,35.00,22100.00,9300.00,18600.00,3500.00,0.16,
2025-04-06,2025-04,FAC 0003-00041371,FAC,false,C9002,VENTA ONLINE,Ecommerce,,CAF-COLOM-250,CAF-COLOM-250,false,,Colombia Huila 250 g,UN,CAFE,S,2.00,8753.19,0.00,17506.39,3843.00,7686.00,9820.39,0.56,
2025-05-04,2025-05,FAC 0003-00041678,FAC,false,C0122,El Almacen de Almagro,Mayorista,CABA,CAF-BRAS-1K,CAF-BRAS-1K,false,,Brasil Cerrado 1 kg,UN,CAFE,S,4.00,18546.10,32.00,50445.38,10146.00,40584.00,9861.38,0.20,R. Ibarra
2025-06-25,2025-06,FAC 0003-00042303,FAC,false,C9002,VENTA ONLINE,Ecommerce,,CAF-COLOM-250,CAF-COLOM-250,false,,Colombia Huila 250 g,UN,CAFE,S,1.00,9142.57,0.00,9142.57,4014.00,4014.00,5128.57,0.56,
2025-06-04,2025-06,FAC 0003-00042311,FAC,false,C9002,VENTA ONLINE,Ecommerce,,CAF-BRAS-250,CAF-BRAS-250,false,,Brasil Cerrado 250 g,UN,CAFE,S,3.00,5909.22,0.00,17727.67,2709.00,8127.00,9600.67,0.54,
2025-04-14,2025-04,FAC 0003-00041416,FAC,false,C9002,VENTA ONLINE,Ecommerce,,CAF-ETIOP-250,CAF-ETIOP-250,false,,Etiopia Yirgacheffe 250 g,UN,CAFE,S,1.00,10140.90,0.00,10140.90,4377.00,4377.00,5763.90,0.57,
2025-05-04,2025-05,FAC 0003-00041938,FAC,false,C9002,VENTA ONLINE,Ecommerce,,CAF-BLEND-250,CAF-BLEND-250,false,,Blend Casa 250 g,UN,CAFE,S,1.00,6109.30,0.00,6109.30,2793.00,2793.00,3316.30,0.54,
2025-02-07,2025-02,FAC 0003-00040453,FAC,false,C0125,Usina Flores II,Mayorista,CABA,CAF-BRAS-1K,CAF-BRAS-1K,false,,Brasil Cerrado 1 kg,UN,CAFE,S,7.00,17374.00,32.00,82700.24,9505.00,66535.00,16165.24,0.20,M. Paz
2025-05-12,2025-05,FAC 0003-00041977,FAC,false,C9001,CONSUMIDOR FINAL,Local,CABA,CAF-COLOM-250,CAF-COLOM-250,false,,Colombia Huila 250 g,UN,CAFE,S,1.00,8945.76,0.00,8945.76,3927.00,3927.00,5018.76,0.56,
2025-02-03,2025-02,FAC 0003-00040430,FAC,false,C0106,El Almacen de Nunez,Mayorista,CABA,CAF-BRAS-1K,CAF-BRAS-1K,false,,Brasil Cerrado 1 kg,UN,CAFE,S,4.00,17374.00,30.00,48647.20,9505.00,38020.00,10627.20,0.22,
2025-06-22,2025-06,FAC 0003-00042098,FAC,false,C0107,La Ventanita de Nunez II,Mayorista,CABA,CAF-BRAS-1K,CAF-BRAS-1K,false,,Brasil Cerrado 1 kg,UN,CAFE,S,6.00,18954.11,35.00,73921.03,10369.00,62214.00,11707.03,0.16,R. Ibarra
2025-05-07,2025-05,FAC 0003-00041685,FAC,false,C0129,Bar San Telmo II,Mayorista,CABA,CAF-BRAS-1K,CAF-BRAS-1K,false,,Brasil Cerrado 1 kg,UN,CAFE,S,2.00,18546.10,32.00,25222.69,10146.00,20292.00,4930.69,0.20,M. Paz
2025-05-17,2025-05,FAC 0003-00041944,FAC,false,C9002,VENTA ONLINE,Ecommerce,,CAF-BLEND-250,CAF-BLEND-250,false,,Blend Casa 250 g,UN,CAFE,S,2.00,6109.30,0.00,12218.60,2793.00,5586.00,6632.60,0.54,
2025-06-23,2025-06,FAC 0003-00042316,FAC,false,C9002,VENTA ONLINE,Ecommerce,,CAF-CAPS-10,CAF-CAPS-10,false,,Capsulas compatibles x10,UN,CAFE,S,3.00,7693.14,0.00,23079.42,3679.00,11037.00,12042.42,0.52,
2025-04-05,2025-04,FAC 0003-00041247,FAC,false,C0101,El Almacen de Palermo II,Mayorista,CABA,CAF-BRAS-1K,CAF-BRAS-1K,false,,Brasil Cerrado 1 kg,UN,CAFE,S,7.00,18146.87,35.00,82568.24,9927.00,69489.00,13079.24,0.16,
2025-05-01,2025-05,FAC 0003-00041738,FAC,false,C9002,VENTA ONLINE,Ecommerce,,CAF-BLEND-250,CAF-BLEND-250,false,,Blend Casa 250 g,UN,CAFE,S,2.00,6109.30,0.00,12218.60,2793.00,5586.00,6632.60,0.54,
2025-05-10,2025-05,FAC 0003-00042027,FAC,false,C9001,CONSUMIDOR FINAL,Local,CABA,CAF-ETIOP-250,CAF-ETIOP-250,false,,Etiopia Yirgacheffe 250 g,UN,CAFE,S,2.00,10363.99,0.00,20727.99,4473.00,8946.00,11781.99,0.57,
2025-06-27,2025-06,FAC 0003-00042320,FAC,false,C9002,VENTA ONLINE,Ecommerce,,CAF-BRAS-250,CAF-BRAS-250,false,,Brasil Cerrado 250 g,UN,CAFE,S,2.00,5909.22,0.00,11818.45,2709.00,5418.00,6400.45,0.54,
2025-05-10,2025-05,FAC 0003-00041841,FAC,false,C9002,VENTA ONLINE,Ecommerce,,CAF-COLOM-250,CAF-COLOM-250,false,,Colombia Huila 250 g,UN,CAFE,S,3.00,8945.76,0.00,26837.29,3927.00,11781.00,15056.29,0.56,
2025-06-09,2025-06,FAC 0003-00042171,FAC,false,C9002,VENTA ONLINE,Ecommerce,,CAF-BLEND-250,CAF-BLEND-250,false,,Blend Casa 250 g,UN,CAFE,S,3.00,6243.71,0.00,18731.12,2854.00,8562.00,10169.12,0.54,
2025-05-22,2025-05,FAC 0003-00041686,FAC,false,C0129,Bar San Telmo II,Mayorista,CABA,CAF-BRAS-1K,CAF-BRAS-1K,false,,Brasil Cerrado 1 kg,UN,CAFE,S,8.00,18546.10,32.00,100890.76,10146.00,81168.00,19722.76,0.20,
2025-01-05,2025-01,FAC 0003-00040047,FAC,false,C0133,El Almacen de Barracas II,Mayorista,CABA,CAF-BRAS-1K,CAF-BRAS-1K,false,,Brasil Cerrado 1 kg,UN,CAFE,S,4.00,17000.00,35.00,44200.00,9300.00,37200.00,7000.00,0.16,M. Paz
2025-01-10,2025-01,FAC 0003-00040022,FAC,false,C0109,Usina Colegiales II,Mayorista,CABA,CAF-BLEND-1K,CAF-BLEND-1K,false,,Blend Casa 1 kg,UN,CAFE,S,4.00,18000.00,32.00,48960.00,9800.00,39200.00,9760.00,0.20,M. Paz
2025-05-14,2025-05,FAC 0003-00041870,FAC,false,C9002,VENTA ONLINE,Ecommerce,,CAF-COLOM-250,CAF-COLOM-250,false,,Colombia Huila 250 g,UN,CAFE,S,2.00,8945.76,0.00,17891.53,3927.00,7854.00,10037.53,0.56,
2025-05-28,2025-05,FAC 0003-00041731,FAC,false,C9002,VENTA ONLINE,Ecommerce,,CAP-TAZA,CAP-TAZA,false,,Taza ceramica logo,UN,ACCESORIOS,S,3.00,9709.43,0.00,29128.28,4582.00,13746.00,15382.28,0.53,
2025-04-21,2025-04,FAC 0003-00041391,FAC,false,C9002,VENTA ONLINE,Ecommerce,,CAF-CAPS-10,CAF-CAPS-10,false,,Capsulas compatibles x10,UN,CAFE,S,3.00,7365.49,0.00,22096.48,3523.00,10569.00,11527.48,0.52,
2025-04-27,2025-04,FAC 0003-00041282,FAC,false,C0134,Bar Agronomia,Mayorista,CABA,CAP-FILTRO-100,CAP-FILTRO-100,false,,Filtros de papel x 100,UN,ACCESORIOS,S,2.00,3415.88,35.00,4440.64,2028.00,4056.00,384.64,0.09,M. Paz
2025-02-01,2025-02,FAC 0003-00040834,FAC,false,C9001,CONSUMIDOR FINAL,Local,CABA,CAP-FILTRO-100,CAP-FILTRO-100,false,,Filtros de papel x 100,UN,ACCESORIOS,S,2.00,3270.40,0.00,6540.80,1942.00,3884.00,2656.80,0.41,
2025-04-12,2025-04,FAC 0003-00041292,FAC,false,C9002,VENTA ONLINE,Ecommerce,,CAF-BRAS-250,CAF-BRAS-250,false,,Brasil Cerrado 250 g,UN,CAFE,S,2.00,5657.55,0.00,11315.10,2594.00,5188.00,6127.10,0.54,
2025-03-07,2025-03,FAC 0003-00040909,FAC,false,C9002,VENTA ONLINE,Ecommerce,,CAF-ETIOP-250,CAF-ETIOP-250,false,,Etiopia Yirgacheffe 250 g,UN,CAFE,S,3.00,9922.60,0.00,29767.79,4282.00,12846.00,16921.79,0.57,
2025-06-26,2025-06,FAC 0003-00042283,FAC,false,C9002,VENTA ONLINE,Ecommerce,,CAF-ETIOP-250,CAF-ETIOP-250,false,,Etiopia Yirgacheffe 250 g,UN,CAFE,S,2.00,10592.00,0.00,21184.01,4571.00,9142.00,12042.01,0.57,
2025-04-05,2025-04,FAC 0003-00041325,FAC,false,C9002,VENTA ONLINE,Ecommerce,,CAF-BLEND-250,CAF-BLEND-250,false,,Blend Casa 250 g,UN,CAFE,S,2.00,5977.79,0.00,11955.58,2733.00,5466.00,6489.58,0.54,
2025-04-14,2025-04,FAC 0003-00041265,FAC,false,C0120,Tostado Chacarita,Mayorista,CABA,CAF-BRAS-1K,CAF-BRAS-1K,false,,Brasil Cerrado 1 kg,UN,CAFE,S,8.00,18146.87,32.00,98718.95,9927.00,79416.00,19302.95,0.20,
2025-01-23,2025-01,FAC 0003-00040084,FAC,false,C9002,VENTA ONLINE,Ecommerce,,CAF-DESCA-250,CAF-DESCA-250,false,,Descafeinado 250 g,UN,CAFE,S,1.00,7400.00,0.00,7400.00,3500.00,3500.00,3900.00,0.53,
2025-05-22,2025-05,FAC 0003-00042021,FAC,false,C9001,CONSUMIDOR FINAL,Local,CABA,CAF-BLEND-1K,CAF-BLEND-1K,false,,Blend Casa 1 kg,UN,CAFE,S,2.00,19637.04,0.00,39274.09,10691.00,21382.00,17892.09,0.46,
2025-01-04,2025-01,FAC 0003-00040038,FAC,false,C0125,Usina Flores II,Mayorista,CABA,CAF-BLEND-1K,CAF-BLEND-1K,false,,Blend Casa 1 kg,UN,CAFE,S,9.00,18000.00,32.00,110160.00,9800.00,88200.00,21960.00,0.20,R. Ibarra
2025-06-09,2025-06,FAC 0003-00042296,FAC,false,C9002,VENTA ONLINE,Ecommerce,,CAF-COLOM-250,CAF-COLOM-250,false,,Colombia Huila 250 g,UN,CAFE,S,1.00,9142.57,0.00,9142.57,4014.00,4014.00,5128.57,0.56,
2025-03-27,2025-03,FAC 0003-00041101,FAC,false,C9002,VENTA ONLINE,Ecommerce,,CAF-BLEND-250,CAF-BLEND-250,false,,Blend Casa 250 g,UN,CAFE,S,3.00,5849.11,0.00,17547.33,2674.00,8022.00,9525.33,0.54,
2025-05-16,2025-05,FAC 0003-00041667,FAC,false,C0112,La Ventanita de Recoleta,Mayorista,CABA,CAF-BRAS-1K,CAF-BRAS-1K,false,,Brasil Cerrado 1 kg,UN,CAFE,S,3.00,18546.10,35.00,36164.89,10146.00,30438.00,5726.89,0.16,R. Ibarra
2025-04-02,2025-04,FAC 0003-00041435,FAC,false,C9002,VENTA ONLINE,Ecommerce,,CAF-ETIOP-250,CAF-ETIOP-250,false,,Etiopia Yirgacheffe 250 g,UN,CAFE,S,1.00,10140.90,0.00,10140.90,4377.00,4377.00,5763.90,0.57,
2025-02-14,2025-02,FAC 0003-00040431,FAC,false,C0107,La Ventanita de Nunez II,Mayorista,CABA,CAF-BLEND-1K,CAF-BLEND-1K,false,,Blend Casa 1 kg,UN,CAFE,S,3.00,18396.00,35.00,35872.20,10016.00,30048.00,5824.20,0.16,R. Ibarra
2025-05-10,2025-05,FAC 0003-00041844,FAC,false,C9002,VENTA ONLINE,Ecommerce,,CAF-ETIOP-250,CAF-ETIOP-250,false,,Etiopia Yirgacheffe 250 g,UN,CAFE,S,1.00,10363.99,0.00,10363.99,4473.00,4473.00,5890.99,0.57,
2025-06-18,2025-06,FAC 0003-00042125,FAC,false,C0128,La Ventanita de San Telmo,Mayorista,CABA,CAF-BRAS-1K,CAF-BRAS-1K,false,,Brasil Cerrado 1 kg,UN,CAFE,S,2.00,18954.11,32.00,25777.59,10369.00,20738.00,5039.59,0.20,M. Paz
2025-01-19,2025-01,FAC 0003-00040034,FAC,false,C0122,El Almacen de Almagro,Mayorista,CABA,CAF-BLEND-1K,CAF-BLEND-1K,false,,Blend Casa 1 kg,UN,CAFE,S,6.00,18000.00,32.00,73440.00,9800.00,58800.00,14640.00,0.20,R. Ibarra
2025-05-27,2025-05,FAC 0003-00042038,FAC,false,C9001,CONSUMIDOR FINAL,Local,CABA,CAF-COLOM-250,CAF-COLOM-250,false,,Colombia Huila 250 g,UN,CAFE,S,2.00,8945.76,0.00,17891.53,3927.00,7854.00,10037.53,0.56,
2025-05-02,2025-05,FAC 0003-00042076,FAC,false,C9001,CONSUMIDOR FINAL,Local,CABA,CAF-COLOM-250,CAF-COLOM-250,false,,Colombia Huila 250 g,UN,CAFE,S,2.00,8945.76,0.00,17891.53,3927.00,7854.00,10037.53,0.56,
2025-05-20,2025-05,FAC 0003-00042046,FAC,false,C9001,CONSUMIDOR FINAL,Local,CABA,CAF-COLOM-250,CAF-COLOM-250,false,,Colombia Huila 250 g,UN,CAFE,S,1.00,8945.76,0.00,8945.76,3927.00,3927.00,5018.76,0.56,
2025-05-03,2025-05,FAC 0003-00041687,FAC,false,C0131,Tostado Coghlan II,Mayorista,CABA,CAF-BRAS-1K,CAF-BRAS-1K,false,,Brasil Cerrado 1 kg,UN,CAFE,S,3.00,18546.10,35.00,36164.89,10146.00,30438.00,5726.89,0.16,R. Ibarra
2025-05-16,2025-05,FAC 0003-00041736,FAC,false,C9002,VENTA ONLINE,Ecommerce,,CAF-DESCA-250,CAF-DESCA-250,false,,Descafeinado 250 g,UN,CAFE,S,3.00,8073.01,0.00,24219.02,3818.00,11454.00,12765.02,0.53,
2025-04-15,2025-04,FAC 0003-00041302,FAC,false,C9002,VENTA ONLINE,Ecommerce,,CAF-COLOM-250,CAF-COLOM-250,false,,Colombia Huila 250 g,UN,CAFE,S,2.00,8753.19,0.00,17506.39,3843.00,7686.00,9820.39,0.56,
2025-06-10,2025-06,FAC 0003-00042334,FAC,false,C9002,VENTA ONLINE,Ecommerce,,CAF-COLOM-250,CAF-COLOM-250,false,,Colombia Huila 250 g,UN,CAFE,S,1.00,9142.57,0.00,9142.57,4014.00,4014.00,5128.57,0.56,
2025-01-20,2025-01,FAC 0003-00040108,FAC,false,C9002,VENTA ONLINE,Ecommerce,,CAP-FILTRO-100,CAP-FILTRO-100,false,,Filtros de papel x 100,UN,ACCESORIOS,S,3.00,3200.00,0.00,9600.00,1900.00,5700.00,3900.00,0.41,
2025-02-13,2025-02,FAC 0003-00040825,FAC,false,C9001,CONSUMIDOR FINAL,Local,CABA,CAF-BLEND-250,CAF-BLEND-250,false,,Blend Casa 250 g,UN,CAFE,S,2.00,5723.20,0.00,11446.40,2616.00,5232.00,6214.40,0.54,
2025-04-08,2025-04,FAC 0003-00041421,FAC,false,C9002,VENTA ONLINE,Ecommerce,,CAF-DESCA-250,CAF-DESCA-250,false,,Descafeinado 250 g,UN,CAFE,S,3.00,7899.22,0.00,23697.67,3736.00,11208.00,12489.67,0.53,
2025-06-25,2025-06,FAC 0003-00042325,FAC,false,C9002,VENTA ONLINE,Ecommerce,,CAF-COLOM-250,CAF-COLOM-250,false,,Colombia Huila 250 g,UN,CAFE,S,1.00,9142.57,0.00,9142.57,4014.00,4014.00,5128.57,0.56,
2025-02-06,2025-02,FAC 0003-00040492,FAC,false,C9002,VENTA ONLINE,Ecommerce,,CAF-BLEND-250,CAF-BLEND-250,false,,Blend Casa 250 g,UN,CAFE,S,3.00,5723.20,0.00,17169.60,2616.00,7848.00,9321.60,0.54,
2025-01-07,2025-01,FAC 0003-00040090,FAC,false,C9002,VENTA ONLINE,Ecommerce,,CAF-BLEND-250,CAF-BLEND-250,false,,Blend Casa 250 g,UN,CAFE,S,1.00,5600.00,0.00,5600.00,2560.00,2560.00,3040.00,0.54,
2025-04-15,2025-04,FAC 0003-00041343,FAC,false,C9002,VENTA ONLINE,Ecommerce,,CAF-BRAS-250,CAF-BRAS-250,false,,Brasil Cerrado 250 g,UN,CAFE,S,1.00,5657.55,0.00,5657.55,2594.00,2594.00,3063.55,0.54,
2025-02-26,2025-02,FAC 0003-00040612,FAC,false,C9002,VENTA ONLINE,Ecommerce,,CAF-COLOM-250,CAF-COLOM-250,false,,Colombia Huila 250 g,UN,CAFE,S,3.00,8380.40,0.00,25141.20,3679.00,11037.00,14104.20,0.56,
2025-02-25,2025-02,FAC 0003-00040486,FAC,false,C9002,VENTA ONLINE,Ecommerce,,CAF-ETIOP-250,CAF-ETIOP-250,false,,Etiopia Yirgacheffe 250 g,UN,CAFE,S,2.00,9709.00,0.00,19418.00,4190.00,8380.00,11038.00,0.57,
2025-03-19,2025-03,FAC 0003-00040921,FAC,false,C9002,VENTA ONLINE,Ecommerce,,CAF-BLEND-250,CAF-BLEND-250,false,,Blend Casa 250 g,UN,CAFE,S,1.00,5849.11,0.00,5849.11,2674.00,2674.00,3175.11,0.54,
2025-06-01,2025-06,FAC 0003-00042103,FAC,false,C0110,Panaderia Devoto,Mayorista,CABA,CAF-BRAS-1K,CAF-BRAS-1K,false,,Brasil Cerrado 1 kg,UN,CAFE,S,8.00,18954.11,35.00,98561.37,10369.00,82952.00,15609.37,0.16,M. Paz
2025-04-06,2025-04,FAC 0003-00041452,FAC,false,C9002,VENTA ONLINE,Ecommerce,,CAF-BLEND-250,CAF-BLEND-250,false,,Blend Casa 250 g,UN,CAFE,S,1.00,5977.79,0.00,5977.79,2733.00,2733.00,3244.79,0.54,
2025-04-06,2025-04,FAC 0003-00041532,FAC,false,C9001,CONSUMIDOR FINAL,Local,CABA,CAP-FILTRO-100,CAP-FILTRO-100,false,,Filtros de papel x 100,UN,ACCESORIOS,S,2.00,3415.88,0.00,6831.76,2028.00,4056.00,2775.76,0.41,
2025-03-11,2025-03,FAC 0003-00040944,FAC,false,C9002,VENTA ONLINE,Ecommerce,,CAF-BRAS-250,CAF-BRAS-250,false,,Brasil Cerrado 250 g,UN,CAFE,S,3.00,5535.77,0.00,16607.30,2538.00,7614.00,8993.30,0.54,
2025-01-10,2025-01,FAC 0003-00040086,FAC,false,C9002,VENTA ONLINE,Ecommerce,,CAF-BLEND-250,CAF-BLEND-250,false,,Blend Casa 250 g,UN,CAFE,S,3.00,5600.00,0.00,16800.00,2560.00,7680.00,9120.00,0.54,
2025-06-24,2025-06,FAC 0003-00042138,FAC,false,C0137,Panaderia Villa Urquiza II,Mayorista,CABA,CAF-BRAS-1K,CAF-BRAS-1K,false,,Brasil Cerrado 1 kg,UN,CAFE,S,8.00,18954.11,30.00,106143.02,10369.00,82952.00,23191.02,0.22,
2025-02-01,2025-02,FAC 0003-00040593,FAC,false,C9002,VENTA ONLINE,Ecommerce,,CAF-ETIOP-250,CAF-ETIOP-250,false,,Etiopia Yirgacheffe 250 g,UN,CAFE,S,2.00,9709.00,0.00,19418.00,4190.00,8380.00,11038.00,0.57,
2025-06-24,2025-06,FAC 0003-00042138,FAC,false,C0137,Panaderia Villa Urquiza II,Mayorista,CABA,CAF-BLEND-1K,CAF-BLEND-1K,false,,Blend Casa 1 kg,UN,CAFE,S,7.00,20069.06,30.00,98338.38,10926.00,76482.00,21856.38,0.22,
2025-05-19,2025-05,FAC 0003-00041715,FAC,false,C9002,VENTA ONLINE,Ecommerce,,CAF-ETIOP-250,CAF-ETIOP-250,false,,Etiopia Yirgacheffe 250 g,UN,CAFE,S,1.00,10363.99,0.00,10363.99,4473.00,4473.00,5890.99,0.57,
2025-05-15,2025-05,FAC 0003-00041920,FAC,false,C9002,VENTA ONLINE,Ecommerce,,CAF-BLEND-250,CAF-BLEND-250,false,,Blend Casa 250 g,UN,CAFE,S,2.00,6109.30,0.00,12218.60,2793.00,5586.00,6632.60,0.54,
2025-06-17,2025-06,FAC 0003-00042188,FAC,false,C9002,VENTA ONLINE,Ecommerce,,CAF-COLOM-250,CAF-COLOM-250,false,,Colombia Huila 250 g,UN,CAFE,S,2.00,9142.57,0.00,18285.14,4014.00,8028.00,10257.14,0.56,
2025-05-17,2025-05,FAC 0003-00041863,FAC,false,C9002,VENTA ONLINE,Ecommerce,,CAF-BLEND-250,CAF-BLEND-250,false,,Blend Casa 250 g,UN,CAFE,S,1.00,6109.30,0.00,6109.30,2793.00,2793.00,3316.30,0.54,
2025-04-25,2025-04,FAC 0003-00041530,FAC,false,C9001,CONSUMIDOR FINAL,Local,CABA,CAF-BLEND-250,CAF-BLEND-250,false,,Blend Casa 250 g,UN,CAFE,S,2.00,5977.79,0.00,11955.58,2733.00,5466.00,6489.58,0.54,
2025-02-01,2025-02,FAC 0003-00040436,FAC,false,C0111,Cafe Devoto II,Mayorista,CABA,CAF-BRAS-1K,CAF-BRAS-1K,false,,Brasil Cerrado 1 kg,UN,CAFE,S,4.00,17374.00,35.00,45172.40,9505.00,38020.00,7152.40,0.16,
2025-05-17,2025-05,FAC 0003-00042056,FAC,false,C9001,CONSUMIDOR FINAL,Local,CABA,CAF-BLEND-1K,CAF-BLEND-1K,false,,Blend Casa 1 kg,UN,CAFE,S,1.00,19637.04,0.00,19637.04,10691.00,10691.00,8946.04,0.46,
2025-03-24,2025-03,FAC 0003-00040864,FAC,false,C0119,Coffee Lab Saavedra II,Mayorista,CABA,CAF-BLEND-1K,CAF-BLEND-1K,false,,Blend Casa 1 kg,UN,CAFE,S,5.00,18800.71,35.00,61102.31,10236.00,51180.00,9922.31,0.16,M. Paz
2025-04-16,2025-04,FAC 0003-00041561,FAC,false,C9001,CONSUMIDOR FINAL,Local,CABA,CAF-COLOM-250,CAF-COLOM-250,false,,Colombia Huila 250 g,UN,CAFE,S,2.00,8753.19,0.00,17506.39,3843.00,7686.00,9820.39,0.56,
2025-01-19,2025-01,FAC 0003-00040066,FAC,false,C9002,VENTA ONLINE,Ecommerce,,CAF-ETIOP-250,CAF-ETIOP-250,false,,Etiopia Yirgacheffe 250 g,UN,CAFE,S,2.00,9500.00,0.00,19000.00,4100.00,8200.00,10800.00,0.57,
2025-02-12,2025-02,FAC 0003-00040735,FAC,false,C9001,CONSUMIDOR FINAL,Local,CABA,CAF-BLEND-250,CAF-BLEND-250,false,,Blend Casa 250 g,UN,CAFE,S,1.00,5723.20,0.00,5723.20,2616.00,2616.00,3107.20,0.54,
2025-02-22,2025-02,FAC 0003-00040429,FAC,false,C0106,El Almacen de Nunez,Mayorista,CABA,CAP-FILTRO-100,CAP-FILTRO-100,false,,Filtros de papel x 100,UN,ACCESORIOS,S,4.00,3270.40,30.00,9157.12,1942.00,7768.00,1389.12,0.15,M. Paz
2025-04-04,2025-04,FAC 0003-00041344,FAC,false,C9002,VENTA ONLINE,Ecommerce,,CAP-TAZA,CAP-TAZA,false,,Taza ceramica logo,UN,ACCESORIOS,S,1.00,9500.42,0.00,9500.42,4483.00,4483.00,5017.42,0.53,
2025-02-23,2025-02,FAC 0003-00040771,FAC,false,C9001,CONSUMIDOR FINAL,Local,CABA,CAF-BLEND-250,CAF-BLEND-250,false,,Blend Casa 250 g,UN,CAFE,S,1.00,5723.20,0.00,5723.20,2616.00,2616.00,3107.20,0.54,
2025-05-26,2025-05,FAC 0003-00041932,FAC,false,C9002,VENTA ONLINE,Ecommerce,,CAP-FILTRO-100,CAP-FILTRO-100,false,,Filtros de papel x 100,UN,ACCESORIOS,S,3.00,3491.03,0.00,10473.09,2073.00,6219.00,4254.09,0.41,
2025-01-01,2025-01,FAC 0003-00040363,FAC,false,C9001,CONSUMIDOR FINAL,Local,CABA,CAF-BLEND-250,CAF-BLEND-250,false,,Blend Casa 250 g,UN,CAFE,S,2.00,5600.00,0.00,11200.00,2560.00,5120.00,6080.00,0.54,
2025-02-17,2025-02,FAC 0003-00040544,FAC,false,C9002,VENTA ONLINE,Ecommerce,,CAF-DESCA-250,CAF-DESCA-250,false,,Descafeinado 250 g,UN,CAFE,S,2.00,7562.80,0.00,15125.60,3577.00,7154.00,7971.60,0.53,
2025-01-05,2025-01,FAC 0003-00040397,FAC,false,C9001,CONSUMIDOR FINAL,Local,CABA,CAF-COLOM-250,CAF-COLOM-250,false,,Colombia Huila 250 g,UN,CAFE,S,1.00,8200.00,0.00,8200.00,3600.00,3600.00,4600.00,0.56,
2025-03-06,2025-03,FAC 0003-00041109,FAC,false,C9002,VENTA ONLINE,Ecommerce,,CAF-ETIOP-250,CAF-ETIOP-250,false,,Etiopia Yirgacheffe 250 g,UN,CAFE,S,2.00,9922.60,0.00,19845.20,4282.00,8564.00,11281.20,0.57,
2025-02-28,2025-02,FAC 0003-00040797,FAC,false,C9001,CONSUMIDOR FINAL,Local,CABA,CAF-COLOM-250,CAF-COLOM-250,false,,Colombia Huila 250 g,UN,CAFE,S,1.00,8380.40,0.00,8380.40,3679.00,3679.00,4701.40,0.56,
2025-03-17,2025-03,FAC 0003-00040907,FAC,false,C9002,VENTA ONLINE,Ecommerce,,CAF-BRAS-250,CAF-BRAS-250,false,,Brasil Cerrado 250 g,UN,CAFE,S,3.00,5535.77,0.00,16607.30,2538.00,7614.00,8993.30,0.54,
2025-02-19,2025-02,FAC 0003-00040641,FAC,false,C9002,VENTA ONLINE,Ecommerce,,CAF-ETIOP-250,CAF-ETIOP-250,false,,Etiopia Yirgacheffe 250 g,UN,CAFE,S,1.00,9709.00,0.00,9709.00,4190.00,4190.00,5519.00,0.57,
2025-06-09,2025-06,FAC 0003-00042122,FAC,false,C0125,Usina Flores II,Mayorista,CABA,CAF-BLEND-1K,CAF-BLEND-1K,false,,Blend Casa 1 kg,UN,CAFE,S,9.00,20069.06,32.00,122822.63,10926.00,98334.00,24488.63,0.20,M. Paz
2025-04-16,2025-04,FAC 0003-00041509,FAC,false,C9002,VENTA ONLINE,Ecommerce,,CAF-BLEND-250,CAF-BLEND-250,false,,Blend Casa 250 g,UN,CAFE,S,2.00,5977.79,0.00,11955.58,2733.00,5466.00,6489.58,0.54,
2025-05-28,2025-05,FAC 0003-00041670,FAC,false,C0114,Usina Boedo,Mayorista,CABA,CAF-BRAS-1K,CAF-BRAS-1K,false,,Brasil Cerrado 1 kg,UN,CAFE,S,4.00,18546.10,32.00,50445.38,10146.00,40584.00,9861.38,0.20,
2025-06-02,2025-06,FAC 0003-00042123,FAC,false,C0126,Panaderia Parque Chas,Mayorista,CABA,CAF-BRAS-1K,CAF-BRAS-1K,false,,Brasil Cerrado 1 kg,UN,CAFE,S,5.00,18954.11,32.00,64443.97,10369.00,51845.00,12598.97,0.20,M. Paz
2025-05-05,2025-05,FAC 0003-00041654,FAC,false,C0103,Coffee Lab Belgrano II,Mayorista,CABA,CAF-BLEND-1K,CAF-BLEND-1K,false,,Blend Casa 1 kg,UN,CAFE,S,6.00,19637.04,35.00,76584.47,10691.00,64146.00,12438.47,0.16,M. Paz
2025-02-09,2025-02,FAC 0003-00040435,FAC,false,C0111,Cafe Devoto II,Mayorista,CABA,CAF-BLEND-1K,CAF-BLEND-1K,false,,Blend Casa 1 kg,UN,CAFE,S,4.00,18396.00,35.00,47829.60,10016.00,40064.00,7765.60,0.16,R. Ibarra
2025-01-07,2025-01,FAC 0003-00040161,FAC,false,C9002,VENTA ONLINE,Ecommerce,,CAF-BLEND-250,CAF-BLEND-250,false,,Blend Casa 250 g,UN,CAFE,S,2.00,5600.00,0.00,11200.00,2560.00,5120.00,6080.00,0.54,
2025-01-22,2025-01,FAC 0003-00040080,FAC,false,C9002,VENTA ONLINE,Ecommerce,,CAF-ETIOP-250,CAF-ETIOP-250,false,,Etiopia Yirgacheffe 250 g,UN,CAFE,S,1.00,9500.00,0.00,9500.00,4100.00,4100.00,5400.00,0.57,
2025-02-07,2025-02,FAC 0003-00040795,FAC,false,C9001,CONSUMIDOR FINAL,Local,CABA,CAF-BLEND-250,CAF-BLEND-250,false,,Blend Casa 250 g,UN,CAFE,S,1.00,5723.20,0.00,5723.20,2616.00,2616.00,3107.20,0.54,
2025-03-22,2025-03,FAC 0003-00041066,FAC,false,C9002,VENTA ONLINE,Ecommerce,,CAP-FILTRO-100,CAP-FILTRO-100,false,,Filtros de papel x 100,UN,ACCESORIOS,S,1.00,3342.35,0.00,3342.35,1985.00,1985.00,1357.35,0.41,
2025-05-06,2025-05,FAC 0003-00041856,FAC,false,C9002,VENTA ONLINE,Ecommerce,,CAF-ETIOP-250,CAF-ETIOP-250,false,,Etiopia Yirgacheffe 250 g,UN,CAFE,S,1.00,10363.99,0.00,10363.99,4473.00,4473.00,5890.99,0.57,
2025-06-26,2025-06,FAC 0003-00042109,FAC,false,C0114,Usina Boedo,Mayorista,CABA,CAF-BLEND-1K,CAF-BLEND-1K,false,,Blend Casa 1 kg,UN,CAFE,S,5.00,20069.06,32.00,68234.80,10926.00,54630.00,13604.80,0.20,
2025-04-16,2025-04,FAC 0003-00041382,FAC,false,C9002,VENTA ONLINE,Ecommerce,,CAF-COLOM-250,CAF-COLOM-250,false,,Colombia Huila 250 g,UN,CAFE,S,3.00,8753.19,0.00,26259.58,3843.00,11529.00,14730.58,0.56,
2025-02-14,2025-02,FAC 0003-00040705,FAC,false,C9001,CONSUMIDOR FINAL,Local,CABA,CAF-BLEND-1K,CAF-BLEND-1K,false,,Blend Casa 1 kg,UN,CAFE,S,1.00,18396.00,0.00,18396.00,10016.00,10016.00,8380.00,0.46,
2025-06-21,2025-06,FAC 0003-00042336,FAC,false,C9002,VENTA ONLINE,Ecommerce,,CAF-BRAS-250,CAF-BRAS-250,false,,Brasil Cerrado 250 g,UN,CAFE,S,2.00,5909.22,0.00,11818.45,2709.00,5418.00,6400.45,0.54,
2025-06-07,2025-06,FAC 0003-00042083,FAC,false,C0001,GRANOS DEL SUR S.A.,Distribuidor,Avellaneda,CAF-BLEND-CJ6,CAF-BLEND-CJ6,false,,Blend Casa CAJA X 6 (1kg c/u),CAJA X6,CAFE,S,8.00,113724.66,40.00,545878.37,65559.00,524472.00,21406.37,0.04,R. Ibarra
2025-03-19,2025-03,FAC 0003-00041228,FAC,false,C9001,CONSUMIDOR FINAL,Local,CABA,CAF-BLEND-250,CAF-BLEND-250,false,,Blend Casa 250 g,UN,CAFE,S,1.00,5849.11,0.00,5849.11,2674.00,2674.00,3175.11,0.54,
2025-05-12,2025-05,FAC 0003-00041898,FAC,false,C9002,VENTA ONLINE,Ecommerce,,CAF-COLOM-250,CAF-COLOM-250,false,,Colombia Huila 250 g,UN,CAFE,S,1.00,8945.76,0.00,8945.76,3927.00,3927.00,5018.76,0.56,
2025-04-06,2025-04,FAC 0003-00041452,FAC,false,C9002,VENTA ONLINE,Ecommerce,,CAF-ETIOP-250,CAF-ETIOP-250,false,,Etiopia Yirgacheffe 250 g,UN,CAFE,S,2.00,10140.90,0.00,20281.79,4377.00,8754.00,11527.79,0.57,
2025-02-20,2025-02,FAC 0003-00040682,FAC,false,C9002,VENTA ONLINE,Ecommerce,,CAF-ETIOP-250,CAF-ETIOP-250,false,,Etiopia Yirgacheffe 250 g,UN,CAFE,S,2.00,9709.00,0.00,19418.00,4190.00,8380.00,11038.00,0.57,
2025-01-03,2025-01,FAC 0003-00040214,FAC,false,C9002,VENTA ONLINE,Ecommerce,,CAF-COLOM-250,CAF-COLOM-250,false,,Colombia Huila 250 g,UN,CAFE,S,1.00,8200.00,0.00,8200.00,3600.00,3600.00,4600.00,0.56,
2025-06-15,2025-06,FAC 0003-00042507,FAC,false,C9001,CONSUMIDOR FINAL,Local,CABA,CAF-COLOM-250,CAF-COLOM-250,false,,Colombia Huila 250 g,UN,CAFE,S,2.00,9142.57,0.00,18285.14,4014.00,8028.00,10257.14,0.56,
2025-02-21,2025-02,FAC 0003-00040528,FAC,false,C9002,VENTA ONLINE,Ecommerce,,CAF-ETIOP-250,CAF-ETIOP-250,false,,Etiopia Yirgacheffe 250 g,UN,CAFE,S,3.00,9709.00,0.00,29127.00,4190.00,12570.00,16557.00,0.57,
2025-04-21,2025-04,FAC 0003-00041550,FAC,false,C9001,CONSUMIDOR FINAL,Local,CABA,CAF-BLEND-250,CAF-BLEND-250,false,,Blend Casa 250 g,UN,CAFE,S,1.00,5977.79,0.00,5977.79,2733.00,2733.00,3244.79,0.54,
2025-06-02,2025-06,FAC 0003-00042258,FAC,false,C9002,VENTA ONLINE,Ecommerce,,CAF-ETIOP-250,CAF-ETIOP-250,false,,Etiopia Yirgacheffe 250 g,UN,CAFE,S,2.00,10592.00,0.00,21184.01,4571.00,9142.00,12042.01,0.57,
2025-04-02,2025-04,FAC 0003-00041259,FAC,false,C0112,La Ventanita de Recoleta,Mayorista,CABA,CAF-BLEND-1K,CAF-BLEND-1K,false,,Blend Casa 1 kg,UN,CAFE,S,4.00,19214.33,35.00,49957.25,10461.00,41844.00,8113.25,0.16,
2025-04-05,2025-04,FAC 0003-00041311,FAC,false,C9002,VENTA ONLINE,Ecommerce,,CAF-ETIOP-250,CAF-ETIOP-250,false,,Etiopia Yirgacheffe 250 g,UN,CAFE,S,1.00,10140.90,0.00,10140.90,4377.00,4377.00,5763.90,0.57,
2025-02-19,2025-02,FAC 0003-00040432,FAC,false,C0108,Coffee Lab Colegiales,Mayorista,CABA,CAP-FILTRO-100,CAP-FILTRO-100,false,,Filtros de papel x 100,UN,ACCESORIOS,S,5.00,3270.40,32.00,11119.36,1942.00,9710.00,1409.36,0.13,R. Ibarra
2025-03-17,2025-03,FAC 0003-00040880,FAC,false,C0133,El Almacen de Barracas II,Mayorista,CABA,CAF-BLEND-1K,CAF-BLEND-1K,false,,Blend Casa 1 kg,UN,CAFE,S,3.00,18800.71,35.00,36661.39,10236.00,30708.00,5953.39,0.16,M. Paz
2025-06-23,2025-06,FAC 0003-00042330,FAC,false,C9002,VENTA ONLINE,Ecommerce,,CAF-COLOM-250,CAF-COLOM-250,false,,Colombia Huila 250 g,UN,CAFE,S,3.00,9142.57,0.00,27427.71,4014.00,12042.00,15385.71,0.56,
2025-02-07,2025-02,FAC 0003-00040684,FAC,false,C9002,VENTA ONLINE,Ecommerce,,CAP-TAZA,CAP-TAZA,false,,Taza ceramica logo,UN,ACCESORIOS,S,2.00,9095.80,0.00,18191.60,4292.00,8584.00,9607.60,0.53,
2025-03-05,2025-03,FAC 0003-00041094,FAC,false,C9002,VENTA ONLINE,Ecommerce,,CAF-DESCA-250,CAF-DESCA-250,false,,Descafeinado 250 g,UN,CAFE,S,1.00,7729.18,0.00,7729.18,3656.00,3656.00,4073.18,0.53,
2025-04-07,2025-04,FAC 0003-00041270,FAC,false,C0124,Coffee Lab Flores,Mayorista,CABA,CAF-BLEND-1K,CAF-BLEND-1K,false,,Blend Casa 1 kg,UN,CAFE,S,4.00,19214.33,35.00,49957.25,10461.00,41844.00,8113.25,0.16,M. Paz
2025-02-14,2025-02,FAC 0003-00040798,FAC,false,C9001,CONSUMIDOR FINAL,Local,CABA,CAF-BLEND-250,CAF-BLEND-250,false,,Blend Casa 250 g,UN,CAFE,S,2.00,5723.20,0.00,11446.40,2616.00,5232.00,6214.40,0.54,
2025-04-18,2025-04,FAC 0003-00041548,FAC,false,C9001,CONSUMIDOR FINAL,Local,CABA,CAF-BLEND-250,CAF-BLEND-250,false,,Blend Casa 250 g,UN,CAFE,S,2.00,5977.79,0.00,11955.58,2733.00,5466.00,6489.58,0.54,
2025-02-21,2025-02,FAC 0003-00040523,FAC,false,C9002,VENTA ONLINE,Ecommerce,,CAP-TAZA,CAP-TAZA,false,,Taza ceramica logo,UN,ACCESORIOS,S,1.00,9095.80,0.00,9095.80,4292.00,4292.00,4803.80,0.53,
2025-03-12,2025-03,FAC 0003-00040939,FAC,false,C9002,VENTA ONLINE,Ecommerce,,CAF-ETIOP-250,CAF-ETIOP-250,false,,Etiopia Yirgacheffe 250 g,UN,CAFE,S,1.00,9922.60,0.00,9922.60,4282.00,4282.00,5640.60,0.57,
2025-06-05,2025-06,FAC 0003-00042169,FAC,false,C9002,VENTA ONLINE,Ecommerce,,CAF-COLOM-250,CAF-COLOM-250,false,,Colombia Huila 250 g,UN,CAFE,S,1.00,9142.57,0.00,9142.57,4014.00,4014.00,5128.57,0.56,
2025-03-01,2025-03,FAC 0003-00040878,FAC,false,C0132,Cafe Barracas,Mayorista,CABA,CAF-BRAS-1K,CAF-BRAS-1K,false,,Brasil Cerrado 1 kg,UN,CAFE,S,4.00,17756.23,35.00,46166.19,9714.00,38856.00,7310.19,0.16,
2025-02-21,2025-02,FAC 0003-00040570,FAC,false,C9002,VENTA ONLINE,Ecommerce,,CAF-BRAS-250,CAF-BRAS-250,false,,Brasil Cerrado 250 g,UN,CAFE,S,3.00,5416.60,0.00,16249.80,2483.00,7449.00,8800.80,0.54,
2025-01-15,2025-01,FAC 0003-00040207,FAC,false,C9002,VENTA ONLINE,Ecommerce,,CAP-TAZA,CAP-TAZA,false,,Taza ceramica logo,UN,ACCESORIOS,S,1.00,8900.00,0.00,8900.00,4200.00,4200.00,4700.00,0.53,
2025-05-07,2025-05,FAC 0003-00042017,FAC,false,C9001,CONSUMIDOR FINAL,Local,CABA,CAF-BLEND-250,CAF-BLEND-250,false,,Blend Casa 250 g,UN,CAFE,S,2.00,6109.30,0.00,12218.60,2793.00,5586.00,6632.60,0.54,
2025-02-16,2025-02,FAC 0003-00040700,FAC,false,C9001,CONSUMIDOR FINAL,Local,CABA,CAF-BLEND-250,CAF-BLEND-250,false,,Blend Casa 250 g,UN,CAFE,S,2.00,5723.20,0.00,11446.40,2616.00,5232.00,6214.40,0.54,
2025-03-20,2025-03,FAC 0003-00040892,FAC,false,C9002,VENTA ONLINE,Ecommerce,,CAF-BRAS-250,CAF-BRAS-250,false,,Brasil Cerrado 250 g,UN,CAFE,S,3.00,5535.77,0.00,16607.30,2538.00,7614.00,8993.30,0.54,
2025-03-27,2025-03,FAC 0003-00041019,FAC,false,C9002,VENTA ONLINE,Ecommerce,,CAF-BRAS-250,CAF-BRAS-250,false,,Brasil Cerrado 250 g,UN,CAFE,S,2.00,5535.77,0.00,11071.53,2538.00,5076.00,5995.53,0.54,
2025-02-03,2025-02,FAC 0003-00040600,FAC,false,C9002,VENTA ONLINE,Ecommerce,,CAF-DESCA-250,CAF-DESCA-250,false,,Descafeinado 250 g,UN,CAFE,S,2.00,7562.80,0.00,15125.60,3577.00,7154.00,7971.60,0.53,
2025-06-19,2025-06,FAC 0003-00042479,FAC,false,C9001,CONSUMIDOR FINAL,Local,CABA,CAF-ETIOP-250,CAF-ETIOP-250,false,,Etiopia Yirgacheffe 250 g,UN,CAFE,S,2.00,10592.00,0.00,21184.01,4571.00,9142.00,12042.01,0.57,
2025-04-14,2025-04,FAC 0003-00041315,FAC,false,C9002,VENTA ONLINE,Ecommerce,,CAF-CAPS-10,CAF-CAPS-10,false,,Capsulas compatibles x10,UN,CAFE,S,1.00,7365.49,0.00,7365.49,3523.00,3523.00,3842.49,0.52,
2025-02-03,2025-02,FAC 0003-00040566,FAC,false,C9002,VENTA ONLINE,Ecommerce,,CAF-ETIOP-250,CAF-ETIOP-250,false,,Etiopia Yirgacheffe 250 g,UN,CAFE,S,2.00,9709.00,0.00,19418.00,4190.00,8380.00,11038.00,0.57,
2025-04-17,2025-04,FAC 0003-00041642,FAC,false,C9001,CONSUMIDOR FINAL,Local,CABA,CAF-BLEND-250,CAF-BLEND-250,false,,Blend Casa 250 g,UN,CAFE,S,1.00,5977.79,0.00,5977.79,2733.00,2733.00,3244.79,0.54,
2025-04-27,2025-04,FAC 0003-00041340,FAC,false,C9002,VENTA ONLINE,Ecommerce,,CAF-ETIOP-250,CAF-ETIOP-250,false,,Etiopia Yirgacheffe 250 g,UN,CAFE,S,1.00,10140.90,0.00,10140.90,4377.00,4377.00,5763.90,0.57,
2025-06-04,2025-06,FAC 0003-00042286,FAC,false,C9002,VENTA ONLINE,Ecommerce,,CAF-COLOM-250,CAF-COLOM-250,false,,Colombia Huila 250 g,UN,CAFE,S,3.00,9142.57,0.00,27427.71,4014.00,12042.00,15385.71,0.56,
2025-03-19,2025-03,FAC 0003-00041173,FAC,false,C9001,CONSUMIDOR FINAL,Local,CABA,CAF-COLOM-250,CAF-COLOM-250,false,,Colombia Huila 250 g,UN,CAFE,S,1.00,8564.77,0.00,8564.77,3760.00,3760.00,4804.77,0.56,
2025-04-06,2025-04,FAC 0003-00041525,FAC,false,C9001,CONSUMIDOR FINAL,Local,CABA,CAP-FILTRO-100,CAP-FILTRO-100,false,,Filtros de papel x 100,UN,ACCESORIOS,S,1.00,3415.88,0.00,3415.88,2028.00,2028.00,1387.88,0.41,
2025-02-09,2025-02,FAC 0003-00040457,FAC,false,C0128,La Ventanita de San Telmo,Mayorista,CABA,CAF-BLEND-1K,CAF-BLEND-1K,false,,Blend Casa 1 kg,UN,CAFE,S,7.00,18396.00,32.00,87564.96,10016.00,70112.00,17452.96,0.20,
2025-05-12,2025-05,FAC 0003-00041690,FAC,false,C0134,Bar Agronomia,Mayorista,CABA,CAF-BRAS-1K,CAF-BRAS-1K,false,,Brasil Cerrado 1 kg,UN,CAFE,S,2.00,18546.10,35.00,24109.92,10146.00,20292.00,3817.92,0.16,R. Ibarra
2025-02-18,2025-02,FAC 0003-00040802,FAC,false,C9001,CONSUMIDOR FINAL,Local,CABA,CAF-BLEND-250,CAF-BLEND-250,false,,Blend Casa 250 g,UN,CAFE,S,2.00,5723.20,0.00,11446.40,2616.00,5232.00,6214.40,0.54,
2025-05-26,2025-05,FAC 0003-00041803,FAC,false,C9002,VENTA ONLINE,Ecommerce,,CAP-TAZA,CAP-TAZA,false,,Taza ceramica logo,UN,ACCESORIOS,S,3.00,9709.43,0.00,29128.28,4582.00,13746.00,15382.28,0.53,
2025-01-25,2025-01,FAC 0003-00040190,FAC,false,C9002,VENTA ONLINE,Ecommerce,,CAF-ETIOP-250,CAF-ETIOP-250,false,,Etiopia Yirgacheffe 250 g,UN,CAFE,S,3.00,9500.00,0.00,28500.00,4100.00,12300.00,16200.00,0.57,
2025-03-18,2025-03,FAC 0003-00040850,FAC,false,C0104,Tostado Villa Crespo,Mayorista,CABA,CAF-BLEND-1K,CAF-BLEND-1K,false,,Blend Casa 1 kg,UN,CAFE,S,3.00,18800.71,35.00,36661.39,10236.00,30708.00,5953.39,0.16,M. Paz
2025-02-19,2025-02,FAC 0003-00040768,FAC,false,C9001,CONSUMIDOR FINAL,Local,CABA,CAF-BLEND-250,CAF-BLEND-250,false,,Blend Casa 250 g,UN,CAFE,S,2.00,5723.20,0.00,11446.40,2616.00,5232.00,6214.40,0.54,
2025-03-03,2025-03,FAC 0003-00041022,FAC,false,C9002,VENTA ONLINE,Ecommerce,,CAF-ETIOP-250,CAF-ETIOP-250,false,,Etiopia Yirgacheffe 250 g,UN,CAFE,S,2.00,9922.60,0.00,19845.20,4282.00,8564.00,11281.20,0.57,
2025-02-19,2025-02,FAC 0003-00040784,FAC,false,C9001,CONSUMIDOR FINAL,Local,CABA,CAF-ETIOP-250,CAF-ETIOP-250,false,,Etiopia Yirgacheffe 250 g,UN,CAFE,S,1.00,9709.00,0.00,9709.00,4190.00,4190.00,5519.00,0.57,
2025-03-04,2025-03,FAC 0003-00041100,FAC,false,C9002,VENTA ONLINE,Ecommerce,,CAF-BLEND-250,CAF-BLEND-250,false,,Blend Casa 250 g,UN,CAFE,S,1.00,5849.11,0.00,5849.11,2674.00,2674.00,3175.11,0.54,
2025-02-22,2025-02,FAC 0003-00040414,FAC,false,C0001,GRANOS DEL SUR S.A.,Distribuidor,Avellaneda,BLEND1K,CAF-BLEND-1K,true,Codigo viejo informado en ventas; corresponde a Blend Casa 1 kg.,Blend Casa 1 kg,UN,CAFE,S,35.00,18396.00,40.00,386316.00,10016.00,350560.00,35756.00,0.09,M. Paz
2025-03-17,2025-03,FAC 0003-00040862,FAC,false,C0117,El Almacen de Caballito II,Mayorista,CABA,CAF-BRAS-1K,CAF-BRAS-1K,false,,Brasil Cerrado 1 kg,UN,CAFE,S,3.00,17756.23,32.00,36222.71,9714.00,29142.00,7080.71,0.20,
2025-04-01,2025-04,FAC 0003-00041291,FAC,false,C9002,VENTA ONLINE,Ecommerce,,CAF-COLOM-250,CAF-COLOM-250,false,,Colombia Huila 250 g,UN,CAFE,S,3.00,8753.19,0.00,26259.58,3843.00,11529.00,14730.58,0.56,
2025-01-23,2025-01,FAC 0003-00040084,FAC,false,C9002,VENTA ONLINE,Ecommerce,,CAF-BLEND-250,CAF-BLEND-250,false,,Blend Casa 250 g,UN,CAFE,S,2.00,5600.00,0.00,11200.00,2560.00,5120.00,6080.00,0.54,
2025-04-18,2025-04,FAC 0003-00041385,FAC,false,C9002,VENTA ONLINE,Ecommerce,,CAF-BRAS-250,CAF-BRAS-250,false,,Brasil Cerrado 250 g,UN,CAFE,S,1.00,5657.55,0.00,5657.55,2594.00,2594.00,3063.55,0.54,
2025-03-06,2025-03,FAC 0003-00041070,FAC,false,C9002,VENTA ONLINE,Ecommerce,,CAF-ETIOP-250,CAF-ETIOP-250,false,,Etiopia Yirgacheffe 250 g,UN,CAFE,S,3.00,9922.60,0.00,29767.79,4282.00,12846.00,16921.79,0.57,
2025-06-23,2025-06,FAC 0003-00042271,FAC,false,C9002,VENTA ONLINE,Ecommerce,,CAF-ETIOP-250,CAF-ETIOP-250,false,,Etiopia Yirgacheffe 250 g,UN,CAFE,S,2.00,10592.00,0.00,21184.01,4571.00,9142.00,12042.01,0.57,
2025-02-19,2025-02,FAC 0003-00040644,FAC,false,C9002,VENTA ONLINE,Ecommerce,,CAF-BLEND-250,CAF-BLEND-250,false,,Blend Casa 250 g,UN,CAFE,S,1.00,5723.20,0.00,5723.20,2616.00,2616.00,3107.20,0.54,
2025-03-13,2025-03,FAC 0003-00041104,FAC,false,C9002,VENTA ONLINE,Ecommerce,,CAF-COLOM-250,CAF-COLOM-250,false,,Colombia Huila 250 g,UN,CAFE,S,1.00,8564.77,0.00,8564.77,3760.00,3760.00,4804.77,0.56,
2025-05-02,2025-05,FAC 0003-00042054,FAC,false,C9001,CONSUMIDOR FINAL,Local,CABA,CAF-BLEND-1K,CAF-BLEND-1K,false,,Blend Casa 1 kg,UN,CAFE,S,2.00,19637.04,0.00,39274.09,10691.00,21382.00,17892.09,0.46,
2025-02-02,2025-02,FAC 0003-00040507,FAC,false,C9002,VENTA ONLINE,Ecommerce,,CAF-BLEND-250,CAF-BLEND-250,false,,Blend Casa 250 g,UN,CAFE,S,3.00,5723.20,0.00,17169.60,2616.00,7848.00,9321.60,0.54,
2025-01-09,2025-01,FAC 0003-00040173,FAC,false,C9002,VENTA ONLINE,Ecommerce,,CAF-BRAS-250,CAF-BRAS-250,false,,Brasil Cerrado 250 g,UN,CAFE,S,2.00,5300.00,0.00,10600.00,2430.00,4860.00,5740.00,0.54,
2025-02-01,2025-02,FAC 0003-00040468,FAC,false,C0136,Tostado Villa Urquiza,Mayorista,CABA,CAF-BRAS-1K,CAF-BRAS-1K,false,,Brasil Cerrado 1 kg,UN,CAFE,S,7.00,17374.00,35.00,79051.70,9505.00,66535.00,12516.70,0.16,M. Paz
2025-02-18,2025-02,FAC 0003-00040525,FAC,false,C9002,VENTA ONLINE,Ecommerce,,CAF-ETIOP-250,CAF-ETIOP-250,false,,Etiopia Yirgacheffe 250 g,UN,CAFE,S,2.00,9709.00,0.00,19418.00,4190.00,8380.00,11038.00,0.57,
2025-02-12,2025-02,FAC 0003-00040635,FAC,false,C9002,VENTA ONLINE,Ecommerce,,CAP-TAZA,CAP-TAZA,false,,Taza ceramica logo,UN,ACCESORIOS,S,1.00,9095.80,0.00,9095.80,4292.00,4292.00,4803.80,0.53,
2025-04-20,2025-04,FAC 0003-00041457,FAC,false,C9002,VENTA ONLINE,Ecommerce,,CAP-FILTRO-100,CAP-FILTRO-100,false,,Filtros de papel x 100,UN,ACCESORIOS,S,3.00,3415.88,0.00,10247.64,2028.00,6084.00,4163.64,0.41,
2025-05-21,2025-05,FAC 0003-00041713,FAC,false,C9002,VENTA ONLINE,Ecommerce,,CAF-BLEND-250,CAF-BLEND-250,false,,Blend Casa 250 g,UN,CAFE,S,3.00,6109.30,0.00,18327.91,2793.00,8379.00,9948.91,0.54,
2025-04-13,2025-04,FAC 0003-00041566,FAC,false,C9001,CONSUMIDOR FINAL,Local,CABA,CAF-ETIOP-250,CAF-ETIOP-250,false,,Etiopia Yirgacheffe 250 g,UN,CAFE,S,1.00,10140.90,0.00,10140.90,4377.00,4377.00,5763.90,0.57,
2025-03-08,2025-03,FAC 0003-00041179,FAC,false,C9001,CONSUMIDOR FINAL,Local,CABA,CAF-BLEND-1K,CAF-BLEND-1K,false,,Blend Casa 1 kg,UN,CAFE,S,1.00,18800.71,0.00,18800.71,10236.00,10236.00,8564.71,0.46,
2025-01-26,2025-01,FAC 0003-00040357,FAC,false,C9001,CONSUMIDOR FINAL,Local,CABA,CAF-BLEND-1K,CAF-BLEND-1K,false,,Blend Casa 1 kg,UN,CAFE,S,2.00,18000.00,0.00,36000.00,9800.00,19600.00,16400.00,0.46,
2025-02-20,2025-02,FAC 0003-00040451,FAC,false,C0124,Coffee Lab Flores,Mayorista,CABA,CAF-BLEND-1K,CAF-BLEND-1K,false,,Blend Casa 1 kg,UN,CAFE,S,4.00,18396.00,35.00,47829.60,10016.00,40064.00,7765.60,0.16,
2025-01-14,2025-01,FAC 0003-00040348,FAC,false,C9001,CONSUMIDOR FINAL,Local,CABA,CAF-ETIOP-250,CAF-ETIOP-250,false,,Etiopia Yirgacheffe 250 g,UN,CAFE,S,2.00,9500.00,0.00,19000.00,4100.00,8200.00,10800.00,0.57,
2025-03-22,2025-03,FAC 0003-00041012,FAC,false,C9002,VENTA ONLINE,Ecommerce,,CAF-DESCA-250,CAF-DESCA-250,false,,Descafeinado 250 g,UN,CAFE,S,1.00,7729.18,0.00,7729.18,3656.00,3656.00,4073.18,0.53,
2025-01-01,2025-01,FAC 0003-00040102,FAC,false,C9002,VENTA ONLINE,Ecommerce,,CAF-ETIOP-250,CAF-ETIOP-250,false,,Etiopia Yirgacheffe 250 g,UN,CAFE,S,3.00,9500.00,0.00,28500.00,4100.00,12300.00,16200.00,0.57,
2025-05-24,2025-05,FAC 0003-00041909,FAC,false,C9002,VENTA ONLINE,Ecommerce,,CAF-CAPS-10,CAF-CAPS-10,false,,Capsulas compatibles x10,UN,CAFE,S,1.00,7527.53,0.00,7527.53,3600.00,3600.00,3927.53,0.52,
2025-06-25,2025-06,FAC 0003-00042151,FAC,false,C9002,VENTA ONLINE,Ecommerce,,CAF-COLOM-250,CAF-COLOM-250,false,,Colombia Huila 250 g,UN,CAFE,S,3.00,9142.57,0.00,27427.71,4014.00,12042.00,15385.71,0.56,
2025-01-03,2025-01,FAC 0003-00040001,FAC,false,C0001,GRANOS DEL SUR S.A.,Distribuidor,Avellaneda,CAF-BLEND-CJ6,CAF-BLEND-CJ6,false,,Blend Casa CAJA X 6 (1kg c/u),CAJA X6,CAFE,S,4.00,102000.00,40.00,244800.00,58800.00,235200.00,9600.00,0.04,
2025-06-20,2025-06,FAC 0003-00042371,FAC,false,C9002,VENTA ONLINE,Ecommerce,,CAF-BLEND-250,CAF-BLEND-250,false,,Blend Casa 250 g,UN,CAFE,S,2.00,6243.71,0.00,12487.41,2854.00,5708.00,6779.41,0.54,
2025-01-22,2025-01,FAC 0003-00040016,FAC,false,C0105,Panaderia Villa Crespo II,Mayorista,CABA,CAP-FILTRO-100,CAP-FILTRO-100,false,,Filtros de papel x 100,UN,ACCESORIOS,S,6.00,3200.00,32.00,13056.00,1900.00,11400.00,1656.00,0.13,M. Paz
2025-02-13,2025-02,FAC 0003-00040575,FAC,false,C9002,VENTA ONLINE,Ecommerce,,CAF-BLEND-250,CAF-BLEND-250,false,,Blend Casa 250 g,UN,CAFE,S,2.00,5723.20,0.00,11446.40,2616.00,5232.00,6214.40,0.54,
2025-05-06,2025-05,FAC 0003-00041722,FAC,false,C9002,VENTA ONLINE,Ecommerce,,CAF-ETIOP-250,CAF-ETIOP-250,false,,Etiopia Yirgacheffe 250 g,UN,CAFE,S,1.00,10363.99,0.00,10363.99,4473.00,4473.00,5890.99,0.57,
2025-06-20,2025-06,FAC 0003-00042480,FAC,false,C9001,CONSUMIDOR FINAL,Local,CABA,CAF-BLEND-1K,CAF-BLEND-1K,false,,Blend Casa 1 kg,UN,CAFE,S,1.00,20069.06,0.00,20069.06,10926.00,10926.00,9143.06,0.46,
2025-01-16,2025-01,FAC 0003-00040025,FAC,false,C0112,La Ventanita de Recoleta,Mayorista,CABA,CAF-BLEND-1K,CAF-BLEND-1K,false,,Blend Casa 1 kg,UN,CAFE,S,9.00,18000.00,35.00,105300.00,9800.00,88200.00,17100.00,0.16,M. Paz
2025-06-22,2025-06,FAC 0003-00042383,FAC,false,C9002,VENTA ONLINE,Ecommerce,,CAF-COLOM-250,CAF-COLOM-250,false,,Colombia Huila 250 g,UN,CAFE,S,2.00,9142.57,0.00,18285.14,4014.00,8028.00,10257.14,0.56,
2025-01-28,2025-01,FAC 0003-00040408,FAC,false,C9001,CONSUMIDOR FINAL,Local,CABA,CAF-COLOM-250,CAF-COLOM-250,false,,Colombia Huila 250 g,UN,CAFE,S,1.00,8200.00,0.00,8200.00,3600.00,3600.00,4600.00,0.56,
2025-03-24,2025-03,FAC 0003-00040836,FAC,false,C0001,GRANOS DEL SUR S.A.,Distribuidor,Avellaneda,CAF-BLEND-CJ6,CAF-BLEND-CJ6,false,,Blend Casa CAJA X 6 (1kg c/u),CAJA X6,CAFE,S,8.00,106537.37,40.00,511379.37,61416.00,491328.00,20051.37,0.04,
2025-04-25,2025-04,FAC 0003-00041503,FAC,false,C9002,VENTA ONLINE,Ecommerce,,CAF-BRAS-250,CAF-BRAS-250,false,,Brasil Cerrado 250 g,UN,CAFE,S,2.00,5657.55,0.00,11315.10,2594.00,5188.00,6127.10,0.54,
2025-04-07,2025-04,FAC 0003-00041238,FAC,false,C0001,GRANOS DEL SUR S.A.,Distribuidor,Avellaneda,BLEND1K,CAF-BLEND-1K,true,Codigo viejo informado en ventas; corresponde a Blend Casa 1 kg.,Blend Casa 1 kg,UN,CAFE,S,38.00,19214.33,40.00,438086.67,10461.00,397518.00,40568.67,0.09,M. Paz
2025-02-10,2025-02,FAC 0003-00040785,FAC,false,C9001,CONSUMIDOR FINAL,Local,CABA,CAF-BLEND-250,CAF-BLEND-250,false,,Blend Casa 250 g,UN,CAFE,S,2.00,5723.20,0.00,11446.40,2616.00,5232.00,6214.40,0.54,
2025-03-08,2025-03,FAC 0003-00040841,FAC,false,C0001,GRANOS DEL SUR S.A.,Distribuidor,Avellaneda,BLEND1K,CAF-BLEND-1K,true,Codigo viejo informado en ventas; corresponde a Blend Casa 1 kg.,Blend Casa 1 kg,UN,CAFE,S,49.00,18800.71,40.00,552740.93,10236.00,501564.00,51176.93,0.09,M. Paz
2025-02-05,2025-02,FAC 0003-00040455,FAC,false,C0127,Cafe Parque Chas II,Mayorista,CABA,CAP-FILTRO-100,CAP-FILTRO-100,false,,Filtros de papel x 100,UN,ACCESORIOS,S,6.00,3270.40,32.00,13343.23,1942.00,11652.00,1691.23,0.13,R. Ibarra
2025-02-10,2025-02,FAC 0003-00040812,FAC,false,C9001,CONSUMIDOR FINAL,Local,CABA,CAF-BLEND-250,CAF-BLEND-250,false,,Blend Casa 250 g,UN,CAFE,S,2.00,5723.20,0.00,11446.40,2616.00,5232.00,6214.40,0.54,
2025-02-10,2025-02,FAC 0003-00040800,FAC,false,C9001,CONSUMIDOR FINAL,Local,CABA,CAF-BLEND-250,CAF-BLEND-250,false,,Blend Casa 250 g,UN,CAFE,S,1.00,5723.20,0.00,5723.20,2616.00,2616.00,3107.20,0.54,
2025-06-11,2025-06,FAC 0003-00042211,FAC,false,C9002,VENTA ONLINE,Ecommerce,,CAF-CAPS-10,CAF-CAPS-10,false,,Capsulas compatibles x10,UN,CAFE,S,3.00,7693.14,0.00,23079.42,3679.00,11037.00,12042.42,0.52,
2025-02-27,2025-02,FAC 0003-00040822,FAC,false,C9001,CONSUMIDOR FINAL,Local,CABA,CAF-BLEND-250,CAF-BLEND-250,false,,Blend Casa 250 g,UN,CAFE,S,2.00,5723.20,0.00,11446.40,2616.00,5232.00,6214.40,0.54,
2025-03-18,2025-03,FAC 0003-00040942,FAC,false,C9002,VENTA ONLINE,Ecommerce,,CAF-DESCA-250,CAF-DESCA-250,false,,Descafeinado 250 g,UN,CAFE,S,2.00,7729.18,0.00,15458.36,3656.00,7312.00,8146.36,0.53,
2025-04-15,2025-04,FAC 0003-00041640,FAC,false,C9001,CONSUMIDOR FINAL,Local,CABA,CAF-BLEND-1K,CAF-BLEND-1K,false,,Blend Casa 1 kg,UN,CAFE,S,2.00,19214.33,0.00,38428.66,10461.00,20922.00,17506.66,0.46,
2025-03-10,2025-03,FAC 0003-00040973,FAC,false,C9002,VENTA ONLINE,Ecommerce,,CAF-ETIOP-250,CAF-ETIOP-250,false,,Etiopia Yirgacheffe 250 g,UN,CAFE,S,3.00,9922.60,0.00,29767.79,4282.00,12846.00,16921.79,0.57,
2025-01-20,2025-01,FAC 0003-00040049,FAC,false,C0136,Tostado Villa Urquiza,Mayorista,CABA,CAF-BRAS-1K,CAF-BRAS-1K,false,,Brasil Cerrado 1 kg,UN,CAFE,S,5.00,17000.00,35.00,55250.00,9300.00,46500.00,8750.00,0.16,M. Paz
2025-03-12,2025-03,FAC 0003-00041063,FAC,false,C9002,VENTA ONLINE,Ecommerce,,CAF-COLOM-250,CAF-COLOM-250,false,,Colombia Huila 250 g,UN,CAFE,S,1.00,8564.77,0.00,8564.77,3760.00,3760.00,4804.77,0.56,
2025-06-21,2025-06,FAC 0003-00042379,FAC,false,C9002,VENTA ONLINE,Ecommerce,,CAF-BLEND-250,CAF-BLEND-250,false,,Blend Casa 250 g,UN,CAFE,S,3.00,6243.71,0.00,18731.12,2854.00,8562.00,10169.12,0.54,
2025-05-04,2025-05,FAC 0003-00041837,FAC,false,C9002,VENTA ONLINE,Ecommerce,,CAF-COLOM-250,CAF-COLOM-250,false,,Colombia Huila 250 g,UN,CAFE,S,1.00,8945.76,0.00,8945.76,3927.00,3927.00,5018.76,0.56,
2025-03-20,2025-03,FAC 0003-00040929,FAC,false,C9002,VENTA ONLINE,Ecommerce,,CAF-BRAS-250,CAF-BRAS-250,false,,Brasil Cerrado 250 g,UN,CAFE,S,1.00,5535.77,0.00,5535.77,2538.00,2538.00,2997.77,0.54,
2025-06-09,2025-06,FAC 0003-00042448,FAC,false,C9001,CONSUMIDOR FINAL,Local,CABA,CAP-FILTRO-100,CAP-FILTRO-100,false,,Filtros de papel x 100,UN,ACCESORIOS,S,1.00,3567.83,0.00,3567.83,2118.00,2118.00,1449.83,0.41,
2025-05-24,2025-05,FAC 0003-00041952,FAC,false,C9001,CONSUMIDOR FINAL,Local,CABA,CAF-BLEND-250,CAF-BLEND-250,false,,Blend Casa 250 g,UN,CAFE,S,1.00,6109.30,0.00,6109.30,2793.00,2793.00,3316.30,0.54,
2025-06-19,2025-06,FAC 0003-00042329,FAC,false,C9002,VENTA ONLINE,Ecommerce,,CAP-FILTRO-100,CAP-FILTRO-100,false,,Filtros de papel x 100,UN,ACCESORIOS,S,2.00,3567.83,0.00,7135.67,2118.00,4236.00,2899.67,0.41,
2025-06-26,2025-06,FAC 0003-00042257,FAC,false,C9002,VENTA ONLINE,Ecommerce,,CAF-DESCA-250,CAF-DESCA-250,false,,Descafeinado 250 g,UN,CAFE,S,2.00,8250.61,0.00,16501.23,3902.00,7804.00,8697.23,0.53,
2025-04-23,2025-04,FAC 0003-00041440,FAC,false,C9002,VENTA ONLINE,Ecommerce,,CAF-BRAS-250,CAF-BRAS-250,false,,Brasil Cerrado 250 g,UN,CAFE,S,1.00,5657.55,0.00,5657.55,2594.00,2594.00,3063.55,0.54,
2025-03-09,2025-03,FAC 0003-00041113,FAC,false,C9002,VENTA ONLINE,Ecommerce,,CAF-ETIOP-250,CAF-ETIOP-250,false,,Etiopia Yirgacheffe 250 g,UN,CAFE,S,1.00,9922.60,0.00,9922.60,4282.00,4282.00,5640.60,0.57,
2025-04-19,2025-04,FAC 0003-00041405,FAC,false,C9002,VENTA ONLINE,Ecommerce,,CAF-BLEND-250,CAF-BLEND-250,false,,Blend Casa 250 g,UN,CAFE,S,3.00,5977.79,0.00,17933.37,2733.00,8199.00,9734.37,0.54,
2025-03-18,2025-03,FAC 0003-00041035,FAC,false,C9002,VENTA ONLINE,Ecommerce,,CAF-ETIOP-250,CAF-ETIOP-250,false,,Etiopia Yirgacheffe 250 g,UN,CAFE,S,3.00,9922.60,0.00,29767.79,4282.00,12846.00,16921.79,0.57,
2025-05-25,2025-05,FAC 0003-00041933,FAC,false,C9002,VENTA ONLINE,Ecommerce,,CAF-DESCA-250,CAF-DESCA-250,false,,Descafeinado 250 g,UN,CAFE,S,2.00,8073.01,0.00,16146.01,3818.00,7636.00,8510.01,0.53,
2025-01-07,2025-01,FAC 0003-00040234,FAC,false,C9002,VENTA ONLINE,Ecommerce,,CAF-DESCA-250,CAF-DESCA-250,false,,Descafeinado 250 g,UN,CAFE,S,3.00,7400.00,0.00,22200.00,3500.00,10500.00,11700.00,0.53,
2025-02-17,2025-02,FAC 0003-00040578,FAC,false,C9002,VENTA ONLINE,Ecommerce,,CAF-COLOM-250,CAF-COLOM-250,false,,Colombia Huila 250 g,UN,CAFE,S,3.00,8380.40,0.00,25141.20,3679.00,11037.00,14104.20,0.56,
2025-05-01,2025-05,FAC 0003-00041821,FAC,false,C9002,VENTA ONLINE,Ecommerce,,CAF-CAPS-10,CAF-CAPS-10,false,,Capsulas compatibles x10,UN,CAFE,S,1.00,7527.53,0.00,7527.53,3600.00,3600.00,3927.53,0.52,
2025-06-25,2025-06,FAC 0003-00042184,FAC,false,C9002,VENTA ONLINE,Ecommerce,,CAF-ETIOP-250,CAF-ETIOP-250,false,,Etiopia Yirgacheffe 250 g,UN,CAFE,S,2.00,10592.00,0.00,21184.01,4571.00,9142.00,12042.01,0.57,
2025-02-25,2025-02,FAC 0003-00040814,FAC,false,C9001,CONSUMIDOR FINAL,Local,CABA,CAF-ETIOP-250,CAF-ETIOP-250,false,,Etiopia Yirgacheffe 250 g,UN,CAFE,S,1.00,9709.00,0.00,9709.00,4190.00,4190.00,5519.00,0.57,
2025-02-15,2025-02,FAC 0003-00040581,FAC,false,C9002,VENTA ONLINE,Ecommerce,,CAF-COLOM-250,CAF-COLOM-250,false,,Colombia Huila 250 g,UN,CAFE,S,2.00,8380.40,0.00,16760.80,3679.00,7358.00,9402.80,0.56,
2025-06-14,2025-06,FAC 0003-00042155,FAC,false,C9002,VENTA ONLINE,Ecommerce,,CAF-COLOM-250,CAF-COLOM-250,false,,Colombia Huila 250 g,UN,CAFE,S,3.00,9142.57,0.00,27427.71,4014.00,12042.00,15385.71,0.56,
2025-02-08,2025-02,FAC 0003-00040669,FAC,false,C9002,VENTA ONLINE,Ecommerce,,CAF-ETIOP-250,CAF-ETIOP-250,false,,Etiopia Yirgacheffe 250 g,UN,CAFE,S,2.00,9709.00,0.00,19418.00,4190.00,8380.00,11038.00,0.57,
2025-06-23,2025-06,FAC 0003-00042501,FAC,false,C9001,CONSUMIDOR FINAL,Local,CABA,CAF-ETIOP-250,CAF-ETIOP-250,false,,Etiopia Yirgacheffe 250 g,UN,CAFE,S,2.00,10592.00,0.00,21184.01,4571.00,9142.00,12042.01,0.57,
2025-05-03,2025-05,FAC 0003-00042070,FAC,false,C9001,CONSUMIDOR FINAL,Local,CABA,CAF-ETIOP-250,CAF-ETIOP-250,false,,Etiopia Yirgacheffe 250 g,UN,CAFE,S,1.00,10363.99,0.00,10363.99,4473.00,4473.00,5890.99,0.57,
2025-01-09,2025-01,FAC 0003-00040045,FAC,false,C0131,Tostado Coghlan II,Mayorista,CABA,CAF-BLEND-1K,CAF-BLEND-1K,false,,Blend Casa 1 kg,UN,CAFE,S,8.00,18000.00,35.00,93600.00,9800.00,78400.00,15200.00,0.16,M. Paz
2025-06-02,2025-06,FAC 0003-00042381,FAC,false,C9002,VENTA ONLINE,Ecommerce,,CAF-BRAS-250,CAF-BRAS-250,false,,Brasil Cerrado 250 g,UN,CAFE,S,2.00,5909.22,0.00,11818.45,2709.00,5418.00,6400.45,0.54,
2025-06-12,2025-06,FAC 0003-00042192,FAC,false,C9002,VENTA ONLINE,Ecommerce,,CAF-BLEND-250,CAF-BLEND-250,false,,Blend Casa 250 g,UN,CAFE,S,2.00,6243.71,0.00,12487.41,2854.00,5708.00,6779.41,0.54,
2025-05-16,2025-05,FAC 0003-00041668,FAC,false,C0113,Bar Recoleta II,Mayorista,CABA,CAF-BLEND-1K,CAF-BLEND-1K,false,,Blend Casa 1 kg,UN,CAFE,S,5.00,19637.04,30.00,68729.65,10691.00,53455.00,15274.65,0.22,R. Ibarra
2025-05-01,2025-05,FAC 0003-00042069,FAC,false,C9001,CONSUMIDOR FINAL,Local,CABA,CAF-COLOM-250,CAF-COLOM-250,false,,Colombia Huila 250 g,UN,CAFE,S,1.00,8945.76,0.00,8945.76,3927.00,3927.00,5018.76,0.56,
2025-03-21,2025-03,FAC 0003-00040934,FAC,false,C9002,VENTA ONLINE,Ecommerce,,CAF-ETIOP-250,CAF-ETIOP-250,false,,Etiopia Yirgacheffe 250 g,UN,CAFE,S,3.00,9922.60,0.00,29767.79,4282.00,12846.00,16921.79,0.57,
2025-04-18,2025-04,FAC 0003-00041643,FAC,false,C9001,CONSUMIDOR FINAL,Local,CABA,CAP-FILTRO-100,CAP-FILTRO-100,false,,Filtros de papel x 100,UN,ACCESORIOS,S,2.00,3415.88,0.00,6831.76,2028.00,4056.00,2775.76,0.41,
2025-02-22,2025-02,FAC 0003-00040537,FAC,false,C9002,VENTA ONLINE,Ecommerce,,CAF-CAPS-10,CAF-CAPS-10,false,,Capsulas compatibles x10,UN,CAFE,S,3.00,7051.80,0.00,21155.40,3373.00,10119.00,11036.40,0.52,
2025-04-14,2025-04,FAC 0003-00041564,FAC,false,C9001,CONSUMIDOR FINAL,Local,CABA,CAF-ETIOP-250,CAF-ETIOP-250,false,,Etiopia Yirgacheffe 250 g,UN,CAFE,S,2.00,10140.90,0.00,20281.79,4377.00,8754.00,11527.79,0.57,
2025-04-23,2025-04,FAC 0003-00041354,FAC,false,C9002,VENTA ONLINE,Ecommerce,,CAF-BLEND-250,CAF-BLEND-250,false,,Blend Casa 250 g,UN,CAFE,S,2.00,5977.79,0.00,11955.58,2733.00,5466.00,6489.58,0.54,
2025-05-28,2025-05,FAC 0003-00041833,FAC,false,C9002,VENTA ONLINE,Ecommerce,,CAF-ETIOP-250,CAF-ETIOP-250,false,,Etiopia Yirgacheffe 250 g,UN,CAFE,S,2.00,10363.99,0.00,20727.99,4473.00,8946.00,11781.99,0.57,
2025-05-23,2025-05,FAC 0003-00041651,FAC,false,C0100,Cafe Palermo,Mayorista,CABA,CAF-BRAS-1K,CAF-BRAS-1K,false,,Brasil Cerrado 1 kg,UN,CAFE,S,5.00,18546.10,32.00,63056.73,10146.00,50730.00,12326.73,0.20,M. Paz
2025-03-22,2025-03,FAC 0003-00040941,FAC,false,C9002,VENTA ONLINE,Ecommerce,,CAF-ETIOP-250,CAF-ETIOP-250,false,,Etiopia Yirgacheffe 250 g,UN,CAFE,S,2.00,9922.60,0.00,19845.20,4282.00,8564.00,11281.20,0.57,
2025-04-04,2025-04,FAC 0003-00041294,FAC,false,C9002,VENTA ONLINE,Ecommerce,,CAF-ETIOP-250,CAF-ETIOP-250,false,,Etiopia Yirgacheffe 250 g,UN,CAFE,S,1.00,10140.90,0.00,10140.90,4377.00,4377.00,5763.90,0.57,
2025-05-15,2025-05,FAC 0003-00041750,FAC,false,C9002,VENTA ONLINE,Ecommerce,,CAF-BLEND-250,CAF-BLEND-250,false,,Blend Casa 250 g,UN,CAFE,S,3.00,6109.30,0.00,18327.91,2793.00,8379.00,9948.91,0.54,
2025-02-26,2025-02,FAC 0003-00040763,FAC,false,C9001,CONSUMIDOR FINAL,Local,CABA,CAF-BLEND-1K,CAF-BLEND-1K,false,,Blend Casa 1 kg,UN,CAFE,S,1.00,18396.00,0.00,18396.00,10016.00,10016.00,8380.00,0.46,
2025-05-09,2025-05,FAC 0003-00041714,FAC,false,C9002,VENTA ONLINE,Ecommerce,,CAF-ETIOP-250,CAF-ETIOP-250,false,,Etiopia Yirgacheffe 250 g,UN,CAFE,S,2.00,10363.99,0.00,20727.99,4473.00,8946.00,11781.99,0.57,
2025-01-15,2025-01,FAC 0003-00040132,FAC,false,C9002,VENTA ONLINE,Ecommerce,,CAF-BLEND-250,CAF-BLEND-250,false,,Blend Casa 250 g,UN,CAFE,S,1.00,5600.00,0.00,5600.00,2560.00,2560.00,3040.00,0.54,
2025-03-06,2025-03,NC 0003-00001221,NC,true,C0104,Tostado Villa Crespo,Mayorista,CABA,CAF-BRAS-1K,CAF-BRAS-1K,false,,Brasil Cerrado 1 kg,UN,CAFE,S,-3.00,17756.23,35.00,-34624.64,9714.00,-29142.00,-5482.64,,
2025-01-18,2025-01,FAC 0003-00040392,FAC,false,C9001,CONSUMIDOR FINAL,Local,CABA,CAF-ETIOP-250,CAF-ETIOP-250,false,,Etiopia Yirgacheffe 250 g,UN,CAFE,S,2.00,9500.00,0.00,19000.00,4100.00,8200.00,10800.00,0.57,
2025-04-04,2025-04,FAC 0003-00041386,FAC,false,C9002,VENTA ONLINE,Ecommerce,,CAF-COLOM-250,CAF-COLOM-250,false,,Colombia Huila 250 g,UN,CAFE,S,2.00,8753.19,0.00,17506.39,3843.00,7686.00,9820.39,0.56,
2025-04-11,2025-04,FAC 0003-00041333,FAC,false,C9002,VENTA ONLINE,Ecommerce,,CAF-COLOM-250,CAF-COLOM-250,false,,Colombia Huila 250 g,UN,CAFE,S,2.00,8753.19,0.00,17506.39,3843.00,7686.00,9820.39,0.56,
2025-04-07,2025-04,FAC 0003-00041350,FAC,false,C9002,VENTA ONLINE,Ecommerce,,CAP-TAZA,CAP-TAZA,false,,Taza ceramica logo,UN,ACCESORIOS,S,1.00,9500.42,0.00,9500.42,4483.00,4483.00,5017.42,0.53,
2025-03-11,2025-03,FAC 0003-00041191,FAC,false,C9001,CONSUMIDOR FINAL,Local,CABA,CAF-BLEND-1K,CAF-BLEND-1K,false,,Blend Casa 1 kg,UN,CAFE,S,1.00,18800.71,0.00,18800.71,10236.00,10236.00,8564.71,0.46,
2025-02-23,2025-02,FAC 0003-00040489,FAC,false,C9002,VENTA ONLINE,Ecommerce,,CAF-DESCA-250,CAF-DESCA-250,false,,Descafeinado 250 g,UN,CAFE,S,1.00,7562.80,0.00,7562.80,3577.00,3577.00,3985.80,0.53,
2025-05-05,2025-05,FAC 0003-00041831,FAC,false,C9002,VENTA ONLINE,Ecommerce,,CAF-CAPS-10,CAF-CAPS-10,false,,Capsulas compatibles x10,UN,CAFE,S,3.00,7527.53,0.00,22582.60,3600.00,10800.00,11782.60,0.52,
2025-01-09,2025-01,FAC 0003-00040187,FAC,false,C9002,VENTA ONLINE,Ecommerce,,CAF-COLOM-250,CAF-COLOM-250,false,,Colombia Huila 250 g,UN,CAFE,S,2.00,8200.00,0.00,16400.00,3600.00,7200.00,9200.00,0.56,
2025-06-25,2025-06,FAC 0003-00042174,FAC,false,C9002,VENTA ONLINE,Ecommerce,,CAF-ETIOP-250,CAF-ETIOP-250,false,,Etiopia Yirgacheffe 250 g,UN,CAFE,S,2.00,10592.00,0.00,21184.01,4571.00,9142.00,12042.01,0.57,
2025-05-23,2025-05,FAC 0003-00041811,FAC,false,C9002,VENTA ONLINE,Ecommerce,,CAF-DESCA-250,CAF-DESCA-250,false,,Descafeinado 250 g,UN,CAFE,S,2.00,8073.01,0.00,16146.01,3818.00,7636.00,8510.01,0.53,
2025-04-14,2025-04,FAC 0003-00041266,FAC,false,C0120,Tostado Chacarita,Mayorista,CABA,CAP-FILTRO-100,CAP-FILTRO-100,false,,Filtros de papel x 100,UN,ACCESORIOS,S,3.00,3415.88,32.00,6968.40,2028.00,6084.00,884.40,0.13,
2025-06-23,2025-06,FAC 0003-00042265,FAC,false,C9002,VENTA ONLINE,Ecommerce,,CAF-COLOM-250,CAF-COLOM-250,false,,Colombia Huila 250 g,UN,CAFE,S,2.00,9142.57,0.00,18285.14,4014.00,8028.00,10257.14,0.56,
2025-02-10,2025-02,FAC 0003-00040676,FAC,false,C9002,VENTA ONLINE,Ecommerce,,CAP-TAZA,CAP-TAZA,false,,Taza ceramica logo,UN,ACCESORIOS,S,2.00,9095.80,0.00,18191.60,4292.00,8584.00,9607.60,0.53,
2025-01-01,2025-01,FAC 0003-00040186,FAC,false,C9002,VENTA ONLINE,Ecommerce,,CAF-CAPS-10,CAF-CAPS-10,false,,Capsulas compatibles x10,UN,CAFE,S,2.00,6900.00,0.00,13800.00,3300.00,6600.00,7200.00,0.52,
2025-04-02,2025-04,FAC 0003-00041475,FAC,false,C9002,VENTA ONLINE,Ecommerce,,CAF-CAPS-10,CAF-CAPS-10,false,,Capsulas compatibles x10,UN,CAFE,S,3.00,7365.49,0.00,22096.48,3523.00,10569.00,11527.48,0.52,
2025-01-24,2025-01,FAC 0003-00040383,FAC,false,C9001,CONSUMIDOR FINAL,Local,CABA,CAF-ETIOP-250,CAF-ETIOP-250,false,,Etiopia Yirgacheffe 250 g,UN,CAFE,S,2.00,9500.00,0.00,19000.00,4100.00,8200.00,10800.00,0.57,
2025-04-26,2025-04,FAC 0003-00041522,FAC,false,C9002,VENTA ONLINE,Ecommerce,,CAF-BRAS-250,CAF-BRAS-250,false,,Brasil Cerrado 250 g,UN,CAFE,S,3.00,5657.55,0.00,16972.66,2594.00,7782.00,9190.66,0.54,
2025-04-09,2025-04,FAC 0003-00041362,FAC,false,C9002,VENTA ONLINE,Ecommerce,,CAF-ETIOP-250,CAF-ETIOP-250,false,,Etiopia Yirgacheffe 250 g,UN,CAFE,S,3.00,10140.90,0.00,30422.69,4377.00,13131.00,17291.69,0.57,
2025-06-12,2025-06,FAC 0003-00042192,FAC,false,C9002,VENTA ONLINE,Ecommerce,,CAF-ETIOP-250,CAF-ETIOP-250,false,,Etiopia Yirgacheffe 250 g,UN,CAFE,S,2.00,10592.00,0.00,21184.01,4571.00,9142.00,12042.01,0.57,
2025-04-18,2025-04,FAC 0003-00041579,FAC,false,C9001,CONSUMIDOR FINAL,Local,CABA,CAP-FILTRO-100,CAP-FILTRO-100,false,,Filtros de papel x 100,UN,ACCESORIOS,S,2.00,3415.88,0.00,6831.76,2028.00,4056.00,2775.76,0.41,
2025-03-04,2025-03,FAC 0003-00041092,FAC,false,C9002,VENTA ONLINE,Ecommerce,,CAF-DESCA-250,CAF-DESCA-250,false,,Descafeinado 250 g,UN,CAFE,S,1.00,7729.18,0.00,7729.18,3656.00,3656.00,4073.18,0.53,
2025-03-19,2025-03,FAC 0003-00041014,FAC,false,C9002,VENTA ONLINE,Ecommerce,,CAF-ETIOP-250,CAF-ETIOP-250,false,,Etiopia Yirgacheffe 250 g,UN,CAFE,S,2.00,9922.60,0.00,19845.20,4282.00,8564.00,11281.20,0.57,
2025-01-01,2025-01,FAC 0003-00040120,FAC,false,C9002,VENTA ONLINE,Ecommerce,,CAF-BRAS-250,CAF-BRAS-250,false,,Brasil Cerrado 250 g,UN,CAFE,S,1.00,5300.00,0.00,5300.00,2430.00,2430.00,2870.00,0.54,
2025-06-09,2025-06,FAC 0003-00042221,FAC,false,C9002,VENTA ONLINE,Ecommerce,,CAF-ETIOP-250,CAF-ETIOP-250,false,,Etiopia Yirgacheffe 250 g,UN,CAFE,S,2.00,10592.00,0.00,21184.01,4571.00,9142.00,12042.01,0.57,
2025-06-26,2025-06,FAC 0003-00042333,FAC,false,C9002,VENTA ONLINE,Ecommerce,,CAF-DESCA-250,CAF-DESCA-250,false,,Descafeinado 250 g,UN,CAFE,S,3.00,8250.61,0.00,24751.84,3902.00,11706.00,13045.84,0.53,
2025-03-20,2025-03,FAC 0003-00040929,FAC,false,C9002,VENTA ONLINE,Ecommerce,,CAF-CAPS-10,CAF-CAPS-10,false,,Capsulas compatibles x10,UN,CAFE,S,2.00,7206.94,0.00,14413.88,3447.00,6894.00,7519.88,0.52,
2025-03-17,2025-03,FAC 0003-00040907,FAC,false,C9002,VENTA ONLINE,Ecommerce,,CAF-DESCA-250,CAF-DESCA-250,false,,Descafeinado 250 g,UN,CAFE,S,3.00,7729.18,0.00,23187.54,3656.00,10968.00,12219.54,0.53,
2025-01-17,2025-01,FAC 0003-00040281,FAC,false,C9001,CONSUMIDOR FINAL,Local,CABA,CAF-BLEND-250,CAF-BLEND-250,false,,Blend Casa 250 g,UN,CAFE,S,2.00,5600.00,0.00,11200.00,2560.00,5120.00,6080.00,0.54,
2025-04-13,2025-04,FAC 0003-00041389,FAC,false,C9002,VENTA ONLINE,Ecommerce,,CAF-ETIOP-250,CAF-ETIOP-250,false,,Etiopia Yirgacheffe 250 g,UN,CAFE,S,3.00,10140.90,0.00,30422.69,4377.00,13131.00,17291.69,0.57,
2025-06-12,2025-06,FAC 0003-00042232,FAC,false,C9002,VENTA ONLINE,Ecommerce,,CAF-COLOM-250,CAF-COLOM-250,false,,Colombia Huila 250 g,UN,CAFE,S,3.00,9142.57,0.00,27427.71,4014.00,12042.00,15385.71,0.56,
2025-01-01,2025-01,FAC 0003-00040269,FAC,false,C9001,CONSUMIDOR FINAL,Local,CABA,CAF-BLEND-250,CAF-BLEND-250,false,,Blend Casa 250 g,UN,CAFE,S,2.00,5600.00,0.00,11200.00,2560.00,5120.00,6080.00,0.54,
2025-04-02,2025-04,FAC 0003-00041290,FAC,false,C9002,VENTA ONLINE,Ecommerce,,CAF-ETIOP-250,CAF-ETIOP-250,false,,Etiopia Yirgacheffe 250 g,UN,CAFE,S,3.00,10140.90,0.00,30422.69,4377.00,13131.00,17291.69,0.57,
2025-05-07,2025-05,FAC 0003-00041851,FAC,false,C9002,VENTA ONLINE,Ecommerce,,CAF-BLEND-250,CAF-BLEND-250,false,,Blend Casa 250 g,UN,CAFE,S,1.00,6109.30,0.00,6109.30,2793.00,2793.00,3316.30,0.54,
2025-01-27,2025-01,FAC 0003-00040332,FAC,false,C9001,CONSUMIDOR FINAL,Local,CABA,CAF-ETIOP-250,CAF-ETIOP-250,false,,Etiopia Yirgacheffe 250 g,UN,CAFE,S,1.00,9500.00,0.00,9500.00,4100.00,4100.00,5400.00,0.57,
2025-04-07,2025-04,FAC 0003-00041507,FAC,false,C9002,VENTA ONLINE,Ecommerce,,CAF-DESCA-250,CAF-DESCA-250,false,,Descafeinado 250 g,UN,CAFE,S,2.00,7899.22,0.00,15798.45,3736.00,7472.00,8326.45,0.53,
2025-02-13,2025-02,FAC 0003-00040427,FAC,false,C0103,Coffee Lab Belgrano II,Mayorista,CABA,CAP-FILTRO-100,CAP-FILTRO-100,false,,Filtros de papel x 100,UN,ACCESORIOS,S,4.00,3270.40,35.00,8503.04,1942.00,7768.00,735.04,0.09,R. Ibarra
2025-03-28,2025-03,FAC 0003-00041224,FAC,false,C9001,CONSUMIDOR FINAL,Local,CABA,CAF-COLOM-250,CAF-COLOM-250,false,,Colombia Huila 250 g,UN,CAFE,S,2.00,8564.77,0.00,17129.54,3760.00,7520.00,9609.54,0.56,
2025-01-18,2025-01,FAC 0003-00040239,FAC,false,C9002,VENTA ONLINE,Ecommerce,,CAP-TAZA,CAP-TAZA,false,,Taza ceramica logo,UN,ACCESORIOS,S,3.00,8900.00,0.00,26700.00,4200.00,12600.00,14100.00,0.53,
2025-05-19,2025-05,FAC 0003-00041836,FAC,false,C9002,VENTA ONLINE,Ecommerce,,CAF-ETIOP-250,CAF-ETIOP-250,false,,Etiopia Yirgacheffe 250 g,UN,CAFE,S,1.00,10363.99,0.00,10363.99,4473.00,4473.00,5890.99,0.57,
2025-02-07,2025-02,FAC 0003-00040453,FAC,false,C0125,Usina Flores II,Mayorista,CABA,CAF-BLEND-1K,CAF-BLEND-1K,false,,Blend Casa 1 kg,UN,CAFE,S,4.00,18396.00,32.00,50037.12,10016.00,40064.00,9973.12,0.20,M. Paz
2025-06-13,2025-06,FAC 0003-00042102,FAC,false,C0109,Usina Colegiales II,Mayorista,CABA,CAF-BLEND-1K,CAF-BLEND-1K,false,,Blend Casa 1 kg,UN,CAFE,S,5.00,20069.06,32.00,68234.80,10926.00,54630.00,13604.80,0.20,M. Paz
2025-01-01,2025-01,FAC 0003-00040275,FAC,false,C9001,CONSUMIDOR FINAL,Local,CABA,CAF-COLOM-250,CAF-COLOM-250,false,,Colombia Huila 250 g,UN,CAFE,S,1.00,8200.00,0.00,8200.00,3600.00,3600.00,4600.00,0.56,
2025-03-21,2025-03,FAC 0003-00040934,FAC,false,C9002,VENTA ONLINE,Ecommerce,,CAF-BRAS-250,CAF-BRAS-250,false,,Brasil Cerrado 250 g,UN,CAFE,S,3.00,5535.77,0.00,16607.30,2538.00,7614.00,8993.30,0.54,
2025-06-15,2025-06,FAC 0003-00042264,FAC,false,C9002,VENTA ONLINE,Ecommerce,,CAF-ETIOP-250,CAF-ETIOP-250,false,,Etiopia Yirgacheffe 250 g,UN,CAFE,S,3.00,10592.00,0.00,31776.01,4571.00,13713.00,18063.01,0.57,
2025-02-02,2025-02,FAC 0003-00040569,FAC,false,C9002,VENTA ONLINE,Ecommerce,,CAF-ETIOP-250,CAF-ETIOP-250,false,,Etiopia Yirgacheffe 250 g,UN,CAFE,S,3.00,9709.00,0.00,29127.00,4190.00,12570.00,16557.00,0.57,
2025-06-26,2025-06,FAC 0003-00042159,FAC,false,C9002,VENTA ONLINE,Ecommerce,,CAF-ETIOP-250,CAF-ETIOP-250,false,,Etiopia Yirgacheffe 250 g,UN,CAFE,S,2.00,10592.00,0.00,21184.01,4571.00,9142.00,12042.01,0.57,
2025-06-13,2025-06,FAC 0003-00042268,FAC,false,C9002,VENTA ONLINE,Ecommerce,,CAF-BRAS-250,CAF-BRAS-250,false,,Brasil Cerrado 250 g,UN,CAFE,S,1.00,5909.22,0.00,5909.22,2709.00,2709.00,3200.22,0.54,
2025-04-09,2025-04,FAC 0003-00041500,FAC,false,C9002,VENTA ONLINE,Ecommerce,,CAF-DESCA-250,CAF-DESCA-250,false,,Descafeinado 250 g,UN,CAFE,S,2.00,7899.22,0.00,15798.45,3736.00,7472.00,8326.45,0.53,
2025-05-06,2025-05,FAC 0003-00042042,FAC,false,C9001,CONSUMIDOR FINAL,Local,CABA,CAF-BLEND-250,CAF-BLEND-250,false,,Blend Casa 250 g,UN,CAFE,S,2.00,6109.30,0.00,12218.60,2793.00,5586.00,6632.60,0.54,
2025-05-21,2025-05,FAC 0003-00041726,FAC,false,C9002,VENTA ONLINE,Ecommerce,,CAF-ETIOP-250,CAF-ETIOP-250,false,,Etiopia Yirgacheffe 250 g,UN,CAFE,S,1.00,10363.99,0.00,10363.99,4473.00,4473.00,5890.99,0.57,
2025-03-02,2025-03,FAC 0003-00040984,FAC,false,C9002,VENTA ONLINE,Ecommerce,,CAF-CAPS-10,CAF-CAPS-10,false,,Capsulas compatibles x10,UN,CAFE,S,3.00,7206.94,0.00,21620.82,3447.00,10341.00,11279.82,0.52,
2025-05-01,2025-05,FAC 0003-00041732,FAC,false,C9002,VENTA ONLINE,Ecommerce,,CAF-BLEND-250,CAF-BLEND-250,false,,Blend Casa 250 g,UN,CAFE,S,2.00,6109.30,0.00,12218.60,2793.00,5586.00,6632.60,0.54,
2025-04-03,2025-04,FAC 0003-00041479,FAC,false,C9002,VENTA ONLINE,Ecommerce,,CAF-BRAS-250,CAF-BRAS-250,false,,Brasil Cerrado 250 g,UN,CAFE,S,3.00,5657.55,0.00,16972.66,2594.00,7782.00,9190.66,0.54,
2025-06-08,2025-06,FAC 0003-00042413,FAC,false,C9001,CONSUMIDOR FINAL,Local,CABA,CAF-COLOM-250,CAF-COLOM-250,false,,Colombia Huila 250 g,UN,CAFE,S,2.00,9142.57,0.00,18285.14,4014.00,8028.00,10257.14,0.56,
2025-04-08,2025-04,FAC 0003-00041589,FAC,false,C9001,CONSUMIDOR FINAL,Local,CABA,CAF-BLEND-1K,CAF-BLEND-1K,false,,Blend Casa 1 kg,UN,CAFE,S,2.00,19214.33,0.00,38428.66,10461.00,20922.00,17506.66,0.46,
2025-05-02,2025-05,FAC 0003-00041699,FAC,false,C9002,VENTA ONLINE,Ecommerce,,CAF-ETIOP-250,CAF-ETIOP-250,false,,Etiopia Yirgacheffe 250 g,UN,CAFE,S,2.00,10363.99,0.00,20727.99,4473.00,8946.00,11781.99,0.57,
2025-01-23,2025-01,FAC 0003-00040148,FAC,false,C9002,VENTA ONLINE,Ecommerce,,CAF-BLEND-250,CAF-BLEND-250,false,,Blend Casa 250 g,UN,CAFE,S,2.00,5600.00,0.00,11200.00,2560.00,5120.00,6080.00,0.54,
2025-06-02,2025-06,FAC 0003-00042191,FAC,false,C9002,VENTA ONLINE,Ecommerce,,CAF-DESCA-250,CAF-DESCA-250,false,,Descafeinado 250 g,UN,CAFE,S,1.00,8250.61,0.00,8250.61,3902.00,3902.00,4348.61,0.53,
2025-04-20,2025-04,FAC 0003-00041592,FAC,false,C9001,CONSUMIDOR FINAL,Local,CABA,CAF-ETIOP-250,CAF-ETIOP-250,false,,Etiopia Yirgacheffe 250 g,UN,CAFE,S,1.00,10140.90,0.00,10140.90,4377.00,4377.00,5763.90,0.57,
2025-06-02,2025-06,FAC 0003-00042298,FAC,false,C9002,VENTA ONLINE,Ecommerce,,CAF-ETIOP-250,CAF-ETIOP-250,false,,Etiopia Yirgacheffe 250 g,UN,CAFE,S,1.00,10592.00,0.00,10592.00,4571.00,4571.00,6021.00,0.57,
2025-06-07,2025-06,FAC 0003-00042321,FAC,false,C9002,VENTA ONLINE,Ecommerce,,CAF-BLEND-250,CAF-BLEND-250,false,,Blend Casa 250 g,UN,CAFE,S,2.00,6243.71,0.00,12487.41,2854.00,5708.00,6779.41,0.54,
2025-06-02,2025-06,FAC 0003-00042123,FAC,false,C0126,Panaderia Parque Chas,Mayorista,CABA,CAF-BLEND-1K,CAF-BLEND-1K,false,,Blend Casa 1 kg,UN,CAFE,S,4.00,20069.06,32.00,54587.84,10926.00,43704.00,10883.84,0.20,M. Paz
2025-02-14,2025-02,FAC 0003-00040491,FAC,false,C9002,VENTA ONLINE,Ecommerce,,CAF-ETIOP-250,CAF-ETIOP-250,false,,Etiopia Yirgacheffe 250 g,UN,CAFE,S,1.00,9709.00,0.00,9709.00,4190.00,4190.00,5519.00,0.57,
2025-01-23,2025-01,FAC 0003-00040028,FAC,false,C0115,Tostado Boedo II,Mayorista,CABA,CAF-BLEND-1K,CAF-BLEND-1K,false,,Blend Casa 1 kg,UN,CAFE,S,7.00,18000.00,30.00,88200.00,9800.00,68600.00,19600.00,0.22,R. Ibarra
2025-01-24,2025-01,FAC 0003-00040366,FAC,false,C9001,CONSUMIDOR FINAL,Local,CABA,CAF-BLEND-1K,CAF-BLEND-1K,false,,Blend Casa 1 kg,UN,CAFE,S,2.00,18000.00,0.00,36000.00,9800.00,19600.00,16400.00,0.46,
2025-01-01,2025-01,NC 0003-00001206,NC,true,C0001,GRANOS DEL SUR S.A.,Distribuidor,Avellaneda,CAF-BLEND-1K,CAF-BLEND-1K,false,,Blend Casa 1 kg,UN,CAFE,S,-5.00,18000.00,40.00,-54000.00,9800.00,-49000.00,-5000.00,,
2025-06-22,2025-06,FAC 0003-00042094,FAC,false,C0103,Coffee Lab Belgrano II,Mayorista,CABA,CAF-ETIOP-250,CAF-ETIOP-250,false,,Etiopia Yirgacheffe 250 g,UN,CAFE,S,5.00,10592.00,35.00,34424.01,4571.00,22855.00,11569.01,0.34,R. Ibarra
2025-03-19,2025-03,FAC 0003-00040871,FAC,false,C0126,Panaderia Parque Chas,Mayorista,CABA,CAP-FILTRO-100,CAP-FILTRO-100,false,,Filtros de papel x 100,UN,ACCESORIOS,S,2.00,3342.35,32.00,4545.59,1985.00,3970.00,575.59,0.13,M. Paz
2025-04-03,2025-04,FAC 0003-00041345,FAC,false,C9002,VENTA ONLINE,Ecommerce,,CAF-BLEND-250,CAF-BLEND-250,false,,Blend Casa 250 g,UN,CAFE,S,2.00,5977.79,0.00,11955.58,2733.00,5466.00,6489.58,0.54,
2025-03-13,2025-03,FAC 0003-00041005,FAC,false,C9002,VENTA ONLINE,Ecommerce,,CAF-BLEND-250,CAF-BLEND-250,false,,Blend Casa 250 g,UN,CAFE,S,3.00,5849.11,0.00,17547.33,2674.00,8022.00,9525.33,0.54,
2025-06-04,2025-06,FAC 0003-00042311,FAC,false,C9002,VENTA ONLINE,Ecommerce,,CAF-ETIOP-250,CAF-ETIOP-250,false,,Etiopia Yirgacheffe 250 g,UN,CAFE,S,1.00,10592.00,0.00,10592.00,4571.00,4571.00,6021.00,0.57,
2025-06-19,2025-06,FAC 0003-00042394,FAC,false,C9002,VENTA ONLINE,Ecommerce,,CAF-ETIOP-250,CAF-ETIOP-250,false,,Etiopia Yirgacheffe 250 g,UN,CAFE,S,1.00,10592.00,0.00,10592.00,4571.00,4571.00,6021.00,0.57,
2025-05-09,2025-05,FAC 0003-00041806,FAC,false,C9002,VENTA ONLINE,Ecommerce,,CAF-ETIOP-250,CAF-ETIOP-250,false,,Etiopia Yirgacheffe 250 g,UN,CAFE,S,2.00,10363.99,0.00,20727.99,4473.00,8946.00,11781.99,0.57,
2025-01-07,2025-01,FAC 0003-00040161,FAC,false,C9002,VENTA ONLINE,Ecommerce,,CAF-COLOM-250,CAF-COLOM-250,false,,Colombia Huila 250 g,UN,CAFE,S,3.00,8200.00,0.00,24600.00,3600.00,10800.00,13800.00,0.56,
2025-04-13,2025-04,FAC 0003-00041261,FAC,false,C0115,Tostado Boedo II,Mayorista,CABA,CAF-BLEND-1K,CAF-BLEND-1K,false,,Blend Casa 1 kg,UN,CAFE,S,3.00,19214.33,30.00,40350.09,10461.00,31383.00,8967.09,0.22,R. Ibarra
2025-03-22,2025-03,FAC 0003-00040941,FAC,false,C9002,VENTA ONLINE,Ecommerce,,CAF-COLOM-250,CAF-COLOM-250,false,,Colombia Huila 250 g,UN,CAFE,S,3.00,8564.77,0.00,25694.31,3760.00,11280.00,14414.31,0.56,
2025-01-27,2025-01,FAC 0003-00040386,FAC,false,C9001,CONSUMIDOR FINAL,Local,CABA,CAP-FILTRO-100,CAP-FILTRO-100,false,,Filtros de papel x 100,UN,ACCESORIOS,S,1.00,3200.00,0.00,3200.00,1900.00,1900.00,1300.00,0.41,
2025-04-21,2025-04,FAC 0003-00041388,FAC,false,C9002,VENTA ONLINE,Ecommerce,,CAF-BLEND-250,CAF-BLEND-250,false,,Blend Casa 250 g,UN,CAFE,S,3.00,5977.79,0.00,17933.37,2733.00,8199.00,9734.37,0.54,
2025-01-07,2025-01,FAC 0003-00040013,FAC,false,C0103,Coffee Lab Belgrano II,Mayorista,CABA,CAF-BRAS-1K,CAF-BRAS-1K,false,,Brasil Cerrado 1 kg,UN,CAFE,S,5.00,17000.00,35.00,55250.00,9300.00,46500.00,8750.00,0.16,R. Ibarra
2025-06-06,2025-06,FAC 0003-00042164,FAC,false,C9002,VENTA ONLINE,Ecommerce,,CAF-BRAS-250,CAF-BRAS-250,false,,Brasil Cerrado 250 g,UN,CAFE,S,2.00,5909.22,0.00,11818.45,2709.00,5418.00,6400.45,0.54,
2025-06-15,2025-06,NC 0003-00001238,NC,true,C0001,GRANOS DEL SUR S.A.,Distribuidor,Avellaneda,CAF-BLEND-1K,CAF-BLEND-1K,false,,Blend Casa 1 kg,UN,CAFE,S,-15.00,20069.06,40.00,-180621.52,10926.00,-163890.00,-16731.52,,
2025-04-23,2025-04,FAC 0003-00041449,FAC,false,C9002,VENTA ONLINE,Ecommerce,,CAF-BLEND-250,CAF-BLEND-250,false,,Blend Casa 250 g,UN,CAFE,S,2.00,5977.79,0.00,11955.58,2733.00,5466.00,6489.58,0.54,
2025-05-15,2025-05,FAC 0003-00041914,FAC,false,C9002,VENTA ONLINE,Ecommerce,,CAF-DESCA-250,CAF-DESCA-250,false,,Descafeinado 250 g,UN,CAFE,S,2.00,8073.01,0.00,16146.01,3818.00,7636.00,8510.01,0.53,
2025-03-05,2025-03,FAC 0003-00041018,FAC,false,C9002,VENTA ONLINE,Ecommerce,,CAF-BLEND-250,CAF-BLEND-250,false,,Blend Casa 250 g,UN,CAFE,S,2.00,5849.11,0.00,11698.22,2674.00,5348.00,6350.22,0.54,
2025-06-28,2025-06,FAC 0003-00042365,FAC,false,C9002,VENTA ONLINE,Ecommerce,,CAF-BLEND-250,CAF-BLEND-250,false,,Blend Casa 250 g,UN,CAFE,S,3.00,6243.71,0.00,18731.12,2854.00,8562.00,10169.12,0.54,
2025-06-27,2025-06,FAC 0003-00042420,FAC,false,C9001,CONSUMIDOR FINAL,Local,CABA,CAF-BLEND-250,CAF-BLEND-250,false,,Blend Casa 250 g,UN,CAFE,S,2.00,6243.71,0.00,12487.41,2854.00,5708.00,6779.41,0.54,
2025-03-15,2025-03,FAC 0003-00041004,FAC,false,C9002,VENTA ONLINE,Ecommerce,,CAF-COLOM-250,CAF-COLOM-250,false,,Colombia Huila 250 g,UN,CAFE,S,1.00,8564.77,0.00,8564.77,3760.00,3760.00,4804.77,0.56,
2025-05-12,2025-05,FAC 0003-00041649,FAC,false,C0001,GRANOS DEL SUR S.A.,Distribuidor,Avellaneda,CAF-BRAS-1K,CAF-BRAS-1K,false,,Brasil Cerrado 1 kg,UN,CAFE,S,17.00,18546.10,40.00,189170.18,10146.00,172482.00,16688.18,0.09,R. Ibarra
2025-05-12,2025-05,FAC 0003-00042058,FAC,false,C9001,CONSUMIDOR FINAL,Local,CABA,CAP-FILTRO-100,CAP-FILTRO-100,false,,Filtros de papel x 100,UN,ACCESORIOS,S,2.00,3491.03,0.00,6982.06,2073.00,4146.00,2836.06,0.41,
2025-01-09,2025-01,FAC 0003-00040266,FAC,false,C9001,CONSUMIDOR FINAL,Local,CABA,CAF-ETIOP-250,CAF-ETIOP-250,false,,Etiopia Yirgacheffe 250 g,UN,CAFE,S,2.00,9500.00,0.00,19000.00,4100.00,8200.00,10800.00,0.57,
2025-04-20,2025-04,FAC 0003-00041419,FAC,false,C9002,VENTA ONLINE,Ecommerce,,CAF-CAPS-10,CAF-CAPS-10,false,,Capsulas compatibles x10,UN,CAFE,S,2.00,7365.49,0.00,14730.98,3523.00,7046.00,7684.98,0.52,
2025-01-19,2025-01,FAC 0003-00040076,FAC,false,C9002,VENTA ONLINE,Ecommerce,,CAF-DESCA-250,CAF-DESCA-250,false,,Descafeinado 250 g,UN,CAFE,S,2.00,7400.00,0.00,14800.00,3500.00,7000.00,7800.00,0.53,
2025-06-20,2025-06,FAC 0003-00042371,FAC,false,C9002,VENTA ONLINE,Ecommerce,,CAF-ETIOP-250,CAF-ETIOP-250,false,,Etiopia Yirgacheffe 250 g,UN,CAFE,S,2.00,10592.00,0.00,21184.01,4571.00,9142.00,12042.01,0.57,
2025-06-04,2025-06,FAC 0003-00042243,FAC,false,C9002,VENTA ONLINE,Ecommerce,,CAF-BLEND-250,CAF-BLEND-250,false,,Blend Casa 250 g,UN,CAFE,S,1.00,6243.71,0.00,6243.71,2854.00,2854.00,3389.71,0.54,
2025-04-26,2025-04,FAC 0003-00041366,FAC,false,C9002,VENTA ONLINE,Ecommerce,,CAP-TAZA,CAP-TAZA,false,,Taza ceramica logo,UN,ACCESORIOS,S,3.00,9500.42,0.00,28501.25,4483.00,13449.00,15052.25,0.53,
2025-05-19,2025-05,FAC 0003-00041802,FAC,false,C9002,VENTA ONLINE,Ecommerce,,CAP-FILTRO-100,CAP-FILTRO-100,false,,Filtros de papel x 100,UN,ACCESORIOS,S,1.00,3491.03,0.00,3491.03,2073.00,2073.00,1418.03,0.41,
2025-01-03,2025-01,FAC 0003-00040246,FAC,false,C9002,VENTA ONLINE,Ecommerce,,CAP-TAZA,CAP-TAZA,false,,Taza ceramica logo,UN,ACCESORIOS,S,2.00,8900.00,0.00,17800.00,4200.00,8400.00,9400.00,0.53,
2025-01-01,2025-01,FAC 0003-00040138,FAC,false,C9002,VENTA ONLINE,Ecommerce,,CAF-ETIOP-250,CAF-ETIOP-250,false,,Etiopia Yirgacheffe 250 g,UN,CAFE,S,2.00,9500.00,0.00,19000.00,4100.00,8200.00,10800.00,0.57,
2025-04-18,2025-04,FAC 0003-00041370,FAC,false,C9002,VENTA ONLINE,Ecommerce,,CAF-CAPS-10,CAF-CAPS-10,false,,Capsulas compatibles x10,UN,CAFE,S,2.00,7365.49,0.00,14730.98,3523.00,7046.00,7684.98,0.52,
2025-06-09,2025-06,FAC 0003-00042366,FAC,false,C9002,VENTA ONLINE,Ecommerce,,CAF-ETIOP-250,CAF-ETIOP-250,false,,Etiopia Yirgacheffe 250 g,UN,CAFE,S,3.00,10592.00,0.00,31776.01,4571.00,13713.00,18063.01,0.57,
2025-05-12,2025-05,FAC 0003-00041892,FAC,false,C9002,VENTA ONLINE,Ecommerce,,CAF-BLEND-250,CAF-BLEND-250,false,,Blend Casa 250 g,UN,CAFE,S,2.00,6109.30,0.00,12218.60,2793.00,5586.00,6632.60,0.54,
2025-02-03,2025-02,FAC 0003-00040496,FAC,false,C9002,VENTA ONLINE,Ecommerce,,CAF-CAPS-10,CAF-CAPS-10,false,,Capsulas compatibles x10,UN,CAFE,S,3.00,7051.80,0.00,21155.40,3373.00,10119.00,11036.40,0.52,
2025-02-22,2025-02,FAC 0003-00040429,FAC,false,C0106,El Almacen de Nunez,Mayorista,CABA,CAF-BLEND-1K,CAF-BLEND-1K,false,,Blend Casa 1 kg,UN,CAFE,S,10.00,18396.00,30.00,128772.00,10016.00,100160.00,28612.00,0.22,M. Paz
2025-04-24,2025-04,FAC 0003-00041637,FAC,false,C9001,CONSUMIDOR FINAL,Local,CABA,CAF-ETIOP-250,CAF-ETIOP-250,false,,Etiopia Yirgacheffe 250 g,UN,CAFE,S,2.00,10140.90,0.00,20281.79,4377.00,8754.00,11527.79,0.57,
2025-04-12,2025-04,FAC 0003-00041374,FAC,false,C9002,VENTA ONLINE,Ecommerce,,CAF-BLEND-250,CAF-BLEND-250,false,,Blend Casa 250 g,UN,CAFE,S,3.00,5977.79,0.00,17933.37,2733.00,8199.00,9734.37,0.54,
2025-02-22,2025-02,FAC 0003-00040414,FAC,false,C0001,GRANOS DEL SUR S.A.,Distribuidor,Avellaneda,CAF-BLEND-CJ6,CAF-BLEND-CJ6,false,,Blend Casa CAJA X 6 (1kg c/u),CAJA X6,CAFE,S,7.00,104244.00,40.00,437824.80,60094.00,420658.00,17166.80,0.04,M. Paz
2025-01-25,2025-01,FAC 0003-00040107,FAC,false,C9002,VENTA ONLINE,Ecommerce,,CAF-ETIOP-250,CAF-ETIOP-250,false,,Etiopia Yirgacheffe 250 g,UN,CAFE,S,2.00,9500.00,0.00,19000.00,4100.00,8200.00,10800.00,0.57,
2025-04-08,2025-04,FAC 0003-00041289,FAC,false,C9002,VENTA ONLINE,Ecommerce,,CAP-FILTRO-100,CAP-FILTRO-100,false,,Filtros de papel x 100,UN,ACCESORIOS,S,1.00,3415.88,0.00,3415.88,2028.00,2028.00,1387.88,0.41,
2025-04-20,2025-04,FAC 0003-00041281,FAC,false,C0133,El Almacen de Barracas II,Mayorista,CABA,CAF-BLEND-1K,CAF-BLEND-1K,false,,Blend Casa 1 kg,UN,CAFE,S,10.00,19214.33,35.00,124893.13,10461.00,104610.00,20283.13,0.16,R. Ibarra
2025-02-17,2025-02,FAC 0003-00040719,FAC,false,C9001,CONSUMIDOR FINAL,Local,CABA,CAF-BLEND-1K,CAF-BLEND-1K,false,,Blend Casa 1 kg,UN,CAFE,S,2.00,18396.00,0.00,36792.00,10016.00,20032.00,16760.00,0.46,
2025-04-25,2025-04,FAC 0003-00041267,FAC,false,C0121,Panaderia Chacarita II,Mayorista,CABA,CAF-BRAS-1K,CAF-BRAS-1K,false,,Brasil Cerrado 1 kg,UN,CAFE,S,2.00,18146.87,35.00,23590.92,9927.00,19854.00,3736.92,0.16,R. Ibarra
2025-02-27,2025-02,FAC 0003-00040538,FAC,false,C9002,VENTA ONLINE,Ecommerce,,CAF-COLOM-250,CAF-COLOM-250,false,,Colombia Huila 250 g,UN,CAFE,S,3.00,8380.40,0.00,25141.20,3679.00,11037.00,14104.20,0.56,
2025-01-26,2025-01,FAC 0003-00040166,FAC,false,C9002,VENTA ONLINE,Ecommerce,,CAF-ETIOP-250,CAF-ETIOP-250,false,,Etiopia Yirgacheffe 250 g,UN,CAFE,S,1.00,9500.00,0.00,9500.00,4100.00,4100.00,5400.00,0.57,
2025-01-23,2025-01,FAC 0003-00040118,FAC,false,C9002,VENTA ONLINE,Ecommerce,,CAF-ETIOP-250,CAF-ETIOP-250,false,,Etiopia Yirgacheffe 250 g,UN,CAFE,S,1.00,9500.00,0.00,9500.00,4100.00,4100.00,5400.00,0.57,
2025-02-23,2025-02,FAC 0003-00040550,FAC,false,C9002,VENTA ONLINE,Ecommerce,,CAF-DESCA-250,CAF-DESCA-250,false,,Descafeinado 250 g,UN,CAFE,S,1.00,7562.80,0.00,7562.80,3577.00,3577.00,3985.80,0.53,
2025-06-14,2025-06,FAC 0003-00042248,FAC,false,C9002,VENTA ONLINE,Ecommerce,,CAF-BLEND-250,CAF-BLEND-250,false,,Blend Casa 250 g,UN,CAFE,S,3.00,6243.71,0.00,18731.12,2854.00,8562.00,10169.12,0.54,
2025-06-19,2025-06,FAC 0003-00042429,FAC,false,C9001,CONSUMIDOR FINAL,Local,CABA,CAF-BLEND-250,CAF-BLEND-250,false,,Blend Casa 250 g,UN,CAFE,S,1.00,6243.71,0.00,6243.71,2854.00,2854.00,3389.71,0.54,
2025-01-05,2025-01,FAC 0003-00040282,FAC,false,C9001,CONSUMIDOR FINAL,Local,CABA,CAF-BLEND-250,CAF-BLEND-250,false,,Blend Casa 250 g,UN,CAFE,S,1.00,5600.00,0.00,5600.00,2560.00,2560.00,3040.00,0.54,
2025-05-02,2025-05,FAC 0003-00041866,FAC,false,C9002,VENTA ONLINE,Ecommerce,,CAF-BLEND-250,CAF-BLEND-250,false,,Blend Casa 250 g,UN,CAFE,S,3.00,6109.30,0.00,18327.91,2793.00,8379.00,9948.91,0.54,
2025-06-22,2025-06,NC 0003-00001240,NC,true,C0001,GRANOS DEL SUR S.A.,Distribuidor,Avellaneda,CAF-BLEND-1K,CAF-BLEND-1K,false,,Blend Casa 1 kg,UN,CAFE,S,-4.00,20069.06,40.00,-48165.74,10926.00,-43704.00,-4461.74,,
2025-04-07,2025-04,FAC 0003-00041507,FAC,false,C9002,VENTA ONLINE,Ecommerce,,CAF-BLEND-250,CAF-BLEND-250,false,,Blend Casa 250 g,UN,CAFE,S,3.00,5977.79,0.00,17933.37,2733.00,8199.00,9734.37,0.54,
2025-06-12,2025-06,FAC 0003-00042506,FAC,false,C9001,CONSUMIDOR FINAL,Local,CABA,CAF-COLOM-250,CAF-COLOM-250,false,,Colombia Huila 250 g,UN,CAFE,S,2.00,9142.57,0.00,18285.14,4014.00,8028.00,10257.14,0.56,
2025-06-06,2025-06,FAC 0003-00042081,FAC,false,C0001,GRANOS DEL SUR S.A.,Distribuidor,Avellaneda,CAF-BRAS-1K,CAF-BRAS-1K,false,,Brasil Cerrado 1 kg,UN,CAFE,S,20.00,18954.11,40.00,227449.32,10369.00,207380.00,20069.32,0.09,R. Ibarra
2025-01-11,2025-01,FAC 0003-00040069,FAC,false,C9002,VENTA ONLINE,Ecommerce,,CAF-ETIOP-250,CAF-ETIOP-250,false,,Etiopia Yirgacheffe 250 g,UN,CAFE,S,3.00,9500.00,0.00,28500.00,4100.00,12300.00,16200.00,0.57,
2025-06-20,2025-06,FAC 0003-00042408,FAC,false,C9001,CONSUMIDOR FINAL,Local,CABA,CAP-FILTRO-100,CAP-FILTRO-100,false,,Filtros de papel x 100,UN,ACCESORIOS,S,2.00,3567.83,0.00,7135.67,2118.00,4236.00,2899.67,0.41,
2025-04-13,2025-04,FAC 0003-00041356,FAC,false,C9002,VENTA ONLINE,Ecommerce,,CAF-DESCA-250,CAF-DESCA-250,false,,Descafeinado 250 g,UN,CAFE,S,1.00,7899.22,0.00,7899.22,3736.00,3736.00,4163.22,0.53,
2025-06-06,2025-06,FAC 0003-00042154,FAC,false,C9002,VENTA ONLINE,Ecommerce,,CAF-ETIOP-250,CAF-ETIOP-250,false,,Etiopia Yirgacheffe 250 g,UN,CAFE,S,3.00,10592.00,0.00,31776.01,4571.00,13713.00,18063.01,0.57,
2025-03-22,2025-03,FAC 0003-00041066,FAC,false,C9002,VENTA ONLINE,Ecommerce,,CAF-ETIOP-250,CAF-ETIOP-250,false,,Etiopia Yirgacheffe 250 g,UN,CAFE,S,3.00,9922.60,0.00,29767.79,4282.00,12846.00,16921.79,0.57,
2025-02-25,2025-02,FAC 0003-00040653,FAC,false,C9002,VENTA ONLINE,Ecommerce,,CAF-BLEND-250,CAF-BLEND-250,false,,Blend Casa 250 g,UN,CAFE,S,1.00,5723.20,0.00,5723.20,2616.00,2616.00,3107.20,0.54,
2025-03-09,2025-03,FAC 0003-00041113,FAC,false,C9002,VENTA ONLINE,Ecommerce,,CAF-COLOM-250,CAF-COLOM-250,false,,Colombia Huila 250 g,UN,CAFE,S,3.00,8564.77,0.00,25694.31,3760.00,11280.00,14414.31,0.56,
2025-05-28,2025-05,FAC 0003-00041807,FAC,false,C9002,VENTA ONLINE,Ecommerce,,CAF-ETIOP-250,CAF-ETIOP-250,false,,Etiopia Yirgacheffe 250 g,UN,CAFE,S,1.00,10363.99,0.00,10363.99,4473.00,4473.00,5890.99,0.57,
2025-03-03,2025-03,FAC 0003-00041223,FAC,false,C9001,CONSUMIDOR FINAL,Local,CABA,CAF-BLEND-250,CAF-BLEND-250,false,,Blend Casa 250 g,UN,CAFE,S,2.00,5849.11,0.00,11698.22,2674.00,5348.00,6350.22,0.54,
2025-02-21,2025-02,FAC 0003-00040560,FAC,false,C9002,VENTA ONLINE,Ecommerce,,CAF-ETIOP-250,CAF-ETIOP-250,false,,Etiopia Yirgacheffe 250 g,UN,CAFE,S,1.00,9709.00,0.00,9709.00,4190.00,4190.00,5519.00,0.57,
2025-05-23,2025-05,FAC 0003-00041826,FAC,false,C9002,VENTA ONLINE,Ecommerce,,CAF-BRAS-250,CAF-BRAS-250,false,,Brasil Cerrado 250 g,UN,CAFE,S,3.00,5782.02,0.00,17346.05,2651.00,7953.00,9393.05,0.54,
2025-02-10,2025-02,FAC 0003-00040518,FAC,false,C9002,VENTA ONLINE,Ecommerce,,CAF-BRAS-250,CAF-BRAS-250,false,,Brasil Cerrado 250 g,UN,CAFE,S,1.00,5416.60,0.00,5416.60,2483.00,2483.00,2933.60,0.54,
2025-06-27,2025-06,FAC 0003-00042384,FAC,false,C9002,VENTA ONLINE,Ecommerce,,CAF-BRAS-250,CAF-BRAS-250,false,,Brasil Cerrado 250 g,UN,CAFE,S,1.00,5909.22,0.00,5909.22,2709.00,2709.00,3200.22,0.54,
2025-05-12,2025-05,FAC 0003-00042007,FAC,false,C9001,CONSUMIDOR FINAL,Local,CABA,CAF-BLEND-1K,CAF-BLEND-1K,false,,Blend Casa 1 kg,UN,CAFE,S,1.00,19637.04,0.00,19637.04,10691.00,10691.00,8946.04,0.46,
2025-03-28,2025-03,FAC 0003-00040858,FAC,false,C0112,La Ventanita de Recoleta,Mayorista,CABA,CAF-BRAS-1K,CAF-BRAS-1K,false,,Brasil Cerrado 1 kg,UN,CAFE,S,6.00,17756.23,35.00,69249.29,9714.00,58284.00,10965.29,0.16,
2025-01-27,2025-01,FAC 0003-00040147,FAC,false,C9002,VENTA ONLINE,Ecommerce,,CAF-BRAS-250,CAF-BRAS-250,false,,Brasil Cerrado 250 g,UN,CAFE,S,1.00,5300.00,0.00,5300.00,2430.00,2430.00,2870.00,0.54,
2025-06-09,2025-06,FAC 0003-00042291,FAC,false,C9002,VENTA ONLINE,Ecommerce,,CAF-BRAS-250,CAF-BRAS-250,false,,Brasil Cerrado 250 g,UN,CAFE,S,1.00,5909.22,0.00,5909.22,2709.00,2709.00,3200.22,0.54,
2025-03-22,2025-03,FAC 0003-00040956,FAC,false,C9002,VENTA ONLINE,Ecommerce,,CAP-FILTRO-100,CAP-FILTRO-100,false,,Filtros de papel x 100,UN,ACCESORIOS,S,1.00,3342.35,0.00,3342.35,1985.00,1985.00,1357.35,0.41,
2025-03-19,2025-03,FAC 0003-00040906,FAC,false,C9002,VENTA ONLINE,Ecommerce,,CAF-DESCA-250,CAF-DESCA-250,false,,Descafeinado 250 g,UN,CAFE,S,2.00,7729.18,0.00,15458.36,3656.00,7312.00,8146.36,0.53,
2025-02-21,2025-02,FAC 0003-00040497,FAC,false,C9002,VENTA ONLINE,Ecommerce,,CAF-ETIOP-250,CAF-ETIOP-250,false,,Etiopia Yirgacheffe 250 g,UN,CAFE,S,1.00,9709.00,0.00,9709.00,4190.00,4190.00,5519.00,0.57,
2025-05-22,2025-05,FAC 0003-00041686,FAC,false,C0129,Bar San Telmo II,Mayorista,CABA,CAF-BLEND-1K,CAF-BLEND-1K,false,,Blend Casa 1 kg,UN,CAFE,S,3.00,19637.04,32.00,40059.57,10691.00,32073.00,7986.57,0.20,
2025-04-03,2025-04,FAC 0003-00041559,FAC,false,C9001,CONSUMIDOR FINAL,Local,CABA,CAF-BLEND-250,CAF-BLEND-250,false,,Blend Casa 250 g,UN,CAFE,S,2.00,5977.79,0.00,11955.58,2733.00,5466.00,6489.58,0.54,
2025-02-21,2025-02,FAC 0003-00040664,FAC,false,C9002,VENTA ONLINE,Ecommerce,,CAF-ETIOP-250,CAF-ETIOP-250,false,,Etiopia Yirgacheffe 250 g,UN,CAFE,S,3.00,9709.00,0.00,29127.00,4190.00,12570.00,16557.00,0.57,
2025-01-11,2025-01,FAC 0003-00040251,FAC,false,C9002,VENTA ONLINE,Ecommerce,,CAF-COLOM-250,CAF-COLOM-250,false,,Colombia Huila 250 g,UN,CAFE,S,1.00,8200.00,0.00,8200.00,3600.00,3600.00,4600.00,0.56,
2025-02-04,2025-02,FAC 0003-00040615,FAC,false,C9002,VENTA ONLINE,Ecommerce,,CAF-ETIOP-250,CAF-ETIOP-250,false,,Etiopia Yirgacheffe 250 g,UN,CAFE,S,2.00,9709.00,0.00,19418.00,4190.00,8380.00,11038.00,0.57,
2025-01-27,2025-01,FAC 0003-00040258,FAC,false,C9002,VENTA ONLINE,Ecommerce,,CAF-BRAS-250,CAF-BRAS-250,false,,Brasil Cerrado 250 g,UN,CAFE,S,1.00,5300.00,0.00,5300.00,2430.00,2430.00,2870.00,0.54,
2025-05-23,2025-05,FAC 0003-00041826,FAC,false,C9002,VENTA ONLINE,Ecommerce,,CAF-ETIOP-250,CAF-ETIOP-250,false,,Etiopia Yirgacheffe 250 g,UN,CAFE,S,2.00,10363.99,0.00,20727.99,4473.00,8946.00,11781.99,0.57,
2025-02-11,2025-02,FAC 0003-00040692,FAC,false,C9002,VENTA ONLINE,Ecommerce,,CAF-BLEND-250,CAF-BLEND-250,false,,Blend Casa 250 g,UN,CAFE,S,1.00,5723.20,0.00,5723.20,2616.00,2616.00,3107.20,0.54,
2025-05-16,2025-05,FAC 0003-00041648,FAC,false,C0001,GRANOS DEL SUR S.A.,Distribuidor,Avellaneda,CAF-BRAS-1K,CAF-BRAS-1K,false,,Brasil Cerrado 1 kg,UN,CAFE,S,24.00,18546.10,40.00,267063.78,10146.00,243504.00,23559.78,0.09,
2025-01-09,2025-01,FAC 0003-00040048,FAC,false,C0135,Coffee Lab Agronomia II,Mayorista,CABA,CAF-BLEND-1K,CAF-BLEND-1K,false,,Blend Casa 1 kg,UN,CAFE,S,6.00,18000.00,30.00,75600.00,9800.00,58800.00,16800.00,0.22,
2025-06-20,2025-06,FAC 0003-00042105,FAC,false,C0111,Cafe Devoto II,Mayorista,CABA,CAF-BLEND-1K,CAF-BLEND-1K,false,,Blend Casa 1 kg,UN,CAFE,S,8.00,20069.06,35.00,104359.10,10926.00,87408.00,16951.10,0.16,M. Paz
2025-01-22,2025-01,FAC 0003-00040029,FAC,false,C0117,El Almacen de Caballito II,Mayorista,CABA,CAF-ETIOP-250,CAF-ETIOP-250,false,,Etiopia Yirgacheffe 250 g,UN,CAFE,S,10.00,9500.00,32.00,64600.00,4100.00,41000.00,23600.00,0.37,
2025-03-11,2025-03,FAC 0003-00040974,FAC,false,C9002,VENTA ONLINE,Ecommerce,,CAF-CAPS-10,CAF-CAPS-10,false,,Capsulas compatibles x10,UN,CAFE,S,2.00,7206.94,0.00,14413.88,3447.00,6894.00,7519.88,0.52,
2025-03-07,2025-03,FAC 0003-00041148,FAC,false,C9001,CONSUMIDOR FINAL,Local,CABA,CAF-COLOM-250,CAF-COLOM-250,false,,Colombia Huila 250 g,UN,CAFE,S,1.00,8564.77,0.00,8564.77,3760.00,3760.00,4804.77,0.56,
2025-06-09,2025-06,FAC 0003-00042407,FAC,false,C9001,CONSUMIDOR FINAL,Local,CABA,CAF-ETIOP-250,CAF-ETIOP-250,false,,Etiopia Yirgacheffe 250 g,UN,CAFE,S,2.00,10592.00,0.00,21184.01,4571.00,9142.00,12042.01,0.57,
2025-04-03,2025-04,FAC 0003-00041590,FAC,false,C9001,CONSUMIDOR FINAL,Local,CABA,CAF-BLEND-1K,CAF-BLEND-1K,false,,Blend Casa 1 kg,UN,CAFE,S,2.00,19214.33,0.00,38428.66,10461.00,20922.00,17506.66,0.46,
2025-06-18,2025-06,FAC 0003-00042108,FAC,false,C0113,Bar Recoleta II,Mayorista,CABA,CAF-BLEND-1K,CAF-BLEND-1K,false,,Blend Casa 1 kg,UN,CAFE,S,6.00,20069.06,30.00,84290.04,10926.00,65556.00,18734.04,0.22,
2025-06-26,2025-06,FAC 0003-00042405,FAC,false,C9001,CONSUMIDOR FINAL,Local,CABA,CAF-BLEND-250,CAF-BLEND-250,false,,Blend Casa 250 g,UN,CAFE,S,1.00,6243.71,0.00,6243.71,2854.00,2854.00,3389.71,0.54,
2025-05-16,2025-05,FAC 0003-00041748,FAC,false,C9002,VENTA ONLINE,Ecommerce,,CAF-BRAS-250,CAF-BRAS-250,false,,Brasil Cerrado 250 g,UN,CAFE,S,2.00,5782.02,0.00,11564.04,2651.00,5302.00,6262.04,0.54,
2025-04-01,2025-04,FAC 0003-00041591,FAC,false,C9001,CONSUMIDOR FINAL,Local,CABA,CAF-BLEND-250,CAF-BLEND-250,false,,Blend Casa 250 g,UN,CAFE,S,2.00,5977.79,0.00,11955.58,2733.00,5466.00,6489.58,0.54,
2025-04-22,2025-04,FAC 0003-00041606,FAC,false,C9001,CONSUMIDOR FINAL,Local,CABA,CAF-BLEND-250,CAF-BLEND-250,false,,Blend Casa 250 g,UN,CAFE,S,1.00,5977.79,0.00,5977.79,2733.00,2733.00,3244.79,0.54,
2025-06-19,2025-06,FAC 0003-00042210,FAC,false,C9002,VENTA ONLINE,Ecommerce,,CAF-COLOM-250,CAF-COLOM-250,false,,Colombia Huila 250 g,UN,CAFE,S,1.00,9142.57,0.00,9142.57,4014.00,4014.00,5128.57,0.56,
2025-03-17,2025-03,FAC 0003-00041024,FAC,false,C9002,VENTA ONLINE,Ecommerce,,CAF-BLEND-250,CAF-BLEND-250,false,,Blend Casa 250 g,UN,CAFE,S,1.00,5849.11,0.00,5849.11,2674.00,2674.00,3175.11,0.54,
2025-01-08,2025-01,FAC 0003-00040264,FAC,false,C9001,CONSUMIDOR FINAL,Local,CABA,CAF-BLEND-250,CAF-BLEND-250,false,,Blend Casa 250 g,UN,CAFE,S,2.00,5600.00,0.00,11200.00,2560.00,5120.00,6080.00,0.54,
2025-04-21,2025-04,FAC 0003-00041491,FAC,false,C9002,VENTA ONLINE,Ecommerce,,CAF-CAPS-10,CAF-CAPS-10,false,,Capsulas compatibles x10,UN,CAFE,S,3.00,7365.49,0.00,22096.48,3523.00,10569.00,11527.48,0.52,
2025-01-01,2025-01,FAC 0003-00040138,FAC,false,C9002,VENTA ONLINE,Ecommerce,,CAP-TAZA,CAP-TAZA,false,,Taza ceramica logo,UN,ACCESORIOS,S,3.00,8900.00,0.00,26700.00,4200.00,12600.00,14100.00,0.53,
2025-05-25,2025-05,FAC 0003-00041976,FAC,false,C9001,CONSUMIDOR FINAL,Local,CABA,CAF-ETIOP-250,CAF-ETIOP-250,false,,Etiopia Yirgacheffe 250 g,UN,CAFE,S,2.00,10363.99,0.00,20727.99,4473.00,8946.00,11781.99,0.57,
2025-05-25,2025-05,FAC 0003-00042035,FAC,false,C9001,CONSUMIDOR FINAL,Local,CABA,CAF-COLOM-250,CAF-COLOM-250,false,,Colombia Huila 250 g,UN,CAFE,S,2.00,8945.76,0.00,17891.53,3927.00,7854.00,10037.53,0.56,
2025-05-05,2025-05,FAC 0003-00041835,FAC,false,C9002,VENTA ONLINE,Ecommerce,,CAF-BLEND-250,CAF-BLEND-250,false,,Blend Casa 250 g,UN,CAFE,S,3.00,6109.30,0.00,18327.91,2793.00,8379.00,9948.91,0.54,
2025-03-09,2025-03,FAC 0003-00041139,FAC,false,C9001,CONSUMIDOR FINAL,Local,CABA,CAF-BLEND-250,CAF-BLEND-250,false,,Blend Casa 250 g,UN,CAFE,S,2.00,5849.11,0.00,11698.22,2674.00,5348.00,6350.22,0.54,
2025-03-26,2025-03,FAC 0003-00040837,FAC,false,C0001,GRANOS DEL SUR S.A.,Distribuidor,Avellaneda,CAF-BRAS-1K,CAF-BRAS-1K,false,,Brasil Cerrado 1 kg,UN,CAFE,S,18.00,17756.23,40.00,191767.26,9714.00,174852.00,16915.26,0.09,
2025-03-06,2025-03,FAC 0003-00041109,FAC,false,C9002,VENTA ONLINE,Ecommerce,,CAF-COLOM-250,CAF-COLOM-250,false,,Colombia Huila 250 g,UN,CAFE,S,3.00,8564.77,0.00,25694.31,3760.00,11280.00,14414.31,0.56,
2025-05-13,2025-05,FAC 0003-00041985,FAC,false,C9001,CONSUMIDOR FINAL,Local,CABA,CAF-BLEND-1K,CAF-BLEND-1K,false,,Blend Casa 1 kg,UN,CAFE,S,2.00,19637.04,0.00,39274.09,10691.00,21382.00,17892.09,0.46,
2025-05-26,2025-05,FAC 0003-00041683,FAC,false,C0128,La Ventanita de San Telmo,Mayorista,CABA,CAF-BRAS-1K,CAF-BRAS-1K,false,,Brasil Cerrado 1 kg,UN,CAFE,S,6.00,18546.10,32.00,75668.07,10146.00,60876.00,14792.07,0.20,R. Ibarra
2025-04-23,2025-04,FAC 0003-00041364,FAC,false,C9002,VENTA ONLINE,Ecommerce,,CAF-ETIOP-250,CAF-ETIOP-250,false,,Etiopia Yirgacheffe 250 g,UN,CAFE,S,3.00,10140.90,0.00,30422.69,4377.00,13131.00,17291.69,0.57,
2025-04-14,2025-04,FAC 0003-00041243,FAC,false,C0001,GRANOS DEL SUR S.A.,Distribuidor,Avellaneda,CAF-BRAS-1K,CAF-BRAS-1K,false,,Brasil Cerrado 1 kg,UN,CAFE,S,12.00,18146.87,40.00,130657.43,9927.00,119124.00,11533.43,0.09,M. Paz
2025-01-26,2025-01,FAC 0003-00040326,FAC,false,C9001,CONSUMIDOR FINAL,Local,CABA,CAF-BLEND-1K,CAF-BLEND-1K,false,,Blend Casa 1 kg,UN,CAFE,S,2.00,18000.00,0.00,36000.00,9800.00,19600.00,16400.00,0.46,
2025-01-21,2025-01,FAC 0003-00040379,FAC,false,C9001,CONSUMIDOR FINAL,Local,CABA,CAF-BLEND-250,CAF-BLEND-250,false,,Blend Casa 250 g,UN,CAFE,S,2.00,5600.00,0.00,11200.00,2560.00,5120.00,6080.00,0.54,
2025-02-06,2025-02,FAC 0003-00040541,FAC,false,C9002,VENTA ONLINE,Ecommerce,,CAF-DESCA-250,CAF-DESCA-250,false,,Descafeinado 250 g,UN,CAFE,S,3.00,7562.80,0.00,22688.40,3577.00,10731.00,11957.40,0.53,
2025-05-11,2025-05,FAC 0003-00041834,FAC,false,C9002,VENTA ONLINE,Ecommerce,,CAP-FILTRO-100,CAP-FILTRO-100,false,,Filtros de papel x 100,UN,ACCESORIOS,S,3.00,3491.03,0.00,10473.09,2073.00,6219.00,4254.09,0.41,
2025-05-10,2025-05,FAC 0003-00041844,FAC,false,C9002,VENTA ONLINE,Ecommerce,,CAP-FILTRO-100,CAP-FILTRO-100,false,,Filtros de papel x 100,UN,ACCESORIOS,S,2.00,3491.03,0.00,6982.06,2073.00,4146.00,2836.06,0.41,
2025-05-21,2025-05,FAC 0003-00041809,FAC,false,C9002,VENTA ONLINE,Ecommerce,,CAF-ETIOP-250,CAF-ETIOP-250,false,,Etiopia Yirgacheffe 250 g,UN,CAFE,S,2.00,10363.99,0.00,20727.99,4473.00,8946.00,11781.99,0.57,
2025-05-23,2025-05,FAC 0003-00041782,FAC,false,C9002,VENTA ONLINE,Ecommerce,,CAF-BLEND-250,CAF-BLEND-250,false,,Blend Casa 250 g,UN,CAFE,S,3.00,6109.30,0.00,18327.91,2793.00,8379.00,9948.91,0.54,
2025-01-03,2025-01,FAC 0003-00040054,FAC,false,C9002,VENTA ONLINE,Ecommerce,,CAF-DESCA-250,CAF-DESCA-250,false,,Descafeinado 250 g,UN,CAFE,S,3.00,7400.00,0.00,22200.00,3500.00,10500.00,11700.00,0.53,
2025-05-26,2025-05,FAC 0003-00041710,FAC,false,C9002,VENTA ONLINE,Ecommerce,,CAF-DESCA-250,CAF-DESCA-250,false,,Descafeinado 250 g,UN,CAFE,S,1.00,8073.01,0.00,8073.01,3818.00,3818.00,4255.01,0.53,
2025-01-06,2025-01,FAC 0003-00040181,FAC,false,C9002,VENTA ONLINE,Ecommerce,,CAF-CAPS-10,CAF-CAPS-10,false,,Capsulas compatibles x10,UN,CAFE,S,3.00,6900.00,0.00,20700.00,3300.00,9900.00,10800.00,0.52,
2025-03-17,2025-03,FAC 0003-00040862,FAC,false,C0117,El Almacen de Caballito II,Mayorista,CABA,CAF-BLEND-1K,CAF-BLEND-1K,false,,Blend Casa 1 kg,UN,CAFE,S,9.00,18800.71,32.00,115060.36,10236.00,92124.00,22936.36,0.20,
2025-06-13,2025-06,FAC 0003-00042452,FAC,false,C9001,CONSUMIDOR FINAL,Local,CABA,CAF-ETIOP-250,CAF-ETIOP-250,false,,Etiopia Yirgacheffe 250 g,UN,CAFE,S,1.00,10592.00,0.00,10592.00,4571.00,4571.00,6021.00,0.57,
2025-03-02,2025-03,FAC 0003-00040896,FAC,false,C9002,VENTA ONLINE,Ecommerce,,CAF-ETIOP-250,CAF-ETIOP-250,false,,Etiopia Yirgacheffe 250 g,UN,CAFE,S,1.00,9922.60,0.00,9922.60,4282.00,4282.00,5640.60,0.57,
2025-01-26,2025-01,FAC 0003-00040020,FAC,false,C0108,Coffee Lab Colegiales,Mayorista,CABA,CAF-BRAS-1K,CAF-BRAS-1K,false,,Brasil Cerrado 1 kg,UN,CAFE,S,3.00,17000.00,32.00,34680.00,9300.00,27900.00,6780.00,0.20,R. Ibarra
2025-04-13,2025-04,FAC 0003-00041250,FAC,false,C0105,Panaderia Villa Crespo II,Mayorista,CABA,CAF-BLEND-1K,CAF-BLEND-1K,false,,Blend Casa 1 kg,UN,CAFE,S,7.00,19214.33,32.00,91460.20,10461.00,73227.00,18233.20,0.20,M. Paz
2025-04-08,2025-04,FAC 0003-00041421,FAC,false,C9002,VENTA ONLINE,Ecommerce,,CAF-COLOM-250,CAF-COLOM-250,false,,Colombia Huila 250 g,UN,CAFE,S,3.00,8753.19,0.00,26259.58,3843.00,11529.00,14730.58,0.56,
2025-02-17,2025-02,FAC 0003-00040544,FAC,false,C9002,VENTA ONLINE,Ecommerce,,CAP-FILTRO-100,CAP-FILTRO-100,false,,Filtros de papel x 100,UN,ACCESORIOS,S,3.00,3270.40,0.00,9811.20,1942.00,5826.00,3985.20,0.41,
2025-03-16,2025-03,FAC 0003-00040894,FAC,false,C9002,VENTA ONLINE,Ecommerce,,CAF-BLEND-250,CAF-BLEND-250,false,,Blend Casa 250 g,UN,CAFE,S,1.00,5849.11,0.00,5849.11,2674.00,2674.00,3175.11,0.54,
2025-03-16,2025-03,FAC 0003-00041068,FAC,false,C9002,VENTA ONLINE,Ecommerce,,CAF-ETIOP-250,CAF-ETIOP-250,false,,Etiopia Yirgacheffe 250 g,UN,CAFE,S,2.00,9922.60,0.00,19845.20,4282.00,8564.00,11281.20,0.57,
2025-01-10,2025-01,FAC 0003-00040111,FAC,false,C9002,VENTA ONLINE,Ecommerce,,CAF-ETIOP-250,CAF-ETIOP-250,false,,Etiopia Yirgacheffe 250 g,UN,CAFE,S,2.00,9500.00,0.00,19000.00,4100.00,8200.00,10800.00,0.57,
2025-04-23,2025-04,FAC 0003-00041430,FAC,false,C9002,VENTA ONLINE,Ecommerce,,CAF-CAPS-10,CAF-CAPS-10,false,,Capsulas compatibles x10,UN,CAFE,S,1.00,7365.49,0.00,7365.49,3523.00,3523.00,3842.49,0.52,
2025-02-10,2025-02,FAC 0003-00040469,FAC,false,C0137,Panaderia Villa Urquiza II,Mayorista,CABA,CAP-FILTRO-100,CAP-FILTRO-100,false,,Filtros de papel x 100,UN,ACCESORIOS,S,5.00,3270.40,30.00,11446.40,1942.00,9710.00,1736.40,0.15,
2025-02-15,2025-02,FAC 0003-00040649,FAC,false,C9002,VENTA ONLINE,Ecommerce,,CAF-ETIOP-250,CAF-ETIOP-250,false,,Etiopia Yirgacheffe 250 g,UN,CAFE,S,3.00,9709.00,0.00,29127.00,4190.00,12570.00,16557.00,0.57,
2025-06-07,2025-06,FAC 0003-00042493,FAC,false,C9001,CONSUMIDOR FINAL,Local,CABA,CAF-BLEND-250,CAF-BLEND-250,false,,Blend Casa 250 g,UN,CAFE,S,1.00,6243.71,0.00,6243.71,2854.00,2854.00,3389.71,0.54,
2025-01-27,2025-01,FAC 0003-00040202,FAC,false,C9002,VENTA ONLINE,Ecommerce,,CAF-CAPS-10,CAF-CAPS-10,false,,Capsulas compatibles x10,UN,CAFE,S,3.00,6900.00,0.00,20700.00,3300.00,9900.00,10800.00,0.52,
2025-05-18,2025-05,NC 0003-00001232,NC,true,C0121,Panaderia Chacarita II,Mayorista,CABA,CAF-BRAS-1K,CAF-BRAS-1K,false,,Brasil Cerrado 1 kg,UN,CAFE,S,-1.00,18546.10,35.00,-12054.96,10146.00,-10146.00,-1908.96,,
2025-02-08,2025-02,FAC 0003-00040807,FAC,false,C9001,CONSUMIDOR FINAL,Local,CABA,CAF-COLOM-250,CAF-COLOM-250,false,,Colombia Huila 250 g,UN,CAFE,S,1.00,8380.40,0.00,8380.40,3679.00,3679.00,4701.40,0.56,
2025-06-13,2025-06,FAC 0003-00042183,FAC,false,C9002,VENTA ONLINE,Ecommerce,,CAF-COLOM-250,CAF-COLOM-250,false,,Colombia Huila 250 g,UN,CAFE,S,3.00,9142.57,0.00,27427.71,4014.00,12042.00,15385.71,0.56,
2025-05-07,2025-05,FAC 0003-00041676,FAC,false,C0121,Panaderia Chacarita II,Mayorista,CABA,CAF-BLEND-1K,CAF-BLEND-1K,false,,Blend Casa 1 kg,UN,CAFE,S,6.00,19637.04,35.00,76584.47,10691.00,64146.00,12438.47,0.16,M. Paz
2025-06-09,2025-06,FAC 0003-00042122,FAC,false,C0125,Usina Flores II,Mayorista,CABA,CAF-BRAS-1K,CAF-BRAS-1K,false,,Brasil Cerrado 1 kg,UN,CAFE,S,5.00,18954.11,32.00,64443.97,10369.00,51845.00,12598.97,0.20,M. Paz
2025-04-21,2025-04,FAC 0003-00041262,FAC,false,C0116,Cafe Caballito,Mayorista,CABA,CAF-BRAS-1K,CAF-BRAS-1K,false,,Brasil Cerrado 1 kg,UN,CAFE,S,6.00,18146.87,32.00,74039.21,9927.00,59562.00,14477.21,0.20,M. Paz
2025-01-17,2025-01,FAC 0003-00040040,FAC,false,C0126,Panaderia Parque Chas,Mayorista,CABA,CAF-BRAS-1K,CAF-BRAS-1K,false,,Brasil Cerrado 1 kg,UN,CAFE,S,4.00,17000.00,32.00,46240.00,9300.00,37200.00,9040.00,0.20,
2025-06-09,2025-06,FAC 0003-00042209,FAC,false,C9002,VENTA ONLINE,Ecommerce,,CAF-BRAS-250,CAF-BRAS-250,false,,Brasil Cerrado 250 g,UN,CAFE,S,1.00,5909.22,0.00,5909.22,2709.00,2709.00,3200.22,0.54,
2025-05-14,2025-05,FAC 0003-00041988,FAC,false,C9001,CONSUMIDOR FINAL,Local,CABA,CAF-BLEND-1K,CAF-BLEND-1K,false,,Blend Casa 1 kg,UN,CAFE,S,1.00,19637.04,0.00,19637.04,10691.00,10691.00,8946.04,0.46,
2025-04-17,2025-04,FAC 0003-00041584,FAC,false,C9001,CONSUMIDOR FINAL,Local,CABA,CAF-BLEND-250,CAF-BLEND-250,false,,Blend Casa 250 g,UN,CAFE,S,1.00,5977.79,0.00,5977.79,2733.00,2733.00,3244.79,0.54,
2025-02-19,2025-02,FAC 0003-00040422,FAC,false,C0001,GRANOS DEL SUR S.A.,Distribuidor,Avellaneda,CAF-BRAS-1K,CAF-BRAS-1K,false,,Brasil Cerrado 1 kg,UN,CAFE,S,18.00,17374.00,40.00,187639.20,9505.00,171090.00,16549.20,0.09,R. Ibarra
2025-01-02,2025-01,FAC 0003-00040228,FAC,false,C9002,VENTA ONLINE,Ecommerce,,CAF-COLOM-250,CAF-COLOM-250,false,,Colombia Huila 250 g,UN,CAFE,S,2.00,8200.00,0.00,16400.00,3600.00,7200.00,9200.00,0.56,
2025-04-20,2025-04,FAC 0003-00041281,FAC,false,C0133,El Almacen de Barracas II,Mayorista,CABA,CAF-BRAS-1K,CAF-BRAS-1K,false,,Brasil Cerrado 1 kg,UN,CAFE,S,2.00,18146.87,35.00,23590.92,9927.00,19854.00,3736.92,0.16,R. Ibarra
2025-03-06,2025-03,FAC 0003-00041095,FAC,false,C9002,VENTA ONLINE,Ecommerce,,CAF-COLOM-250,CAF-COLOM-250,false,,Colombia Huila 250 g,UN,CAFE,S,1.00,8564.77,0.00,8564.77,3760.00,3760.00,4804.77,0.56,
2025-06-09,2025-06,FAC 0003-00042305,FAC,false,C9002,VENTA ONLINE,Ecommerce,,CAF-CAPS-10,CAF-CAPS-10,false,,Capsulas compatibles x10,UN,CAFE,S,2.00,7693.14,0.00,15386.28,3679.00,7358.00,8028.28,0.52,
2025-02-09,2025-02,FAC 0003-00040803,FAC,false,C9001,CONSUMIDOR FINAL,Local,CABA,CAF-COLOM-250,CAF-COLOM-250,false,,Colombia Huila 250 g,UN,CAFE,S,2.00,8380.40,0.00,16760.80,3679.00,7358.00,9402.80,0.56,
2025-04-26,2025-04,FAC 0003-00041367,FAC,false,C9002,VENTA ONLINE,Ecommerce,,CAF-BLEND-250,CAF-BLEND-250,false,,Blend Casa 250 g,UN,CAFE,S,1.00,5977.79,0.00,5977.79,2733.00,2733.00,3244.79,0.54,
2025-01-16,2025-01,FAC 0003-00040052,FAC,false,C0138,El Almacen de Constitucion,Mayorista,CABA,CAF-BLEND-1K,CAF-BLEND-1K,false,,Blend Casa 1 kg,UN,CAFE,S,10.00,18000.00,30.00,126000.00,9800.00,98000.00,28000.00,0.22,
2025-04-24,2025-04,FAC 0003-00041320,FAC,false,C9002,VENTA ONLINE,Ecommerce,,CAF-COLOM-250,CAF-COLOM-250,false,,Colombia Huila 250 g,UN,CAFE,S,3.00,8753.19,0.00,26259.58,3843.00,11529.00,14730.58,0.56,
2025-01-04,2025-01,FAC 0003-00040323,FAC,false,C9001,CONSUMIDOR FINAL,Local,CABA,CAF-BLEND-1K,CAF-BLEND-1K,false,,Blend Casa 1 kg,UN,CAFE,S,1.00,18000.00,0.00,18000.00,9800.00,9800.00,8200.00,0.46,
2025-04-05,2025-04,FAC 0003-00041467,FAC,false,C9002,VENTA ONLINE,Ecommerce,,CAF-DESCA-250,CAF-DESCA-250,false,,Descafeinado 250 g,UN,CAFE,S,3.00,7899.22,0.00,23697.67,3736.00,11208.00,12489.67,0.53,
2025-06-14,2025-06,FAC 0003-00042136,FAC,false,C0136,Tostado Villa Urquiza,Mayorista,CABA,CAF-BRAS-1K,CAF-BRAS-1K,false,,Brasil Cerrado 1 kg,UN,CAFE,S,6.00,18954.11,35.00,73921.03,10369.00,62214.00,11707.03,0.16,
2025-06-15,2025-06,FAC 0003-00042146,FAC,false,C9002,VENTA ONLINE,Ecommerce,,CAF-ETIOP-250,CAF-ETIOP-250,false,,Etiopia Yirgacheffe 250 g,UN,CAFE,S,3.00,10592.00,0.00,31776.01,4571.00,13713.00,18063.01,0.57,
2025-01-07,2025-01,FAC 0003-00040112,FAC,false,C9002,VENTA ONLINE,Ecommerce,,CAF-DESCA-250,CAF-DESCA-250,false,,Descafeinado 250 g,UN,CAFE,S,3.00,7400.00,0.00,22200.00,3500.00,10500.00,11700.00,0.53,
2025-06-21,2025-06,FAC 0003-00042436,FAC,false,C9001,CONSUMIDOR FINAL,Local,CABA,CAF-COLOM-250,CAF-COLOM-250,false,,Colombia Huila 250 g,UN,CAFE,S,2.00,9142.57,0.00,18285.14,4014.00,8028.00,10257.14,0.56,
2025-01-22,2025-01,FAC 0003-00040029,FAC,false,C0117,El Almacen de Caballito II,Mayorista,CABA,CAF-BLEND-1K,CAF-BLEND-1K,false,,Blend Casa 1 kg,UN,CAFE,S,8.00,18000.00,32.00,97920.00,9800.00,78400.00,19520.00,0.20,
2025-05-17,2025-05,FAC 0003-00041795,FAC,false,C9002,VENTA ONLINE,Ecommerce,,CAF-BLEND-250,CAF-BLEND-250,false,,Blend Casa 250 g,UN,CAFE,S,1.00,6109.30,0.00,6109.30,2793.00,2793.00,3316.30,0.54,
2025-03-16,2025-03,FAC 0003-00041124,FAC,false,C9001,CONSUMIDOR FINAL,Local,CABA,CAP-FILTRO-100,CAP-FILTRO-100,false,,Filtros de papel x 100,UN,ACCESORIOS,S,1.00,3342.35,0.00,3342.35,1985.00,1985.00,1357.35,0.41,
2025-02-23,2025-02,FAC 0003-00040489,FAC,false,C9002,VENTA ONLINE,Ecommerce,,CAF-BRAS-250,CAF-BRAS-250,false,,Brasil Cerrado 250 g,UN,CAFE,S,1.00,5416.60,0.00,5416.60,2483.00,2483.00,2933.60,0.54,
2025-04-18,2025-04,FAC 0003-00041310,FAC,false,C9002,VENTA ONLINE,Ecommerce,,CAF-BLEND-250,CAF-BLEND-250,false,,Blend Casa 250 g,UN,CAFE,S,2.00,5977.79,0.00,11955.58,2733.00,5466.00,6489.58,0.54,
2025-04-25,2025-04,FAC 0003-00041267,FAC,false,C0121,Panaderia Chacarita II,Mayorista,CABA,CAF-BLEND-1K,CAF-BLEND-1K,false,,Blend Casa 1 kg,UN,CAFE,S,10.00,19214.33,35.00,124893.13,10461.00,104610.00,20283.13,0.16,R. Ibarra
2025-04-25,2025-04,FAC 0003-00041574,FAC,false,C9001,CONSUMIDOR FINAL,Local,CABA,CAF-BLEND-1K,CAF-BLEND-1K,false,,Blend Casa 1 kg,UN,CAFE,S,1.00,19214.33,0.00,19214.33,10461.00,10461.00,8753.33,0.46,
2025-06-25,2025-06,FAC 0003-00042303,FAC,false,C9002,VENTA ONLINE,Ecommerce,,CAF-ETIOP-250,CAF-ETIOP-250,false,,Etiopia Yirgacheffe 250 g,UN,CAFE,S,2.00,10592.00,0.00,21184.01,4571.00,9142.00,12042.01,0.57,
2025-04-02,2025-04,FAC 0003-00041475,FAC,false,C9002,VENTA ONLINE,Ecommerce,,CAF-BRAS-250,CAF-BRAS-250,false,,Brasil Cerrado 250 g,UN,CAFE,S,2.00,5657.55,0.00,11315.10,2594.00,5188.00,6127.10,0.54,
2025-01-24,2025-01,FAC 0003-00040319,FAC,false,C9001,CONSUMIDOR FINAL,Local,CABA,CAF-BLEND-250,CAF-BLEND-250,false,,Blend Casa 250 g,UN,CAFE,S,1.00,5600.00,0.00,5600.00,2560.00,2560.00,3040.00,0.54,
2025-05-14,2025-05,FAC 0003-00041883,FAC,false,C9002,VENTA ONLINE,Ecommerce,,CAF-BRAS-250,CAF-BRAS-250,false,,Brasil Cerrado 250 g,UN,CAFE,S,3.00,5782.02,0.00,17346.05,2651.00,7953.00,9393.05,0.54,
2025-06-28,2025-06,FAC 0003-00042343,FAC,false,C9002,VENTA ONLINE,Ecommerce,,CAF-BRAS-250,CAF-BRAS-250,false,,Brasil Cerrado 250 g,UN,CAFE,S,2.00,5909.22,0.00,11818.45,2709.00,5418.00,6400.45,0.54,
2025-05-26,2025-05,FAC 0003-00041683,FAC,false,C0128,La Ventanita de San Telmo,Mayorista,CABA,CAF-BLEND-1K,CAF-BLEND-1K,false,,Blend Casa 1 kg,UN,CAFE,S,3.00,19637.04,32.00,40059.57,10691.00,32073.00,7986.57,0.20,R. Ibarra
2025-05-10,2025-05,FAC 0003-00041939,FAC,false,C9002,VENTA ONLINE,Ecommerce,,CAF-ETIOP-250,CAF-ETIOP-250,false,,Etiopia Yirgacheffe 250 g,UN,CAFE,S,1.00,10363.99,0.00,10363.99,4473.00,4473.00,5890.99,0.57,
2025-03-21,2025-03,FAC 0003-00041032,FAC,false,C9002,VENTA ONLINE,Ecommerce,,CAP-TAZA,CAP-TAZA,false,,Taza ceramica logo,UN,ACCESORIOS,S,1.00,9295.91,0.00,9295.91,4387.00,4387.00,4908.91,0.53,
2025-02-05,2025-02,FAC 0003-00040722,FAC,false,C9001,CONSUMIDOR FINAL,Local,CABA,CAF-BLEND-1K,CAF-BLEND-1K,false,,Blend Casa 1 kg,UN,CAFE,S,2.00,18396.00,0.00,36792.00,10016.00,20032.00,16760.00,0.46,
2025-01-10,2025-01,FAC 0003-00040073,FAC,false,C9002,VENTA ONLINE,Ecommerce,,CAF-BRAS-250,CAF-BRAS-250,false,,Brasil Cerrado 250 g,UN,CAFE,S,2.00,5300.00,0.00,10600.00,2430.00,4860.00,5740.00,0.54,
2025-05-13,2025-05,FAC 0003-00041799,FAC,false,C9002,VENTA ONLINE,Ecommerce,,CAF-BLEND-250,CAF-BLEND-250,false,,Blend Casa 250 g,UN,CAFE,S,2.00,6109.30,0.00,12218.60,2793.00,5586.00,6632.60,0.54,
2025-05-13,2025-05,FAC 0003-00041907,FAC,false,C9002,VENTA ONLINE,Ecommerce,,CAF-BLEND-250,CAF-BLEND-250,false,,Blend Casa 250 g,UN,CAFE,S,1.00,6109.30,0.00,6109.30,2793.00,2793.00,3316.30,0.54,
2025-01-26,2025-01,FAC 0003-00040103,FAC,false,C9002,VENTA ONLINE,Ecommerce,,CAF-DESCA-250,CAF-DESCA-250,false,,Descafeinado 250 g,UN,CAFE,S,2.00,7400.00,0.00,14800.00,3500.00,7000.00,7800.00,0.53,
2025-01-28,2025-01,FAC 0003-00040272,FAC,false,C9001,CONSUMIDOR FINAL,Local,CABA,CAF-BLEND-250,CAF-BLEND-250,false,,Blend Casa 250 g,UN,CAFE,S,1.00,5600.00,0.00,5600.00,2560.00,2560.00,3040.00,0.54,
2025-01-16,2025-01,FAC 0003-00040223,FAC,false,C9002,VENTA ONLINE,Ecommerce,,CAF-COLOM-250,CAF-COLOM-250,false,,Colombia Huila 250 g,UN,CAFE,S,2.00,8200.00,0.00,16400.00,3600.00,7200.00,9200.00,0.56,
2025-04-12,2025-04,FAC 0003-00041322,FAC,false,C9002,VENTA ONLINE,Ecommerce,,CAF-BLEND-250,CAF-BLEND-250,false,,Blend Casa 250 g,UN,CAFE,S,3.00,5977.79,0.00,17933.37,2733.00,8199.00,9734.37,0.54,
2025-03-12,2025-03,FAC 0003-00040852,FAC,false,C0106,El Almacen de Nunez,Mayorista,CABA,CAF-BRAS-1K,CAF-BRAS-1K,false,,Brasil Cerrado 1 kg,UN,CAFE,S,8.00,17756.23,30.00,99434.88,9714.00,77712.00,21722.88,0.22,
2025-02-07,2025-02,FAC 0003-00040419,FAC,false,C0001,GRANOS DEL SUR S.A.,Distribuidor,Avellaneda,CAF-BRAS-1K,CAF-BRAS-1K,false,,Brasil Cerrado 1 kg,UN,CAFE,S,23.00,17374.00,40.00,239761.20,9505.00,218615.00,21146.20,0.09,M. Paz
2025-01-08,2025-01,FAC 0003-00040026,FAC,false,C0112,La Ventanita de Recoleta,Mayorista,CABA,CAP-FILTRO-100,CAP-FILTRO-100,false,,Filtros de papel x 100,UN,ACCESORIOS,S,6.00,3200.00,35.00,12480.00,1900.00,11400.00,1080.00,0.09,R. Ibarra
2025-01-07,2025-01,FAC 0003-00040149,FAC,false,C9002,VENTA ONLINE,Ecommerce,,CAF-BRAS-250,CAF-BRAS-250,false,,Brasil Cerrado 250 g,UN,CAFE,S,2.00,5300.00,0.00,10600.00,2430.00,4860.00,5740.00,0.54,
2025-05-14,2025-05,FAC 0003-00041757,FAC,false,C9002,VENTA ONLINE,Ecommerce,,CAF-BLEND-250,CAF-BLEND-250,false,,Blend Casa 250 g,UN,CAFE,S,2.00,6109.30,0.00,12218.60,2793.00,5586.00,6632.60,0.54,
2025-06-25,2025-06,FAC 0003-00042415,FAC,false,C9001,CONSUMIDOR FINAL,Local,CABA,CAF-BLEND-250,CAF-BLEND-250,false,,Blend Casa 250 g,UN,CAFE,S,1.00,6243.71,0.00,6243.71,2854.00,2854.00,3389.71,0.54,
2025-02-10,2025-02,FAC 0003-00040518,FAC,false,C9002,VENTA ONLINE,Ecommerce,,CAF-ETIOP-250,CAF-ETIOP-250,false,,Etiopia Yirgacheffe 250 g,UN,CAFE,S,2.00,9709.00,0.00,19418.00,4190.00,8380.00,11038.00,0.57,
2025-02-03,2025-02,FAC 0003-00040496,FAC,false,C9002,VENTA ONLINE,Ecommerce,,CAF-BRAS-250,CAF-BRAS-250,false,,Brasil Cerrado 250 g,UN,CAFE,S,2.00,5416.60,0.00,10833.20,2483.00,4966.00,5867.20,0.54,
2025-01-13,2025-01,FAC 0003-00040116,FAC,false,C9002,VENTA ONLINE,Ecommerce,,CAF-COLOM-250,CAF-COLOM-250,false,,Colombia Huila 250 g,UN,CAFE,S,2.00,8200.00,0.00,16400.00,3600.00,7200.00,9200.00,0.56,
2025-06-07,2025-06,FAC 0003-00042432,FAC,false,C9001,CONSUMIDOR FINAL,Local,CABA,CAF-BLEND-1K,CAF-BLEND-1K,false,,Blend Casa 1 kg,UN,CAFE,S,1.00,20069.06,0.00,20069.06,10926.00,10926.00,9143.06,0.46,
2025-05-15,2025-05,FAC 0003-00041771,FAC,false,C9002,VENTA ONLINE,Ecommerce,,CAF-ETIOP-250,CAF-ETIOP-250,false,,Etiopia Yirgacheffe 250 g,UN,CAFE,S,1.00,10363.99,0.00,10363.99,4473.00,4473.00,5890.99,0.57,
2025-06-17,2025-06,FAC 0003-00042273,FAC,false,C9002,VENTA ONLINE,Ecommerce,,CAF-BRAS-250,CAF-BRAS-250,false,,Brasil Cerrado 250 g,UN,CAFE,S,2.00,5909.22,0.00,11818.45,2709.00,5418.00,6400.45,0.54,
2025-05-01,2025-05,FAC 0003-00041821,FAC,false,C9002,VENTA ONLINE,Ecommerce,,CAF-ETIOP-250,CAF-ETIOP-250,false,,Etiopia Yirgacheffe 250 g,UN,CAFE,S,1.00,10363.99,0.00,10363.99,4473.00,4473.00,5890.99,0.57,
2025-01-28,2025-01,FAC 0003-00040261,FAC,false,C9002,VENTA ONLINE,Ecommerce,,CAF-CAPS-10,CAF-CAPS-10,false,,Capsulas compatibles x10,UN,CAFE,S,2.00,6900.00,0.00,13800.00,3300.00,6600.00,7200.00,0.52,
2025-04-27,2025-04,FAC 0003-00041348,FAC,false,C9002,VENTA ONLINE,Ecommerce,,CAF-BLEND-250,CAF-BLEND-250,false,,Blend Casa 250 g,UN,CAFE,S,3.00,5977.79,0.00,17933.37,2733.00,8199.00,9734.37,0.54,
2025-06-11,2025-06,FAC 0003-00042491,FAC,false,C9001,CONSUMIDOR FINAL,Local,CABA,CAF-ETIOP-250,CAF-ETIOP-250,false,,Etiopia Yirgacheffe 250 g,UN,CAFE,S,2.00,10592.00,0.00,21184.01,4571.00,9142.00,12042.01,0.57,
2025-05-27,2025-05,FAC 0003-00041875,FAC,false,C9002,VENTA ONLINE,Ecommerce,,CAF-CAPS-10,CAF-CAPS-10,false,,Capsulas compatibles x10,UN,CAFE,S,1.00,7527.53,0.00,7527.53,3600.00,3600.00,3927.53,0.52,
2025-02-26,2025-02,FAC 0003-00040442,FAC,false,C0116,Cafe Caballito,Mayorista,CABA,CAP-FILTRO-100,CAP-FILTRO-100,false,,Filtros de papel x 100,UN,ACCESORIOS,S,3.00,3270.40,32.00,6671.62,1942.00,5826.00,845.62,0.13,M. Paz
2025-06-12,2025-06,FAC 0003-00042196,FAC,false,C9002,VENTA ONLINE,Ecommerce,,CAF-COLOM-250,CAF-COLOM-250,false,,Colombia Huila 250 g,UN,CAFE,S,3.00,9142.57,0.00,27427.71,4014.00,12042.00,15385.71,0.56,
2025-02-10,2025-02,FAC 0003-00040499,FAC,false,C9002,VENTA ONLINE,Ecommerce,,CAF-DESCA-250,CAF-DESCA-250,false,,Descafeinado 250 g,UN,CAFE,S,1.00,7562.80,0.00,7562.80,3577.00,3577.00,3985.80,0.53,
2025-02-25,2025-02,FAC 0003-00040562,FAC,false,C9002,VENTA ONLINE,Ecommerce,,CAF-COLOM-250,CAF-COLOM-250,false,,Colombia Huila 250 g,UN,CAFE,S,3.00,8380.40,0.00,25141.20,3679.00,11037.00,14104.20,0.56,
2025-06-24,2025-06,FAC 0003-00042217,FAC,false,C9002,VENTA ONLINE,Ecommerce,,CAF-ETIOP-250,CAF-ETIOP-250,false,,Etiopia Yirgacheffe 250 g,UN,CAFE,S,1.00,10592.00,0.00,10592.00,4571.00,4571.00,6021.00,0.57,
2025-03-23,2025-03,FAC 0003-00041003,FAC,false,C9002,VENTA ONLINE,Ecommerce,,CAF-BRAS-250,CAF-BRAS-250,false,,Brasil Cerrado 250 g,UN,CAFE,S,2.00,5535.77,0.00,11071.53,2538.00,5076.00,5995.53,0.54,
2025-03-23,2025-03,FAC 0003-00041027,FAC,false,C9002,VENTA ONLINE,Ecommerce,,CAF-BRAS-250,CAF-BRAS-250,false,,Brasil Cerrado 250 g,UN,CAFE,S,1.00,5535.77,0.00,5535.77,2538.00,2538.00,2997.77,0.54,
2025-01-22,2025-01,FAC 0003-00040016,FAC,false,C0105,Panaderia Villa Crespo II,Mayorista,CABA,CAF-BLEND-1K,CAF-BLEND-1K,false,,Blend Casa 1 kg,UN,CAFE,S,8.00,18000.00,32.00,97920.00,9800.00,78400.00,19520.00,0.20,M. Paz
2025-06-02,2025-06,FAC 0003-00042082,FAC,false,C0001,GRANOS DEL SUR S.A.,Distribuidor,Avellaneda,CAF-BLEND-1K,CAF-BLEND-1K,false,,Blend Casa 1 kg,UN,CAFE,S,30.00,20069.06,40.00,361243.04,10926.00,327780.00,33463.04,0.09,M. Paz
2025-04-05,2025-04,FAC 0003-00041284,FAC,false,C0137,Panaderia Villa Urquiza II,Mayorista,CABA,CAF-BLEND-1K,CAF-BLEND-1K,false,,Blend Casa 1 kg,UN,CAFE,S,8.00,19214.33,30.00,107600.23,10461.00,83688.00,23912.23,0.22,M. Paz
2025-05-08,2025-05,FAC 0003-00041656,FAC,false,C0104,Tostado Villa Crespo,Mayorista,CABA,CAF-BLEND-1K,CAF-BLEND-1K,false,,Blend Casa 1 kg,UN,CAFE,S,3.00,19637.04,35.00,38292.23,10691.00,32073.00,6219.23,0.16,
2025-01-23,2025-01,FAC 0003-00040028,FAC,false,C0115,Tostado Boedo II,Mayorista,CABA,CAP-FILTRO-100,CAP-FILTRO-100,false,,Filtros de papel x 100,UN,ACCESORIOS,S,5.00,3200.00,30.00,11200.00,1900.00,9500.00,1700.00,0.15,R. Ibarra
2025-02-12,2025-02,FAC 0003-00040470,FAC,false,C0137,Panaderia Villa Urquiza II,Mayorista,CABA,CAP-FILTRO-100,CAP-FILTRO-100,false,,Filtros de papel x 100,UN,ACCESORIOS,S,5.00,3270.40,30.00,11446.40,1942.00,9710.00,1736.40,0.15,M. Paz
2025-05-27,2025-05,FAC 0003-00042029,FAC,false,C9001,CONSUMIDOR FINAL,Local,CABA,CAF-BLEND-1K,CAF-BLEND-1K,false,,Blend Casa 1 kg,UN,CAFE,S,2.00,19637.04,0.00,39274.09,10691.00,21382.00,17892.09,0.46,
2025-03-28,2025-03,FAC 0003-00041215,FAC,false,C9001,CONSUMIDOR FINAL,Local,CABA,CAF-ETIOP-250,CAF-ETIOP-250,false,,Etiopia Yirgacheffe 250 g,UN,CAFE,S,2.00,9922.60,0.00,19845.20,4282.00,8564.00,11281.20,0.57,
2025-01-03,2025-01,FAC 0003-00040335,FAC,false,C9001,CONSUMIDOR FINAL,Local,CABA,CAF-BLEND-1K,CAF-BLEND-1K,false,,Blend Casa 1 kg,UN,CAFE,S,2.00,18000.00,0.00,36000.00,9800.00,19600.00,16400.00,0.46,
2025-06-17,2025-06,FAC 0003-00042173,FAC,false,C9002,VENTA ONLINE,Ecommerce,,CAF-COLOM-250,CAF-COLOM-250,false,,Colombia Huila 250 g,UN,CAFE,S,1.00,9142.57,0.00,9142.57,4014.00,4014.00,5128.57,0.56,
2025-05-13,2025-05,FAC 0003-00042022,FAC,false,C9001,CONSUMIDOR FINAL,Local,CABA,CAP-FILTRO-100,CAP-FILTRO-100,false,,Filtros de papel x 100,UN,ACCESORIOS,S,1.00,3491.03,0.00,3491.03,2073.00,2073.00,1418.03,0.41,
2025-02-06,2025-02,FAC 0003-00040567,FAC,false,C9002,VENTA ONLINE,Ecommerce,,CAF-ETIOP-250,CAF-ETIOP-250,false,,Etiopia Yirgacheffe 250 g,UN,CAFE,S,1.00,9709.00,0.00,9709.00,4190.00,4190.00,5519.00,0.57,
2025-01-11,2025-01,FAC 0003-00040081,FAC,false,C9002,VENTA ONLINE,Ecommerce,,CAF-ETIOP-250,CAF-ETIOP-250,false,,Etiopia Yirgacheffe 250 g,UN,CAFE,S,2.00,9500.00,0.00,19000.00,4100.00,8200.00,10800.00,0.57,
2025-03-26,2025-03,FAC 0003-00041133,FAC,false,C9001,CONSUMIDOR FINAL,Local,CABA,CAF-ETIOP-250,CAF-ETIOP-250,false,,Etiopia Yirgacheffe 250 g,UN,CAFE,S,2.00,9922.60,0.00,19845.20,4282.00,8564.00,11281.20,0.57,
2025-06-13,2025-06,FAC 0003-00042194,FAC,false,C9002,VENTA ONLINE,Ecommerce,,CAF-BLEND-250,CAF-BLEND-250,false,,Blend Casa 250 g,UN,CAFE,S,3.00,6243.71,0.00,18731.12,2854.00,8562.00,10169.12,0.54,
2025-01-03,2025-01,FAC 0003-00040210,FAC,false,C9002,VENTA ONLINE,Ecommerce,,CAF-COLOM-250,CAF-COLOM-250,false,,Colombia Huila 250 g,UN,CAFE,S,2.00,8200.00,0.00,16400.00,3600.00,7200.00,9200.00,0.56,
2025-02-16,2025-02,FAC 0003-00040709,FAC,false,C9001,CONSUMIDOR FINAL,Local,CABA,CAP-FILTRO-100,CAP-FILTRO-100,false,,Filtros de papel x 100,UN,ACCESORIOS,S,1.00,3270.40,0.00,3270.40,1942.00,1942.00,1328.40,0.41,
2025-04-20,2025-04,FAC 0003-00041249,FAC,false,C0104,Tostado Villa Crespo,Mayorista,CABA,CAF-BRAS-1K,CAF-BRAS-1K,false,,Brasil Cerrado 1 kg,UN,CAFE,S,7.00,18146.87,35.00,82568.24,9927.00,69489.00,13079.24,0.16,R. Ibarra
2025-01-03,2025-01,FAC 0003-00040260,FAC,false,C9002,VENTA ONLINE,Ecommerce,,CAF-COLOM-250,CAF-COLOM-250,false,,Colombia Huila 250 g,UN,CAFE,S,2.00,8200.00,0.00,16400.00,3600.00,7200.00,9200.00,0.56,
2025-02-23,2025-02,FAC 0003-00040628,FAC,false,C9002,VENTA ONLINE,Ecommerce,,CAF-BLEND-250,CAF-BLEND-250,false,,Blend Casa 250 g,UN,CAFE,S,1.00,5723.20,0.00,5723.20,2616.00,2616.00,3107.20,0.54,
2025-03-13,2025-03,FAC 0003-00041230,FAC,false,C9001,CONSUMIDOR FINAL,Local,CABA,CAF-ETIOP-250,CAF-ETIOP-250,false,,Etiopia Yirgacheffe 250 g,UN,CAFE,S,2.00,9922.60,0.00,19845.20,4282.00,8564.00,11281.20,0.57,
2025-01-11,2025-01,FAC 0003-00040250,FAC,false,C9002,VENTA ONLINE,Ecommerce,,CAF-COLOM-250,CAF-COLOM-250,false,,Colombia Huila 250 g,UN,CAFE,S,3.00,8200.00,0.00,24600.00,3600.00,10800.00,13800.00,0.56,
2025-05-28,2025-05,FAC 0003-00041670,FAC,false,C0114,Usina Boedo,Mayorista,CABA,CAF-BLEND-1K,CAF-BLEND-1K,false,,Blend Casa 1 kg,UN,CAFE,S,3.00,19637.04,32.00,40059.57,10691.00,32073.00,7986.57,0.20,
2025-03-01,2025-03,FAC 0003-00040908,FAC,false,C9002,VENTA ONLINE,Ecommerce,,CAF-BLEND-250,CAF-BLEND-250,false,,Blend Casa 250 g,UN,CAFE,S,2.00,5849.11,0.00,11698.22,2674.00,5348.00,6350.22,0.54,
2025-02-16,2025-02,FAC 0003-00040555,FAC,false,C9002,VENTA ONLINE,Ecommerce,,CAF-DESCA-250,CAF-DESCA-250,false,,Descafeinado 250 g,UN,CAFE,S,2.00,7562.80,0.00,15125.60,3577.00,7154.00,7971.60,0.53,
2025-06-11,2025-06,FAC 0003-00042162,FAC,false,C9002,VENTA ONLINE,Ecommerce,,CAF-CAPS-10,CAF-CAPS-10,false,,Capsulas compatibles x10,UN,CAFE,S,2.00,7693.14,0.00,15386.28,3679.00,7358.00,8028.28,0.52,
2025-03-21,2025-03,FAC 0003-00041112,FAC,false,C9002,VENTA ONLINE,Ecommerce,,CAP-FILTRO-100,CAP-FILTRO-100,false,,Filtros de papel x 100,UN,ACCESORIOS,S,2.00,3342.35,0.00,6684.70,1985.00,3970.00,2714.70,0.41,
2025-02-14,2025-02,FAC 0003-00040460,FAC,false,C0130,Usina Coghlan,Mayorista,CABA,CAF-BLEND-1K,CAF-BLEND-1K,false,,Blend Casa 1 kg,UN,CAFE,S,5.00,18396.00,30.00,64386.00,10016.00,50080.00,14306.00,0.22,R. Ibarra
2025-03-10,2025-03,FAC 0003-00041199,FAC,false,C9001,CONSUMIDOR FINAL,Local,CABA,CAP-FILTRO-100,CAP-FILTRO-100,false,,Filtros de papel x 100,UN,ACCESORIOS,S,2.00,3342.35,0.00,6684.70,1985.00,3970.00,2714.70,0.41,
2025-03-20,2025-03,FAC 0003-00041181,FAC,false,C9001,CONSUMIDOR FINAL,Local,CABA,CAF-BLEND-250,CAF-BLEND-250,false,,Blend Casa 250 g,UN,CAFE,S,2.00,5849.11,0.00,11698.22,2674.00,5348.00,6350.22,0.54,
2025-02-09,2025-02,FAC 0003-00040617,FAC,false,C9002,VENTA ONLINE,Ecommerce,,CAF-COLOM-250,CAF-COLOM-250,false,,Colombia Huila 250 g,UN,CAFE,S,3.00,8380.40,0.00,25141.20,3679.00,11037.00,14104.20,0.56,
2025-02-15,2025-02,FAC 0003-00040441,FAC,false,C0115,Tostado Boedo II,Mayorista,CABA,CAF-BRAS-1K,CAF-BRAS-1K,false,,Brasil Cerrado 1 kg,UN,CAFE,S,5.00,17374.00,30.00,60809.00,9505.00,47525.00,13284.00,0.22,
2025-05-03,2025-05,FAC 0003-00041889,FAC,false,C9002,VENTA ONLINE,Ecommerce,,CAF-COLOM-250,CAF-COLOM-250,false,,Colombia Huila 250 g,UN,CAFE,S,3.00,8945.76,0.00,26837.29,3927.00,11781.00,15056.29,0.56,
2025-01-05,2025-01,FAC 0003-00040212,FAC,false,C9002,VENTA ONLINE,Ecommerce,,CAF-ETIOP-250,CAF-ETIOP-250,false,,Etiopia Yirgacheffe 250 g,UN,CAFE,S,1.00,9500.00,0.00,9500.00,4100.00,4100.00,5400.00,0.57,
2025-01-15,2025-01,FAC 0003-00040132,FAC,false,C9002,VENTA ONLINE,Ecommerce,,CAF-CAPS-10,CAF-CAPS-10,false,,Capsulas compatibles x10,UN,CAFE,S,2.00,6900.00,0.00,13800.00,3300.00,6600.00,7200.00,0.52,
2025-03-07,2025-03,FAC 0003-00041043,FAC,false,C9002,VENTA ONLINE,Ecommerce,,CAF-ETIOP-250,CAF-ETIOP-250,false,,Etiopia Yirgacheffe 250 g,UN,CAFE,S,3.00,9922.60,0.00,29767.79,4282.00,12846.00,16921.79,0.57,
2025-04-19,2025-04,FAC 0003-00041622,FAC,false,C9001,CONSUMIDOR FINAL,Local,CABA,CAF-ETIOP-250,CAF-ETIOP-250,false,,Etiopia Yirgacheffe 250 g,UN,CAFE,S,1.00,10140.90,0.00,10140.90,4377.00,4377.00,5763.90,0.57,
2025-05-20,2025-05,FAC 0003-00041838,FAC,false,C9002,VENTA ONLINE,Ecommerce,,CAF-BLEND-250,CAF-BLEND-250,false,,Blend Casa 250 g,UN,CAFE,S,2.00,6109.30,0.00,12218.60,2793.00,5586.00,6632.60,0.54,
2025-02-15,2025-02,FAC 0003-00040659,FAC,false,C9002,VENTA ONLINE,Ecommerce,,CAF-ETIOP-250,CAF-ETIOP-250,false,,Etiopia Yirgacheffe 250 g,UN,CAFE,S,1.00,9709.00,0.00,9709.00,4190.00,4190.00,5519.00,0.57,
2025-01-24,2025-01,FAC 0003-00040206,FAC,false,C9002,VENTA ONLINE,Ecommerce,,CAF-CAPS-10,CAF-CAPS-10,false,,Capsulas compatibles x10,UN,CAFE,S,3.00,6900.00,0.00,20700.00,3300.00,9900.00,10800.00,0.52,
2025-05-28,2025-05,FAC 0003-00041807,FAC,false,C9002,VENTA ONLINE,Ecommerce,,CAF-BRAS-250,CAF-BRAS-250,false,,Brasil Cerrado 250 g,UN,CAFE,S,1.00,5782.02,0.00,5782.02,2651.00,2651.00,3131.02,0.54,
2025-06-09,2025-06,FAC 0003-00042435,FAC,false,C9001,CONSUMIDOR FINAL,Local,CABA,CAP-FILTRO-100,CAP-FILTRO-100,false,,Filtros de papel x 100,UN,ACCESORIOS,S,2.00,3567.83,0.00,7135.67,2118.00,4236.00,2899.67,0.41,
2025-05-11,2025-05,FAC 0003-00041760,FAC,false,C9002,VENTA ONLINE,Ecommerce,,CAF-BRAS-250,CAF-BRAS-250,false,,Brasil Cerrado 250 g,UN,CAFE,S,1.00,5782.02,0.00,5782.02,2651.00,2651.00,3131.02,0.54,
2025-02-17,2025-02,FAC 0003-00040631,FAC,false,C9002,VENTA ONLINE,Ecommerce,,CAF-ETIOP-250,CAF-ETIOP-250,false,,Etiopia Yirgacheffe 250 g,UN,CAFE,S,3.00,9709.00,0.00,29127.00,4190.00,12570.00,16557.00,0.57,
2025-03-12,2025-03,FAC 0003-00041076,FAC,false,C9002,VENTA ONLINE,Ecommerce,,CAF-DESCA-250,CAF-DESCA-250,false,,Descafeinado 250 g,UN,CAFE,S,3.00,7729.18,0.00,23187.54,3656.00,10968.00,12219.54,0.53,
2025-03-05,2025-03,FAC 0003-00040863,FAC,false,C0118,Bar Saavedra,Mayorista,CABA,CAF-BLEND-1K,CAF-BLEND-1K,false,,Blend Casa 1 kg,UN,CAFE,S,4.00,18800.71,32.00,51137.94,10236.00,40944.00,10193.94,0.20,
2025-03-20,2025-03,FAC 0003-00041126,FAC,false,C9001,CONSUMIDOR FINAL,Local,CABA,CAF-BLEND-250,CAF-BLEND-250,false,,Blend Casa 250 g,UN,CAFE,S,1.00,5849.11,0.00,5849.11,2674.00,2674.00,3175.11,0.54,
2025-03-06,2025-03,FAC 0003-00041065,FAC,false,C9002,VENTA ONLINE,Ecommerce,,CAF-ETIOP-250,CAF-ETIOP-250,false,,Etiopia Yirgacheffe 250 g,UN,CAFE,S,1.00,9922.60,0.00,9922.60,4282.00,4282.00,5640.60,0.57,
2025-06-17,2025-06,FAC 0003-00042087,FAC,false,C0001,GRANOS DEL SUR S.A.,Distribuidor,Avellaneda,BLEND1K,CAF-BLEND-1K,true,Codigo viejo informado en ventas; corresponde a Blend Casa 1 kg.,Blend Casa 1 kg,UN,CAFE,S,46.00,20069.06,40.00,553906.00,10926.00,502596.00,51310.00,0.09,
2025-03-19,2025-03,FAC 0003-00040853,FAC,false,C0106,El Almacen de Nunez,Mayorista,CABA,CAP-FILTRO-100,CAP-FILTRO-100,false,,Filtros de papel x 100,UN,ACCESORIOS,S,2.00,3342.35,30.00,4679.29,1985.00,3970.00,709.29,0.15,M. Paz
2025-05-05,2025-05,FAC 0003-00042032,FAC,false,C9001,CONSUMIDOR FINAL,Local,CABA,CAF-BLEND-250,CAF-BLEND-250,false,,Blend Casa 250 g,UN,CAFE,S,1.00,6109.30,0.00,6109.30,2793.00,2793.00,3316.30,0.54,
2025-05-16,2025-05,FAC 0003-00041908,FAC,false,C9002,VENTA ONLINE,Ecommerce,,CAF-ETIOP-250,CAF-ETIOP-250,false,,Etiopia Yirgacheffe 250 g,UN,CAFE,S,1.00,10363.99,0.00,10363.99,4473.00,4473.00,5890.99,0.57,
2025-05-19,2025-05,FAC 0003-00041737,FAC,false,C9002,VENTA ONLINE,Ecommerce,,CAF-ETIOP-250,CAF-ETIOP-250,false,,Etiopia Yirgacheffe 250 g,UN,CAFE,S,3.00,10363.99,0.00,31091.98,4473.00,13419.00,17672.98,0.57,
2025-04-04,2025-04,FAC 0003-00041386,FAC,false,C9002,VENTA ONLINE,Ecommerce,,CAF-DESCA-250,CAF-DESCA-250,false,,Descafeinado 250 g,UN,CAFE,S,2.00,7899.22,0.00,15798.45,3736.00,7472.00,8326.45,0.53,
2025-04-16,2025-04,FAC 0003-00041398,FAC,false,C9002,VENTA ONLINE,Ecommerce,,CAF-DESCA-250,CAF-DESCA-250,false,,Descafeinado 250 g,UN,CAFE,S,2.00,7899.22,0.00,15798.45,3736.00,7472.00,8326.45,0.53,
2025-01-15,2025-01,FAC 0003-00040345,FAC,false,C9001,CONSUMIDOR FINAL,Local,CABA,CAF-BLEND-250,CAF-BLEND-250,false,,Blend Casa 250 g,UN,CAFE,S,2.00,5600.00,0.00,11200.00,2560.00,5120.00,6080.00,0.54,
2025-06-28,2025-06,FAC 0003-00042230,FAC,false,C9002,VENTA ONLINE,Ecommerce,,CAF-COLOM-250,CAF-COLOM-250,false,,Colombia Huila 250 g,UN,CAFE,S,2.00,9142.57,0.00,18285.14,4014.00,8028.00,10257.14,0.56,
2025-04-15,2025-04,FAC 0003-00041401,FAC,false,C9002,VENTA ONLINE,Ecommerce,,CAF-ETIOP-250,CAF-ETIOP-250,false,,Etiopia Yirgacheffe 250 g,UN,CAFE,S,1.00,10140.90,0.00,10140.90,4377.00,4377.00,5763.90,0.57,
2025-03-16,2025-03,FAC 0003-00041134,FAC,false,C9001,CONSUMIDOR FINAL,Local,CABA,CAF-COLOM-250,CAF-COLOM-250,false,,Colombia Huila 250 g,UN,CAFE,S,2.00,8564.77,0.00,17129.54,3760.00,7520.00,9609.54,0.56,
2025-06-28,2025-06,FAC 0003-00042387,FAC,false,C9002,VENTA ONLINE,Ecommerce,,CAF-BLEND-250,CAF-BLEND-250,false,,Blend Casa 250 g,UN,CAFE,S,2.00,6243.71,0.00,12487.41,2854.00,5708.00,6779.41,0.54,
2025-01-21,2025-01,FAC 0003-00040005,FAC,false,C0001,GRANOS DEL SUR S.A.,Distribuidor,Avellaneda,BLEND1K,CAF-BLEND-1K,true,Codigo viejo informado en ventas; corresponde a Blend Casa 1 kg.,Blend Casa 1 kg,UN,CAFE,S,59.00,18000.00,40.00,637200.00,9800.00,578200.00,59000.00,0.09,
2025-01-18,2025-01,FAC 0003-00040009,FAC,false,C0001,GRANOS DEL SUR S.A.,Distribuidor,Avellaneda,CAF-BRAS-1K,CAF-BRAS-1K,false,,Brasil Cerrado 1 kg,UN,CAFE,S,21.00,17000.00,40.00,214200.00,9300.00,195300.00,18900.00,0.09,M. Paz
2025-04-15,2025-04,FAC 0003-00041526,FAC,false,C9001,CONSUMIDOR FINAL,Local,CABA,CAF-COLOM-250,CAF-COLOM-250,false,,Colombia Huila 250 g,UN,CAFE,S,2.00,8753.19,0.00,17506.39,3843.00,7686.00,9820.39,0.56,
2025-03-01,2025-03,FAC 0003-00040868,FAC,false,C0123,La Ventanita de Almagro II,Mayorista,CABA,CAP-FILTRO-100,CAP-FILTRO-100,false,,Filtros de papel x 100,UN,ACCESORIOS,S,3.00,3342.35,35.00,6517.58,1985.00,5955.00,562.58,0.09,
2025-02-09,2025-02,FAC 0003-00040580,FAC,false,C9002,VENTA ONLINE,Ecommerce,,CAF-BLEND-250,CAF-BLEND-250,false,,Blend Casa 250 g,UN,CAFE,S,3.00,5723.20,0.00,17169.60,2616.00,7848.00,9321.60,0.54,
2025-04-16,2025-04,FAC 0003-00041471,FAC,false,C9002,VENTA ONLINE,Ecommerce,,CAF-ETIOP-250,CAF-ETIOP-250,false,,Etiopia Yirgacheffe 250 g,UN,CAFE,S,2.00,10140.90,0.00,20281.79,4377.00,8754.00,11527.79,0.57,
2025-02-04,2025-02,FAC 0003-00040454,FAC,false,C0126,Panaderia Parque Chas,Mayorista,CABA,CAF-BLEND-1K,CAF-BLEND-1K,false,,Blend Casa 1 kg,UN,CAFE,S,6.00,18396.00,32.00,75055.68,10016.00,60096.00,14959.68,0.20,M. Paz
2025-01-16,2025-01,FAC 0003-00040052,FAC,false,C0138,El Almacen de Constitucion,Mayorista,CABA,CAP-FILTRO-100,CAP-FILTRO-100,false,,Filtros de papel x 100,UN,ACCESORIOS,S,6.00,3200.00,30.00,13440.00,1900.00,11400.00,2040.00,0.15,
2025-04-08,2025-04,FAC 0003-00041274,FAC,false,C0127,Cafe Parque Chas II,Mayorista,CABA,CAF-BLEND-1K,CAF-BLEND-1K,false,,Blend Casa 1 kg,UN,CAFE,S,6.00,19214.33,32.00,78394.46,10461.00,62766.00,15628.46,0.20,M. Paz
2025-06-25,2025-06,FAC 0003-00042121,FAC,false,C0124,Coffee Lab Flores,Mayorista,CABA,CAF-BRAS-1K,CAF-BRAS-1K,false,,Brasil Cerrado 1 kg,UN,CAFE,S,3.00,18954.11,35.00,36960.51,10369.00,31107.00,5853.51,0.16,R. Ibarra
2025-05-04,2025-05,FAC 0003-00041837,FAC,false,C9002,VENTA ONLINE,Ecommerce,,CAF-CAPS-10,CAF-CAPS-10,false,,Capsulas compatibles x10,UN,CAFE,S,3.00,7527.53,0.00,22582.60,3600.00,10800.00,11782.60,0.52,
2025-02-05,2025-02,FAC 0003-00040713,FAC,false,C9001,CONSUMIDOR FINAL,Local,CABA,CAF-BLEND-250,CAF-BLEND-250,false,,Blend Casa 250 g,UN,CAFE,S,1.00,5723.20,0.00,5723.20,2616.00,2616.00,3107.20,0.54,
2025-01-24,2025-01,FAC 0003-00040231,FAC,false,C9002,VENTA ONLINE,Ecommerce,,CAF-CAPS-10,CAF-CAPS-10,false,,Capsulas compatibles x10,UN,CAFE,S,2.00,6900.00,0.00,13800.00,3300.00,6600.00,7200.00,0.52,
2025-05-03,2025-05,FAC 0003-00041659,FAC,false,C0107,La Ventanita de Nunez II,Mayorista,CABA,CAF-BLEND-1K,CAF-BLEND-1K,false,,Blend Casa 1 kg,UN,CAFE,S,9.00,19637.04,35.00,114876.70,10691.00,96219.00,18657.70,0.16,M. Paz
2025-01-24,2025-01,FAC 0003-00040206,FAC,false,C9002,VENTA ONLINE,Ecommerce,,CAP-TAZA,CAP-TAZA,false,,Taza ceramica logo,UN,ACCESORIOS,S,1.00,8900.00,0.00,8900.00,4200.00,4200.00,4700.00,0.53,
2025-03-17,2025-03,FAC 0003-00040847,FAC,false,C0102,Bar Belgrano,Mayorista,CABA,CAF-BLEND-1K,CAF-BLEND-1K,false,,Blend Casa 1 kg,UN,CAFE,S,6.00,18800.71,35.00,73322.78,10236.00,61416.00,11906.78,0.16,R. Ibarra
2025-01-13,2025-01,FAC 0003-00040325,FAC,false,C9001,CONSUMIDOR FINAL,Local,CABA,CAF-COLOM-250,CAF-COLOM-250,false,,Colombia Huila 250 g,UN,CAFE,S,1.00,8200.00,0.00,8200.00,3600.00,3600.00,4600.00,0.56,
2025-04-22,2025-04,FAC 0003-00041432,FAC,false,C9002,VENTA ONLINE,Ecommerce,,CAF-BRAS-250,CAF-BRAS-250,false,,Brasil Cerrado 250 g,UN,CAFE,S,2.00,5657.55,0.00,11315.10,2594.00,5188.00,6127.10,0.54,
2025-02-08,2025-02,FAC 0003-00040742,FAC,false,C9001,CONSUMIDOR FINAL,Local,CABA,CAF-BLEND-1K,CAF-BLEND-1K,false,,Blend Casa 1 kg,UN,CAFE,S,1.00,18396.00,0.00,18396.00,10016.00,10016.00,8380.00,0.46,
2025-05-10,2025-05,FAC 0003-00041763,FAC,false,C9002,VENTA ONLINE,Ecommerce,,CAF-ETIOP-250,CAF-ETIOP-250,false,,Etiopia Yirgacheffe 250 g,UN,CAFE,S,3.00,10363.99,0.00,31091.98,4473.00,13419.00,17672.98,0.57,
2025-03-26,2025-03,FAC 0003-00040891,FAC,false,C9002,VENTA ONLINE,Ecommerce,,CAF-BLEND-250,CAF-BLEND-250,false,,Blend Casa 250 g,UN,CAFE,S,1.00,5849.11,0.00,5849.11,2674.00,2674.00,3175.11,0.54,
2025-01-09,2025-01,FAC 0003-00040299,FAC,false,C9001,CONSUMIDOR FINAL,Local,CABA,CAF-COLOM-250,CAF-COLOM-250,false,,Colombia Huila 250 g,UN,CAFE,S,1.00,8200.00,0.00,8200.00,3600.00,3600.00,4600.00,0.56,
2025-01-01,2025-01,FAC 0003-00040138,FAC,false,C9002,VENTA ONLINE,Ecommerce,,CAF-BRAS-250,CAF-BRAS-250,false,,Brasil Cerrado 250 g,UN,CAFE,S,3.00,5300.00,0.00,15900.00,2430.00,7290.00,8610.00,0.54,
2025-04-19,2025-04,FAC 0003-00041580,FAC,false,C9001,CONSUMIDOR FINAL,Local,CABA,CAF-BLEND-1K,CAF-BLEND-1K,false,,Blend Casa 1 kg,UN,CAFE,S,2.00,19214.33,0.00,38428.66,10461.00,20922.00,17506.66,0.46,
2025-04-14,2025-04,FAC 0003-00041265,FAC,false,C0120,Tostado Chacarita,Mayorista,CABA,CAP-FILTRO-100,CAP-FILTRO-100,false,,Filtros de papel x 100,UN,ACCESORIOS,S,4.00,3415.88,32.00,9291.19,2028.00,8112.00,1179.19,0.13,
2025-02-21,2025-02,FAC 0003-00040693,FAC,false,C9001,CONSUMIDOR FINAL,Local,CABA,CAF-BLEND-250,CAF-BLEND-250,false,,Blend Casa 250 g,UN,CAFE,S,1.00,5723.20,0.00,5723.20,2616.00,2616.00,3107.20,0.54,
2025-03-16,2025-03,FAC 0003-00040931,FAC,false,C9002,VENTA ONLINE,Ecommerce,,CAF-BLEND-250,CAF-BLEND-250,false,,Blend Casa 250 g,UN,CAFE,S,1.00,5849.11,0.00,5849.11,2674.00,2674.00,3175.11,0.54,
2025-01-08,2025-01,FAC 0003-00040106,FAC,false,C9002,VENTA ONLINE,Ecommerce,,CAF-ETIOP-250,CAF-ETIOP-250,false,,Etiopia Yirgacheffe 250 g,UN,CAFE,S,1.00,9500.00,0.00,9500.00,4100.00,4100.00,5400.00,0.57,
2025-04-03,2025-04,FAC 0003-00041490,FAC,false,C9002,VENTA ONLINE,Ecommerce,,CAF-COLOM-250,CAF-COLOM-250,false,,Colombia Huila 250 g,UN,CAFE,S,2.00,8753.19,0.00,17506.39,3843.00,7686.00,9820.39,0.56,
2025-05-22,2025-05,FAC 0003-00041663,FAC,false,C0110,Panaderia Devoto,Mayorista,CABA,CAF-BRAS-1K,CAF-BRAS-1K,false,,Brasil Cerrado 1 kg,UN,CAFE,S,3.00,18546.10,35.00,36164.89,10146.00,30438.00,5726.89,0.16,R. Ibarra
2025-01-25,2025-01,FAC 0003-00040134,FAC,false,C9002,VENTA ONLINE,Ecommerce,,CAF-COLOM-250,CAF-COLOM-250,false,,Colombia Huila 250 g,UN,CAFE,S,1.00,8200.00,0.00,8200.00,3600.00,3600.00,4600.00,0.56,
2025-06-16,2025-06,FAC 0003-00042137,FAC,false,C0137,Panaderia Villa Urquiza II,Mayorista,CABA,CAF-BLEND-1K,CAF-BLEND-1K,false,,Blend Casa 1 kg,UN,CAFE,S,3.00,20069.06,30.00,42145.02,10926.00,32778.00,9367.02,0.22,
2025-05-11,2025-05,FAC 0003-00041822,FAC,false,C9002,VENTA ONLINE,Ecommerce,,CAF-COLOM-250,CAF-COLOM-250,false,,Colombia Huila 250 g,UN,CAFE,S,3.00,8945.76,0.00,26837.29,3927.00,11781.00,15056.29,0.56,
2025-04-17,2025-04,FAC 0003-00041510,FAC,false,C9002,VENTA ONLINE,Ecommerce,,CAF-CAPS-10,CAF-CAPS-10,false,,Capsulas compatibles x10,UN,CAFE,S,3.00,7365.49,0.00,22096.48,3523.00,10569.00,11527.48,0.52,
2025-02-26,2025-02,FAC 0003-00040829,FAC,false,C9001,CONSUMIDOR FINAL,Local,CABA,CAP-FILTRO-100,CAP-FILTRO-100,false,,Filtros de papel x 100,UN,ACCESORIOS,S,2.00,3270.40,0.00,6540.80,1942.00,3884.00,2656.80,0.41,
2025-06-22,2025-06,FAC 0003-00042494,FAC,false,C9001,CONSUMIDOR FINAL,Local,CABA,CAF-COLOM-250,CAF-COLOM-250,false,,Colombia Huila 250 g,UN,CAFE,S,1.00,9142.57,0.00,9142.57,4014.00,4014.00,5128.57,0.56,
2025-05-11,2025-05,FAC 0003-00042018,FAC,false,C9001,CONSUMIDOR FINAL,Local,CABA,CAF-ETIOP-250,CAF-ETIOP-250,false,,Etiopia Yirgacheffe 250 g,UN,CAFE,S,2.00,10363.99,0.00,20727.99,4473.00,8946.00,11781.99,0.57,
2025-02-20,2025-02,FAC 0003-00040545,FAC,false,C9002,VENTA ONLINE,Ecommerce,,CAF-BRAS-250,CAF-BRAS-250,false,,Brasil Cerrado 250 g,UN,CAFE,S,1.00,5416.60,0.00,5416.60,2483.00,2483.00,2933.60,0.54,
2025-04-26,2025-04,FAC 0003-00041604,FAC,false,C9001,CONSUMIDOR FINAL,Local,CABA,CAF-ETIOP-250,CAF-ETIOP-250,false,,Etiopia Yirgacheffe 250 g,UN,CAFE,S,2.00,10140.90,0.00,20281.79,4377.00,8754.00,11527.79,0.57,
2025-06-25,2025-06,FAC 0003-00042473,FAC,false,C9001,CONSUMIDOR FINAL,Local,CABA,CAF-BLEND-1K,CAF-BLEND-1K,false,,Blend Casa 1 kg,UN,CAFE,S,1.00,20069.06,0.00,20069.06,10926.00,10926.00,9143.06,0.46,
2025-02-28,2025-02,FAC 0003-00040781,FAC,false,C9001,CONSUMIDOR FINAL,Local,CABA,CAF-COLOM-250,CAF-COLOM-250,false,,Colombia Huila 250 g,UN,CAFE,S,1.00,8380.40,0.00,8380.40,3679.00,3679.00,4701.40,0.56,
2025-05-04,2025-05,FAC 0003-00041850,FAC,false,C9002,VENTA ONLINE,Ecommerce,,CAF-ETIOP-250,CAF-ETIOP-250,false,,Etiopia Yirgacheffe 250 g,UN,CAFE,S,1.00,10363.99,0.00,10363.99,4473.00,4473.00,5890.99,0.57,
2025-03-19,2025-03,FAC 0003-00040904,FAC,false,C9002,VENTA ONLINE,Ecommerce,,CAF-COLOM-250,CAF-COLOM-250,false,,Colombia Huila 250 g,UN,CAFE,S,2.00,8564.77,0.00,17129.54,3760.00,7520.00,9609.54,0.56,
2025-04-12,2025-04,FAC 0003-00041240,FAC,false,C0001,GRANOS DEL SUR S.A.,Distribuidor,Avellaneda,CAF-BRAS-1K,CAF-BRAS-1K,false,,Brasil Cerrado 1 kg,UN,CAFE,S,21.00,18146.87,40.00,228650.50,9927.00,208467.00,20183.50,0.09,
2025-06-21,2025-06,FAC 0003-00042446,FAC,false,C9001,CONSUMIDOR FINAL,Local,CABA,CAP-FILTRO-100,CAP-FILTRO-100,false,,Filtros de papel x 100,UN,ACCESORIOS,S,2.00,3567.83,0.00,7135.67,2118.00,4236.00,2899.67,0.41,
2025-01-12,2025-01,FAC 0003-00040378,FAC,false,C9001,CONSUMIDOR FINAL,Local,CABA,CAF-BLEND-250,CAF-BLEND-250,false,,Blend Casa 250 g,UN,CAFE,S,2.00,5600.00,0.00,11200.00,2560.00,5120.00,6080.00,0.54,
2025-04-26,2025-04,FAC 0003-00041297,FAC,false,C9002,VENTA ONLINE,Ecommerce,,CAF-DESCA-250,CAF-DESCA-250,false,,Descafeinado 250 g,UN,CAFE,S,1.00,7899.22,0.00,7899.22,3736.00,3736.00,4163.22,0.53,
2025-01-23,2025-01,FAC 0003-00040388,FAC,false,C9001,CONSUMIDOR FINAL,Local,CABA,CAF-ETIOP-250,CAF-ETIOP-250,false,,Etiopia Yirgacheffe 250 g,UN,CAFE,S,1.00,9500.00,0.00,9500.00,4100.00,4100.00,5400.00,0.57,
2025-04-17,2025-04,FAC 0003-00041516,FAC,false,C9002,VENTA ONLINE,Ecommerce,,CAF-ETIOP-250,CAF-ETIOP-250,false,,Etiopia Yirgacheffe 250 g,UN,CAFE,S,3.00,10140.90,0.00,30422.69,4377.00,13131.00,17291.69,0.57,
2025-05-26,2025-05,FAC 0003-00041710,FAC,false,C9002,VENTA ONLINE,Ecommerce,,CAF-ETIOP-250,CAF-ETIOP-250,false,,Etiopia Yirgacheffe 250 g,UN,CAFE,S,3.00,10363.99,0.00,31091.98,4473.00,13419.00,17672.98,0.57,
2025-02-17,2025-02,FAC 0003-00040778,FAC,false,C9001,CONSUMIDOR FINAL,Local,CABA,CAF-BLEND-250,CAF-BLEND-250,false,,Blend Casa 250 g,UN,CAFE,S,1.00,5723.20,0.00,5723.20,2616.00,2616.00,3107.20,0.54,
2025-03-10,2025-03,FAC 0003-00040969,FAC,false,C9002,VENTA ONLINE,Ecommerce,,CAF-DESCA-250,CAF-DESCA-250,false,,Descafeinado 250 g,UN,CAFE,S,1.00,7729.18,0.00,7729.18,3656.00,3656.00,4073.18,0.53,
2025-06-07,2025-06,FAC 0003-00042212,FAC,false,C9002,VENTA ONLINE,Ecommerce,,CAF-ETIOP-250,CAF-ETIOP-250,false,,Etiopia Yirgacheffe 250 g,UN,CAFE,S,1.00,10592.00,0.00,10592.00,4571.00,4571.00,6021.00,0.57,
2025-01-19,2025-01,FAC 0003-00040044,FAC,false,C0130,Usina Coghlan,Mayorista,CABA,CAF-BLEND-1K,CAF-BLEND-1K,false,,Blend Casa 1 kg,UN,CAFE,S,9.00,18000.00,30.00,113400.00,9800.00,88200.00,25200.00,0.22,R. Ibarra
2025-03-23,2025-03,FAC 0003-00040843,FAC,false,C0001,GRANOS DEL SUR S.A.,Distribuidor,Avellaneda,CAF-BLEND-CJ6,CAF-BLEND-CJ6,false,,Blend Casa CAJA X 6 (1kg c/u),CAJA X6,CAFE,S,8.00,106537.37,40.00,511379.37,61416.00,491328.00,20051.37,0.04,M. Paz
2025-04-16,2025-04,FAC 0003-00041251,FAC,false,C0106,El Almacen de Nunez,Mayorista,CABA,CAF-BLEND-1K,CAF-BLEND-1K,false,,Blend Casa 1 kg,UN,CAFE,S,3.00,19214.33,30.00,40350.09,10461.00,31383.00,8967.09,0.22,M. Paz
2025-06-16,2025-06,FAC 0003-00042280,FAC,false,C9002,VENTA ONLINE,Ecommerce,,CAF-BLEND-250,CAF-BLEND-250,false,,Blend Casa 250 g,UN,CAFE,S,3.00,6243.71,0.00,18731.12,2854.00,8562.00,10169.12,0.54,
2025-06-26,2025-06,FAC 0003-00042216,FAC,false,C9002,VENTA ONLINE,Ecommerce,,CAP-FILTRO-100,CAP-FILTRO-100,false,,Filtros de papel x 100,UN,ACCESORIOS,S,3.00,3567.83,0.00,10703.50,2118.00,6354.00,4349.50,0.41,
2025-06-13,2025-06,FAC 0003-00042223,FAC,false,C9002,VENTA ONLINE,Ecommerce,,CAF-DESCA-250,CAF-DESCA-250,false,,Descafeinado 250 g,UN,CAFE,S,3.00,8250.61,0.00,24751.84,3902.00,11706.00,13045.84,0.53,
2025-06-18,2025-06,FAC 0003-00042172,FAC,false,C9002,VENTA ONLINE,Ecommerce,,CAF-CAPS-10,CAF-CAPS-10,false,,Capsulas compatibles x10,UN,CAFE,S,3.00,7693.14,0.00,23079.42,3679.00,11037.00,12042.42,0.52,
2025-05-28,2025-05,FAC 0003-00041673,FAC,false,C0119,Coffee Lab Saavedra II,Mayorista,CABA,CAF-BLEND-1K,CAF-BLEND-1K,false,,Blend Casa 1 kg,UN,CAFE,S,5.00,19637.04,35.00,63820.39,10691.00,53455.00,10365.39,0.16,R. Ibarra
2025-03-25,2025-03,FAC 0003-00040988,FAC,false,C9002,VENTA ONLINE,Ecommerce,,CAF-CAPS-10,CAF-CAPS-10,false,,Capsulas compatibles x10,UN,CAFE,S,1.00,7206.94,0.00,7206.94,3447.00,3447.00,3759.94,0.52,
2025-03-02,2025-03,FAC 0003-00041054,FAC,false,C9002,VENTA ONLINE,Ecommerce,,CAP-TAZA,CAP-TAZA,false,,Taza ceramica logo,UN,ACCESORIOS,S,2.00,9295.91,0.00,18591.82,4387.00,8774.00,9817.82,0.53,
2025-04-21,2025-04,FAC 0003-00041375,FAC,false,C9002,VENTA ONLINE,Ecommerce,,CAF-ETIOP-250,CAF-ETIOP-250,false,,Etiopia Yirgacheffe 250 g,UN,CAFE,S,2.00,10140.90,0.00,20281.79,4377.00,8754.00,11527.79,0.57,
2025-04-18,2025-04,FAC 0003-00041352,FAC,false,C9002,VENTA ONLINE,Ecommerce,,CAF-ETIOP-250,CAF-ETIOP-250,false,,Etiopia Yirgacheffe 250 g,UN,CAFE,S,1.00,10140.90,0.00,10140.90,4377.00,4377.00,5763.90,0.57,
2025-03-10,2025-03,FAC 0003-00040846,FAC,false,C0101,El Almacen de Palermo II,Mayorista,CABA,CAF-BLEND-1K,CAF-BLEND-1K,false,,Blend Casa 1 kg,UN,CAFE,S,9.00,18800.71,35.00,109984.17,10236.00,92124.00,17860.17,0.16,M. Paz
2025-06-01,2025-06,FAC 0003-00042308,FAC,false,C9002,VENTA ONLINE,Ecommerce,,CAF-BRAS-250,CAF-BRAS-250,false,,Brasil Cerrado 250 g,UN,CAFE,S,1.00,5909.22,0.00,5909.22,2709.00,2709.00,3200.22,0.54,
2025-03-14,2025-03,FAC 0003-00040935,FAC,false,C9002,VENTA ONLINE,Ecommerce,,CAF-COLOM-250,CAF-COLOM-250,false,,Colombia Huila 250 g,UN,CAFE,S,3.00,8564.77,0.00,25694.31,3760.00,11280.00,14414.31,0.56,
2025-04-17,2025-04,FAC 0003-00041319,FAC,false,C9002,VENTA ONLINE,Ecommerce,,CAF-ETIOP-250,CAF-ETIOP-250,false,,Etiopia Yirgacheffe 250 g,UN,CAFE,S,2.00,10140.90,0.00,20281.79,4377.00,8754.00,11527.79,0.57,
2025-05-18,2025-05,FAC 0003-00041913,FAC,false,C9002,VENTA ONLINE,Ecommerce,,CAF-COLOM-250,CAF-COLOM-250,false,,Colombia Huila 250 g,UN,CAFE,S,3.00,8945.76,0.00,26837.29,3927.00,11781.00,15056.29,0.56,
2025-02-03,2025-02,FAC 0003-00040745,FAC,false,C9001,CONSUMIDOR FINAL,Local,CABA,CAF-COLOM-250,CAF-COLOM-250,false,,Colombia Huila 250 g,UN,CAFE,S,1.00,8380.40,0.00,8380.40,3679.00,3679.00,4701.40,0.56,
2025-05-03,2025-05,FAC 0003-00042006,FAC,false,C9001,CONSUMIDOR FINAL,Local,CABA,CAF-COLOM-250,CAF-COLOM-250,false,,Colombia Huila 250 g,UN,CAFE,S,2.00,8945.76,0.00,17891.53,3927.00,7854.00,10037.53,0.56,
2025-01-26,2025-01,FAC 0003-00040051,FAC,false,C0138,El Almacen de Constitucion,Mayorista,CABA,CAF-BLEND-1K,CAF-BLEND-1K,false,,Blend Casa 1 kg,UN,CAFE,S,8.00,18000.00,30.00,100800.00,9800.00,78400.00,22400.00,0.22,M. Paz
2025-06-19,2025-06,FAC 0003-00042197,FAC,false,C9002,VENTA ONLINE,Ecommerce,,CAF-BLEND-250,CAF-BLEND-250,false,,Blend Casa 250 g,UN,CAFE,S,2.00,6243.71,0.00,12487.41,2854.00,5708.00,6779.41,0.54,
2025-02-22,2025-02,FAC 0003-00040429,FAC,false,C0106,El Almacen de Nunez,Mayorista,CABA,CAF-BRAS-1K,CAF-BRAS-1K,false,,Brasil Cerrado 1 kg,UN,CAFE,S,6.00,17374.00,30.00,72970.80,9505.00,57030.00,15940.80,0.22,M. Paz
2025-05-18,2025-05,FAC 0003-00041711,FAC,false,C9002,VENTA ONLINE,Ecommerce,,CAF-COLOM-250,CAF-COLOM-250,false,,Colombia Huila 250 g,UN,CAFE,S,3.00,8945.76,0.00,26837.29,3927.00,11781.00,15056.29,0.56,
2025-01-02,2025-01,FAC 0003-00040228,FAC,false,C9002,VENTA ONLINE,Ecommerce,,CAF-BLEND-250,CAF-BLEND-250,false,,Blend Casa 250 g,UN,CAFE,S,3.00,5600.00,0.00,16800.00,2560.00,7680.00,9120.00,0.54,
2025-06-08,2025-06,FAC 0003-00042176,FAC,false,C9002,VENTA ONLINE,Ecommerce,,CAF-BRAS-250,CAF-BRAS-250,false,,Brasil Cerrado 250 g,UN,CAFE,S,2.00,5909.22,0.00,11818.45,2709.00,5418.00,6400.45,0.54,
2025-04-06,2025-04,FAC 0003-00041326,FAC,false,C9002,VENTA ONLINE,Ecommerce,,CAF-BRAS-250,CAF-BRAS-250,false,,Brasil Cerrado 250 g,UN,CAFE,S,3.00,5657.55,0.00,16972.66,2594.00,7782.00,9190.66,0.54,
2025-01-06,2025-01,FAC 0003-00040006,FAC,false,C0001,GRANOS DEL SUR S.A.,Distribuidor,Avellaneda,CAF-BRAS-1K,CAF-BRAS-1K,false,,Brasil Cerrado 1 kg,UN,CAFE,S,12.00,17000.00,40.00,122400.00,9300.00,111600.00,10800.00,0.09,R. Ibarra
2025-02-24,2025-02,FAC 0003-00040738,FAC,false,C9001,CONSUMIDOR FINAL,Local,CABA,CAF-COLOM-250,CAF-COLOM-250,false,,Colombia Huila 250 g,UN,CAFE,S,1.00,8380.40,0.00,8380.40,3679.00,3679.00,4701.40,0.56,
2025-06-18,2025-06,FAC 0003-00042179,FAC,false,C9002,VENTA ONLINE,Ecommerce,,CAF-COLOM-250,CAF-COLOM-250,false,,Colombia Huila 250 g,UN,CAFE,S,3.00,9142.57,0.00,27427.71,4014.00,12042.00,15385.71,0.56,
2025-03-05,2025-03,FAC 0003-00040901,FAC,false,C9002,VENTA ONLINE,Ecommerce,,CAF-BLEND-250,CAF-BLEND-250,false,,Blend Casa 250 g,UN,CAFE,S,3.00,5849.11,0.00,17547.33,2674.00,8022.00,9525.33,0.54,
2025-03-11,2025-03,FAC 0003-00041234,FAC,false,C9001,CONSUMIDOR FINAL,Local,CABA,CAF-COLOM-250,CAF-COLOM-250,false,,Colombia Huila 250 g,UN,CAFE,S,2.00,8564.77,0.00,17129.54,3760.00,7520.00,9609.54,0.56,
2025-02-12,2025-02,FAC 0003-00040598,FAC,false,C9002,VENTA ONLINE,Ecommerce,,CAF-ETIOP-250,CAF-ETIOP-250,false,,Etiopia Yirgacheffe 250 g,UN,CAFE,S,2.00,9709.00,0.00,19418.00,4190.00,8380.00,11038.00,0.57,
2025-01-03,2025-01,FAC 0003-00040001,FAC,false,C0001,GRANOS DEL SUR S.A.,Distribuidor,Avellaneda,BLEND1K,CAF-BLEND-1K,true,Codigo viejo informado en ventas; corresponde a Blend Casa 1 kg.,Blend Casa 1 kg,UN,CAFE,S,37.00,18000.00,40.00,399600.00,9800.00,362600.00,37000.00,0.09,
2025-05-23,2025-05,FAC 0003-00041653,FAC,false,C0102,Bar Belgrano,Mayorista,CABA,CAF-BLEND-1K,CAF-BLEND-1K,false,,Blend Casa 1 kg,UN,CAFE,S,4.00,19637.04,35.00,51056.31,10691.00,42764.00,8292.31,0.16,M. Paz
2025-01-07,2025-01,FAC 0003-00040385,FAC,false,C9001,CONSUMIDOR FINAL,Local,CABA,CAF-BLEND-250,CAF-BLEND-250,false,,Blend Casa 250 g,UN,CAFE,S,1.00,5600.00,0.00,5600.00,2560.00,2560.00,3040.00,0.54,
2025-02-15,2025-02,FAC 0003-00040667,FAC,false,C9002,VENTA ONLINE,Ecommerce,,CAF-ETIOP-250,CAF-ETIOP-250,false,,Etiopia Yirgacheffe 250 g,UN,CAFE,S,1.00,9709.00,0.00,9709.00,4190.00,4190.00,5519.00,0.57,
2025-06-17,2025-06,FAC 0003-00042087,FAC,false,C0001,GRANOS DEL SUR S.A.,Distribuidor,Avellaneda,CAF-BLEND-CJ6,CAF-BLEND-CJ6,false,,Blend Casa CAJA X 6 (1kg c/u),CAJA X6,CAFE,S,5.00,113724.66,40.00,341173.98,65559.00,327795.00,13378.98,0.04,
2025-02-10,2025-02,FAC 0003-00040610,FAC,false,C9002,VENTA ONLINE,Ecommerce,,CAF-BLEND-250,CAF-BLEND-250,false,,Blend Casa 250 g,UN,CAFE,S,1.00,5723.20,0.00,5723.20,2616.00,2616.00,3107.20,0.54,
2025-03-21,2025-03,FAC 0003-00041121,FAC,false,C9001,CONSUMIDOR FINAL,Local,CABA,CAF-COLOM-250,CAF-COLOM-250,false,,Colombia Huila 250 g,UN,CAFE,S,1.00,8564.77,0.00,8564.77,3760.00,3760.00,4804.77,0.56,
2025-02-16,2025-02,FAC 0003-00040642,FAC,false,C9002,VENTA ONLINE,Ecommerce,,CAF-ETIOP-250,CAF-ETIOP-250,false,,Etiopia Yirgacheffe 250 g,UN,CAFE,S,2.00,9709.00,0.00,19418.00,4190.00,8380.00,11038.00,0.57,
2025-02-20,2025-02,FAC 0003-00040629,FAC,false,C9002,VENTA ONLINE,Ecommerce,,CAF-ETIOP-250,CAF-ETIOP-250,false,,Etiopia Yirgacheffe 250 g,UN,CAFE,S,2.00,9709.00,0.00,19418.00,4190.00,8380.00,11038.00,0.57,
2025-03-16,2025-03,FAC 0003-00040886,FAC,false,C0137,Panaderia Villa Urquiza II,Mayorista,CABA,CAF-ETIOP-250,CAF-ETIOP-250,false,,Etiopia Yirgacheffe 250 g,UN,CAFE,S,6.00,9922.60,30.00,41674.91,4282.00,25692.00,15982.91,0.38,R. Ibarra
2025-05-17,2025-05,FAC 0003-00041716,FAC,false,C9002,VENTA ONLINE,Ecommerce,,CAF-BRAS-250,CAF-BRAS-250,false,,Brasil Cerrado 250 g,UN,CAFE,S,2.00,5782.02,0.00,11564.04,2651.00,5302.00,6262.04,0.54,
2025-01-07,2025-01,FAC 0003-00040145,FAC,false,C9002,VENTA ONLINE,Ecommerce,,CAF-BLEND-250,CAF-BLEND-250,false,,Blend Casa 250 g,UN,CAFE,S,1.00,5600.00,0.00,5600.00,2560.00,2560.00,3040.00,0.54,
2025-01-10,2025-01,FAC 0003-00040126,FAC,false,C9002,VENTA ONLINE,Ecommerce,,CAF-ETIOP-250,CAF-ETIOP-250,false,,Etiopia Yirgacheffe 250 g,UN,CAFE,S,2.00,9500.00,0.00,19000.00,4100.00,8200.00,10800.00,0.57,
2025-02-19,2025-02,FAC 0003-00040695,FAC,false,C9001,CONSUMIDOR FINAL,Local,CABA,CAF-COLOM-250,CAF-COLOM-250,false,,Colombia Huila 250 g,UN,CAFE,S,1.00,8380.40,0.00,8380.40,3679.00,3679.00,4701.40,0.56,
2025-05-05,2025-05,FAC 0003-00041882,FAC,false,C9002,VENTA ONLINE,Ecommerce,,CAF-COLOM-250,CAF-COLOM-250,false,,Colombia Huila 250 g,UN,CAFE,S,3.00,8945.76,0.00,26837.29,3927.00,11781.00,15056.29,0.56,
2025-04-28,2025-04,FAC 0003-00041537,FAC,false,C9001,CONSUMIDOR FINAL,Local,CABA,CAF-BLEND-1K,CAF-BLEND-1K,false,,Blend Casa 1 kg,UN,CAFE,S,1.00,19214.33,0.00,19214.33,10461.00,10461.00,8753.33,0.46,
2025-05-03,2025-05,FAC 0003-00041743,FAC,false,C9002,VENTA ONLINE,Ecommerce,,CAF-ETIOP-250,CAF-ETIOP-250,false,,Etiopia Yirgacheffe 250 g,UN,CAFE,S,3.00,10363.99,0.00,31091.98,4473.00,13419.00,17672.98,0.57,
2025-03-19,2025-03,FAC 0003-00041120,FAC,false,C9001,CONSUMIDOR FINAL,Local,CABA,CAP-FILTRO-100,CAP-FILTRO-100,false,,Filtros de papel x 100,UN,ACCESORIOS,S,1.00,3342.35,0.00,3342.35,1985.00,1985.00,1357.35,0.41,
2025-05-03,2025-05,FAC 0003-00042078,FAC,false,C9001,CONSUMIDOR FINAL,Local,CABA,CAF-BLEND-250,CAF-BLEND-250,false,,Blend Casa 250 g,UN,CAFE,S,2.00,6109.30,0.00,12218.60,2793.00,5586.00,6632.60,0.54,
2025-03-22,2025-03,FAC 0003-00041110,FAC,false,C9002,VENTA ONLINE,Ecommerce,,CAF-BRAS-250,CAF-BRAS-250,false,,Brasil Cerrado 250 g,UN,CAFE,S,1.00,5535.77,0.00,5535.77,2538.00,2538.00,2997.77,0.54,
2025-04-20,2025-04,FAC 0003-00041420,FAC,false,C9002,VENTA ONLINE,Ecommerce,,CAF-COLOM-250,CAF-COLOM-250,false,,Colombia Huila 250 g,UN,CAFE,S,1.00,8753.19,0.00,8753.19,3843.00,3843.00,4910.19,0.56,
2025-06-23,2025-06,FAC 0003-00042316,FAC,false,C9002,VENTA ONLINE,Ecommerce,,CAF-ETIOP-250,CAF-ETIOP-250,false,,Etiopia Yirgacheffe 250 g,UN,CAFE,S,1.00,10592.00,0.00,10592.00,4571.00,4571.00,6021.00,0.57,
2025-04-18,2025-04,FAC 0003-00041244,FAC,false,C0001,GRANOS DEL SUR S.A.,Distribuidor,Avellaneda,BLEND1K,CAF-BLEND-1K,true,Codigo viejo informado en ventas; corresponde a Blend Casa 1 kg.,Blend Casa 1 kg,UN,CAFE,S,54.00,19214.33,40.00,622544.22,10461.00,564894.00,57650.22,0.09,
2025-06-07,2025-06,FAC 0003-00042099,FAC,false,C0108,Coffee Lab Colegiales,Mayorista,CABA,CAF-BRAS-1K,CAF-BRAS-1K,false,,Brasil Cerrado 1 kg,UN,CAFE,S,6.00,18954.11,32.00,77332.77,10369.00,62214.00,15118.77,0.20,
2025-04-14,2025-04,FAC 0003-00041587,FAC,false,C9001,CONSUMIDOR FINAL,Local,CABA,CAF-BLEND-250,CAF-BLEND-250,false,,Blend Casa 250 g,UN,CAFE,S,2.00,5977.79,0.00,11955.58,2733.00,5466.00,6489.58,0.54,
2025-04-03,2025-04,FAC 0003-00041355,FAC,false,C9002,VENTA ONLINE,Ecommerce,,CAF-BLEND-250,CAF-BLEND-250,false,,Blend Casa 250 g,UN,CAFE,S,3.00,5977.79,0.00,17933.37,2733.00,8199.00,9734.37,0.54,
2025-04-26,2025-04,FAC 0003-00041380,FAC,false,C9002,VENTA ONLINE,Ecommerce,,CAP-FILTRO-100,CAP-FILTRO-100,false,,Filtros de papel x 100,UN,ACCESORIOS,S,2.00,3415.88,0.00,6831.76,2028.00,4056.00,2775.76,0.41,
2025-06-07,2025-06,FAC 0003-00042199,FAC,false,C9002,VENTA ONLINE,Ecommerce,,CAF-CAPS-10,CAF-CAPS-10,false,,Capsulas compatibles x10,UN,CAFE,S,3.00,7693.14,0.00,23079.42,3679.00,11037.00,12042.42,0.52,
2025-01-09,2025-01,FAC 0003-00040199,FAC,false,C9002,VENTA ONLINE,Ecommerce,,CAF-ETIOP-250,CAF-ETIOP-250,false,,Etiopia Yirgacheffe 250 g,UN,CAFE,S,2.00,9500.00,0.00,19000.00,4100.00,8200.00,10800.00,0.57,
2025-05-18,2025-05,FAC 0003-00041660,FAC,false,C0108,Coffee Lab Colegiales,Mayorista,CABA,CAF-BLEND-1K,CAF-BLEND-1K,false,,Blend Casa 1 kg,UN,CAFE,S,3.00,19637.04,32.00,40059.57,10691.00,32073.00,7986.57,0.20,
2025-03-19,2025-03,FAC 0003-00041044,FAC,false,C9002,VENTA ONLINE,Ecommerce,,CAF-BLEND-250,CAF-BLEND-250,false,,Blend Casa 250 g,UN,CAFE,S,2.00,5849.11,0.00,11698.22,2674.00,5348.00,6350.22,0.54,
2025-02-03,2025-02,FAC 0003-00040566,FAC,false,C9002,VENTA ONLINE,Ecommerce,,CAF-CAPS-10,CAF-CAPS-10,false,,Capsulas compatibles x10,UN,CAFE,S,3.00,7051.80,0.00,21155.40,3373.00,10119.00,11036.40,0.52,
2025-04-07,2025-04,FAC 0003-00041285,FAC,false,C0138,El Almacen de Constitucion,Mayorista,CABA,CAF-BLEND-1K,CAF-BLEND-1K,false,,Blend Casa 1 kg,UN,CAFE,S,10.00,19214.33,30.00,134500.29,10461.00,104610.00,29890.29,0.22,R. Ibarra
2025-02-01,2025-02,FAC 0003-00040646,FAC,false,C9002,VENTA ONLINE,Ecommerce,,CAF-COLOM-250,CAF-COLOM-250,false,,Colombia Huila 250 g,UN,CAFE,S,1.00,8380.40,0.00,8380.40,3679.00,3679.00,4701.40,0.56,
2025-06-20,2025-06,FAC 0003-00042351,FAC,false,C9002,VENTA ONLINE,Ecommerce,,CAF-BLEND-250,CAF-BLEND-250,false,,Blend Casa 250 g,UN,CAFE,S,1.00,6243.71,0.00,6243.71,2854.00,2854.00,3389.71,0.54,
2025-02-06,2025-02,FAC 0003-00040420,FAC,false,C0001,GRANOS DEL SUR S.A.,Distribuidor,Avellaneda,BLEND1K,CAF-BLEND-1K,true,Codigo viejo informado en ventas; corresponde a Blend Casa 1 kg.,Blend Casa 1 kg,UN,CAFE,S,53.00,18396.00,40.00,584992.80,10016.00,530848.00,54144.80,0.09,M. Paz
2025-02-02,2025-02,FAC 0003-00040485,FAC,false,C9002,VENTA ONLINE,Ecommerce,,CAF-ETIOP-250,CAF-ETIOP-250,false,,Etiopia Yirgacheffe 250 g,UN,CAFE,S,3.00,9709.00,0.00,29127.00,4190.00,12570.00,16557.00,0.57,
2025-04-16,2025-04,FAC 0003-00041471,FAC,false,C9002,VENTA ONLINE,Ecommerce,,CAF-COLOM-250,CAF-COLOM-250,false,,Colombia Huila 250 g,UN,CAFE,S,3.00,8753.19,0.00,26259.58,3843.00,11529.00,14730.58,0.56,
2025-04-20,2025-04,FAC 0003-00041425,FAC,false,C9002,VENTA ONLINE,Ecommerce,,CAF-BLEND-250,CAF-BLEND-250,false,,Blend Casa 250 g,UN,CAFE,S,2.00,5977.79,0.00,11955.58,2733.00,5466.00,6489.58,0.54,
2025-02-01,2025-02,FAC 0003-00040436,FAC,false,C0111,Cafe Devoto II,Mayorista,CABA,CAF-BLEND-1K,CAF-BLEND-1K,false,,Blend Casa 1 kg,UN,CAFE,S,9.00,18396.00,35.00,107616.60,10016.00,90144.00,17472.60,0.16,
2025-02-01,2025-02,FAC 0003-00040516,FAC,false,C9002,VENTA ONLINE,Ecommerce,,CAF-BRAS-250,CAF-BRAS-250,false,,Brasil Cerrado 250 g,UN,CAFE,S,1.00,5416.60,0.00,5416.60,2483.00,2483.00,2933.60,0.54,
2025-06-17,2025-06,FAC 0003-00042193,FAC,false,C9002,VENTA ONLINE,Ecommerce,,CAF-ETIOP-250,CAF-ETIOP-250,false,,Etiopia Yirgacheffe 250 g,UN,CAFE,S,2.00,10592.00,0.00,21184.01,4571.00,9142.00,12042.01,0.57,
2025-03-25,2025-03,FAC 0003-00040925,FAC,false,C9002,VENTA ONLINE,Ecommerce,,CAF-ETIOP-250,CAF-ETIOP-250,false,,Etiopia Yirgacheffe 250 g,UN,CAFE,S,1.00,9922.60,0.00,9922.60,4282.00,4282.00,5640.60,0.57,
2025-05-07,2025-05,FAC 0003-00041775,FAC,false,C9002,VENTA ONLINE,Ecommerce,,CAF-BLEND-250,CAF-BLEND-250,false,,Blend Casa 250 g,UN,CAFE,S,3.00,6109.30,0.00,18327.91,2793.00,8379.00,9948.91,0.54,
2025-05-07,2025-05,FAC 0003-00041923,FAC,false,C9002,VENTA ONLINE,Ecommerce,,CAF-BRAS-250,CAF-BRAS-250,false,,Brasil Cerrado 250 g,UN,CAFE,S,3.00,5782.02,0.00,17346.05,2651.00,7953.00,9393.05,0.54,
2025-05-08,2025-05,FAC 0003-00042074,FAC,false,C9001,CONSUMIDOR FINAL,Local,CABA,CAF-BLEND-250,CAF-BLEND-250,false,,Blend Casa 250 g,UN,CAFE,S,2.00,6109.30,0.00,12218.60,2793.00,5586.00,6632.60,0.54,
2025-06-25,2025-06,FAC 0003-00042390,FAC,false,C9002,VENTA ONLINE,Ecommerce,,CAP-FILTRO-100,CAP-FILTRO-100,false,,Filtros de papel x 100,UN,ACCESORIOS,S,2.00,3567.83,0.00,7135.67,2118.00,4236.00,2899.67,0.41,
2025-06-12,2025-06,FAC 0003-00042141,FAC,false,C0139,La Ventanita de Constitucion II,Mayorista,CABA,CAF-BLEND-1K,CAF-BLEND-1K,false,,Blend Casa 1 kg,UN,CAFE,S,10.00,20069.06,30.00,140483.40,10926.00,109260.00,31223.40,0.22,
2025-05-04,2025-05,FAC 0003-00041780,FAC,false,C9002,VENTA ONLINE,Ecommerce,,CAF-COLOM-250,CAF-COLOM-250,false,,Colombia Huila 250 g,UN,CAFE,S,3.00,8945.76,0.00,26837.29,3927.00,11781.00,15056.29,0.56,
2025-06-19,2025-06,FAC 0003-00042236,FAC,false,C9002,VENTA ONLINE,Ecommerce,,CAF-COLOM-250,CAF-COLOM-250,false,,Colombia Huila 250 g,UN,CAFE,S,3.00,9142.57,0.00,27427.71,4014.00,12042.00,15385.71,0.56,
2025-04-05,2025-04,FAC 0003-00041448,FAC,false,C9002,VENTA ONLINE,Ecommerce,,CAF-BLEND-250,CAF-BLEND-250,false,,Blend Casa 250 g,UN,CAFE,S,2.00,5977.79,0.00,11955.58,2733.00,5466.00,6489.58,0.54,
2025-04-25,2025-04,FAC 0003-00041533,FAC,false,C9001,CONSUMIDOR FINAL,Local,CABA,CAF-COLOM-250,CAF-COLOM-250,false,,Colombia Huila 250 g,UN,CAFE,S,2.00,8753.19,0.00,17506.39,3843.00,7686.00,9820.39,0.56,
2025-04-09,2025-04,FAC 0003-00041545,FAC,false,C9001,CONSUMIDOR FINAL,Local,CABA,CAF-ETIOP-250,CAF-ETIOP-250,false,,Etiopia Yirgacheffe 250 g,UN,CAFE,S,1.00,10140.90,0.00,10140.90,4377.00,4377.00,5763.90,0.57,
2025-04-15,2025-04,FAC 0003-00041609,FAC,false,C9001,CONSUMIDOR FINAL,Local,CABA,CAF-COLOM-250,CAF-COLOM-250,false,,Colombia Huila 250 g,UN,CAFE,S,1.00,8753.19,0.00,8753.19,3843.00,3843.00,4910.19,0.56,
2025-02-26,2025-02,FAC 0003-00040587,FAC,false,C9002,VENTA ONLINE,Ecommerce,,CAF-DESCA-250,CAF-DESCA-250,false,,Descafeinado 250 g,UN,CAFE,S,3.00,7562.80,0.00,22688.40,3577.00,10731.00,11957.40,0.53,
2025-03-22,2025-03,FAC 0003-00040970,FAC,false,C9002,VENTA ONLINE,Ecommerce,,CAF-ETIOP-250,CAF-ETIOP-250,false,,Etiopia Yirgacheffe 250 g,UN,CAFE,S,3.00,9922.60,0.00,29767.79,4282.00,12846.00,16921.79,0.57,
2025-04-01,2025-04,FAC 0003-00041291,FAC,false,C9002,VENTA ONLINE,Ecommerce,,CAF-BLEND-250,CAF-BLEND-250,false,,Blend Casa 250 g,UN,CAFE,S,2.00,5977.79,0.00,11955.58,2733.00,5466.00,6489.58,0.54,
2025-04-23,2025-04,FAC 0003-00041414,FAC,false,C9002,VENTA ONLINE,Ecommerce,,CAF-ETIOP-250,CAF-ETIOP-250,false,,Etiopia Yirgacheffe 250 g,UN,CAFE,S,1.00,10140.90,0.00,10140.90,4377.00,4377.00,5763.90,0.57,
2025-01-13,2025-01,FAC 0003-00040024,FAC,false,C0111,Cafe Devoto II,Mayorista,CABA,CAF-BRAS-1K,CAF-BRAS-1K,false,,Brasil Cerrado 1 kg,UN,CAFE,S,4.00,17000.00,35.00,44200.00,9300.00,37200.00,7000.00,0.16,M. Paz
2025-05-16,2025-05,FAC 0003-00041934,FAC,false,C9002,VENTA ONLINE,Ecommerce,,CAF-BLEND-250,CAF-BLEND-250,false,,Blend Casa 250 g,UN,CAFE,S,3.00,6109.30,0.00,18327.91,2793.00,8379.00,9948.91,0.54,
2025-03-11,2025-03,FAC 0003-00041176,FAC,false,C9001,CONSUMIDOR FINAL,Local,CABA,CAF-BLEND-250,CAF-BLEND-250,false,,Blend Casa 250 g,UN,CAFE,S,2.00,5849.11,0.00,11698.22,2674.00,5348.00,6350.22,0.54,
2025-06-02,2025-06,FAC 0003-00042392,FAC,false,C9002,VENTA ONLINE,Ecommerce,,CAP-TAZA,CAP-TAZA,false,,Taza ceramica logo,UN,ACCESORIOS,S,1.00,9923.03,0.00,9923.03,4683.00,4683.00,5240.03,0.53,
2025-05-16,2025-05,FAC 0003-00041736,FAC,false,C9002,VENTA ONLINE,Ecommerce,,CAF-BRAS-250,CAF-BRAS-250,false,,Brasil Cerrado 250 g,UN,CAFE,S,2.00,5782.02,0.00,11564.04,2651.00,5302.00,6262.04,0.54,
2025-02-12,2025-02,FAC 0003-00040470,FAC,false,C0137,Panaderia Villa Urquiza II,Mayorista,CABA,CAF-BRAS-1K,CAF-BRAS-1K,false,,Brasil Cerrado 1 kg,UN,CAFE,S,8.00,17374.00,30.00,97294.40,9505.00,76040.00,21254.40,0.22,M. Paz
2025-02-28,2025-02,FAC 0003-00040439,FAC,false,C0113,Bar Recoleta II,Mayorista,CABA,CAF-ETIOP-250,CAF-ETIOP-250,false,,Etiopia Yirgacheffe 250 g,UN,CAFE,S,9.00,9709.00,30.00,61166.70,4190.00,37710.00,23456.70,0.38,M. Paz
2025-01-07,2025-01,FAC 0003-00040234,FAC,false,C9002,VENTA ONLINE,Ecommerce,,CAF-COLOM-250,CAF-COLOM-250,false,,Colombia Huila 250 g,UN,CAFE,S,2.00,8200.00,0.00,16400.00,3600.00,7200.00,9200.00,0.56,
2025-01-25,2025-01,FAC 0003-00040197,FAC,false,C9002,VENTA ONLINE,Ecommerce,,CAF-COLOM-250,CAF-COLOM-250,false,,Colombia Huila 250 g,UN,CAFE,S,2.00,8200.00,0.00,16400.00,3600.00,7200.00,9200.00,0.56,
2025-01-01,2025-01,FAC 0003-00040186,FAC,false,C9002,VENTA ONLINE,Ecommerce,,CAF-BLEND-250,CAF-BLEND-250,false,,Blend Casa 250 g,UN,CAFE,S,3.00,5600.00,0.00,16800.00,2560.00,7680.00,9120.00,0.54,
2025-05-10,2025-05,FAC 0003-00041957,FAC,false,C9001,CONSUMIDOR FINAL,Local,CABA,CAF-BLEND-1K,CAF-BLEND-1K,false,,Blend Casa 1 kg,UN,CAFE,S,2.00,19637.04,0.00,39274.09,10691.00,21382.00,17892.09,0.46,
2025-05-07,2025-05,FAC 0003-00041646,FAC,false,C0001,GRANOS DEL SUR S.A.,Distribuidor,Avellaneda,CAF-BLEND-CJ6,CAF-BLEND-CJ6,false,,Blend Casa CAJA X 6 (1kg c/u),CAJA X6,CAFE,S,8.00,111276.58,40.00,534127.57,64148.00,513184.00,20943.57,0.04,R. Ibarra
2025-05-12,2025-05,FAC 0003-00041958,FAC,false,C9001,CONSUMIDOR FINAL,Local,CABA,CAF-COLOM-250,CAF-COLOM-250,false,,Colombia Huila 250 g,UN,CAFE,S,2.00,8945.76,0.00,17891.53,3927.00,7854.00,10037.53,0.56,
2025-04-27,2025-04,FAC 0003-00041502,FAC,false,C9002,VENTA ONLINE,Ecommerce,,CAF-BLEND-250,CAF-BLEND-250,false,,Blend Casa 250 g,UN,CAFE,S,3.00,5977.79,0.00,17933.37,2733.00,8199.00,9734.37,0.54,
2025-06-26,2025-06,FAC 0003-00042454,FAC,false,C9001,CONSUMIDOR FINAL,Local,CABA,CAF-BLEND-250,CAF-BLEND-250,false,,Blend Casa 250 g,UN,CAFE,S,2.00,6243.71,0.00,12487.41,2854.00,5708.00,6779.41,0.54,
2025-06-13,2025-06,FAC 0003-00042363,FAC,false,C9002,VENTA ONLINE,Ecommerce,,CAF-BRAS-250,CAF-BRAS-250,false,,Brasil Cerrado 250 g,UN,CAFE,S,1.00,5909.22,0.00,5909.22,2709.00,2709.00,3200.22,0.54,
2025-03-19,2025-03,FAC 0003-00040869,FAC,false,C0124,Coffee Lab Flores,Mayorista,CABA,CAF-BLEND-1K,CAF-BLEND-1K,false,,Blend Casa 1 kg,UN,CAFE,S,4.00,18800.71,35.00,48881.85,10236.00,40944.00,7937.85,0.16,M. Paz
2025-03-22,2025-03,FAC 0003-00040910,FAC,false,C9002,VENTA ONLINE,Ecommerce,,CAF-DESCA-250,CAF-DESCA-250,false,,Descafeinado 250 g,UN,CAFE,S,3.00,7729.18,0.00,23187.54,3656.00,10968.00,12219.54,0.53,
2025-05-17,2025-05,FAC 0003-00041712,FAC,false,C9002,VENTA ONLINE,Ecommerce,,CAF-BRAS-250,CAF-BRAS-250,false,,Brasil Cerrado 250 g,UN,CAFE,S,3.00,5782.02,0.00,17346.05,2651.00,7953.00,9393.05,0.54,
2025-06-23,2025-06,FAC 0003-00042332,FAC,false,C9002,VENTA ONLINE,Ecommerce,,CAF-BRAS-250,CAF-BRAS-250,false,,Brasil Cerrado 250 g,UN,CAFE,S,3.00,5909.22,0.00,17727.67,2709.00,8127.00,9600.67,0.54,
2025-03-06,2025-03,FAC 0003-00040913,FAC,false,C9002,VENTA ONLINE,Ecommerce,,CAF-BLEND-250,CAF-BLEND-250,false,,Blend Casa 250 g,UN,CAFE,S,1.00,5849.11,0.00,5849.11,2674.00,2674.00,3175.11,0.54,
2025-05-24,2025-05,FAC 0003-00041813,FAC,false,C9002,VENTA ONLINE,Ecommerce,,CAP-TAZA,CAP-TAZA,false,,Taza ceramica logo,UN,ACCESORIOS,S,2.00,9709.43,0.00,19418.85,4582.00,9164.00,10254.85,0.53,
2025-04-24,2025-04,FAC 0003-00041263,FAC,false,C0116,Cafe Caballito,Mayorista,CABA,CAF-BLEND-1K,CAF-BLEND-1K,false,,Blend Casa 1 kg,UN,CAFE,S,3.00,19214.33,32.00,39197.23,10461.00,31383.00,7814.23,0.20,M. Paz
2025-04-06,2025-04,FAC 0003-00041608,FAC,false,C9001,CONSUMIDOR FINAL,Local,CABA,CAF-BLEND-250,CAF-BLEND-250,false,,Blend Casa 250 g,UN,CAFE,S,1.00,5977.79,0.00,5977.79,2733.00,2733.00,3244.79,0.54,
2025-02-01,2025-02,FAC 0003-00040474,FAC,false,C9002,VENTA ONLINE,Ecommerce,,CAF-ETIOP-250,CAF-ETIOP-250,false,,Etiopia Yirgacheffe 250 g,UN,CAFE,S,1.00,9709.00,0.00,9709.00,4190.00,4190.00,5519.00,0.57,
2025-01-26,2025-01,FAC 0003-00040293,FAC,false,C9001,CONSUMIDOR FINAL,Local,CABA,CAF-ETIOP-250,CAF-ETIOP-250,false,,Etiopia Yirgacheffe 250 g,UN,CAFE,S,2.00,9500.00,0.00,19000.00,4100.00,8200.00,10800.00,0.57,
2025-03-28,2025-03,FAC 0003-00040858,FAC,false,C0112,La Ventanita de Recoleta,Mayorista,CABA,CAF-BLEND-1K,CAF-BLEND-1K,false,,Blend Casa 1 kg,UN,CAFE,S,9.00,18800.71,35.00,109984.17,10236.00,92124.00,17860.17,0.16,
2025-04-03,2025-04,FAC 0003-00041490,FAC,false,C9002,VENTA ONLINE,Ecommerce,,CAF-BLEND-250,CAF-BLEND-250,false,,Blend Casa 250 g,UN,CAFE,S,3.00,5977.79,0.00,17933.37,2733.00,8199.00,9734.37,0.54,
2025-06-01,2025-06,FAC 0003-00042177,FAC,false,C9002,VENTA ONLINE,Ecommerce,,CAF-BLEND-250,CAF-BLEND-250,false,,Blend Casa 250 g,UN,CAFE,S,2.00,6243.71,0.00,12487.41,2854.00,5708.00,6779.41,0.54,
2025-06-05,2025-06,FAC 0003-00042357,FAC,false,C9002,VENTA ONLINE,Ecommerce,,CAF-ETIOP-250,CAF-ETIOP-250,false,,Etiopia Yirgacheffe 250 g,UN,CAFE,S,3.00,10592.00,0.00,31776.01,4571.00,13713.00,18063.01,0.57,
2025-04-08,2025-04,FAC 0003-00041289,FAC,false,C9002,VENTA ONLINE,Ecommerce,,CAF-ETIOP-250,CAF-ETIOP-250,false,,Etiopia Yirgacheffe 250 g,UN,CAFE,S,2.00,10140.90,0.00,20281.79,4377.00,8754.00,11527.79,0.57,
2025-02-15,2025-02,FAC 0003-00040708,FAC,false,C9001,CONSUMIDOR FINAL,Local,CABA,CAF-COLOM-250,CAF-COLOM-250,false,,Colombia Huila 250 g,UN,CAFE,S,2.00,8380.40,0.00,16760.80,3679.00,7358.00,9402.80,0.56,
2025-01-03,2025-01,FAC 0003-00040079,FAC,false,C9002,VENTA ONLINE,Ecommerce,,CAF-BLEND-250,CAF-BLEND-250,false,,Blend Casa 250 g,UN,CAFE,S,3.00,5600.00,0.00,16800.00,2560.00,7680.00,9120.00,0.54,
2025-05-23,2025-05,FAC 0003-00041929,FAC,false,C9002,VENTA ONLINE,Ecommerce,,CAF-ETIOP-250,CAF-ETIOP-250,false,,Etiopia Yirgacheffe 250 g,UN,CAFE,S,2.00,10363.99,0.00,20727.99,4473.00,8946.00,11781.99,0.57,
2025-01-19,2025-01,FAC 0003-00040076,FAC,false,C9002,VENTA ONLINE,Ecommerce,,CAF-BRAS-250,CAF-BRAS-250,false,,Brasil Cerrado 250 g,UN,CAFE,S,2.00,5300.00,0.00,10600.00,2430.00,4860.00,5740.00,0.54,
2025-01-02,2025-01,FAC 0003-00040228,FAC,false,C9002,VENTA ONLINE,Ecommerce,,CAF-CAPS-10,CAF-CAPS-10,false,,Capsulas compatibles x10,UN,CAFE,S,2.00,6900.00,0.00,13800.00,3300.00,6600.00,7200.00,0.52,
2025-05-04,2025-05,FAC 0003-00041751,FAC,false,C9002,VENTA ONLINE,Ecommerce,,CAF-ETIOP-250,CAF-ETIOP-250,false,,Etiopia Yirgacheffe 250 g,UN,CAFE,S,3.00,10363.99,0.00,31091.98,4473.00,13419.00,17672.98,0.57,
2025-04-06,2025-04,FAC 0003-00041264,FAC,false,C0118,Bar Saavedra,Mayorista,CABA,CAF-BRAS-1K,CAF-BRAS-1K,false,,Brasil Cerrado 1 kg,UN,CAFE,S,8.00,18146.87,32.00,98718.95,9927.00,79416.00,19302.95,0.20,M. Paz
2025-03-27,2025-03,FAC 0003-00040916,FAC,false,C9002,VENTA ONLINE,Ecommerce,,CAF-ETIOP-250,CAF-ETIOP-250,false,,Etiopia Yirgacheffe 250 g,UN,CAFE,S,1.00,9922.60,0.00,9922.60,4282.00,4282.00,5640.60,0.57,
2025-02-10,2025-02,FAC 0003-00040606,FAC,false,C9002,VENTA ONLINE,Ecommerce,,CAF-DESCA-250,CAF-DESCA-250,false,,Descafeinado 250 g,UN,CAFE,S,3.00,7562.80,0.00,22688.40,3577.00,10731.00,11957.40,0.53,
2025-06-11,2025-06,FAC 0003-00042277,FAC,false,C9002,VENTA ONLINE,Ecommerce,,CAF-BLEND-250,CAF-BLEND-250,false,,Blend Casa 250 g,UN,CAFE,S,3.00,6243.71,0.00,18731.12,2854.00,8562.00,10169.12,0.54,
2025-06-15,2025-06,FAC 0003-00042254,FAC,false,C9002,VENTA ONLINE,Ecommerce,,CAF-BRAS-250,CAF-BRAS-250,false,,Brasil Cerrado 250 g,UN,CAFE,S,3.00,5909.22,0.00,17727.67,2709.00,8127.00,9600.67,0.54,
2025-02-12,2025-02,FAC 0003-00040598,FAC,false,C9002,VENTA ONLINE,Ecommerce,,CAF-DESCA-250,CAF-DESCA-250,false,,Descafeinado 250 g,UN,CAFE,S,2.00,7562.80,0.00,15125.60,3577.00,7154.00,7971.60,0.53,
2025-06-09,2025-06,FAC 0003-00042296,FAC,false,C9002,VENTA ONLINE,Ecommerce,,CAF-ETIOP-250,CAF-ETIOP-250,false,,Etiopia Yirgacheffe 250 g,UN,CAFE,S,2.00,10592.00,0.00,21184.01,4571.00,9142.00,12042.01,0.57,
2025-01-22,2025-01,FAC 0003-00040165,FAC,false,C9002,VENTA ONLINE,Ecommerce,,CAF-ETIOP-250,CAF-ETIOP-250,false,,Etiopia Yirgacheffe 250 g,UN,CAFE,S,3.00,9500.00,0.00,28500.00,4100.00,12300.00,16200.00,0.57,
2025-03-25,2025-03,FAC 0003-00041089,FAC,false,C9002,VENTA ONLINE,Ecommerce,,CAP-TAZA,CAP-TAZA,false,,Taza ceramica logo,UN,ACCESORIOS,S,3.00,9295.91,0.00,27887.72,4387.00,13161.00,14726.72,0.53,
2025-01-26,2025-01,FAC 0003-00040057,FAC,false,C9002,VENTA ONLINE,Ecommerce,,CAF-BRAS-250,CAF-BRAS-250,false,,Brasil Cerrado 250 g,UN,CAFE,S,1.00,5300.00,0.00,5300.00,2430.00,2430.00,2870.00,0.54,
2025-05-04,2025-05,FAC 0003-00041780,FAC,false,C9002,VENTA ONLINE,Ecommerce,,CAF-ETIOP-250,CAF-ETIOP-250,false,,Etiopia Yirgacheffe 250 g,UN,CAFE,S,1.00,10363.99,0.00,10363.99,4473.00,4473.00,5890.99,0.57,
2025-06-25,2025-06,FAC 0003-00042497,FAC,false,C9001,CONSUMIDOR FINAL,Local,CABA,CAF-BLEND-1K,CAF-BLEND-1K,false,,Blend Casa 1 kg,UN,CAFE,S,1.00,20069.06,0.00,20069.06,10926.00,10926.00,9143.06,0.46,
2025-02-04,2025-02,FAC 0003-00040751,FAC,false,C9001,CONSUMIDOR FINAL,Local,CABA,CAF-ETIOP-250,CAF-ETIOP-250,false,,Etiopia Yirgacheffe 250 g,UN,CAFE,S,1.00,9709.00,0.00,9709.00,4190.00,4190.00,5519.00,0.57,
2025-03-02,2025-03,FAC 0003-00041053,FAC,false,C9002,VENTA ONLINE,Ecommerce,,CAP-TAZA,CAP-TAZA,false,,Taza ceramica logo,UN,ACCESORIOS,S,2.00,9295.91,0.00,18591.82,4387.00,8774.00,9817.82,0.53,
2025-03-22,2025-03,FAC 0003-00041116,FAC,false,C9002,VENTA ONLINE,Ecommerce,,CAF-COLOM-250,CAF-COLOM-250,false,,Colombia Huila 250 g,UN,CAFE,S,1.00,8564.77,0.00,8564.77,3760.00,3760.00,4804.77,0.56,
2025-02-19,2025-02,FAC 0003-00040456,FAC,false,C0127,Cafe Parque Chas II,Mayorista,CABA,CAF-BLEND-1K,CAF-BLEND-1K,false,,Blend Casa 1 kg,UN,CAFE,S,4.00,18396.00,32.00,50037.12,10016.00,40064.00,9973.12,0.20,M. Paz
2025-04-04,2025-04,FAC 0003-00041378,FAC,false,C9002,VENTA ONLINE,Ecommerce,,CAF-ETIOP-250,CAF-ETIOP-250,false,,Etiopia Yirgacheffe 250 g,UN,CAFE,S,3.00,10140.90,0.00,30422.69,4377.00,13131.00,17291.69,0.57,
2025-04-01,2025-04,FAC 0003-00041248,FAC,false,C0103,Coffee Lab Belgrano II,Mayorista,CABA,CAF-BRAS-1K,CAF-BRAS-1K,false,,Brasil Cerrado 1 kg,UN,CAFE,S,4.00,18146.87,35.00,47181.85,9927.00,39708.00,7473.85,0.16,
2025-06-17,2025-06,FAC 0003-00042095,FAC,false,C0104,Tostado Villa Crespo,Mayorista,CABA,CAF-BLEND-1K,CAF-BLEND-1K,false,,Blend Casa 1 kg,UN,CAFE,S,6.00,20069.06,35.00,78269.33,10926.00,65556.00,12713.33,0.16,R. Ibarra
2025-03-23,2025-03,FAC 0003-00041203,FAC,false,C9001,CONSUMIDOR FINAL,Local,CABA,CAP-FILTRO-100,CAP-FILTRO-100,false,,Filtros de papel x 100,UN,ACCESORIOS,S,2.00,3342.35,0.00,6684.70,1985.00,3970.00,2714.70,0.41,
2025-05-15,2025-05,FAC 0003-00041970,FAC,false,C9001,CONSUMIDOR FINAL,Local,CABA,CAF-BLEND-1K,CAF-BLEND-1K,false,,Blend Casa 1 kg,UN,CAFE,S,2.00,19637.04,0.00,39274.09,10691.00,21382.00,17892.09,0.46,
2025-06-27,2025-06,FAC 0003-00042349,FAC,false,C9002,VENTA ONLINE,Ecommerce,,CAF-COLOM-250,CAF-COLOM-250,false,,Colombia Huila 250 g,UN,CAFE,S,2.00,9142.57,0.00,18285.14,4014.00,8028.00,10257.14,0.56,
2025-06-26,2025-06,FAC 0003-00042088,FAC,false,C0001,GRANOS DEL SUR S.A.,Distribuidor,Avellaneda,BLEND1K,CAF-BLEND-1K,true,Codigo viejo informado en ventas; corresponde a Blend Casa 1 kg.,Blend Casa 1 kg,UN,CAFE,S,44.00,20069.06,40.00,529823.13,10926.00,480744.00,49079.13,0.09,R. Ibarra
2025-03-28,2025-03,FAC 0003-00041202,FAC,false,C9001,CONSUMIDOR FINAL,Local,CABA,CAF-ETIOP-250,CAF-ETIOP-250,false,,Etiopia Yirgacheffe 250 g,UN,CAFE,S,1.00,9922.60,0.00,9922.60,4282.00,4282.00,5640.60,0.57,
2025-01-26,2025-01,FAC 0003-00040128,FAC,false,C9002,VENTA ONLINE,Ecommerce,,CAF-COLOM-250,CAF-COLOM-250,false,,Colombia Huila 250 g,UN,CAFE,S,3.00,8200.00,0.00,24600.00,3600.00,10800.00,13800.00,0.56,
2025-01-23,2025-01,FAC 0003-00040270,FAC,false,C9001,CONSUMIDOR FINAL,Local,CABA,CAF-ETIOP-250,CAF-ETIOP-250,false,,Etiopia Yirgacheffe 250 g,UN,CAFE,S,1.00,9500.00,0.00,9500.00,4100.00,4100.00,5400.00,0.57,
2025-04-14,2025-04,FAC 0003-00041258,FAC,false,C0111,Cafe Devoto II,Mayorista,CABA,CAF-BLEND-1K,CAF-BLEND-1K,false,,Blend Casa 1 kg,UN,CAFE,S,8.00,19214.33,35.00,99914.50,10461.00,83688.00,16226.50,0.16,
2025-06-09,2025-06,FAC 0003-00042397,FAC,false,C9002,VENTA ONLINE,Ecommerce,,CAF-DESCA-250,CAF-DESCA-250,false,,Descafeinado 250 g,UN,CAFE,S,2.00,8250.61,0.00,16501.23,3902.00,7804.00,8697.23,0.53,
2025-01-07,2025-01,FAC 0003-00040013,FAC,false,C0103,Coffee Lab Belgrano II,Mayorista,CABA,CAF-BLEND-1K,CAF-BLEND-1K,false,,Blend Casa 1 kg,UN,CAFE,S,3.00,18000.00,35.00,35100.00,9800.00,29400.00,5700.00,0.16,R. Ibarra
2025-06-13,2025-06,FAC 0003-00042102,FAC,false,C0109,Usina Colegiales II,Mayorista,CABA,CAP-FILTRO-100,CAP-FILTRO-100,false,,Filtros de papel x 100,UN,ACCESORIOS,S,2.00,3567.83,32.00,4852.25,2118.00,4236.00,616.25,0.13,M. Paz
2025-04-27,2025-04,FAC 0003-00041527,FAC,false,C9001,CONSUMIDOR FINAL,Local,CABA,CAF-BLEND-1K,CAF-BLEND-1K,false,,Blend Casa 1 kg,UN,CAFE,S,2.00,19214.33,0.00,38428.66,10461.00,20922.00,17506.66,0.46,
2025-05-16,2025-05,FAC 0003-00041681,FAC,false,C0126,Panaderia Parque Chas,Mayorista,CABA,CAF-BLEND-1K,CAF-BLEND-1K,false,,Blend Casa 1 kg,UN,CAFE,S,7.00,19637.04,32.00,93472.32,10691.00,74837.00,18635.32,0.20,
2025-02-14,2025-02,FAC 0003-00040444,FAC,false,C0119,Coffee Lab Saavedra II,Mayorista,CABA,CAF-BLEND-1K,CAF-BLEND-1K,false,,Blend Casa 1 kg,UN,CAFE,S,9.00,18396.00,35.00,107616.60,10016.00,90144.00,17472.60,0.16,M. Paz
2025-03-01,2025-03,FAC 0003-00041087,FAC,false,C9002,VENTA ONLINE,Ecommerce,,CAF-BRAS-250,CAF-BRAS-250,false,,Brasil Cerrado 250 g,UN,CAFE,S,3.00,5535.77,0.00,16607.30,2538.00,7614.00,8993.30,0.54,
2025-05-24,2025-05,FAC 0003-00041752,FAC,false,C9002,VENTA ONLINE,Ecommerce,,CAF-ETIOP-250,CAF-ETIOP-250,false,,Etiopia Yirgacheffe 250 g,UN,CAFE,S,2.00,10363.99,0.00,20727.99,4473.00,8946.00,11781.99,0.57,
2025-01-11,2025-01,FAC 0003-00040209,FAC,false,C9002,VENTA ONLINE,Ecommerce,,CAF-ETIOP-250,CAF-ETIOP-250,false,,Etiopia Yirgacheffe 250 g,UN,CAFE,S,3.00,9500.00,0.00,28500.00,4100.00,12300.00,16200.00,0.57,
2025-02-19,2025-02,FAC 0003-00040434,FAC,false,C0110,Panaderia Devoto,Mayorista,CABA,CAF-BLEND-1K,CAF-BLEND-1K,false,,Blend Casa 1 kg,UN,CAFE,S,7.00,18396.00,35.00,83701.80,10016.00,70112.00,13589.80,0.16,M. Paz
2025-04-25,2025-04,FAC 0003-00041276,FAC,false,C0129,Bar San Telmo II,Mayorista,CABA,CAF-BRAS-1K,CAF-BRAS-1K,false,,Brasil Cerrado 1 kg,UN,CAFE,S,5.00,18146.87,32.00,61699.34,9927.00,49635.00,12064.34,0.20,
2025-02-02,2025-02,FAC 0003-00040515,FAC,false,C9002,VENTA ONLINE,Ecommerce,,CAF-COLOM-250,CAF-COLOM-250,false,,Colombia Huila 250 g,UN,CAFE,S,1.00,8380.40,0.00,8380.40,3679.00,3679.00,4701.40,0.56,
2025-04-04,2025-04,FAC 0003-00041313,FAC,false,C9002,VENTA ONLINE,Ecommerce,,CAF-CAPS-10,CAF-CAPS-10,false,,Capsulas compatibles x10,UN,CAFE,S,2.00,7365.49,0.00,14730.98,3523.00,7046.00,7684.98,0.52,
2025-02-13,2025-02,FAC 0003-00040427,FAC,false,C0103,Coffee Lab Belgrano II,Mayorista,CABA,CAF-BRAS-1K,CAF-BRAS-1K,false,,Brasil Cerrado 1 kg,UN,CAFE,S,8.00,17374.00,35.00,90344.80,9505.00,76040.00,14304.80,0.16,R. Ibarra
2025-05-20,2025-05,FAC 0003-00041721,FAC,false,C9002,VENTA ONLINE,Ecommerce,,CAF-ETIOP-250,CAF-ETIOP-250,false,,Etiopia Yirgacheffe 250 g,UN,CAFE,S,2.00,10363.99,0.00,20727.99,4473.00,8946.00,11781.99,0.57,
2025-01-15,2025-01,FAC 0003-00040222,FAC,false,C9002,VENTA ONLINE,Ecommerce,,CAF-BLEND-250,CAF-BLEND-250,false,,Blend Casa 250 g,UN,CAFE,S,3.00,5600.00,0.00,16800.00,2560.00,7680.00,9120.00,0.54,
2025-04-01,2025-04,FAC 0003-00041528,FAC,false,C9001,CONSUMIDOR FINAL,Local,CABA,CAF-BLEND-1K,CAF-BLEND-1K,false,,Blend Casa 1 kg,UN,CAFE,S,2.00,19214.33,0.00,38428.66,10461.00,20922.00,17506.66,0.46,
2025-04-05,2025-04,FAC 0003-00041540,FAC,false,C9001,CONSUMIDOR FINAL,Local,CABA,CAF-BLEND-1K,CAF-BLEND-1K,false,,Blend Casa 1 kg,UN,CAFE,S,1.00,19214.33,0.00,19214.33,10461.00,10461.00,8753.33,0.46,
2025-05-10,2025-05,FAC 0003-00041705,FAC,false,C9002,VENTA ONLINE,Ecommerce,,CAF-BRAS-250,CAF-BRAS-250,false,,Brasil Cerrado 250 g,UN,CAFE,S,1.00,5782.02,0.00,5782.02,2651.00,2651.00,3131.02,0.54,
2025-01-01,2025-01,FAC 0003-00040142,FAC,false,C9002,VENTA ONLINE,Ecommerce,,CAF-ETIOP-250,CAF-ETIOP-250,false,,Etiopia Yirgacheffe 250 g,UN,CAFE,S,1.00,9500.00,0.00,9500.00,4100.00,4100.00,5400.00,0.57,
2025-05-06,2025-05,FAC 0003-00042051,FAC,false,C9001,CONSUMIDOR FINAL,Local,CABA,CAF-ETIOP-250,CAF-ETIOP-250,false,,Etiopia Yirgacheffe 250 g,UN,CAFE,S,1.00,10363.99,0.00,10363.99,4473.00,4473.00,5890.99,0.57,
2025-03-03,2025-03,FAC 0003-00041152,FAC,false,C9001,CONSUMIDOR FINAL,Local,CABA,CAF-BLEND-250,CAF-BLEND-250,false,,Blend Casa 250 g,UN,CAFE,S,2.00,5849.11,0.00,11698.22,2674.00,5348.00,6350.22,0.54,
2025-03-09,2025-03,FAC 0003-00041023,FAC,false,C9002,VENTA ONLINE,Ecommerce,,CAF-ETIOP-250,CAF-ETIOP-250,false,,Etiopia Yirgacheffe 250 g,UN,CAFE,S,1.00,9922.60,0.00,9922.60,4282.00,4282.00,5640.60,0.57,
2025-03-07,2025-03,FAC 0003-00041153,FAC,false,C9001,CONSUMIDOR FINAL,Local,CABA,CAF-ETIOP-250,CAF-ETIOP-250,false,,Etiopia Yirgacheffe 250 g,UN,CAFE,S,1.00,9922.60,0.00,9922.60,4282.00,4282.00,5640.60,0.57,
2025-02-27,2025-02,FAC 0003-00040443,FAC,false,C0118,Bar Saavedra,Mayorista,CABA,CAF-BRAS-1K,CAF-BRAS-1K,false,,Brasil Cerrado 1 kg,UN,CAFE,S,5.00,17374.00,32.00,59071.60,9505.00,47525.00,11546.60,0.20,M. Paz
2025-02-18,2025-02,FAC 0003-00040467,FAC,false,C0136,Tostado Villa Urquiza,Mayorista,CABA,CAF-BRAS-1K,CAF-BRAS-1K,false,,Brasil Cerrado 1 kg,UN,CAFE,S,3.00,17374.00,35.00,33879.30,9505.00,28515.00,5364.30,0.16,M. Paz
2025-06-26,2025-06,FAC 0003-00042175,FAC,false,C9002,VENTA ONLINE,Ecommerce,,CAF-ETIOP-250,CAF-ETIOP-250,false,,Etiopia Yirgacheffe 250 g,UN,CAFE,S,3.00,10592.00,0.00,31776.01,4571.00,13713.00,18063.01,0.57,
2025-06-25,2025-06,FAC 0003-00042402,FAC,false,C9001,CONSUMIDOR FINAL,Local,CABA,CAF-BLEND-1K,CAF-BLEND-1K,false,,Blend Casa 1 kg,UN,CAFE,S,2.00,20069.06,0.00,40138.12,10926.00,21852.00,18286.12,0.46,
2025-01-14,2025-01,FAC 0003-00040141,FAC,false,C9002,VENTA ONLINE,Ecommerce,,CAP-TAZA,CAP-TAZA,false,,Taza ceramica logo,UN,ACCESORIOS,S,2.00,8900.00,0.00,17800.00,4200.00,8400.00,9400.00,0.53,
2025-03-03,2025-03,FAC 0003-00041007,FAC,false,C9002,VENTA ONLINE,Ecommerce,,CAF-CAPS-10,CAF-CAPS-10,false,,Capsulas compatibles x10,UN,CAFE,S,1.00,7206.94,0.00,7206.94,3447.00,3447.00,3759.94,0.52,
2025-06-11,2025-06,FAC 0003-00042208,FAC,false,C9002,VENTA ONLINE,Ecommerce,,CAF-CAPS-10,CAF-CAPS-10,false,,Capsulas compatibles x10,UN,CAFE,S,2.00,7693.14,0.00,15386.28,3679.00,7358.00,8028.28,0.52,
2025-04-27,2025-04,FAC 0003-00041426,FAC,false,C9002,VENTA ONLINE,Ecommerce,,CAF-BRAS-250,CAF-BRAS-250,false,,Brasil Cerrado 250 g,UN,CAFE,S,2.00,5657.55,0.00,11315.10,2594.00,5188.00,6127.10,0.54,
2025-02-28,2025-02,FAC 0003-00040831,FAC,false,C9001,CONSUMIDOR FINAL,Local,CABA,CAF-BLEND-250,CAF-BLEND-250,false,,Blend Casa 250 g,UN,CAFE,S,1.00,5723.20,0.00,5723.20,2616.00,2616.00,3107.20,0.54,
2025-01-26,2025-01,FAC 0003-00040020,FAC,false,C0108,Coffee Lab Colegiales,Mayorista,CABA,CAF-BLEND-1K,CAF-BLEND-1K,false,,Blend Casa 1 kg,UN,CAFE,S,5.00,18000.00,32.00,61200.00,9800.00,49000.00,12200.00,0.20,R. Ibarra
2025-02-12,2025-02,FAC 0003-00040450,FAC,false,C0123,La Ventanita de Almagro II,Mayorista,CABA,CAP-FILTRO-100,CAP-FILTRO-100,false,,Filtros de papel x 100,UN,ACCESORIOS,S,4.00,3270.40,35.00,8503.04,1942.00,7768.00,735.04,0.09,
2025-02-19,2025-02,FAC 0003-00040422,FAC,false,C0001,GRANOS DEL SUR S.A.,Distribuidor,Avellaneda,BLEND1K,CAF-BLEND-1K,true,Codigo viejo informado en ventas; corresponde a Blend Casa 1 kg.,Blend Casa 1 kg,UN,CAFE,S,47.00,18396.00,40.00,518767.20,10016.00,470752.00,48015.20,0.09,R. Ibarra
2025-06-19,2025-06,FAC 0003-00042299,FAC,false,C9002,VENTA ONLINE,Ecommerce,,CAF-COLOM-250,CAF-COLOM-250,false,,Colombia Huila 250 g,UN,CAFE,S,1.00,9142.57,0.00,9142.57,4014.00,4014.00,5128.57,0.56,
2025-03-22,2025-03,FAC 0003-00041069,FAC,false,C9002,VENTA ONLINE,Ecommerce,,CAF-ETIOP-250,CAF-ETIOP-250,false,,Etiopia Yirgacheffe 250 g,UN,CAFE,S,1.00,9922.60,0.00,9922.60,4282.00,4282.00,5640.60,0.57,
2025-01-07,2025-01,FAC 0003-00040075,FAC,false,C9002,VENTA ONLINE,Ecommerce,,CAF-BLEND-250,CAF-BLEND-250,false,,Blend Casa 250 g,UN,CAFE,S,2.00,5600.00,0.00,11200.00,2560.00,5120.00,6080.00,0.54,
2025-01-06,2025-01,FAC 0003-00040279,FAC,false,C9001,CONSUMIDOR FINAL,Local,CABA,CAF-BLEND-250,CAF-BLEND-250,false,,Blend Casa 250 g,UN,CAFE,S,1.00,5600.00,0.00,5600.00,2560.00,2560.00,3040.00,0.54,
2025-06-14,2025-06,FAC 0003-00042204,FAC,false,C9002,VENTA ONLINE,Ecommerce,,CAF-CAPS-10,CAF-CAPS-10,false,,Capsulas compatibles x10,UN,CAFE,S,2.00,7693.14,0.00,15386.28,3679.00,7358.00,8028.28,0.52,
2025-02-05,2025-02,FAC 0003-00040673,FAC,false,C9002,VENTA ONLINE,Ecommerce,,CAF-ETIOP-250,CAF-ETIOP-250,false,,Etiopia Yirgacheffe 250 g,UN,CAFE,S,2.00,9709.00,0.00,19418.00,4190.00,8380.00,11038.00,0.57,
2025-05-08,2025-05,FAC 0003-00041655,FAC,false,C0104,Tostado Villa Crespo,Mayorista,CABA,CAF-BRAS-1K,CAF-BRAS-1K,false,,Brasil Cerrado 1 kg,UN,CAFE,S,8.00,18546.10,35.00,96439.70,10146.00,81168.00,15271.70,0.16,
2025-02-27,2025-02,FAC 0003-00040658,FAC,false,C9002,VENTA ONLINE,Ecommerce,,CAF-COLOM-250,CAF-COLOM-250,false,,Colombia Huila 250 g,UN,CAFE,S,2.00,8380.40,0.00,16760.80,3679.00,7358.00,9402.80,0.56,
2025-05-05,2025-05,FAC 0003-00041769,FAC,false,C9002,VENTA ONLINE,Ecommerce,,CAF-BLEND-250,CAF-BLEND-250,false,,Blend Casa 250 g,UN,CAFE,S,3.00,6109.30,0.00,18327.91,2793.00,8379.00,9948.91,0.54,
2025-01-06,2025-01,FAC 0003-00040395,FAC,false,C9001,CONSUMIDOR FINAL,Local,CABA,CAF-COLOM-250,CAF-COLOM-250,false,,Colombia Huila 250 g,UN,CAFE,S,2.00,8200.00,0.00,16400.00,3600.00,7200.00,9200.00,0.56,
2025-03-21,2025-03,FAC 0003-00040936,FAC,false,C9002,VENTA ONLINE,Ecommerce,,CAF-BLEND-250,CAF-BLEND-250,false,,Blend Casa 250 g,UN,CAFE,S,1.00,5849.11,0.00,5849.11,2674.00,2674.00,3175.11,0.54,
2025-02-27,2025-02,FAC 0003-00040816,FAC,false,C9001,CONSUMIDOR FINAL,Local,CABA,CAF-COLOM-250,CAF-COLOM-250,false,,Colombia Huila 250 g,UN,CAFE,S,1.00,8380.40,0.00,8380.40,3679.00,3679.00,4701.40,0.56,
2025-04-16,2025-04,FAC 0003-00041346,FAC,false,C9002,VENTA ONLINE,Ecommerce,,CAF-ETIOP-250,CAF-ETIOP-250,false,,Etiopia Yirgacheffe 250 g,UN,CAFE,S,1.00,10140.90,0.00,10140.90,4377.00,4377.00,5763.90,0.57,
2025-02-28,2025-02,FAC 0003-00040535,FAC,false,C9002,VENTA ONLINE,Ecommerce,,CAF-ETIOP-250,CAF-ETIOP-250,false,,Etiopia Yirgacheffe 250 g,UN,CAFE,S,2.00,9709.00,0.00,19418.00,4190.00,8380.00,11038.00,0.57,
2025-05-16,2025-05,FAC 0003-00041648,FAC,false,C0001,GRANOS DEL SUR S.A.,Distribuidor,Avellaneda,BLEND1K,CAF-BLEND-1K,true,Codigo viejo informado en ventas; corresponde a Blend Casa 1 kg.,Blend Casa 1 kg,UN,CAFE,S,35.00,19637.04,40.00,412377.90,10691.00,374185.00,38192.90,0.09,
2025-01-21,2025-01,FAC 0003-00040055,FAC,false,C9002,VENTA ONLINE,Ecommerce,,CAF-ETIOP-250,CAF-ETIOP-250,false,,Etiopia Yirgacheffe 250 g,UN,CAFE,S,2.00,9500.00,0.00,19000.00,4100.00,8200.00,10800.00,0.57,
2025-05-23,2025-05,FAC 0003-00041785,FAC,false,C9002,VENTA ONLINE,Ecommerce,,CAF-BLEND-250,CAF-BLEND-250,false,,Blend Casa 250 g,UN,CAFE,S,3.00,6109.30,0.00,18327.91,2793.00,8379.00,9948.91,0.54,
2025-01-26,2025-01,FAC 0003-00040227,FAC,false,C9002,VENTA ONLINE,Ecommerce,,CAF-COLOM-250,CAF-COLOM-250,false,,Colombia Huila 250 g,UN,CAFE,S,2.00,8200.00,0.00,16400.00,3600.00,7200.00,9200.00,0.56,
2025-02-08,2025-02,FAC 0003-00040465,FAC,false,C0133,El Almacen de Barracas II,Mayorista,CABA,CAF-BRAS-1K,CAF-BRAS-1K,false,,Brasil Cerrado 1 kg,UN,CAFE,S,5.00,17374.00,35.00,56465.50,9505.00,47525.00,8940.50,0.16,
2025-02-24,2025-02,FAC 0003-00040539,FAC,false,C9002,VENTA ONLINE,Ecommerce,,CAF-ETIOP-250,CAF-ETIOP-250,false,,Etiopia Yirgacheffe 250 g,UN,CAFE,S,3.00,9709.00,0.00,29127.00,4190.00,12570.00,16557.00,0.57,
2025-01-09,2025-01,FAC 0003-00040187,FAC,false,C9002,VENTA ONLINE,Ecommerce,,CAP-TAZA,CAP-TAZA,false,,Taza ceramica logo,UN,ACCESORIOS,S,1.00,8900.00,0.00,8900.00,4200.00,4200.00,4700.00,0.53,
2025-05-17,2025-05,FAC 0003-00042011,FAC,false,C9001,CONSUMIDOR FINAL,Local,CABA,CAF-ETIOP-250,CAF-ETIOP-250,false,,Etiopia Yirgacheffe 250 g,UN,CAFE,S,2.00,10363.99,0.00,20727.99,4473.00,8946.00,11781.99,0.57,
2025-02-02,2025-02,FAC 0003-00040737,FAC,false,C9001,CONSUMIDOR FINAL,Local,CABA,CAF-BLEND-1K,CAF-BLEND-1K,false,,Blend Casa 1 kg,UN,CAFE,S,1.00,18396.00,0.00,18396.00,10016.00,10016.00,8380.00,0.46,
2025-06-21,2025-06,FAC 0003-00042508,FAC,false,C9001,CONSUMIDOR FINAL,Local,CABA,CAF-ETIOP-250,CAF-ETIOP-250,false,,Etiopia Yirgacheffe 250 g,UN,CAFE,S,1.00,10592.00,0.00,10592.00,4571.00,4571.00,6021.00,0.57,
2025-01-16,2025-01,FAC 0003-00040043,FAC,false,C0130,Usina Coghlan,Mayorista,CABA,CAF-BRAS-1K,CAF-BRAS-1K,false,,Brasil Cerrado 1 kg,UN,CAFE,S,6.00,17000.00,30.00,71400.00,9300.00,55800.00,15600.00,0.22,
2025-05-25,2025-05,FAC 0003-00041820,FAC,false,C9002,VENTA ONLINE,Ecommerce,,CAF-BLEND-250,CAF-BLEND-250,false,,Blend Casa 250 g,UN,CAFE,S,2.00,6109.30,0.00,12218.60,2793.00,5586.00,6632.60,0.54,
2025-03-26,2025-03,FAC 0003-00041033,FAC,false,C9002,VENTA ONLINE,Ecommerce,,CAF-DESCA-250,CAF-DESCA-250,false,,Descafeinado 250 g,UN,CAFE,S,1.00,7729.18,0.00,7729.18,3656.00,3656.00,4073.18,0.53,
2025-02-11,2025-02,FAC 0003-00040776,FAC,false,C9001,CONSUMIDOR FINAL,Local,CABA,CAF-COLOM-250,CAF-COLOM-250,false,,Colombia Huila 250 g,UN,CAFE,S,1.00,8380.40,0.00,8380.40,3679.00,3679.00,4701.40,0.56,
2025-06-21,2025-06,FAC 0003-00042207,FAC,false,C9002,VENTA ONLINE,Ecommerce,,CAF-DESCA-250,CAF-DESCA-250,false,,Descafeinado 250 g,UN,CAFE,S,3.00,8250.61,0.00,24751.84,3902.00,11706.00,13045.84,0.53,
2025-03-03,2025-03,FAC 0003-00040990,FAC,false,C9002,VENTA ONLINE,Ecommerce,,CAF-ETIOP-250,CAF-ETIOP-250,false,,Etiopia Yirgacheffe 250 g,UN,CAFE,S,3.00,9922.60,0.00,29767.79,4282.00,12846.00,16921.79,0.57,
2025-02-17,2025-02,FAC 0003-00040578,FAC,false,C9002,VENTA ONLINE,Ecommerce,,CAF-BLEND-250,CAF-BLEND-250,false,,Blend Casa 250 g,UN,CAFE,S,2.00,5723.20,0.00,11446.40,2616.00,5232.00,6214.40,0.54,
2025-05-18,2025-05,FAC 0003-00041660,FAC,false,C0108,Coffee Lab Colegiales,Mayorista,CABA,CAF-BRAS-1K,CAF-BRAS-1K,false,,Brasil Cerrado 1 kg,UN,CAFE,S,6.00,18546.10,32.00,75668.07,10146.00,60876.00,14792.07,0.20,
2025-03-18,2025-03,FAC 0003-00041049,FAC,false,C9002,VENTA ONLINE,Ecommerce,,CAF-CAPS-10,CAF-CAPS-10,false,,Capsulas compatibles x10,UN,CAFE,S,1.00,7206.94,0.00,7206.94,3447.00,3447.00,3759.94,0.52,
2025-03-08,2025-03,FAC 0003-00041096,FAC,false,C9002,VENTA ONLINE,Ecommerce,,CAF-COLOM-250,CAF-COLOM-250,false,,Colombia Huila 250 g,UN,CAFE,S,2.00,8564.77,0.00,17129.54,3760.00,7520.00,9609.54,0.56,
2025-04-23,2025-04,FAC 0003-00041354,FAC,false,C9002,VENTA ONLINE,Ecommerce,,CAF-BRAS-250,CAF-BRAS-250,false,,Brasil Cerrado 250 g,UN,CAFE,S,1.00,5657.55,0.00,5657.55,2594.00,2594.00,3063.55,0.54,
2025-03-24,2025-03,FAC 0003-00040968,FAC,false,C9002,VENTA ONLINE,Ecommerce,,CAF-ETIOP-250,CAF-ETIOP-250,false,,Etiopia Yirgacheffe 250 g,UN,CAFE,S,2.00,9922.60,0.00,19845.20,4282.00,8564.00,11281.20,0.57,
2025-03-20,2025-03,FAC 0003-00040859,FAC,false,C0114,Usina Boedo,Mayorista,CABA,CAF-BRAS-1K,CAF-BRAS-1K,false,,Brasil Cerrado 1 kg,UN,CAFE,S,4.00,17756.23,32.00,48296.94,9714.00,38856.00,9440.94,0.20,R. Ibarra
2025-05-17,2025-05,FAC 0003-00041825,FAC,false,C9002,VENTA ONLINE,Ecommerce,,CAF-ETIOP-250,CAF-ETIOP-250,false,,Etiopia Yirgacheffe 250 g,UN,CAFE,S,3.00,10363.99,0.00,31091.98,4473.00,13419.00,17672.98,0.57,
2025-03-12,2025-03,FAC 0003-00040845,FAC,false,C0100,Cafe Palermo,Mayorista,CABA,CAF-BLEND-1K,CAF-BLEND-1K,false,,Blend Casa 1 kg,UN,CAFE,S,8.00,18800.71,32.00,102275.87,10236.00,81888.00,20387.87,0.20,M. Paz
2025-03-13,2025-03,FAC 0003-00041213,FAC,false,C9001,CONSUMIDOR FINAL,Local,CABA,CAF-BLEND-250,CAF-BLEND-250,false,,Blend Casa 250 g,UN,CAFE,S,2.00,5849.11,0.00,11698.22,2674.00,5348.00,6350.22,0.54,
2025-04-01,2025-04,FAC 0003-00041277,FAC,false,C0130,Usina Coghlan,Mayorista,CABA,CAF-ETIOP-250,CAF-ETIOP-250,false,,Etiopia Yirgacheffe 250 g,UN,CAFE,S,8.00,10140.90,30.00,56789.01,4377.00,35016.00,21773.01,0.38,M. Paz
2025-01-18,2025-01,FAC 0003-00040170,FAC,false,C9002,VENTA ONLINE,Ecommerce,,CAF-BLEND-250,CAF-BLEND-250,false,,Blend Casa 250 g,UN,CAFE,S,2.00,5600.00,0.00,11200.00,2560.00,5120.00,6080.00,0.54,
2025-05-22,2025-05,FAC 0003-00041998,FAC,false,C9001,CONSUMIDOR FINAL,Local,CABA,CAF-ETIOP-250,CAF-ETIOP-250,false,,Etiopia Yirgacheffe 250 g,UN,CAFE,S,1.00,10363.99,0.00,10363.99,4473.00,4473.00,5890.99,0.57,
2025-06-19,2025-06,FAC 0003-00042253,FAC,false,C9002,VENTA ONLINE,Ecommerce,,CAF-BRAS-250,CAF-BRAS-250,false,,Brasil Cerrado 250 g,UN,CAFE,S,2.00,5909.22,0.00,11818.45,2709.00,5418.00,6400.45,0.54,
2025-05-08,2025-05,FAC 0003-00041655,FAC,false,C0104,Tostado Villa Crespo,Mayorista,CABA,CAF-ETIOP-250,CAF-ETIOP-250,false,,Etiopia Yirgacheffe 250 g,UN,CAFE,S,8.00,10363.99,35.00,53892.77,4473.00,35784.00,18108.77,0.34,
2025-02-09,2025-02,FAC 0003-00040435,FAC,false,C0111,Cafe Devoto II,Mayorista,CABA,CAF-ETIOP-250,CAF-ETIOP-250,false,,Etiopia Yirgacheffe 250 g,UN,CAFE,S,7.00,9709.00,35.00,44175.95,4190.00,29330.00,14845.95,0.34,R. Ibarra
2025-01-04,2025-01,FAC 0003-00040262,FAC,false,C9002,VENTA ONLINE,Ecommerce,,CAF-DESCA-250,CAF-DESCA-250,false,,Descafeinado 250 g,UN,CAFE,S,2.00,7400.00,0.00,14800.00,3500.00,7000.00,7800.00,0.53,
2025-04-21,2025-04,FAC 0003-00041546,FAC,false,C9001,CONSUMIDOR FINAL,Local,CABA,CAF-ETIOP-250,CAF-ETIOP-250,false,,Etiopia Yirgacheffe 250 g,UN,CAFE,S,1.00,10140.90,0.00,10140.90,4377.00,4377.00,5763.90,0.57,
2025-05-01,2025-05,FAC 0003-00041902,FAC,false,C9002,VENTA ONLINE,Ecommerce,,CAF-ETIOP-250,CAF-ETIOP-250,false,,Etiopia Yirgacheffe 250 g,UN,CAFE,S,3.00,10363.99,0.00,31091.98,4473.00,13419.00,17672.98,0.57,
2025-02-19,2025-02,FAC 0003-00040432,FAC,false,C0108,Coffee Lab Colegiales,Mayorista,CABA,CAF-BLEND-1K,CAF-BLEND-1K,false,,Blend Casa 1 kg,UN,CAFE,S,10.00,18396.00,32.00,125092.80,10016.00,100160.00,24932.80,0.20,R. Ibarra
2025-01-12,2025-01,FAC 0003-00040333,FAC,false,C9001,CONSUMIDOR FINAL,Local,CABA,CAF-COLOM-250,CAF-COLOM-250,false,,Colombia Huila 250 g,UN,CAFE,S,1.00,8200.00,0.00,8200.00,3600.00,3600.00,4600.00,0.56,
2025-02-07,2025-02,FAC 0003-00040680,FAC,false,C9002,VENTA ONLINE,Ecommerce,,CAF-BLEND-250,CAF-BLEND-250,false,,Blend Casa 250 g,UN,CAFE,S,3.00,5723.20,0.00,17169.60,2616.00,7848.00,9321.60,0.54,
2025-04-09,2025-04,FAC 0003-00041443,FAC,false,C9002,VENTA ONLINE,Ecommerce,,CAP-TAZA,CAP-TAZA,false,,Taza ceramica logo,UN,ACCESORIOS,S,3.00,9500.42,0.00,28501.25,4483.00,13449.00,15052.25,0.53,
2025-02-09,2025-02,FAC 0003-00040487,FAC,false,C9002,VENTA ONLINE,Ecommerce,,CAF-ETIOP-250,CAF-ETIOP-250,false,,Etiopia Yirgacheffe 250 g,UN,CAFE,S,1.00,9709.00,0.00,9709.00,4190.00,4190.00,5519.00,0.57,
2025-04-22,2025-04,FAC 0003-00041432,FAC,false,C9002,VENTA ONLINE,Ecommerce,,CAF-BLEND-250,CAF-BLEND-250,false,,Blend Casa 250 g,UN,CAFE,S,2.00,5977.79,0.00,11955.58,2733.00,5466.00,6489.58,0.54,
2025-05-13,2025-05,FAC 0003-00041734,FAC,false,C9002,VENTA ONLINE,Ecommerce,,CAP-FILTRO-100,CAP-FILTRO-100,false,,Filtros de papel x 100,UN,ACCESORIOS,S,3.00,3491.03,0.00,10473.09,2073.00,6219.00,4254.09,0.41,
2025-02-23,2025-02,FAC 0003-00040679,FAC,false,C9002,VENTA ONLINE,Ecommerce,,CAF-DESCA-250,CAF-DESCA-250,false,,Descafeinado 250 g,UN,CAFE,S,1.00,7562.80,0.00,7562.80,3577.00,3577.00,3985.80,0.53,
2025-06-01,2025-06,FAC 0003-00042205,FAC,false,C9002,VENTA ONLINE,Ecommerce,,CAF-ETIOP-250,CAF-ETIOP-250,false,,Etiopia Yirgacheffe 250 g,UN,CAFE,S,1.00,10592.00,0.00,10592.00,4571.00,4571.00,6021.00,0.57,
2025-04-27,2025-04,FAC 0003-00041505,FAC,false,C9002,VENTA ONLINE,Ecommerce,,CAF-BRAS-250,CAF-BRAS-250,false,,Brasil Cerrado 250 g,UN,CAFE,S,2.00,5657.55,0.00,11315.10,2594.00,5188.00,6127.10,0.54,
2025-01-06,2025-01,FAC 0003-00040180,FAC,false,C9002,VENTA ONLINE,Ecommerce,,CAF-BLEND-250,CAF-BLEND-250,false,,Blend Casa 250 g,UN,CAFE,S,2.00,5600.00,0.00,11200.00,2560.00,5120.00,6080.00,0.54,
2025-03-28,2025-03,FAC 0003-00040947,FAC,false,C9002,VENTA ONLINE,Ecommerce,,CAF-BLEND-250,CAF-BLEND-250,false,,Blend Casa 250 g,UN,CAFE,S,3.00,5849.11,0.00,17547.33,2674.00,8022.00,9525.33,0.54,
2025-06-23,2025-06,FAC 0003-00042326,FAC,false,C9002,VENTA ONLINE,Ecommerce,,CAP-FILTRO-100,CAP-FILTRO-100,false,,Filtros de papel x 100,UN,ACCESORIOS,S,2.00,3567.83,0.00,7135.67,2118.00,4236.00,2899.67,0.41,
2025-06-17,2025-06,FAC 0003-00042495,FAC,false,C9001,CONSUMIDOR FINAL,Local,CABA,CAF-BLEND-1K,CAF-BLEND-1K,false,,Blend Casa 1 kg,UN,CAFE,S,2.00,20069.06,0.00,40138.12,10926.00,21852.00,18286.12,0.46,
2025-02-22,2025-02,FAC 0003-00040537,FAC,false,C9002,VENTA ONLINE,Ecommerce,,CAF-BLEND-250,CAF-BLEND-250,false,,Blend Casa 250 g,UN,CAFE,S,2.00,5723.20,0.00,11446.40,2616.00,5232.00,6214.40,0.54,
2025-05-26,2025-05,FAC 0003-00041817,FAC,false,C9002,VENTA ONLINE,Ecommerce,,CAF-BRAS-250,CAF-BRAS-250,false,,Brasil Cerrado 250 g,UN,CAFE,S,2.00,5782.02,0.00,11564.04,2651.00,5302.00,6262.04,0.54,
2025-02-05,2025-02,FAC 0003-00040591,FAC,false,C9002,VENTA ONLINE,Ecommerce,,CAF-ETIOP-250,CAF-ETIOP-250,false,,Etiopia Yirgacheffe 250 g,UN,CAFE,S,3.00,9709.00,0.00,29127.00,4190.00,12570.00,16557.00,0.57,
2025-06-10,2025-06,FAC 0003-00042114,FAC,false,C0118,Bar Saavedra,Mayorista,CABA,CAF-BLEND-1K,CAF-BLEND-1K,false,,Blend Casa 1 kg,UN,CAFE,S,8.00,20069.06,32.00,109175.67,10926.00,87408.00,21767.67,0.20,M. Paz
2025-03-19,2025-03,FAC 0003-00040853,FAC,false,C0106,El Almacen de Nunez,Mayorista,CABA,CAF-BLEND-1K,CAF-BLEND-1K,false,,Blend Casa 1 kg,UN,CAFE,S,8.00,18800.71,30.00,105283.99,10236.00,81888.00,23395.99,0.22,M. Paz
2025-04-14,2025-04,FAC 0003-00041265,FAC,false,C0120,Tostado Chacarita,Mayorista,CABA,CAF-BLEND-1K,CAF-BLEND-1K,false,,Blend Casa 1 kg,UN,CAFE,S,9.00,19214.33,32.00,117591.69,10461.00,94149.00,23442.69,0.20,
2025-02-18,2025-02,FAC 0003-00040597,FAC,false,C9002,VENTA ONLINE,Ecommerce,,CAF-ETIOP-250,CAF-ETIOP-250,false,,Etiopia Yirgacheffe 250 g,UN,CAFE,S,1.00,9709.00,0.00,9709.00,4190.00,4190.00,5519.00,0.57,
2025-02-27,2025-02,FAC 0003-00040728,FAC,false,C9001,CONSUMIDOR FINAL,Local,CABA,CAF-BLEND-250,CAF-BLEND-250,false,,Blend Casa 250 g,UN,CAFE,S,1.00,5723.20,0.00,5723.20,2616.00,2616.00,3107.20,0.54,
2025-01-05,2025-01,FAC 0003-00040082,FAC,false,C9002,VENTA ONLINE,Ecommerce,,CAP-TAZA,CAP-TAZA,false,,Taza ceramica logo,UN,ACCESORIOS,S,1.00,8900.00,0.00,8900.00,4200.00,4200.00,4700.00,0.53,
2025-02-08,2025-02,FAC 0003-00040779,FAC,false,C9001,CONSUMIDOR FINAL,Local,CABA,CAF-COLOM-250,CAF-COLOM-250,false,,Colombia Huila 250 g,UN,CAFE,S,2.00,8380.40,0.00,16760.80,3679.00,7358.00,9402.80,0.56,
2025-01-06,2025-01,FAC 0003-00040157,FAC,false,C9002,VENTA ONLINE,Ecommerce,,CAF-DESCA-250,CAF-DESCA-250,false,,Descafeinado 250 g,UN,CAFE,S,3.00,7400.00,0.00,22200.00,3500.00,10500.00,11700.00,0.53,
2025-04-05,2025-04,NC 0003-00001225,NC,true,C0122,El Almacen de Almagro,Mayorista,CABA,CAF-BRAS-1K,CAF-BRAS-1K,false,,Brasil Cerrado 1 kg,UN,CAFE,S,-3.00,18146.87,32.00,-37019.60,9927.00,-29781.00,-7238.60,,
2025-01-28,2025-01,FAC 0003-00040129,FAC,false,C9002,VENTA ONLINE,Ecommerce,,CAF-CAPS-10,CAF-CAPS-10,false,,Capsulas compatibles x10,UN,CAFE,S,3.00,6900.00,0.00,20700.00,3300.00,9900.00,10800.00,0.52,
2025-05-01,2025-05,FAC 0003-00041669,FAC,false,C0113,Bar Recoleta II,Mayorista,CABA,CAF-BLEND-1K,CAF-BLEND-1K,false,,Blend Casa 1 kg,UN,CAFE,S,4.00,19637.04,30.00,54983.72,10691.00,42764.00,12219.72,0.22,M. Paz
2025-03-26,2025-03,FAC 0003-00040838,FAC,false,C0001,GRANOS DEL SUR S.A.,Distribuidor,Avellaneda,CAF-BRAS-1K,CAF-BRAS-1K,false,,Brasil Cerrado 1 kg,UN,CAFE,S,11.00,17756.23,40.00,117191.10,9714.00,106854.00,10337.10,0.09,
2025-04-18,2025-04,FAC 0003-00041334,FAC,false,C9002,VENTA ONLINE,Ecommerce,,CAF-CAPS-10,CAF-CAPS-10,false,,Capsulas compatibles x10,UN,CAFE,S,1.00,7365.49,0.00,7365.49,3523.00,3523.00,3842.49,0.52,
2025-05-07,2025-05,FAC 0003-00041717,FAC,false,C9002,VENTA ONLINE,Ecommerce,,CAF-BLEND-250,CAF-BLEND-250,false,,Blend Casa 250 g,UN,CAFE,S,1.00,6109.30,0.00,6109.30,2793.00,2793.00,3316.30,0.54,
2025-02-26,2025-02,FAC 0003-00040415,FAC,false,C0001,GRANOS DEL SUR S.A.,Distribuidor,Avellaneda,BLEND1K,CAF-BLEND-1K,true,Codigo viejo informado en ventas; corresponde a Blend Casa 1 kg.,Blend Casa 1 kg,UN,CAFE,S,26.00,18396.00,40.00,286977.60,10016.00,260416.00,26561.60,0.09,
2025-03-24,2025-03,FAC 0003-00040926,FAC,false,C9002,VENTA ONLINE,Ecommerce,,CAF-BRAS-250,CAF-BRAS-250,false,,Brasil Cerrado 250 g,UN,CAFE,S,3.00,5535.77,0.00,16607.30,2538.00,7614.00,8993.30,0.54,
2025-04-16,2025-04,FAC 0003-00041470,FAC,false,C9002,VENTA ONLINE,Ecommerce,,CAF-ETIOP-250,CAF-ETIOP-250,false,,Etiopia Yirgacheffe 250 g,UN,CAFE,S,3.00,10140.90,0.00,30422.69,4377.00,13131.00,17291.69,0.57,
2025-04-02,2025-04,FAC 0003-00041463,FAC,false,C9002,VENTA ONLINE,Ecommerce,,CAP-TAZA,CAP-TAZA,false,,Taza ceramica logo,UN,ACCESORIOS,S,2.00,9500.42,0.00,19000.84,4483.00,8966.00,10034.84,0.53,
2025-02-22,2025-02,FAC 0003-00040416,FAC,false,C0001,GRANOS DEL SUR S.A.,Distribuidor,Avellaneda,CAF-BRAS-1K,CAF-BRAS-1K,false,,Brasil Cerrado 1 kg,UN,CAFE,S,13.00,17374.00,40.00,135517.20,9505.00,123565.00,11952.20,0.09,R. Ibarra
2025-05-16,2025-05,FAC 0003-00041972,FAC,false,C9001,CONSUMIDOR FINAL,Local,CABA,CAF-BLEND-1K,CAF-BLEND-1K,false,,Blend Casa 1 kg,UN,CAFE,S,1.00,19637.04,0.00,19637.04,10691.00,10691.00,8946.04,0.46,
2025-03-23,2025-03,FAC 0003-00041003,FAC,false,C9002,VENTA ONLINE,Ecommerce,,CAF-COLOM-250,CAF-COLOM-250,false,,Colombia Huila 250 g,UN,CAFE,S,2.00,8564.77,0.00,17129.54,3760.00,7520.00,9609.54,0.56,
2025-05-27,2025-05,FAC 0003-00041749,FAC,false,C9002,VENTA ONLINE,Ecommerce,,CAF-DESCA-250,CAF-DESCA-250,false,,Descafeinado 250 g,UN,CAFE,S,1.00,8073.01,0.00,8073.01,3818.00,3818.00,4255.01,0.53,
2025-04-11,2025-04,FAC 0003-00041481,FAC,false,C9002,VENTA ONLINE,Ecommerce,,CAF-COLOM-250,CAF-COLOM-250,false,,Colombia Huila 250 g,UN,CAFE,S,2.00,8753.19,0.00,17506.39,3843.00,7686.00,9820.39,0.56,
2025-04-17,2025-04,FAC 0003-00041547,FAC,false,C9001,CONSUMIDOR FINAL,Local,CABA,CAF-BLEND-250,CAF-BLEND-250,false,,Blend Casa 250 g,UN,CAFE,S,2.00,5977.79,0.00,11955.58,2733.00,5466.00,6489.58,0.54,
2025-02-26,2025-02,FAC 0003-00040632,FAC,false,C9002,VENTA ONLINE,Ecommerce,,CAF-BLEND-250,CAF-BLEND-250,false,,Blend Casa 250 g,UN,CAFE,S,3.00,5723.20,0.00,17169.60,2616.00,7848.00,9321.60,0.54,
2025-02-09,2025-02,FAC 0003-00040579,FAC,false,C9002,VENTA ONLINE,Ecommerce,,CAF-ETIOP-250,CAF-ETIOP-250,false,,Etiopia Yirgacheffe 250 g,UN,CAFE,S,1.00,9709.00,0.00,9709.00,4190.00,4190.00,5519.00,0.57,
2025-02-14,2025-02,FAC 0003-00040522,FAC,false,C9002,VENTA ONLINE,Ecommerce,,CAF-COLOM-250,CAF-COLOM-250,false,,Colombia Huila 250 g,UN,CAFE,S,2.00,8380.40,0.00,16760.80,3679.00,7358.00,9402.80,0.56,
2025-03-10,2025-03,FAC 0003-00040965,FAC,false,C9002,VENTA ONLINE,Ecommerce,,CAF-BLEND-250,CAF-BLEND-250,false,,Blend Casa 250 g,UN,CAFE,S,3.00,5849.11,0.00,17547.33,2674.00,8022.00,9525.33,0.54,
2025-03-01,2025-03,FAC 0003-00040978,FAC,false,C9002,VENTA ONLINE,Ecommerce,,CAF-BRAS-250,CAF-BRAS-250,false,,Brasil Cerrado 250 g,UN,CAFE,S,2.00,5535.77,0.00,11071.53,2538.00,5076.00,5995.53,0.54,
2025-06-08,2025-06,FAC 0003-00042437,FAC,false,C9001,CONSUMIDOR FINAL,Local,CABA,CAF-BLEND-1K,CAF-BLEND-1K,false,,Blend Casa 1 kg,UN,CAFE,S,1.00,20069.06,0.00,20069.06,10926.00,10926.00,9143.06,0.46,
2025-02-08,2025-02,FAC 0003-00040602,FAC,false,C9002,VENTA ONLINE,Ecommerce,,CAF-CAPS-10,CAF-CAPS-10,false,,Capsulas compatibles x10,UN,CAFE,S,2.00,7051.80,0.00,14103.60,3373.00,6746.00,7357.60,0.52,
2025-06-11,2025-06,FAC 0003-00042129,FAC,false,C0131,Tostado Coghlan II,Mayorista,CABA,CAF-BRAS-1K,CAF-BRAS-1K,false,,Brasil Cerrado 1 kg,UN,CAFE,S,3.00,18954.11,35.00,36960.51,10369.00,31107.00,5853.51,0.16,M. Paz
2025-05-12,2025-05,FAC 0003-00041697,FAC,false,C0139,La Ventanita de Constitucion II,Mayorista,CABA,CAF-BLEND-1K,CAF-BLEND-1K,false,,Blend Casa 1 kg,UN,CAFE,S,4.00,19637.04,30.00,54983.72,10691.00,42764.00,12219.72,0.22,
2025-05-09,2025-05,FAC 0003-00041830,FAC,false,C9002,VENTA ONLINE,Ecommerce,,CAF-BLEND-250,CAF-BLEND-250,false,,Blend Casa 250 g,UN,CAFE,S,3.00,6109.30,0.00,18327.91,2793.00,8379.00,9948.91,0.54,
2025-02-22,2025-02,FAC 0003-00040818,FAC,false,C9001,CONSUMIDOR FINAL,Local,CABA,CAF-BLEND-1K,CAF-BLEND-1K,false,,Blend Casa 1 kg,UN,CAFE,S,2.00,18396.00,0.00,36792.00,10016.00,20032.00,16760.00,0.46,
2025-02-07,2025-02,FAC 0003-00040453,FAC,false,C0125,Usina Flores II,Mayorista,CABA,CAP-FILTRO-100,CAP-FILTRO-100,false,,Filtros de papel x 100,UN,ACCESORIOS,S,2.00,3270.40,32.00,4447.74,1942.00,3884.00,563.74,0.13,M. Paz
2025-03-04,2025-03,FAC 0003-00041168,FAC,false,C9001,CONSUMIDOR FINAL,Local,CABA,CAF-COLOM-250,CAF-COLOM-250,false,,Colombia Huila 250 g,UN,CAFE,S,2.00,8564.77,0.00,17129.54,3760.00,7520.00,9609.54,0.56,
2025-02-27,2025-02,FAC 0003-00040443,FAC,false,C0118,Bar Saavedra,Mayorista,CABA,CAF-BLEND-1K,CAF-BLEND-1K,false,,Blend Casa 1 kg,UN,CAFE,S,6.00,18396.00,32.00,75055.68,10016.00,60096.00,14959.68,0.20,M. Paz
2025-01-01,2025-01,FAC 0003-00040120,FAC,false,C9002,VENTA ONLINE,Ecommerce,,CAF-CAPS-10,CAF-CAPS-10,false,,Capsulas compatibles x10,UN,CAFE,S,1.00,6900.00,0.00,6900.00,3300.00,3300.00,3600.00,0.52,
2025-05-14,2025-05,FAC 0003-00041848,FAC,false,C9002,VENTA ONLINE,Ecommerce,,CAF-COLOM-250,CAF-COLOM-250,false,,Colombia Huila 250 g,UN,CAFE,S,2.00,8945.76,0.00,17891.53,3927.00,7854.00,10037.53,0.56,
2025-02-15,2025-02,FAC 0003-00040441,FAC,false,C0115,Tostado Boedo II,Mayorista,CABA,CAF-BLEND-1K,CAF-BLEND-1K,false,,Blend Casa 1 kg,UN,CAFE,S,9.00,18396.00,30.00,115894.80,10016.00,90144.00,25750.80,0.22,
2025-03-28,2025-03,FAC 0003-00040858,FAC,false,C0112,La Ventanita de Recoleta,Mayorista,CABA,CAP-FILTRO-100,CAP-FILTRO-100,false,,Filtros de papel x 100,UN,ACCESORIOS,S,3.00,3342.35,35.00,6517.58,1985.00,5955.00,562.58,0.09,
2025-01-12,2025-01,FAC 0003-00040249,FAC,false,C9002,VENTA ONLINE,Ecommerce,,CAF-COLOM-250,CAF-COLOM-250,false,,Colombia Huila 250 g,UN,CAFE,S,2.00,8200.00,0.00,16400.00,3600.00,7200.00,9200.00,0.56,
2025-01-27,2025-01,FAC 0003-00040384,FAC,false,C9001,CONSUMIDOR FINAL,Local,CABA,CAF-BLEND-1K,CAF-BLEND-1K,false,,Blend Casa 1 kg,UN,CAFE,S,1.00,18000.00,0.00,18000.00,9800.00,9800.00,8200.00,0.46,
2025-01-03,2025-01,FAC 0003-00040399,FAC,false,C9001,CONSUMIDOR FINAL,Local,CABA,CAF-BLEND-250,CAF-BLEND-250,false,,Blend Casa 250 g,UN,CAFE,S,2.00,5600.00,0.00,11200.00,2560.00,5120.00,6080.00,0.54,
2025-02-26,2025-02,FAC 0003-00040632,FAC,false,C9002,VENTA ONLINE,Ecommerce,,CAF-DESCA-250,CAF-DESCA-250,false,,Descafeinado 250 g,UN,CAFE,S,3.00,7562.80,0.00,22688.40,3577.00,10731.00,11957.40,0.53,
2025-02-26,2025-02,FAC 0003-00040707,FAC,false,C9001,CONSUMIDOR FINAL,Local,CABA,CAF-COLOM-250,CAF-COLOM-250,false,,Colombia Huila 250 g,UN,CAFE,S,2.00,8380.40,0.00,16760.80,3679.00,7358.00,9402.80,0.56,
2025-05-07,2025-05,FAC 0003-00041652,FAC,false,C0101,El Almacen de Palermo II,Mayorista,CABA,CAF-BRAS-1K,CAF-BRAS-1K,false,,Brasil Cerrado 1 kg,UN,CAFE,S,6.00,18546.10,35.00,72329.77,10146.00,60876.00,11453.77,0.16,M. Paz
2025-02-07,2025-02,FAC 0003-00040741,FAC,false,C9001,CONSUMIDOR FINAL,Local,CABA,CAF-COLOM-250,CAF-COLOM-250,false,,Colombia Huila 250 g,UN,CAFE,S,1.00,8380.40,0.00,8380.40,3679.00,3679.00,4701.40,0.56,
2025-02-02,2025-02,FAC 0003-00040515,FAC,false,C9002,VENTA ONLINE,Ecommerce,,CAF-BLEND-250,CAF-BLEND-250,false,,Blend Casa 250 g,UN,CAFE,S,3.00,5723.20,0.00,17169.60,2616.00,7848.00,9321.60,0.54,
2025-04-19,2025-04,FAC 0003-00041255,FAC,false,C0108,Coffee Lab Colegiales,Mayorista,CABA,CAF-BLEND-1K,CAF-BLEND-1K,false,,Blend Casa 1 kg,UN,CAFE,S,8.00,19214.33,32.00,104525.94,10461.00,83688.00,20837.94,0.20,R. Ibarra
2025-02-19,2025-02,FAC 0003-00040731,FAC,false,C9001,CONSUMIDOR FINAL,Local,CABA,CAF-BLEND-250,CAF-BLEND-250,false,,Blend Casa 250 g,UN,CAFE,S,1.00,5723.20,0.00,5723.20,2616.00,2616.00,3107.20,0.54,
2025-05-28,2025-05,FAC 0003-00041857,FAC,false,C9002,VENTA ONLINE,Ecommerce,,CAP-TAZA,CAP-TAZA,false,,Taza ceramica logo,UN,ACCESORIOS,S,2.00,9709.43,0.00,19418.85,4582.00,9164.00,10254.85,0.53,
2025-06-13,2025-06,FAC 0003-00042150,FAC,false,C9002,VENTA ONLINE,Ecommerce,,CAF-ETIOP-250,CAF-ETIOP-250,false,,Etiopia Yirgacheffe 250 g,UN,CAFE,S,3.00,10592.00,0.00,31776.01,4571.00,13713.00,18063.01,0.57,
2025-01-07,2025-01,FAC 0003-00040104,FAC,false,C9002,VENTA ONLINE,Ecommerce,,CAF-BLEND-250,CAF-BLEND-250,false,,Blend Casa 250 g,UN,CAFE,S,3.00,5600.00,0.00,16800.00,2560.00,7680.00,9120.00,0.54,
2025-06-23,2025-06,FAC 0003-00042364,FAC,false,C9002,VENTA ONLINE,Ecommerce,,CAF-BRAS-250,CAF-BRAS-250,false,,Brasil Cerrado 250 g,UN,CAFE,S,2.00,5909.22,0.00,11818.45,2709.00,5418.00,6400.45,0.54,
2025-06-20,2025-06,FAC 0003-00042385,FAC,false,C9002,VENTA ONLINE,Ecommerce,,CAF-ETIOP-250,CAF-ETIOP-250,false,,Etiopia Yirgacheffe 250 g,UN,CAFE,S,2.00,10592.00,0.00,21184.01,4571.00,9142.00,12042.01,0.57,
2025-05-07,2025-05,FAC 0003-00041784,FAC,false,C9002,VENTA ONLINE,Ecommerce,,CAF-ETIOP-250,CAF-ETIOP-250,false,,Etiopia Yirgacheffe 250 g,UN,CAFE,S,2.00,10363.99,0.00,20727.99,4473.00,8946.00,11781.99,0.57,
2025-04-23,2025-04,FAC 0003-00041449,FAC,false,C9002,VENTA ONLINE,Ecommerce,,CAF-ETIOP-250,CAF-ETIOP-250,false,,Etiopia Yirgacheffe 250 g,UN,CAFE,S,3.00,10140.90,0.00,30422.69,4377.00,13131.00,17291.69,0.57,
2025-06-25,2025-06,FAC 0003-00042091,FAC,false,C0101,El Almacen de Palermo II,Mayorista,CABA,CAF-BLEND-1K,CAF-BLEND-1K,false,,Blend Casa 1 kg,UN,CAFE,S,5.00,20069.06,35.00,65224.44,10926.00,54630.00,10594.44,0.16,M. Paz
2025-02-14,2025-02,FAC 0003-00040440,FAC,false,C0114,Usina Boedo,Mayorista,CABA,CAF-BRAS-1K,CAF-BRAS-1K,false,,Brasil Cerrado 1 kg,UN,CAFE,S,6.00,17374.00,32.00,70885.92,9505.00,57030.00,13855.92,0.20,R. Ibarra
2025-03-13,2025-03,FAC 0003-00041082,FAC,false,C9002,VENTA ONLINE,Ecommerce,,CAF-DESCA-250,CAF-DESCA-250,false,,Descafeinado 250 g,UN,CAFE,S,3.00,7729.18,0.00,23187.54,3656.00,10968.00,12219.54,0.53,
2025-04-18,2025-04,FAC 0003-00041334,FAC,false,C9002,VENTA ONLINE,Ecommerce,,CAF-ETIOP-250,CAF-ETIOP-250,false,,Etiopia Yirgacheffe 250 g,UN,CAFE,S,1.00,10140.90,0.00,10140.90,4377.00,4377.00,5763.90,0.57,
2025-02-04,2025-02,FAC 0003-00040748,FAC,false,C9001,CONSUMIDOR FINAL,Local,CABA,CAF-ETIOP-250,CAF-ETIOP-250,false,,Etiopia Yirgacheffe 250 g,UN,CAFE,S,1.00,9709.00,0.00,9709.00,4190.00,4190.00,5519.00,0.57,
2025-05-23,2025-05,FAC 0003-00041733,FAC,false,C9002,VENTA ONLINE,Ecommerce,,CAF-CAPS-10,CAF-CAPS-10,false,,Capsulas compatibles x10,UN,CAFE,S,2.00,7527.53,0.00,15055.07,3600.00,7200.00,7855.07,0.52,
2025-05-23,2025-05,FAC 0003-00041967,FAC,false,C9001,CONSUMIDOR FINAL,Local,CABA,CAP-FILTRO-100,CAP-FILTRO-100,false,,Filtros de papel x 100,UN,ACCESORIOS,S,1.00,3491.03,0.00,3491.03,2073.00,2073.00,1418.03,0.41,
2025-01-21,2025-01,FAC 0003-00040163,FAC,false,C9002,VENTA ONLINE,Ecommerce,,CAF-BRAS-250,CAF-BRAS-250,false,,Brasil Cerrado 250 g,UN,CAFE,S,1.00,5300.00,0.00,5300.00,2430.00,2430.00,2870.00,0.54,
2025-03-05,2025-03,FAC 0003-00040986,FAC,false,C9002,VENTA ONLINE,Ecommerce,,CAF-ETIOP-250,CAF-ETIOP-250,false,,Etiopia Yirgacheffe 250 g,UN,CAFE,S,3.00,9922.60,0.00,29767.79,4282.00,12846.00,16921.79,0.57,
2025-03-25,2025-03,FAC 0003-00040975,FAC,false,C9002,VENTA ONLINE,Ecommerce,,CAF-ETIOP-250,CAF-ETIOP-250,false,,Etiopia Yirgacheffe 250 g,UN,CAFE,S,2.00,9922.60,0.00,19845.20,4282.00,8564.00,11281.20,0.57,
2025-03-13,2025-03,FAC 0003-00041082,FAC,false,C9002,VENTA ONLINE,Ecommerce,,CAF-ETIOP-250,CAF-ETIOP-250,false,,Etiopia Yirgacheffe 250 g,UN,CAFE,S,1.00,9922.60,0.00,9922.60,4282.00,4282.00,5640.60,0.57,
2025-03-01,2025-03,FAC 0003-00041123,FAC,false,C9001,CONSUMIDOR FINAL,Local,CABA,CAF-BLEND-250,CAF-BLEND-250,false,,Blend Casa 250 g,UN,CAFE,S,1.00,5849.11,0.00,5849.11,2674.00,2674.00,3175.11,0.54,
2025-03-08,2025-03,FAC 0003-00041057,FAC,false,C9002,VENTA ONLINE,Ecommerce,,CAF-COLOM-250,CAF-COLOM-250,false,,Colombia Huila 250 g,UN,CAFE,S,1.00,8564.77,0.00,8564.77,3760.00,3760.00,4804.77,0.56,
2025-01-07,2025-01,FAC 0003-00040191,FAC,false,C9002,VENTA ONLINE,Ecommerce,,CAF-BRAS-250,CAF-BRAS-250,false,,Brasil Cerrado 250 g,UN,CAFE,S,3.00,5300.00,0.00,15900.00,2430.00,7290.00,8610.00,0.54,
2025-03-17,2025-03,FAC 0003-00041229,FAC,false,C9001,CONSUMIDOR FINAL,Local,CABA,CAF-BLEND-250,CAF-BLEND-250,false,,Blend Casa 250 g,UN,CAFE,S,2.00,5849.11,0.00,11698.22,2674.00,5348.00,6350.22,0.54,
2025-05-03,2025-05,FAC 0003-00041960,FAC,false,C9001,CONSUMIDOR FINAL,Local,CABA,CAF-BLEND-250,CAF-BLEND-250,false,,Blend Casa 250 g,UN,CAFE,S,2.00,6109.30,0.00,12218.60,2793.00,5586.00,6632.60,0.54,
2025-03-20,2025-03,FAC 0003-00041184,FAC,false,C9001,CONSUMIDOR FINAL,Local,CABA,CAP-FILTRO-100,CAP-FILTRO-100,false,,Filtros de papel x 100,UN,ACCESORIOS,S,2.00,3342.35,0.00,6684.70,1985.00,3970.00,2714.70,0.41,
2025-06-14,2025-06,FAC 0003-00042335,FAC,false,C9002,VENTA ONLINE,Ecommerce,,CAF-COLOM-250,CAF-COLOM-250,false,,Colombia Huila 250 g,UN,CAFE,S,1.00,9142.57,0.00,9142.57,4014.00,4014.00,5128.57,0.56,
2025-02-19,2025-02,FAC 0003-00040596,FAC,false,C9002,VENTA ONLINE,Ecommerce,,CAF-BRAS-250,CAF-BRAS-250,false,,Brasil Cerrado 250 g,UN,CAFE,S,2.00,5416.60,0.00,10833.20,2483.00,4966.00,5867.20,0.54,
2025-03-15,2025-03,FAC 0003-00041046,FAC,false,C9002,VENTA ONLINE,Ecommerce,,CAF-BRAS-250,CAF-BRAS-250,false,,Brasil Cerrado 250 g,UN,CAFE,S,1.00,5535.77,0.00,5535.77,2538.00,2538.00,2997.77,0.54,
2025-05-22,2025-05,FAC 0003-00042004,FAC,false,C9001,CONSUMIDOR FINAL,Local,CABA,CAF-COLOM-250,CAF-COLOM-250,false,,Colombia Huila 250 g,UN,CAFE,S,1.00,8945.76,0.00,8945.76,3927.00,3927.00,5018.76,0.56,
2025-05-05,2025-05,FAC 0003-00042023,FAC,false,C9001,CONSUMIDOR FINAL,Local,CABA,CAP-FILTRO-100,CAP-FILTRO-100,false,,Filtros de papel x 100,UN,ACCESORIOS,S,2.00,3491.03,0.00,6982.06,2073.00,4146.00,2836.06,0.41,
2025-01-22,2025-01,FAC 0003-00040016,FAC,false,C0105,Panaderia Villa Crespo II,Mayorista,CABA,CAF-BRAS-1K,CAF-BRAS-1K,false,,Brasil Cerrado 1 kg,UN,CAFE,S,6.00,17000.00,32.00,69360.00,9300.00,55800.00,13560.00,0.20,M. Paz
2025-05-16,2025-05,FAC 0003-00041667,FAC,false,C0112,La Ventanita de Recoleta,Mayorista,CABA,CAF-BLEND-1K,CAF-BLEND-1K,false,,Blend Casa 1 kg,UN,CAFE,S,10.00,19637.04,35.00,127640.78,10691.00,106910.00,20730.78,0.16,R. Ibarra
2025-02-24,2025-02,FAC 0003-00040698,FAC,false,C9001,CONSUMIDOR FINAL,Local,CABA,CAP-FILTRO-100,CAP-FILTRO-100,false,,Filtros de papel x 100,UN,ACCESORIOS,S,1.00,3270.40,0.00,3270.40,1942.00,1942.00,1328.40,0.41,
2025-04-13,2025-04,FAC 0003-00041308,FAC,false,C9002,VENTA ONLINE,Ecommerce,,CAF-ETIOP-250,CAF-ETIOP-250,false,,Etiopia Yirgacheffe 250 g,UN,CAFE,S,2.00,10140.90,0.00,20281.79,4377.00,8754.00,11527.79,0.57,
2025-01-02,2025-01,FAC 0003-00040365,FAC,false,C9001,CONSUMIDOR FINAL,Local,CABA,CAF-BLEND-250,CAF-BLEND-250,false,,Blend Casa 250 g,UN,CAFE,S,1.00,5600.00,0.00,5600.00,2560.00,2560.00,3040.00,0.54,
2025-04-09,2025-04,FAC 0003-00041293,FAC,false,C9002,VENTA ONLINE,Ecommerce,,CAP-TAZA,CAP-TAZA,false,,Taza ceramica logo,UN,ACCESORIOS,S,3.00,9500.42,0.00,28501.25,4483.00,13449.00,15052.25,0.53,
2025-06-06,2025-06,FAC 0003-00042439,FAC,false,C9001,CONSUMIDOR FINAL,Local,CABA,CAF-COLOM-250,CAF-COLOM-250,false,,Colombia Huila 250 g,UN,CAFE,S,1.00,9142.57,0.00,9142.57,4014.00,4014.00,5128.57,0.56,
2025-03-08,2025-03,FAC 0003-00040866,FAC,false,C0120,Tostado Chacarita,Mayorista,CABA,CAF-ETIOP-250,CAF-ETIOP-250,false,,Etiopia Yirgacheffe 250 g,UN,CAFE,S,7.00,9922.60,32.00,47231.57,4282.00,29974.00,17257.57,0.37,
2025-01-07,2025-01,FAC 0003-00040245,FAC,false,C9002,VENTA ONLINE,Ecommerce,,CAF-DESCA-250,CAF-DESCA-250,false,,Descafeinado 250 g,UN,CAFE,S,3.00,7400.00,0.00,22200.00,3500.00,10500.00,11700.00,0.53,
2025-03-03,2025-03,FAC 0003-00040972,FAC,false,C9002,VENTA ONLINE,Ecommerce,,CAF-BLEND-250,CAF-BLEND-250,false,,Blend Casa 250 g,UN,CAFE,S,2.00,5849.11,0.00,11698.22,2674.00,5348.00,6350.22,0.54,
2025-03-02,2025-03,FAC 0003-00041226,FAC,false,C9001,CONSUMIDOR FINAL,Local,CABA,CAF-COLOM-250,CAF-COLOM-250,false,,Colombia Huila 250 g,UN,CAFE,S,1.00,8564.77,0.00,8564.77,3760.00,3760.00,4804.77,0.56,
2025-06-21,2025-06,FAC 0003-00042511,FAC,false,C9001,CONSUMIDOR FINAL,Local,CABA,CAF-COLOM-250,CAF-COLOM-250,false,,Colombia Huila 250 g,UN,CAFE,S,1.00,9142.57,0.00,9142.57,4014.00,4014.00,5128.57,0.56,
2025-06-10,2025-06,FAC 0003-00042187,FAC,false,C9002,VENTA ONLINE,Ecommerce,,CAF-ETIOP-250,CAF-ETIOP-250,false,,Etiopia Yirgacheffe 250 g,UN,CAFE,S,1.00,10592.00,0.00,10592.00,4571.00,4571.00,6021.00,0.57,
2025-02-01,2025-02,FAC 0003-00040484,FAC,false,C9002,VENTA ONLINE,Ecommerce,,CAF-COLOM-250,CAF-COLOM-250,false,,Colombia Huila 250 g,UN,CAFE,S,1.00,8380.40,0.00,8380.40,3679.00,3679.00,4701.40,0.56,
2025-06-17,2025-06,FAC 0003-00042188,FAC,false,C9002,VENTA ONLINE,Ecommerce,,CAF-BLEND-250,CAF-BLEND-250,false,,Blend Casa 250 g,UN,CAFE,S,1.00,6243.71,0.00,6243.71,2854.00,2854.00,3389.71,0.54,
2025-05-01,2025-05,FAC 0003-00041692,FAC,false,C0135,Coffee Lab Agronomia II,Mayorista,CABA,CAF-BRAS-1K,CAF-BRAS-1K,false,,Brasil Cerrado 1 kg,UN,CAFE,S,5.00,18546.10,30.00,64911.34,10146.00,50730.00,14181.34,0.22,M. Paz
2025-04-05,2025-04,FAC 0003-00041415,FAC,false,C9002,VENTA ONLINE,Ecommerce,,CAF-BLEND-250,CAF-BLEND-250,false,,Blend Casa 250 g,UN,CAFE,S,3.00,5977.79,0.00,17933.37,2733.00,8199.00,9734.37,0.54,
2025-05-26,2025-05,FAC 0003-00041803,FAC,false,C9002,VENTA ONLINE,Ecommerce,,CAF-ETIOP-250,CAF-ETIOP-250,false,,Etiopia Yirgacheffe 250 g,UN,CAFE,S,3.00,10363.99,0.00,31091.98,4473.00,13419.00,17672.98,0.57,
2025-05-15,2025-05,FAC 0003-00041814,FAC,false,C9002,VENTA ONLINE,Ecommerce,,CAP-FILTRO-100,CAP-FILTRO-100,false,,Filtros de papel x 100,UN,ACCESORIOS,S,3.00,3491.03,0.00,10473.09,2073.00,6219.00,4254.09,0.41,
2025-03-27,2025-03,FAC 0003-00041194,FAC,false,C9001,CONSUMIDOR FINAL,Local,CABA,CAF-COLOM-250,CAF-COLOM-250,false,,Colombia Huila 250 g,UN,CAFE,S,1.00,8564.77,0.00,8564.77,3760.00,3760.00,4804.77,0.56,
2025-04-27,2025-04,FAC 0003-00041282,FAC,false,C0134,Bar Agronomia,Mayorista,CABA,CAF-BLEND-1K,CAF-BLEND-1K,false,,Blend Casa 1 kg,UN,CAFE,S,4.00,19214.33,35.00,49957.25,10461.00,41844.00,8113.25,0.16,M. Paz
2025-03-17,2025-03,FAC 0003-00040938,FAC,false,C9002,VENTA ONLINE,Ecommerce,,CAF-DESCA-250,CAF-DESCA-250,false,,Descafeinado 250 g,UN,CAFE,S,3.00,7729.18,0.00,23187.54,3656.00,10968.00,12219.54,0.53,
2025-06-19,2025-06,FAC 0003-00042382,FAC,false,C9002,VENTA ONLINE,Ecommerce,,CAP-FILTRO-100,CAP-FILTRO-100,false,,Filtros de papel x 100,UN,ACCESORIOS,S,1.00,3567.83,0.00,3567.83,2118.00,2118.00,1449.83,0.41,
2025-05-05,2025-05,FAC 0003-00041762,FAC,false,C9002,VENTA ONLINE,Ecommerce,,CAP-TAZA,CAP-TAZA,false,,Taza ceramica logo,UN,ACCESORIOS,S,3.00,9709.43,0.00,29128.28,4582.00,13746.00,15382.28,0.53,
2025-01-10,2025-01,FAC 0003-00040198,FAC,false,C9002,VENTA ONLINE,Ecommerce,,CAP-TAZA,CAP-TAZA,false,,Taza ceramica logo,UN,ACCESORIOS,S,3.00,8900.00,0.00,26700.00,4200.00,12600.00,14100.00,0.53,
2025-04-13,2025-04,FAC 0003-00041260,FAC,false,C0113,Bar Recoleta II,Mayorista,CABA,CAF-BRAS-1K,CAF-BRAS-1K,false,,Brasil Cerrado 1 kg,UN,CAFE,S,6.00,18146.87,30.00,76216.83,9927.00,59562.00,16654.83,0.22,
2025-04-24,2025-04,FAC 0003-00041377,FAC,false,C9002,VENTA ONLINE,Ecommerce,,CAF-COLOM-250,CAF-COLOM-250,false,,Colombia Huila 250 g,UN,CAFE,S,2.00,8753.19,0.00,17506.39,3843.00,7686.00,9820.39,0.56,
2025-04-23,2025-04,FAC 0003-00041364,FAC,false,C9002,VENTA ONLINE,Ecommerce,,CAF-BLEND-250,CAF-BLEND-250,false,,Blend Casa 250 g,UN,CAFE,S,3.00,5977.79,0.00,17933.37,2733.00,8199.00,9734.37,0.54,
2025-02-06,2025-02,FAC 0003-00040464,FAC,false,C0133,El Almacen de Barracas II,Mayorista,CABA,CAF-BLEND-1K,CAF-BLEND-1K,false,,Blend Casa 1 kg,UN,CAFE,S,8.00,18396.00,35.00,95659.20,10016.00,80128.00,15531.20,0.16,
2025-01-02,2025-01,FAC 0003-00040194,FAC,false,C9002,VENTA ONLINE,Ecommerce,,CAF-DESCA-250,CAF-DESCA-250,false,,Descafeinado 250 g,UN,CAFE,S,2.00,7400.00,0.00,14800.00,3500.00,7000.00,7800.00,0.53,
2025-02-06,2025-02,FAC 0003-00040650,FAC,false,C9002,VENTA ONLINE,Ecommerce,,CAF-BLEND-250,CAF-BLEND-250,false,,Blend Casa 250 g,UN,CAFE,S,3.00,5723.20,0.00,17169.60,2616.00,7848.00,9321.60,0.54,
2025-06-25,2025-06,FAC 0003-00042091,FAC,false,C0101,El Almacen de Palermo II,Mayorista,CABA,CAF-BRAS-1K,CAF-BRAS-1K,false,,Brasil Cerrado 1 kg,UN,CAFE,S,8.00,18954.11,35.00,98561.37,10369.00,82952.00,15609.37,0.16,M. Paz
2025-06-12,2025-06,FAC 0003-00042242,FAC,false,C9002,VENTA ONLINE,Ecommerce,,CAF-ETIOP-250,CAF-ETIOP-250,false,,Etiopia Yirgacheffe 250 g,UN,CAFE,S,1.00,10592.00,0.00,10592.00,4571.00,4571.00,6021.00,0.57,
2025-02-05,2025-02,FAC 0003-00040433,FAC,false,C0109,Usina Colegiales II,Mayorista,CABA,CAF-BLEND-1K,CAF-BLEND-1K,false,,Blend Casa 1 kg,UN,CAFE,S,3.00,18396.00,32.00,37527.84,10016.00,30048.00,7479.84,0.20,R. Ibarra
2025-05-18,2025-05,FAC 0003-00041696,FAC,false,C0138,El Almacen de Constitucion,Mayorista,CABA,CAP-FILTRO-100,CAP-FILTRO-100,false,,Filtros de papel x 100,UN,ACCESORIOS,S,2.00,3491.03,30.00,4887.44,2073.00,4146.00,741.44,0.15,
2025-01-20,2025-01,FAC 0003-00040224,FAC,false,C9002,VENTA ONLINE,Ecommerce,,CAF-DESCA-250,CAF-DESCA-250,false,,Descafeinado 250 g,UN,CAFE,S,3.00,7400.00,0.00,22200.00,3500.00,10500.00,11700.00,0.53,
2025-04-18,2025-04,FAC 0003-00041535,FAC,false,C9001,CONSUMIDOR FINAL,Local,CABA,CAF-BLEND-1K,CAF-BLEND-1K,false,,Blend Casa 1 kg,UN,CAFE,S,2.00,19214.33,0.00,38428.66,10461.00,20922.00,17506.66,0.46,
2025-02-01,2025-02,FAC 0003-00040732,FAC,false,C9001,CONSUMIDOR FINAL,Local,CABA,CAF-ETIOP-250,CAF-ETIOP-250,false,,Etiopia Yirgacheffe 250 g,UN,CAFE,S,1.00,9709.00,0.00,9709.00,4190.00,4190.00,5519.00,0.57,
2025-04-21,2025-04,FAC 0003-00041627,FAC,false,C9001,CONSUMIDOR FINAL,Local,CABA,CAF-COLOM-250,CAF-COLOM-250,false,,Colombia Huila 250 g,UN,CAFE,S,2.00,8753.19,0.00,17506.39,3843.00,7686.00,9820.39,0.56,
2025-03-19,2025-03,FAC 0003-00040895,FAC,false,C9002,VENTA ONLINE,Ecommerce,,CAF-COLOM-250,CAF-COLOM-250,false,,Colombia Huila 250 g,UN,CAFE,S,2.00,8564.77,0.00,17129.54,3760.00,7520.00,9609.54,0.56,
2025-01-23,2025-01,FAC 0003-00040352,FAC,false,C9001,CONSUMIDOR FINAL,Local,CABA,CAF-BLEND-250,CAF-BLEND-250,false,,Blend Casa 250 g,UN,CAFE,S,1.00,5600.00,0.00,5600.00,2560.00,2560.00,3040.00,0.54,
2025-02-03,2025-02,FAC 0003-00040589,FAC,false,C9002,VENTA ONLINE,Ecommerce,,CAP-TAZA,CAP-TAZA,false,,Taza ceramica logo,UN,ACCESORIOS,S,1.00,9095.80,0.00,9095.80,4292.00,4292.00,4803.80,0.53,
2025-03-22,2025-03,FAC 0003-00040910,FAC,false,C9002,VENTA ONLINE,Ecommerce,,CAP-FILTRO-100,CAP-FILTRO-100,false,,Filtros de papel x 100,UN,ACCESORIOS,S,3.00,3342.35,0.00,10027.05,1985.00,5955.00,4072.05,0.41,
2025-05-20,2025-05,FAC 0003-00041779,FAC,false,C9002,VENTA ONLINE,Ecommerce,,CAF-BLEND-250,CAF-BLEND-250,false,,Blend Casa 250 g,UN,CAFE,S,1.00,6109.30,0.00,6109.30,2793.00,2793.00,3316.30,0.54,
2025-01-12,2025-01,FAC 0003-00040056,FAC,false,C9002,VENTA ONLINE,Ecommerce,,CAF-BRAS-250,CAF-BRAS-250,false,,Brasil Cerrado 250 g,UN,CAFE,S,3.00,5300.00,0.00,15900.00,2430.00,7290.00,8610.00,0.54,
2025-02-25,2025-02,FAC 0003-00040747,FAC,false,C9001,CONSUMIDOR FINAL,Local,CABA,CAF-BLEND-250,CAF-BLEND-250,false,,Blend Casa 250 g,UN,CAFE,S,1.00,5723.20,0.00,5723.20,2616.00,2616.00,3107.20,0.54,
2025-04-04,2025-04,FAC 0003-00041298,FAC,false,C9002,VENTA ONLINE,Ecommerce,,CAF-DESCA-250,CAF-DESCA-250,false,,Descafeinado 250 g,UN,CAFE,S,1.00,7899.22,0.00,7899.22,3736.00,3736.00,4163.22,0.53,
2025-01-08,2025-01,FAC 0003-00040097,FAC,false,C9002,VENTA ONLINE,Ecommerce,,CAF-ETIOP-250,CAF-ETIOP-250,false,,Etiopia Yirgacheffe 250 g,UN,CAFE,S,1.00,9500.00,0.00,9500.00,4100.00,4100.00,5400.00,0.57,
2025-04-15,2025-04,FAC 0003-00041588,FAC,false,C9001,CONSUMIDOR FINAL,Local,CABA,CAF-BLEND-250,CAF-BLEND-250,false,,Blend Casa 250 g,UN,CAFE,S,1.00,5977.79,0.00,5977.79,2733.00,2733.00,3244.79,0.54,
2025-06-11,2025-06,FAC 0003-00042180,FAC,false,C9002,VENTA ONLINE,Ecommerce,,CAF-CAPS-10,CAF-CAPS-10,false,,Capsulas compatibles x10,UN,CAFE,S,3.00,7693.14,0.00,23079.42,3679.00,11037.00,12042.42,0.52,
2025-04-27,2025-04,FAC 0003-00041556,FAC,false,C9001,CONSUMIDOR FINAL,Local,CABA,CAF-BLEND-250,CAF-BLEND-250,false,,Blend Casa 250 g,UN,CAFE,S,1.00,5977.79,0.00,5977.79,2733.00,2733.00,3244.79,0.54,
2025-06-08,2025-06,FAC 0003-00042226,FAC,false,C9002,VENTA ONLINE,Ecommerce,,CAF-ETIOP-250,CAF-ETIOP-250,false,,Etiopia Yirgacheffe 250 g,UN,CAFE,S,2.00,10592.00,0.00,21184.01,4571.00,9142.00,12042.01,0.57,
2025-03-27,2025-03,FAC 0003-00041220,FAC,false,C9001,CONSUMIDOR FINAL,Local,CABA,CAF-COLOM-250,CAF-COLOM-250,false,,Colombia Huila 250 g,UN,CAFE,S,1.00,8564.77,0.00,8564.77,3760.00,3760.00,4804.77,0.56,
2025-01-21,2025-01,FAC 0003-00040355,FAC,false,C9001,CONSUMIDOR FINAL,Local,CABA,CAF-BLEND-1K,CAF-BLEND-1K,false,,Blend Casa 1 kg,UN,CAFE,S,2.00,18000.00,0.00,36000.00,9800.00,19600.00,16400.00,0.46,
2025-04-18,2025-04,FAC 0003-00041373,FAC,false,C9002,VENTA ONLINE,Ecommerce,,CAP-FILTRO-100,CAP-FILTRO-100,false,,Filtros de papel x 100,UN,ACCESORIOS,S,3.00,3415.88,0.00,10247.64,2028.00,6084.00,4163.64,0.41,
2025-02-06,2025-02,FAC 0003-00040662,FAC,false,C9002,VENTA ONLINE,Ecommerce,,CAF-ETIOP-250,CAF-ETIOP-250,false,,Etiopia Yirgacheffe 250 g,UN,CAFE,S,3.00,9709.00,0.00,29127.00,4190.00,12570.00,16557.00,0.57,
2025-02-05,2025-02,FAC 0003-00040553,FAC,false,C9002,VENTA ONLINE,Ecommerce,,CAF-COLOM-250,CAF-COLOM-250,false,,Colombia Huila 250 g,UN,CAFE,S,3.00,8380.40,0.00,25141.20,3679.00,11037.00,14104.20,0.56,
2025-03-23,2025-03,FAC 0003-00041045,FAC,false,C9002,VENTA ONLINE,Ecommerce,,CAF-COLOM-250,CAF-COLOM-250,false,,Colombia Huila 250 g,UN,CAFE,S,3.00,8564.77,0.00,25694.31,3760.00,11280.00,14414.31,0.56,
2025-05-07,2025-05,FAC 0003-00041727,FAC,false,C9002,VENTA ONLINE,Ecommerce,,CAP-TAZA,CAP-TAZA,false,,Taza ceramica logo,UN,ACCESORIOS,S,1.00,9709.43,0.00,9709.43,4582.00,4582.00,5127.43,0.53,
2025-01-18,2025-01,FAC 0003-00040391,FAC,false,C9001,CONSUMIDOR FINAL,Local,CABA,CAP-FILTRO-100,CAP-FILTRO-100,false,,Filtros de papel x 100,UN,ACCESORIOS,S,1.00,3200.00,0.00,3200.00,1900.00,1900.00,1300.00,0.41,
2025-03-13,2025-03,FAC 0003-00041103,FAC,false,C9002,VENTA ONLINE,Ecommerce,,CAF-ETIOP-250,CAF-ETIOP-250,false,,Etiopia Yirgacheffe 250 g,UN,CAFE,S,2.00,9922.60,0.00,19845.20,4282.00,8564.00,11281.20,0.57,
2025-03-13,2025-03,FAC 0003-00040855,FAC,false,C0108,Coffee Lab Colegiales,Mayorista,CABA,CAF-BLEND-1K,CAF-BLEND-1K,false,,Blend Casa 1 kg,UN,CAFE,S,10.00,18800.71,32.00,127844.84,10236.00,102360.00,25484.84,0.20,R. Ibarra
2025-01-13,2025-01,FAC 0003-00040024,FAC,false,C0111,Cafe Devoto II,Mayorista,CABA,CAP-FILTRO-100,CAP-FILTRO-100,false,,Filtros de papel x 100,UN,ACCESORIOS,S,3.00,3200.00,35.00,6240.00,1900.00,5700.00,540.00,0.09,M. Paz
2025-06-24,2025-06,FAC 0003-00042309,FAC,false,C9002,VENTA ONLINE,Ecommerce,,CAF-COLOM-250,CAF-COLOM-250,false,,Colombia Huila 250 g,UN,CAFE,S,2.00,9142.57,0.00,18285.14,4014.00,8028.00,10257.14,0.56,
2025-05-18,2025-05,FAC 0003-00041741,FAC,false,C9002,VENTA ONLINE,Ecommerce,,CAF-ETIOP-250,CAF-ETIOP-250,false,,Etiopia Yirgacheffe 250 g,UN,CAFE,S,2.00,10363.99,0.00,20727.99,4473.00,8946.00,11781.99,0.57,
2025-06-28,2025-06,FAC 0003-00042269,FAC,false,C9002,VENTA ONLINE,Ecommerce,,CAF-COLOM-250,CAF-COLOM-250,false,,Colombia Huila 250 g,UN,CAFE,S,3.00,9142.57,0.00,27427.71,4014.00,12042.00,15385.71,0.56,
2025-06-04,2025-06,FAC 0003-00042322,FAC,false,C9002,VENTA ONLINE,Ecommerce,,CAF-ETIOP-250,CAF-ETIOP-250,false,,Etiopia Yirgacheffe 250 g,UN,CAFE,S,2.00,10592.00,0.00,21184.01,4571.00,9142.00,12042.01,0.57,
2025-02-24,2025-02,FAC 0003-00040482,FAC,false,C9002,VENTA ONLINE,Ecommerce,,CAF-COLOM-250,CAF-COLOM-250,false,,Colombia Huila 250 g,UN,CAFE,S,2.00,8380.40,0.00,16760.80,3679.00,7358.00,9402.80,0.56,
2025-02-03,2025-02,FAC 0003-00040509,FAC,false,C9002,VENTA ONLINE,Ecommerce,,CAF-ETIOP-250,CAF-ETIOP-250,false,,Etiopia Yirgacheffe 250 g,UN,CAFE,S,2.00,9709.00,0.00,19418.00,4190.00,8380.00,11038.00,0.57,
2025-06-22,2025-06,FAC 0003-00042339,FAC,false,C9002,VENTA ONLINE,Ecommerce,,CAF-DESCA-250,CAF-DESCA-250,false,,Descafeinado 250 g,UN,CAFE,S,2.00,8250.61,0.00,16501.23,3902.00,7804.00,8697.23,0.53,
2025-04-28,2025-04,FAC 0003-00041368,FAC,false,C9002,VENTA ONLINE,Ecommerce,,CAF-CAPS-10,CAF-CAPS-10,false,,Capsulas compatibles x10,UN,CAFE,S,1.00,7365.49,0.00,7365.49,3523.00,3523.00,3842.49,0.52,
2025-03-05,2025-03,FAC 0003-00041094,FAC,false,C9002,VENTA ONLINE,Ecommerce,,CAF-BRAS-250,CAF-BRAS-250,false,,Brasil Cerrado 250 g,UN,CAFE,S,2.00,5535.77,0.00,11071.53,2538.00,5076.00,5995.53,0.54,
2025-05-25,2025-05,FAC 0003-00042048,FAC,false,C9001,CONSUMIDOR FINAL,Local,CABA,CAP-FILTRO-100,CAP-FILTRO-100,false,,Filtros de papel x 100,UN,ACCESORIOS,S,2.00,3491.03,0.00,6982.06,2073.00,4146.00,2836.06,0.41,
2025-05-17,2025-05,FAC 0003-00041724,FAC,false,C9002,VENTA ONLINE,Ecommerce,,CAF-BRAS-250,CAF-BRAS-250,false,,Brasil Cerrado 250 g,UN,CAFE,S,2.00,5782.02,0.00,11564.04,2651.00,5302.00,6262.04,0.54,
2025-01-13,2025-01,FAC 0003-00040010,FAC,false,C0100,Cafe Palermo,Mayorista,CABA,CAF-BLEND-1K,CAF-BLEND-1K,false,,Blend Casa 1 kg,UN,CAFE,S,7.00,18000.00,32.00,85680.00,9800.00,68600.00,17080.00,0.20,
2025-04-19,2025-04,FAC 0003-00041487,FAC,false,C9002,VENTA ONLINE,Ecommerce,,CAF-COLOM-250,CAF-COLOM-250,false,,Colombia Huila 250 g,UN,CAFE,S,1.00,8753.19,0.00,8753.19,3843.00,3843.00,4910.19,0.56,
2025-01-02,2025-01,FAC 0003-00040263,FAC,false,C9002,VENTA ONLINE,Ecommerce,,CAF-BLEND-250,CAF-BLEND-250,false,,Blend Casa 250 g,UN,CAFE,S,3.00,5600.00,0.00,16800.00,2560.00,7680.00,9120.00,0.54,
2025-04-21,2025-04,FAC 0003-00041408,FAC,false,C9002,VENTA ONLINE,Ecommerce,,CAF-BLEND-250,CAF-BLEND-250,false,,Blend Casa 250 g,UN,CAFE,S,3.00,5977.79,0.00,17933.37,2733.00,8199.00,9734.37,0.54,
2025-04-28,2025-04,FAC 0003-00041339,FAC,false,C9002,VENTA ONLINE,Ecommerce,,CAF-BRAS-250,CAF-BRAS-250,false,,Brasil Cerrado 250 g,UN,CAFE,S,1.00,5657.55,0.00,5657.55,2594.00,2594.00,3063.55,0.54,
2025-04-11,2025-04,FAC 0003-00041338,FAC,false,C9002,VENTA ONLINE,Ecommerce,,CAF-DESCA-250,CAF-DESCA-250,false,,Descafeinado 250 g,UN,CAFE,S,3.00,7899.22,0.00,23697.67,3736.00,11208.00,12489.67,0.53,
2025-05-24,2025-05,FAC 0003-00042065,FAC,false,C9001,CONSUMIDOR FINAL,Local,CABA,CAP-FILTRO-100,CAP-FILTRO-100,false,,Filtros de papel x 100,UN,ACCESORIOS,S,2.00,3491.03,0.00,6982.06,2073.00,4146.00,2836.06,0.41,
2025-01-22,2025-01,FAC 0003-00040092,FAC,false,C9002,VENTA ONLINE,Ecommerce,,CAF-ETIOP-250,CAF-ETIOP-250,false,,Etiopia Yirgacheffe 250 g,UN,CAFE,S,3.00,9500.00,0.00,28500.00,4100.00,12300.00,16200.00,0.57,
2025-05-03,2025-05,FAC 0003-00041982,FAC,false,C9001,CONSUMIDOR FINAL,Local,CABA,CAF-BLEND-250,CAF-BLEND-250,false,,Blend Casa 250 g,UN,CAFE,S,2.00,6109.30,0.00,12218.60,2793.00,5586.00,6632.60,0.54,
2025-01-02,2025-01,FAC 0003-00040003,FAC,false,C0001,GRANOS DEL SUR S.A.,Distribuidor,Avellaneda,CAF-BLEND-CJ6,CAF-BLEND-CJ6,false,,Blend Casa CAJA X 6 (1kg c/u),CAJA X6,CAFE,S,4.00,102000.00,40.00,244800.00,58800.00,235200.00,9600.00,0.04,R. Ibarra
2025-06-21,2025-06,FAC 0003-00042345,FAC,false,C9002,VENTA ONLINE,Ecommerce,,CAF-COLOM-250,CAF-COLOM-250,false,,Colombia Huila 250 g,UN,CAFE,S,1.00,9142.57,0.00,9142.57,4014.00,4014.00,5128.57,0.56,
2025-04-18,2025-04,FAC 0003-00041407,FAC,false,C9002,VENTA ONLINE,Ecommerce,,CAF-COLOM-250,CAF-COLOM-250,false,,Colombia Huila 250 g,UN,CAFE,S,2.00,8753.19,0.00,17506.39,3843.00,7686.00,9820.39,0.56,
2025-01-15,2025-01,FAC 0003-00040064,FAC,false,C9002,VENTA ONLINE,Ecommerce,,CAF-DESCA-250,CAF-DESCA-250,false,,Descafeinado 250 g,UN,CAFE,S,1.00,7400.00,0.00,7400.00,3500.00,3500.00,3900.00,0.53,
2025-06-11,2025-06,FAC 0003-00042359,FAC,false,C9002,VENTA ONLINE,Ecommerce,,CAF-BLEND-250,CAF-BLEND-250,false,,Blend Casa 250 g,UN,CAFE,S,3.00,6243.71,0.00,18731.12,2854.00,8562.00,10169.12,0.54,
2025-01-12,2025-01,FAC 0003-00040171,FAC,false,C9002,VENTA ONLINE,Ecommerce,,CAF-ETIOP-250,CAF-ETIOP-250,false,,Etiopia Yirgacheffe 250 g,UN,CAFE,S,3.00,9500.00,0.00,28500.00,4100.00,12300.00,16200.00,0.57,
2025-03-28,2025-03,FAC 0003-00041127,FAC,false,C9001,CONSUMIDOR FINAL,Local,CABA,CAF-COLOM-250,CAF-COLOM-250,false,,Colombia Huila 250 g,UN,CAFE,S,2.00,8564.77,0.00,17129.54,3760.00,7520.00,9609.54,0.56,
2025-05-24,2025-05,FAC 0003-00041978,FAC,false,C9001,CONSUMIDOR FINAL,Local,CABA,CAF-BLEND-1K,CAF-BLEND-1K,false,,Blend Casa 1 kg,UN,CAFE,S,2.00,19637.04,0.00,39274.09,10691.00,21382.00,17892.09,0.46,
2025-04-01,2025-04,FAC 0003-00041241,FAC,false,C0001,GRANOS DEL SUR S.A.,Distribuidor,Avellaneda,CAF-BLEND-CJ6,CAF-BLEND-CJ6,false,,Blend Casa CAJA X 6 (1kg c/u),CAJA X6,CAFE,S,4.00,108881.19,40.00,261314.86,62767.00,251068.00,10246.86,0.04,M. Paz
2025-04-18,2025-04,FAC 0003-00041632,FAC,false,C9001,CONSUMIDOR FINAL,Local,CABA,CAF-BLEND-250,CAF-BLEND-250,false,,Blend Casa 250 g,UN,CAFE,S,2.00,5977.79,0.00,11955.58,2733.00,5466.00,6489.58,0.54,
2025-01-08,2025-01,FAC 0003-00040032,FAC,false,C0120,Tostado Chacarita,Mayorista,CABA,CAP-FILTRO-100,CAP-FILTRO-100,false,,Filtros de papel x 100,UN,ACCESORIOS,S,2.00,3200.00,32.00,4352.00,1900.00,3800.00,552.00,0.13,M. Paz
2025-04-21,2025-04,FAC 0003-00041408,FAC,false,C9002,VENTA ONLINE,Ecommerce,,CAF-COLOM-250,CAF-COLOM-250,false,,Colombia Huila 250 g,UN,CAFE,S,2.00,8753.19,0.00,17506.39,3843.00,7686.00,9820.39,0.56,
2025-03-22,2025-03,FAC 0003-00041151,FAC,false,C9001,CONSUMIDOR FINAL,Local,CABA,CAF-BLEND-250,CAF-BLEND-250,false,,Blend Casa 250 g,UN,CAFE,S,1.00,5849.11,0.00,5849.11,2674.00,2674.00,3175.11,0.54,
2025-06-24,2025-06,FAC 0003-00042111,FAC,false,C0116,Cafe Caballito,Mayorista,CABA,CAF-BLEND-1K,CAF-BLEND-1K,false,,Blend Casa 1 kg,UN,CAFE,S,3.00,20069.06,32.00,40940.88,10926.00,32778.00,8162.88,0.20,R. Ibarra
2025-06-14,2025-06,FAC 0003-00042132,FAC,false,C0133,El Almacen de Barracas II,Mayorista,CABA,CAP-FILTRO-100,CAP-FILTRO-100,false,,Filtros de papel x 100,UN,ACCESORIOS,S,4.00,3567.83,35.00,9276.36,2118.00,8472.00,804.36,0.09,M. Paz
2025-03-23,2025-03,FAC 0003-00041072,FAC,false,C9002,VENTA ONLINE,Ecommerce,,CAF-COLOM-250,CAF-COLOM-250,false,,Colombia Huila 250 g,UN,CAFE,S,1.00,8564.77,0.00,8564.77,3760.00,3760.00,4804.77,0.56,
2025-02-15,2025-02,FAC 0003-00040663,FAC,false,C9002,VENTA ONLINE,Ecommerce,,CAF-BRAS-250,CAF-BRAS-250,false,,Brasil Cerrado 250 g,UN,CAFE,S,1.00,5416.60,0.00,5416.60,2483.00,2483.00,2933.60,0.54,
2025-06-18,2025-06,FAC 0003-00042144,FAC,false,C9002,VENTA ONLINE,Ecommerce,,CAF-DESCA-250,CAF-DESCA-250,false,,Descafeinado 250 g,UN,CAFE,S,3.00,8250.61,0.00,24751.84,3902.00,11706.00,13045.84,0.53,
2025-06-27,2025-06,FAC 0003-00042464,FAC,false,C9001,CONSUMIDOR FINAL,Local,CABA,CAF-BLEND-250,CAF-BLEND-250,false,,Blend Casa 250 g,UN,CAFE,S,2.00,6243.71,0.00,12487.41,2854.00,5708.00,6779.41,0.54,
2025-02-18,2025-02,FAC 0003-00040701,FAC,false,C9001,CONSUMIDOR FINAL,Local,CABA,CAP-FILTRO-100,CAP-FILTRO-100,false,,Filtros de papel x 100,UN,ACCESORIOS,S,2.00,3270.40,0.00,6540.80,1942.00,3884.00,2656.80,0.41,
2025-02-20,2025-02,FAC 0003-00040451,FAC,false,C0124,Coffee Lab Flores,Mayorista,CABA,CAF-ETIOP-250,CAF-ETIOP-250,false,,Etiopia Yirgacheffe 250 g,UN,CAFE,S,7.00,9709.00,35.00,44175.95,4190.00,29330.00,14845.95,0.34,
2025-04-10,2025-04,FAC 0003-00041404,FAC,false,C9002,VENTA ONLINE,Ecommerce,,CAF-BRAS-250,CAF-BRAS-250,false,,Brasil Cerrado 250 g,UN,CAFE,S,1.00,5657.55,0.00,5657.55,2594.00,2594.00,3063.55,0.54,
2025-04-22,2025-04,FAC 0003-00041429,FAC,false,C9002,VENTA ONLINE,Ecommerce,,CAF-COLOM-250,CAF-COLOM-250,false,,Colombia Huila 250 g,UN,CAFE,S,2.00,8753.19,0.00,17506.39,3843.00,7686.00,9820.39,0.56,
2025-06-21,2025-06,FAC 0003-00042474,FAC,false,C9001,CONSUMIDOR FINAL,Local,CABA,CAF-COLOM-250,CAF-COLOM-250,false,,Colombia Huila 250 g,UN,CAFE,S,2.00,9142.57,0.00,18285.14,4014.00,8028.00,10257.14,0.56,
2025-05-21,2025-05,FAC 0003-00042059,FAC,false,C9001,CONSUMIDOR FINAL,Local,CABA,CAF-BLEND-250,CAF-BLEND-250,false,,Blend Casa 250 g,UN,CAFE,S,1.00,6109.30,0.00,6109.30,2793.00,2793.00,3316.30,0.54,
2025-01-25,2025-01,FAC 0003-00040396,FAC,false,C9001,CONSUMIDOR FINAL,Local,CABA,CAF-BLEND-1K,CAF-BLEND-1K,false,,Blend Casa 1 kg,UN,CAFE,S,1.00,18000.00,0.00,18000.00,9800.00,9800.00,8200.00,0.46,
2025-06-14,2025-06,FAC 0003-00042204,FAC,false,C9002,VENTA ONLINE,Ecommerce,,CAF-COLOM-250,CAF-COLOM-250,false,,Colombia Huila 250 g,UN,CAFE,S,1.00,9142.57,0.00,9142.57,4014.00,4014.00,5128.57,0.56,
2025-03-08,2025-03,FAC 0003-00041040,FAC,false,C9002,VENTA ONLINE,Ecommerce,,CAF-BRAS-250,CAF-BRAS-250,false,,Brasil Cerrado 250 g,UN,CAFE,S,2.00,5535.77,0.00,11071.53,2538.00,5076.00,5995.53,0.54,
2025-01-20,2025-01,FAC 0003-00040114,FAC,false,C9002,VENTA ONLINE,Ecommerce,,CAF-COLOM-250,CAF-COLOM-250,false,,Colombia Huila 250 g,UN,CAFE,S,3.00,8200.00,0.00,24600.00,3600.00,10800.00,13800.00,0.56,
2025-05-14,2025-05,FAC 0003-00041926,FAC,false,C9002,VENTA ONLINE,Ecommerce,,CAF-BLEND-250,CAF-BLEND-250,false,,Blend Casa 250 g,UN,CAFE,S,2.00,6109.30,0.00,12218.60,2793.00,5586.00,6632.60,0.54,
2025-04-05,2025-04,FAC 0003-00041300,FAC,false,C9002,VENTA ONLINE,Ecommerce,,CAF-COLOM-250,CAF-COLOM-250,false,,Colombia Huila 250 g,UN,CAFE,S,3.00,8753.19,0.00,26259.58,3843.00,11529.00,14730.58,0.56,
2025-03-02,2025-03,FAC 0003-00040981,FAC,false,C9002,VENTA ONLINE,Ecommerce,,CAF-ETIOP-250,CAF-ETIOP-250,false,,Etiopia Yirgacheffe 250 g,UN,CAFE,S,1.00,9922.60,0.00,9922.60,4282.00,4282.00,5640.60,0.57,
2025-02-24,2025-02,FAC 0003-00040729,FAC,false,C9001,CONSUMIDOR FINAL,Local,CABA,CAF-BLEND-250,CAF-BLEND-250,false,,Blend Casa 250 g,UN,CAFE,S,2.00,5723.20,0.00,11446.40,2616.00,5232.00,6214.40,0.54,
2025-04-06,2025-04,FAC 0003-00041400,FAC,false,C9002,VENTA ONLINE,Ecommerce,,CAF-BRAS-250,CAF-BRAS-250,false,,Brasil Cerrado 250 g,UN,CAFE,S,1.00,5657.55,0.00,5657.55,2594.00,2594.00,3063.55,0.54,
2025-06-21,2025-06,FAC 0003-00042486,FAC,false,C9001,CONSUMIDOR FINAL,Local,CABA,CAF-ETIOP-250,CAF-ETIOP-250,false,,Etiopia Yirgacheffe 250 g,UN,CAFE,S,2.00,10592.00,0.00,21184.01,4571.00,9142.00,12042.01,0.57,
2025-04-23,2025-04,FAC 0003-00041529,FAC,false,C9001,CONSUMIDOR FINAL,Local,CABA,CAF-ETIOP-250,CAF-ETIOP-250,false,,Etiopia Yirgacheffe 250 g,UN,CAFE,S,1.00,10140.90,0.00,10140.90,4377.00,4377.00,5763.90,0.57,
2025-04-02,2025-04,FAC 0003-00041512,FAC,false,C9002,VENTA ONLINE,Ecommerce,,CAF-ETIOP-250,CAF-ETIOP-250,false,,Etiopia Yirgacheffe 250 g,UN,CAFE,S,2.00,10140.90,0.00,20281.79,4377.00,8754.00,11527.79,0.57,
2025-06-01,2025-06,NC 0003-00001244,NC,true,C0105,Panaderia Villa Crespo II,Mayorista,CABA,CAF-BRAS-1K,CAF-BRAS-1K,false,,Brasil Cerrado 1 kg,UN,CAFE,S,-1.00,18954.11,32.00,-12888.79,10369.00,-10369.00,-2519.79,,
2025-05-15,2025-05,FAC 0003-00042025,FAC,false,C9001,CONSUMIDOR FINAL,Local,CABA,CAF-ETIOP-250,CAF-ETIOP-250,false,,Etiopia Yirgacheffe 250 g,UN,CAFE,S,2.00,10363.99,0.00,20727.99,4473.00,8946.00,11781.99,0.57,
2025-01-17,2025-01,FAC 0003-00040040,FAC,false,C0126,Panaderia Parque Chas,Mayorista,CABA,CAF-BLEND-1K,CAF-BLEND-1K,false,,Blend Casa 1 kg,UN,CAFE,S,10.00,18000.00,32.00,122400.00,9800.00,98000.00,24400.00,0.20,
2025-05-24,2025-05,FAC 0003-00041909,FAC,false,C9002,VENTA ONLINE,Ecommerce,,CAF-BLEND-250,CAF-BLEND-250,false,,Blend Casa 250 g,UN,CAFE,S,2.00,6109.30,0.00,12218.60,2793.00,5586.00,6632.60,0.54,
2025-01-05,2025-01,FAC 0003-00040327,FAC,false,C9001,CONSUMIDOR FINAL,Local,CABA,CAP-FILTRO-100,CAP-FILTRO-100,false,,Filtros de papel x 100,UN,ACCESORIOS,S,1.00,3200.00,0.00,3200.00,1900.00,1900.00,1300.00,0.41,
2025-06-24,2025-06,FAC 0003-00042341,FAC,false,C9002,VENTA ONLINE,Ecommerce,,CAF-ETIOP-250,CAF-ETIOP-250,false,,Etiopia Yirgacheffe 250 g,UN,CAFE,S,2.00,10592.00,0.00,21184.01,4571.00,9142.00,12042.01,0.57,
2025-06-05,2025-06,FAC 0003-00042178,FAC,false,C9002,VENTA ONLINE,Ecommerce,,CAF-COLOM-250,CAF-COLOM-250,false,,Colombia Huila 250 g,UN,CAFE,S,3.00,9142.57,0.00,27427.71,4014.00,12042.00,15385.71,0.56,
2025-06-26,2025-06,FAC 0003-00042216,FAC,false,C9002,VENTA ONLINE,Ecommerce,,CAF-ETIOP-250,CAF-ETIOP-250,false,,Etiopia Yirgacheffe 250 g,UN,CAFE,S,1.00,10592.00,0.00,10592.00,4571.00,4571.00,6021.00,0.57,
2025-04-06,2025-04,FAC 0003-00041418,FAC,false,C9002,VENTA ONLINE,Ecommerce,,CAF-BLEND-250,CAF-BLEND-250,false,,Blend Casa 250 g,UN,CAFE,S,3.00,5977.79,0.00,17933.37,2733.00,8199.00,9734.37,0.54,
2025-03-13,2025-03,FAC 0003-00040982,FAC,false,C9002,VENTA ONLINE,Ecommerce,,CAF-BRAS-250,CAF-BRAS-250,false,,Brasil Cerrado 250 g,UN,CAFE,S,2.00,5535.77,0.00,11071.53,2538.00,5076.00,5995.53,0.54,
2025-04-16,2025-04,FAC 0003-00041476,FAC,false,C9002,VENTA ONLINE,Ecommerce,,CAF-CAPS-10,CAF-CAPS-10,false,,Capsulas compatibles x10,UN,CAFE,S,3.00,7365.49,0.00,22096.48,3523.00,10569.00,11527.48,0.52,
2025-01-26,2025-01,FAC 0003-00040057,FAC,false,C9002,VENTA ONLINE,Ecommerce,,CAF-COLOM-250,CAF-COLOM-250,false,,Colombia Huila 250 g,UN,CAFE,S,3.00,8200.00,0.00,24600.00,3600.00,10800.00,13800.00,0.56,
2025-01-18,2025-01,FAC 0003-00040078,FAC,false,C9002,VENTA ONLINE,Ecommerce,,CAF-COLOM-250,CAF-COLOM-250,false,,Colombia Huila 250 g,UN,CAFE,S,3.00,8200.00,0.00,24600.00,3600.00,10800.00,13800.00,0.56,
2025-01-05,2025-01,NC 0003-00001201,NC,true,C0123,La Ventanita de Almagro II,Mayorista,CABA,CAF-BRAS-1K,CAF-BRAS-1K,false,,Brasil Cerrado 1 kg,UN,CAFE,S,-2.00,17000.00,35.00,-22100.00,9300.00,-18600.00,-3500.00,,
2025-06-22,2025-06,FAC 0003-00042080,FAC,false,C0001,GRANOS DEL SUR S.A.,Distribuidor,Avellaneda,CAF-BLEND-CJ6,CAF-BLEND-CJ6,false,,Blend Casa CAJA X 6 (1kg c/u),CAJA X6,CAFE,S,7.00,113724.66,40.00,477643.58,65559.00,458913.00,18730.58,0.04,
2025-04-26,2025-04,FAC 0003-00041306,FAC,false,C9002,VENTA ONLINE,Ecommerce,,CAF-COLOM-250,CAF-COLOM-250,false,,Colombia Huila 250 g,UN,CAFE,S,3.00,8753.19,0.00,26259.58,3843.00,11529.00,14730.58,0.56,
2025-04-21,2025-04,FAC 0003-00041394,FAC,false,C9002,VENTA ONLINE,Ecommerce,,CAF-BLEND-250,CAF-BLEND-250,false,,Blend Casa 250 g,UN,CAFE,S,3.00,5977.79,0.00,17933.37,2733.00,8199.00,9734.37,0.54,
2025-03-03,2025-03,FAC 0003-00041030,FAC,false,C9002,VENTA ONLINE,Ecommerce,,CAF-COLOM-250,CAF-COLOM-250,false,,Colombia Huila 250 g,UN,CAFE,S,1.00,8564.77,0.00,8564.77,3760.00,3760.00,4804.77,0.56,
2025-05-04,2025-05,FAC 0003-00041678,FAC,false,C0122,El Almacen de Almagro,Mayorista,CABA,CAF-BLEND-1K,CAF-BLEND-1K,false,,Blend Casa 1 kg,UN,CAFE,S,3.00,19637.04,32.00,40059.57,10691.00,32073.00,7986.57,0.20,R. Ibarra
2025-04-25,2025-04,FAC 0003-00041299,FAC,false,C9002,VENTA ONLINE,Ecommerce,,CAF-COLOM-250,CAF-COLOM-250,false,,Colombia Huila 250 g,UN,CAFE,S,2.00,8753.19,0.00,17506.39,3843.00,7686.00,9820.39,0.56,
2025-03-24,2025-03,FAC 0003-00040980,FAC,false,C9002,VENTA ONLINE,Ecommerce,,CAP-TAZA,CAP-TAZA,false,,Taza ceramica logo,UN,ACCESORIOS,S,1.00,9295.91,0.00,9295.91,4387.00,4387.00,4908.91,0.53,
2025-01-27,2025-01,FAC 0003-00040217,FAC,false,C9002,VENTA ONLINE,Ecommerce,,CAF-ETIOP-250,CAF-ETIOP-250,false,,Etiopia Yirgacheffe 250 g,UN,CAFE,S,2.00,9500.00,0.00,19000.00,4100.00,8200.00,10800.00,0.57,
2025-06-15,2025-06,FAC 0003-00042374,FAC,false,C9002,VENTA ONLINE,Ecommerce,,CAF-COLOM-250,CAF-COLOM-250,false,,Colombia Huila 250 g,UN,CAFE,S,3.00,9142.57,0.00,27427.71,4014.00,12042.00,15385.71,0.56,
2025-05-19,2025-05,FAC 0003-00041886,FAC,false,C9002,VENTA ONLINE,Ecommerce,,CAF-COLOM-250,CAF-COLOM-250,false,,Colombia Huila 250 g,UN,CAFE,S,3.00,8945.76,0.00,26837.29,3927.00,11781.00,15056.29,0.56,
2025-05-10,2025-05,FAC 0003-00041844,FAC,false,C9002,VENTA ONLINE,Ecommerce,,CAF-BLEND-250,CAF-BLEND-250,false,,Blend Casa 250 g,UN,CAFE,S,1.00,6109.30,0.00,6109.30,2793.00,2793.00,3316.30,0.54,
2025-06-04,2025-06,FAC 0003-00042085,FAC,false,C0001,GRANOS DEL SUR S.A.,Distribuidor,Avellaneda,BLEND1K,CAF-BLEND-1K,true,Codigo viejo informado en ventas; corresponde a Blend Casa 1 kg.,Blend Casa 1 kg,UN,CAFE,S,27.00,20069.06,40.00,325118.74,10926.00,295002.00,30116.74,0.09,R. Ibarra
2025-04-28,2025-04,FAC 0003-00041257,FAC,false,C0110,Panaderia Devoto,Mayorista,CABA,CAP-FILTRO-100,CAP-FILTRO-100,false,,Filtros de papel x 100,UN,ACCESORIOS,S,5.00,3415.88,35.00,11101.61,2028.00,10140.00,961.61,0.09,
2025-03-20,2025-03,FAC 0003-00041080,FAC,false,C9002,VENTA ONLINE,Ecommerce,,CAF-BLEND-250,CAF-BLEND-250,false,,Blend Casa 250 g,UN,CAFE,S,1.00,5849.11,0.00,5849.11,2674.00,2674.00,3175.11,0.54,
2025-05-05,2025-05,FAC 0003-00041831,FAC,false,C9002,VENTA ONLINE,Ecommerce,,CAF-BLEND-250,CAF-BLEND-250,false,,Blend Casa 250 g,UN,CAFE,S,3.00,6109.30,0.00,18327.91,2793.00,8379.00,9948.91,0.54,
2025-05-16,2025-05,FAC 0003-00042060,FAC,false,C9001,CONSUMIDOR FINAL,Local,CABA,CAF-BLEND-1K,CAF-BLEND-1K,false,,Blend Casa 1 kg,UN,CAFE,S,2.00,19637.04,0.00,39274.09,10691.00,21382.00,17892.09,0.46,
2025-05-08,2025-05,FAC 0003-00041701,FAC,false,C9002,VENTA ONLINE,Ecommerce,,CAF-BLEND-250,CAF-BLEND-250,false,,Blend Casa 250 g,UN,CAFE,S,1.00,6109.30,0.00,6109.30,2793.00,2793.00,3316.30,0.54,
2025-06-06,2025-06,FAC 0003-00042203,FAC,false,C9002,VENTA ONLINE,Ecommerce,,CAF-CAPS-10,CAF-CAPS-10,false,,Capsulas compatibles x10,UN,CAFE,S,1.00,7693.14,0.00,7693.14,3679.00,3679.00,4014.14,0.52,
2025-05-26,2025-05,FAC 0003-00041817,FAC,false,C9002,VENTA ONLINE,Ecommerce,,CAF-DESCA-250,CAF-DESCA-250,false,,Descafeinado 250 g,UN,CAFE,S,2.00,8073.01,0.00,16146.01,3818.00,7636.00,8510.01,0.53,
2025-03-26,2025-03,FAC 0003-00040872,FAC,false,C0127,Cafe Parque Chas II,Mayorista,CABA,CAP-FILTRO-100,CAP-FILTRO-100,false,,Filtros de papel x 100,UN,ACCESORIOS,S,3.00,3342.35,32.00,6818.39,1985.00,5955.00,863.39,0.13,R. Ibarra
2025-06-11,2025-06,FAC 0003-00042130,FAC,false,C0131,Tostado Coghlan II,Mayorista,CABA,CAF-BLEND-1K,CAF-BLEND-1K,false,,Blend Casa 1 kg,UN,CAFE,S,7.00,20069.06,35.00,91314.21,10926.00,76482.00,14832.21,0.16,M. Paz
2025-02-12,2025-02,FAC 0003-00040470,FAC,false,C0137,Panaderia Villa Urquiza II,Mayorista,CABA,CAF-BLEND-1K,CAF-BLEND-1K,false,,Blend Casa 1 kg,UN,CAFE,S,5.00,18396.00,30.00,64386.00,10016.00,50080.00,14306.00,0.22,M. Paz
2025-04-06,2025-04,FAC 0003-00041324,FAC,false,C9002,VENTA ONLINE,Ecommerce,,CAF-COLOM-250,CAF-COLOM-250,false,,Colombia Huila 250 g,UN,CAFE,S,2.00,8753.19,0.00,17506.39,3843.00,7686.00,9820.39,0.56,
2025-01-19,2025-01,FAC 0003-00040036,FAC,false,C0123,La Ventanita de Almagro II,Mayorista,CABA,CAF-BRAS-1K,CAF-BRAS-1K,false,,Brasil Cerrado 1 kg,UN,CAFE,S,2.00,17000.00,35.00,22100.00,9300.00,18600.00,3500.00,0.16,M. Paz
2025-01-23,2025-01,FAC 0003-00040148,FAC,false,C9002,VENTA ONLINE,Ecommerce,,CAF-COLOM-250,CAF-COLOM-250,false,,Colombia Huila 250 g,UN,CAFE,S,2.00,8200.00,0.00,16400.00,3600.00,7200.00,9200.00,0.56,
2025-01-06,2025-01,FAC 0003-00040042,FAC,false,C0128,La Ventanita de San Telmo,Mayorista,CABA,CAF-BLEND-1K,CAF-BLEND-1K,false,,Blend Casa 1 kg,UN,CAFE,S,6.00,18000.00,32.00,73440.00,9800.00,58800.00,14640.00,0.20,R. Ibarra
2025-06-14,2025-06,FAC 0003-00042466,FAC,false,C9001,CONSUMIDOR FINAL,Local,CABA,CAF-ETIOP-250,CAF-ETIOP-250,false,,Etiopia Yirgacheffe 250 g,UN,CAFE,S,2.00,10592.00,0.00,21184.01,4571.00,9142.00,12042.01,0.57,
2025-04-25,2025-04,FAC 0003-00041276,FAC,false,C0129,Bar San Telmo II,Mayorista,CABA,CAF-ETIOP-250,CAF-ETIOP-250,false,,Etiopia Yirgacheffe 250 g,UN,CAFE,S,8.00,10140.90,32.00,55166.47,4377.00,35016.00,20150.47,0.37,
2025-05-27,2025-05,FAC 0003-00041816,FAC,false,C9002,VENTA ONLINE,Ecommerce,,CAF-BRAS-250,CAF-BRAS-250,false,,Brasil Cerrado 250 g,UN,CAFE,S,1.00,5782.02,0.00,5782.02,2651.00,2651.00,3131.02,0.54,
2025-06-25,2025-06,FAC 0003-00042121,FAC,false,C0124,Coffee Lab Flores,Mayorista,CABA,CAP-FILTRO-100,CAP-FILTRO-100,false,,Filtros de papel x 100,UN,ACCESORIOS,S,6.00,3567.83,35.00,13914.55,2118.00,12708.00,1206.55,0.09,R. Ibarra
2025-03-24,2025-03,FAC 0003-00040963,FAC,false,C9002,VENTA ONLINE,Ecommerce,,CAP-TAZA,CAP-TAZA,false,,Taza ceramica logo,UN,ACCESORIOS,S,1.00,9295.91,0.00,9295.91,4387.00,4387.00,4908.91,0.53,
2025-05-10,2025-05,FAC 0003-00042033,FAC,false,C9001,CONSUMIDOR FINAL,Local,CABA,CAF-BLEND-250,CAF-BLEND-250,false,,Blend Casa 250 g,UN,CAFE,S,2.00,6109.30,0.00,12218.60,2793.00,5586.00,6632.60,0.54,
2025-04-26,2025-04,FAC 0003-00041268,FAC,false,C0123,La Ventanita de Almagro II,Mayorista,CABA,CAF-BLEND-1K,CAF-BLEND-1K,false,,Blend Casa 1 kg,UN,CAFE,S,10.00,19214.33,35.00,124893.13,10461.00,104610.00,20283.13,0.16,
2025-05-14,2025-05,FAC 0003-00041718,FAC,false,C9002,VENTA ONLINE,Ecommerce,,CAF-BLEND-250,CAF-BLEND-250,false,,Blend Casa 250 g,UN,CAFE,S,2.00,6109.30,0.00,12218.60,2793.00,5586.00,6632.60,0.54,
2025-05-11,2025-05,NC 0003-00001234,NC,true,C0137,Panaderia Villa Urquiza II,Mayorista,CABA,CAF-BRAS-1K,CAF-BRAS-1K,false,,Brasil Cerrado 1 kg,UN,CAFE,S,-2.00,18546.10,30.00,-25964.53,10146.00,-20292.00,-5672.53,,
2025-05-08,2025-05,FAC 0003-00041656,FAC,false,C0104,Tostado Villa Crespo,Mayorista,CABA,CAF-BRAS-1K,CAF-BRAS-1K,false,,Brasil Cerrado 1 kg,UN,CAFE,S,7.00,18546.10,35.00,84384.74,10146.00,71022.00,13362.74,0.16,
2025-02-13,2025-02,FAC 0003-00040478,FAC,false,C9002,VENTA ONLINE,Ecommerce,,CAP-FILTRO-100,CAP-FILTRO-100,false,,Filtros de papel x 100,UN,ACCESORIOS,S,1.00,3270.40,0.00,3270.40,1942.00,1942.00,1328.40,0.41,
2025-05-06,2025-05,FAC 0003-00041996,FAC,false,C9001,CONSUMIDOR FINAL,Local,CABA,CAF-COLOM-250,CAF-COLOM-250,false,,Colombia Huila 250 g,UN,CAFE,S,1.00,8945.76,0.00,8945.76,3927.00,3927.00,5018.76,0.56,
2025-04-10,2025-04,FAC 0003-00041480,FAC,false,C9002,VENTA ONLINE,Ecommerce,,CAF-BRAS-250,CAF-BRAS-250,false,,Brasil Cerrado 250 g,UN,CAFE,S,3.00,5657.55,0.00,16972.66,2594.00,7782.00,9190.66,0.54,
2025-02-19,2025-02,FAC 0003-00040805,FAC,false,C9001,CONSUMIDOR FINAL,Local,CABA,CAF-BLEND-250,CAF-BLEND-250,false,,Blend Casa 250 g,UN,CAFE,S,2.00,5723.20,0.00,11446.40,2616.00,5232.00,6214.40,0.54,
2025-05-21,2025-05,FAC 0003-00042036,FAC,false,C9001,CONSUMIDOR FINAL,Local,CABA,CAF-ETIOP-250,CAF-ETIOP-250,false,,Etiopia Yirgacheffe 250 g,UN,CAFE,S,2.00,10363.99,0.00,20727.99,4473.00,8946.00,11781.99,0.57,
2025-03-26,2025-03,FAC 0003-00040872,FAC,false,C0127,Cafe Parque Chas II,Mayorista,CABA,CAF-BLEND-1K,CAF-BLEND-1K,false,,Blend Casa 1 kg,UN,CAFE,S,8.00,18800.71,32.00,102275.87,10236.00,81888.00,20387.87,0.20,R. Ibarra
2025-05-23,2025-05,FAC 0003-00042003,FAC,false,C9001,CONSUMIDOR FINAL,Local,CABA,CAF-ETIOP-250,CAF-ETIOP-250,false,,Etiopia Yirgacheffe 250 g,UN,CAFE,S,2.00,10363.99,0.00,20727.99,4473.00,8946.00,11781.99,0.57,
2025-02-23,2025-02,FAC 0003-00040489,FAC,false,C9002,VENTA ONLINE,Ecommerce,,CAF-BLEND-250,CAF-BLEND-250,false,,Blend Casa 250 g,UN,CAFE,S,1.00,5723.20,0.00,5723.20,2616.00,2616.00,3107.20,0.54,
2025-06-07,2025-06,FAC 0003-00042160,FAC,false,C9002,VENTA ONLINE,Ecommerce,,CAF-CAPS-10,CAF-CAPS-10,false,,Capsulas compatibles x10,UN,CAFE,S,2.00,7693.14,0.00,15386.28,3679.00,7358.00,8028.28,0.52,
2025-02-20,2025-02,FAC 0003-00040501,FAC,false,C9002,VENTA ONLINE,Ecommerce,,CAF-DESCA-250,CAF-DESCA-250,false,,Descafeinado 250 g,UN,CAFE,S,2.00,7562.80,0.00,15125.60,3577.00,7154.00,7971.60,0.53,
2025-05-13,2025-05,FAC 0003-00042075,FAC,false,C9001,CONSUMIDOR FINAL,Local,CABA,CAP-FILTRO-100,CAP-FILTRO-100,false,,Filtros de papel x 100,UN,ACCESORIOS,S,2.00,3491.03,0.00,6982.06,2073.00,4146.00,2836.06,0.41,
2025-01-11,2025-01,FAC 0003-00040301,FAC,false,C9001,CONSUMIDOR FINAL,Local,CABA,CAF-ETIOP-250,CAF-ETIOP-250,false,,Etiopia Yirgacheffe 250 g,UN,CAFE,S,1.00,9500.00,0.00,9500.00,4100.00,4100.00,5400.00,0.57,
2025-03-10,2025-03,FAC 0003-00040854,FAC,false,C0107,La Ventanita de Nunez II,Mayorista,CABA,CAF-BLEND-1K,CAF-BLEND-1K,false,,Blend Casa 1 kg,UN,CAFE,S,7.00,18800.71,35.00,85543.24,10236.00,71652.00,13891.24,0.16,M. Paz
2025-02-07,2025-02,FAC 0003-00040777,FAC,false,C9001,CONSUMIDOR FINAL,Local,CABA,CAF-BLEND-1K,CAF-BLEND-1K,false,,Blend Casa 1 kg,UN,CAFE,S,2.00,18396.00,0.00,36792.00,10016.00,20032.00,16760.00,0.46,
2025-06-08,2025-06,FAC 0003-00042084,FAC,false,C0001,GRANOS DEL SUR S.A.,Distribuidor,Avellaneda,CAF-BRAS-1K,CAF-BRAS-1K,false,,Brasil Cerrado 1 kg,UN,CAFE,S,15.00,18954.11,40.00,170586.99,10369.00,155535.00,15051.99,0.09,
2025-02-03,2025-02,FAC 0003-00040449,FAC,false,C0123,La Ventanita de Almagro II,Mayorista,CABA,CAF-BLEND-1K,CAF-BLEND-1K,false,,Blend Casa 1 kg,UN,CAFE,S,7.00,18396.00,35.00,83701.80,10016.00,70112.00,13589.80,0.16,M. Paz
2025-05-26,2025-05,FAC 0003-00041794,FAC,false,C9002,VENTA ONLINE,Ecommerce,,CAP-TAZA,CAP-TAZA,false,,Taza ceramica logo,UN,ACCESORIOS,S,1.00,9709.43,0.00,9709.43,4582.00,4582.00,5127.43,0.53,
2025-01-20,2025-01,FAC 0003-00040361,FAC,false,C9001,CONSUMIDOR FINAL,Local,CABA,CAF-BLEND-1K,CAF-BLEND-1K,false,,Blend Casa 1 kg,UN,CAFE,S,2.00,18000.00,0.00,36000.00,9800.00,19600.00,16400.00,0.46,
2025-01-11,2025-01,FAC 0003-00040284,FAC,false,C9001,CONSUMIDOR FINAL,Local,CABA,CAF-ETIOP-250,CAF-ETIOP-250,false,,Etiopia Yirgacheffe 250 g,UN,CAFE,S,1.00,9500.00,0.00,9500.00,4100.00,4100.00,5400.00,0.57,
2025-06-28,2025-06,FAC 0003-00042256,FAC,false,C9002,VENTA ONLINE,Ecommerce,,CAF-COLOM-250,CAF-COLOM-250,false,,Colombia Huila 250 g,UN,CAFE,S,3.00,9142.57,0.00,27427.71,4014.00,12042.00,15385.71,0.56,
2025-06-16,2025-06,FAC 0003-00042137,FAC,false,C0137,Panaderia Villa Urquiza II,Mayorista,CABA,CAF-BRAS-1K,CAF-BRAS-1K,false,,Brasil Cerrado 1 kg,UN,CAFE,S,4.00,18954.11,30.00,53071.51,10369.00,41476.00,11595.51,0.22,
2025-05-17,2025-05,FAC 0003-00041893,FAC,false,C9002,VENTA ONLINE,Ecommerce,,CAF-COLOM-250,CAF-COLOM-250,false,,Colombia Huila 250 g,UN,CAFE,S,3.00,8945.76,0.00,26837.29,3927.00,11781.00,15056.29,0.56,
2025-03-24,2025-03,FAC 0003-00040890,FAC,false,C9002,VENTA ONLINE,Ecommerce,,CAF-BRAS-250,CAF-BRAS-250,false,,Brasil Cerrado 250 g,UN,CAFE,S,1.00,5535.77,0.00,5535.77,2538.00,2538.00,2997.77,0.54,
2025-04-17,2025-04,FAC 0003-00041280,FAC,false,C0132,Cafe Barracas,Mayorista,CABA,CAF-BLEND-1K,CAF-BLEND-1K,false,,Blend Casa 1 kg,UN,CAFE,S,7.00,19214.33,35.00,87425.19,10461.00,73227.00,14198.19,0.16,R. Ibarra
2025-01-20,2025-01,FAC 0003-00040292,FAC,false,C9001,CONSUMIDOR FINAL,Local,CABA,CAF-ETIOP-250,CAF-ETIOP-250,false,,Etiopia Yirgacheffe 250 g,UN,CAFE,S,1.00,9500.00,0.00,9500.00,4100.00,4100.00,5400.00,0.57,
2025-03-07,2025-03,FAC 0003-00040875,FAC,false,C0129,Bar San Telmo II,Mayorista,CABA,CAF-BRAS-1K,CAF-BRAS-1K,false,,Brasil Cerrado 1 kg,UN,CAFE,S,4.00,17756.23,32.00,48296.94,9714.00,38856.00,9440.94,0.20,M. Paz
2025-01-11,2025-01,FAC 0003-00040193,FAC,false,C9002,VENTA ONLINE,Ecommerce,,CAF-ETIOP-250,CAF-ETIOP-250,false,,Etiopia Yirgacheffe 250 g,UN,CAFE,S,2.00,9500.00,0.00,19000.00,4100.00,8200.00,10800.00,0.57,
2025-01-01,2025-01,FAC 0003-00040160,FAC,false,C9002,VENTA ONLINE,Ecommerce,,CAF-ETIOP-250,CAF-ETIOP-250,false,,Etiopia Yirgacheffe 250 g,UN,CAFE,S,3.00,9500.00,0.00,28500.00,4100.00,12300.00,16200.00,0.57,
2025-05-14,2025-05,FAC 0003-00041679,FAC,false,C0123,La Ventanita de Almagro II,Mayorista,CABA,CAF-BLEND-1K,CAF-BLEND-1K,false,,Blend Casa 1 kg,UN,CAFE,S,10.00,19637.04,35.00,127640.78,10691.00,106910.00,20730.78,0.16,R. Ibarra
2025-05-28,2025-05,FAC 0003-00041791,FAC,false,C9002,VENTA ONLINE,Ecommerce,,CAF-COLOM-250,CAF-COLOM-250,false,,Colombia Huila 250 g,UN,CAFE,S,1.00,8945.76,0.00,8945.76,3927.00,3927.00,5018.76,0.56,
2025-03-23,2025-03,FAC 0003-00041027,FAC,false,C9002,VENTA ONLINE,Ecommerce,,CAF-COLOM-250,CAF-COLOM-250,false,,Colombia Huila 250 g,UN,CAFE,S,2.00,8564.77,0.00,17129.54,3760.00,7520.00,9609.54,0.56,
2025-01-22,2025-01,FAC 0003-00040159,FAC,false,C9002,VENTA ONLINE,Ecommerce,,CAF-BRAS-250,CAF-BRAS-250,false,,Brasil Cerrado 250 g,UN,CAFE,S,2.00,5300.00,0.00,10600.00,2430.00,4860.00,5740.00,0.54,
2025-04-02,2025-04,FAC 0003-00041541,FAC,false,C9001,CONSUMIDOR FINAL,Local,CABA,CAP-FILTRO-100,CAP-FILTRO-100,false,,Filtros de papel x 100,UN,ACCESORIOS,S,2.00,3415.88,0.00,6831.76,2028.00,4056.00,2775.76,0.41,
2025-02-06,2025-02,FAC 0003-00040437,FAC,false,C0112,La Ventanita de Recoleta,Mayorista,CABA,CAF-BRAS-1K,CAF-BRAS-1K,false,,Brasil Cerrado 1 kg,UN,CAFE,S,3.00,17374.00,35.00,33879.30,9505.00,28515.00,5364.30,0.16,
2025-06-10,2025-06,FAC 0003-00042100,FAC,false,C0108,Coffee Lab Colegiales,Mayorista,CABA,CAF-BRAS-1K,CAF-BRAS-1K,false,,Brasil Cerrado 1 kg,UN,CAFE,S,3.00,18954.11,32.00,38666.38,10369.00,31107.00,7559.38,0.20,
2025-03-23,2025-03,FAC 0003-00041122,FAC,false,C9001,CONSUMIDOR FINAL,Local,CABA,CAF-COLOM-250,CAF-COLOM-250,false,,Colombia Huila 250 g,UN,CAFE,S,1.00,8564.77,0.00,8564.77,3760.00,3760.00,4804.77,0.56,
2025-05-28,2025-05,FAC 0003-00041930,FAC,false,C9002,VENTA ONLINE,Ecommerce,,CAF-CAPS-10,CAF-CAPS-10,false,,Capsulas compatibles x10,UN,CAFE,S,2.00,7527.53,0.00,15055.07,3600.00,7200.00,7855.07,0.52,
2025-04-03,2025-04,FAC 0003-00041272,FAC,false,C0126,Panaderia Parque Chas,Mayorista,CABA,CAP-FILTRO-100,CAP-FILTRO-100,false,,Filtros de papel x 100,UN,ACCESORIOS,S,3.00,3415.88,32.00,6968.40,2028.00,6084.00,884.40,0.13,R. Ibarra
2025-06-07,2025-06,FAC 0003-00042442,FAC,false,C9001,CONSUMIDOR FINAL,Local,CABA,CAF-BLEND-1K,CAF-BLEND-1K,false,,Blend Casa 1 kg,UN,CAFE,S,2.00,20069.06,0.00,40138.12,10926.00,21852.00,18286.12,0.46,
2025-01-21,2025-01,FAC 0003-00040163,FAC,false,C9002,VENTA ONLINE,Ecommerce,,CAP-TAZA,CAP-TAZA,false,,Taza ceramica logo,UN,ACCESORIOS,S,3.00,8900.00,0.00,26700.00,4200.00,12600.00,14100.00,0.53,
2025-01-11,2025-01,FAC 0003-00040374,FAC,false,C9001,CONSUMIDOR FINAL,Local,CABA,CAF-BLEND-1K,CAF-BLEND-1K,false,,Blend Casa 1 kg,UN,CAFE,S,1.00,18000.00,0.00,18000.00,9800.00,9800.00,8200.00,0.46,
2025-02-06,2025-02,NC 0003-00001210,NC,true,C0001,GRANOS DEL SUR S.A.,Distribuidor,Avellaneda,CAF-BLEND-1K,CAF-BLEND-1K,false,,Blend Casa 1 kg,UN,CAFE,S,-7.00,18396.00,40.00,-77263.20,10016.00,-70112.00,-7151.20,,
2025-02-22,2025-02,FAC 0003-00040416,FAC,false,C0001,GRANOS DEL SUR S.A.,Distribuidor,Avellaneda,BLEND1K,CAF-BLEND-1K,true,Codigo viejo informado en ventas; corresponde a Blend Casa 1 kg.,Blend Casa 1 kg,UN,CAFE,S,48.00,18396.00,40.00,529804.80,10016.00,480768.00,49036.80,0.09,R. Ibarra
2025-04-10,2025-04,FAC 0003-00041480,FAC,false,C9002,VENTA ONLINE,Ecommerce,,CAF-CAPS-10,CAF-CAPS-10,false,,Capsulas compatibles x10,UN,CAFE,S,3.00,7365.49,0.00,22096.48,3523.00,10569.00,11527.48,0.52,
2025-04-19,2025-04,FAC 0003-00041473,FAC,false,C9002,VENTA ONLINE,Ecommerce,,CAF-BRAS-250,CAF-BRAS-250,false,,Brasil Cerrado 250 g,UN,CAFE,S,1.00,5657.55,0.00,5657.55,2594.00,2594.00,3063.55,0.54,
2025-06-02,2025-06,FAC 0003-00042106,FAC,false,C0112,La Ventanita de Recoleta,Mayorista,CABA,CAP-FILTRO-100,CAP-FILTRO-100,false,,Filtros de papel x 100,UN,ACCESORIOS,S,3.00,3567.83,35.00,6957.27,2118.00,6354.00,603.27,0.09,
2025-06-17,2025-06,FAC 0003-00042225,FAC,false,C9002,VENTA ONLINE,Ecommerce,,CAF-ETIOP-250,CAF-ETIOP-250,false,,Etiopia Yirgacheffe 250 g,UN,CAFE,S,1.00,10592.00,0.00,10592.00,4571.00,4571.00,6021.00,0.57,
2025-02-24,2025-02,FAC 0003-00040447,FAC,false,C0120,Tostado Chacarita,Mayorista,CABA,CAF-BRAS-1K,CAF-BRAS-1K,false,,Brasil Cerrado 1 kg,UN,CAFE,S,8.00,17374.00,32.00,94514.56,9505.00,76040.00,18474.56,0.20,M. Paz
2025-01-18,2025-01,FAC 0003-00040053,FAC,false,C0139,La Ventanita de Constitucion II,Mayorista,CABA,CAF-BLEND-1K,CAF-BLEND-1K,false,,Blend Casa 1 kg,UN,CAFE,S,5.00,18000.00,30.00,63000.00,9800.00,49000.00,14000.00,0.22,R. Ibarra
2025-02-26,2025-02,FAC 0003-00040665,FAC,false,C9002,VENTA ONLINE,Ecommerce,,CAF-BRAS-250,CAF-BRAS-250,false,,Brasil Cerrado 250 g,UN,CAFE,S,3.00,5416.60,0.00,16249.80,2483.00,7449.00,8800.80,0.54,
2025-06-11,2025-06,FAC 0003-00042282,FAC,false,C9002,VENTA ONLINE,Ecommerce,,CAF-BLEND-250,CAF-BLEND-250,false,,Blend Casa 250 g,UN,CAFE,S,1.00,6243.71,0.00,6243.71,2854.00,2854.00,3389.71,0.54,
2025-02-03,2025-02,FAC 0003-00040527,FAC,false,C9002,VENTA ONLINE,Ecommerce,,CAF-CAPS-10,CAF-CAPS-10,false,,Capsulas compatibles x10,UN,CAFE,S,1.00,7051.80,0.00,7051.80,3373.00,3373.00,3678.80,0.52,
2025-02-27,2025-02,FAC 0003-00040461,FAC,false,C0131,Tostado Coghlan II,Mayorista,CABA,CAF-BLEND-1K,CAF-BLEND-1K,false,,Blend Casa 1 kg,UN,CAFE,S,3.00,18396.00,35.00,35872.20,10016.00,30048.00,5824.20,0.16,
2025-01-20,2025-01,FAC 0003-00040242,FAC,false,C9002,VENTA ONLINE,Ecommerce,,CAF-COLOM-250,CAF-COLOM-250,false,,Colombia Huila 250 g,UN,CAFE,S,3.00,8200.00,0.00,24600.00,3600.00,10800.00,13800.00,0.56,
2025-05-10,2025-05,FAC 0003-00041675,FAC,false,C0121,Panaderia Chacarita II,Mayorista,CABA,CAF-BLEND-1K,CAF-BLEND-1K,false,,Blend Casa 1 kg,UN,CAFE,S,10.00,19637.04,35.00,127640.78,10691.00,106910.00,20730.78,0.16,R. Ibarra
2025-02-21,2025-02,FAC 0003-00040494,FAC,false,C9002,VENTA ONLINE,Ecommerce,,CAF-ETIOP-250,CAF-ETIOP-250,false,,Etiopia Yirgacheffe 250 g,UN,CAFE,S,1.00,9709.00,0.00,9709.00,4190.00,4190.00,5519.00,0.57,
2025-02-07,2025-02,FAC 0003-00040506,FAC,false,C9002,VENTA ONLINE,Ecommerce,,CAF-ETIOP-250,CAF-ETIOP-250,false,,Etiopia Yirgacheffe 250 g,UN,CAFE,S,3.00,9709.00,0.00,29127.00,4190.00,12570.00,16557.00,0.57,
2025-02-28,2025-02,FAC 0003-00040546,FAC,false,C9002,VENTA ONLINE,Ecommerce,,CAF-COLOM-250,CAF-COLOM-250,false,,Colombia Huila 250 g,UN,CAFE,S,1.00,8380.40,0.00,8380.40,3679.00,3679.00,4701.40,0.56,
2025-06-14,2025-06,FAC 0003-00042244,FAC,false,C9002,VENTA ONLINE,Ecommerce,,CAF-BRAS-250,CAF-BRAS-250,false,,Brasil Cerrado 250 g,UN,CAFE,S,1.00,5909.22,0.00,5909.22,2709.00,2709.00,3200.22,0.54,
2025-01-19,2025-01,FAC 0003-00040021,FAC,false,C0109,Usina Colegiales II,Mayorista,CABA,CAF-BRAS-1K,CAF-BRAS-1K,false,,Brasil Cerrado 1 kg,UN,CAFE,S,6.00,17000.00,32.00,69360.00,9300.00,55800.00,13560.00,0.20,
2025-03-02,2025-03,FAC 0003-00040881,FAC,false,C0133,El Almacen de Barracas II,Mayorista,CABA,CAF-ETIOP-250,CAF-ETIOP-250,false,,Etiopia Yirgacheffe 250 g,UN,CAFE,S,4.00,9922.60,35.00,25798.75,4282.00,17128.00,8670.75,0.34,
2025-02-28,2025-02,FAC 0003-00040686,FAC,false,C9002,VENTA ONLINE,Ecommerce,,CAF-ETIOP-250,CAF-ETIOP-250,false,,Etiopia Yirgacheffe 250 g,UN,CAFE,S,2.00,9709.00,0.00,19418.00,4190.00,8380.00,11038.00,0.57,
2025-03-18,2025-03,FAC 0003-00041077,FAC,false,C9002,VENTA ONLINE,Ecommerce,,CAF-DESCA-250,CAF-DESCA-250,false,,Descafeinado 250 g,UN,CAFE,S,2.00,7729.18,0.00,15458.36,3656.00,7312.00,8146.36,0.53,
2025-01-07,2025-01,FAC 0003-00040112,FAC,false,C9002,VENTA ONLINE,Ecommerce,,CAF-ETIOP-250,CAF-ETIOP-250,false,,Etiopia Yirgacheffe 250 g,UN,CAFE,S,1.00,9500.00,0.00,9500.00,4100.00,4100.00,5400.00,0.57,
2025-06-13,2025-06,FAC 0003-00042115,FAC,false,C0119,Coffee Lab Saavedra II,Mayorista,CABA,CAF-BLEND-1K,CAF-BLEND-1K,false,,Blend Casa 1 kg,UN,CAFE,S,10.00,20069.06,35.00,130448.88,10926.00,109260.00,21188.88,0.16,
2025-01-03,2025-01,FAC 0003-00040205,FAC,false,C9002,VENTA ONLINE,Ecommerce,,CAF-ETIOP-250,CAF-ETIOP-250,false,,Etiopia Yirgacheffe 250 g,UN,CAFE,S,2.00,9500.00,0.00,19000.00,4100.00,8200.00,10800.00,0.57,
2025-05-27,2025-05,FAC 0003-00041677,FAC,false,C0122,El Almacen de Almagro,Mayorista,CABA,CAF-BLEND-1K,CAF-BLEND-1K,false,,Blend Casa 1 kg,UN,CAFE,S,3.00,19637.04,32.00,40059.57,10691.00,32073.00,7986.57,0.20,
2025-06-27,2025-06,FAC 0003-00042349,FAC,false,C9002,VENTA ONLINE,Ecommerce,,CAF-BRAS-250,CAF-BRAS-250,false,,Brasil Cerrado 250 g,UN,CAFE,S,2.00,5909.22,0.00,11818.45,2709.00,5418.00,6400.45,0.54,
2025-02-25,2025-02,FAC 0003-00040514,FAC,false,C9002,VENTA ONLINE,Ecommerce,,CAF-ETIOP-250,CAF-ETIOP-250,false,,Etiopia Yirgacheffe 250 g,UN,CAFE,S,1.00,9709.00,0.00,9709.00,4190.00,4190.00,5519.00,0.57,
2025-03-17,2025-03,FAC 0003-00041232,FAC,false,C9001,CONSUMIDOR FINAL,Local,CABA,CAP-FILTRO-100,CAP-FILTRO-100,false,,Filtros de papel x 100,UN,ACCESORIOS,S,1.00,3342.35,0.00,3342.35,1985.00,1985.00,1357.35,0.41,
2025-05-26,2025-05,FAC 0003-00041936,FAC,false,C9002,VENTA ONLINE,Ecommerce,,CAF-COLOM-250,CAF-COLOM-250,false,,Colombia Huila 250 g,UN,CAFE,S,3.00,8945.76,0.00,26837.29,3927.00,11781.00,15056.29,0.56,
2025-06-01,2025-06,FAC 0003-00042443,FAC,false,C9001,CONSUMIDOR FINAL,Local,CABA,CAF-ETIOP-250,CAF-ETIOP-250,false,,Etiopia Yirgacheffe 250 g,UN,CAFE,S,2.00,10592.00,0.00,21184.01,4571.00,9142.00,12042.01,0.57,
2025-02-07,2025-02,FAC 0003-00040680,FAC,false,C9002,VENTA ONLINE,Ecommerce,,CAF-ETIOP-250,CAF-ETIOP-250,false,,Etiopia Yirgacheffe 250 g,UN,CAFE,S,1.00,9709.00,0.00,9709.00,4190.00,4190.00,5519.00,0.57,
2025-02-14,2025-02,FAC 0003-00040551,FAC,false,C9002,VENTA ONLINE,Ecommerce,,CAF-DESCA-250,CAF-DESCA-250,false,,Descafeinado 250 g,UN,CAFE,S,2.00,7562.80,0.00,15125.60,3577.00,7154.00,7971.60,0.53,
2025-06-22,2025-06,FAC 0003-00042234,FAC,false,C9002,VENTA ONLINE,Ecommerce,,CAF-COLOM-250,CAF-COLOM-250,false,,Colombia Huila 250 g,UN,CAFE,S,1.00,9142.57,0.00,9142.57,4014.00,4014.00,5128.57,0.56,
2025-04-10,2025-04,FAC 0003-00041563,FAC,false,C9001,CONSUMIDOR FINAL,Local,CABA,CAF-BLEND-250,CAF-BLEND-250,false,,Blend Casa 250 g,UN,CAFE,S,1.00,5977.79,0.00,5977.79,2733.00,2733.00,3244.79,0.54,
2025-01-09,2025-01,FAC 0003-00040039,FAC,false,C0125,Usina Flores II,Mayorista,CABA,CAF-BRAS-1K,CAF-BRAS-1K,false,,Brasil Cerrado 1 kg,UN,CAFE,S,5.00,17000.00,32.00,57800.00,9300.00,46500.00,11300.00,0.20,M. Paz
2025-03-15,2025-03,FAC 0003-00040943,FAC,false,C9002,VENTA ONLINE,Ecommerce,,CAF-ETIOP-250,CAF-ETIOP-250,false,,Etiopia Yirgacheffe 250 g,UN,CAFE,S,3.00,9922.60,0.00,29767.79,4282.00,12846.00,16921.79,0.57,
2025-02-17,2025-02,FAC 0003-00040773,FAC,false,C9001,CONSUMIDOR FINAL,Local,CABA,CAF-BLEND-1K,CAF-BLEND-1K,false,,Blend Casa 1 kg,UN,CAFE,S,1.00,18396.00,0.00,18396.00,10016.00,10016.00,8380.00,0.46,
2025-04-20,2025-04,FAC 0003-00041269,FAC,false,C0124,Coffee Lab Flores,Mayorista,CABA,CAP-FILTRO-100,CAP-FILTRO-100,false,,Filtros de papel x 100,UN,ACCESORIOS,S,2.00,3415.88,35.00,4440.64,2028.00,4056.00,384.64,0.09,M. Paz
2025-02-18,2025-02,FAC 0003-00040426,FAC,false,C0102,Bar Belgrano,Mayorista,CABA,CAP-FILTRO-100,CAP-FILTRO-100,false,,Filtros de papel x 100,UN,ACCESORIOS,S,5.00,3270.40,35.00,10628.80,1942.00,9710.00,918.80,0.09,M. Paz
2025-02-28,2025-02,FAC 0003-00040439,FAC,false,C0113,Bar Recoleta II,Mayorista,CABA,CAP-FILTRO-100,CAP-FILTRO-100,false,,Filtros de papel x 100,UN,ACCESORIOS,S,4.00,3270.40,30.00,9157.12,1942.00,7768.00,1389.12,0.15,M. Paz
2025-02-22,2025-02,FAC 0003-00040755,FAC,false,C9001,CONSUMIDOR FINAL,Local,CABA,CAP-FILTRO-100,CAP-FILTRO-100,false,,Filtros de papel x 100,UN,ACCESORIOS,S,2.00,3270.40,0.00,6540.80,1942.00,3884.00,2656.80,0.41,
2025-02-06,2025-02,FAC 0003-00040655,FAC,false,C9002,VENTA ONLINE,Ecommerce,,CAF-BRAS-250,CAF-BRAS-250,false,,Brasil Cerrado 250 g,UN,CAFE,S,1.00,5416.60,0.00,5416.60,2483.00,2483.00,2933.60,0.54,
2025-06-11,2025-06,FAC 0003-00042235,FAC,false,C9002,VENTA ONLINE,Ecommerce,,CAF-BRAS-250,CAF-BRAS-250,false,,Brasil Cerrado 250 g,UN,CAFE,S,1.00,5909.22,0.00,5909.22,2709.00,2709.00,3200.22,0.54,
2025-01-02,2025-01,FAC 0003-00040194,FAC,false,C9002,VENTA ONLINE,Ecommerce,,CAP-TAZA,CAP-TAZA,false,,Taza ceramica logo,UN,ACCESORIOS,S,1.00,8900.00,0.00,8900.00,4200.00,4200.00,4700.00,0.53,
2025-04-06,2025-04,FAC 0003-00041633,FAC,false,C9001,CONSUMIDOR FINAL,Local,CABA,CAF-COLOM-250,CAF-COLOM-250,false,,Colombia Huila 250 g,UN,CAFE,S,1.00,8753.19,0.00,8753.19,3843.00,3843.00,4910.19,0.56,
2025-05-07,2025-05,FAC 0003-00041922,FAC,false,C9002,VENTA ONLINE,Ecommerce,,CAF-ETIOP-250,CAF-ETIOP-250,false,,Etiopia Yirgacheffe 250 g,UN,CAFE,S,2.00,10363.99,0.00,20727.99,4473.00,8946.00,11781.99,0.57,
2025-01-07,2025-01,FAC 0003-00040125,FAC,false,C9002,VENTA ONLINE,Ecommerce,,CAF-BLEND-250,CAF-BLEND-250,false,,Blend Casa 250 g,UN,CAFE,S,3.00,5600.00,0.00,16800.00,2560.00,7680.00,9120.00,0.54,
2025-01-19,2025-01,FAC 0003-00040110,FAC,false,C9002,VENTA ONLINE,Ecommerce,,CAF-COLOM-250,CAF-COLOM-250,false,,Colombia Huila 250 g,UN,CAFE,S,3.00,8200.00,0.00,24600.00,3600.00,10800.00,13800.00,0.56,
2025-01-01,2025-01,FAC 0003-00040162,FAC,false,C9002,VENTA ONLINE,Ecommerce,,CAF-ETIOP-250,CAF-ETIOP-250,false,,Etiopia Yirgacheffe 250 g,UN,CAFE,S,3.00,9500.00,0.00,28500.00,4100.00,12300.00,16200.00,0.57,
2025-03-06,2025-03,FAC 0003-00041095,FAC,false,C9002,VENTA ONLINE,Ecommerce,,CAF-BLEND-250,CAF-BLEND-250,false,,Blend Casa 250 g,UN,CAFE,S,2.00,5849.11,0.00,11698.22,2674.00,5348.00,6350.22,0.54,
2025-02-08,2025-02,FAC 0003-00040633,FAC,false,C9002,VENTA ONLINE,Ecommerce,,CAF-BRAS-250,CAF-BRAS-250,false,,Brasil Cerrado 250 g,UN,CAFE,S,1.00,5416.60,0.00,5416.60,2483.00,2483.00,2933.60,0.54,
2025-05-07,2025-05,FAC 0003-00041775,FAC,false,C9002,VENTA ONLINE,Ecommerce,,CAP-TAZA,CAP-TAZA,false,,Taza ceramica logo,UN,ACCESORIOS,S,2.00,9709.43,0.00,19418.85,4582.00,9164.00,10254.85,0.53,
2025-04-12,2025-04,FAC 0003-00041376,FAC,false,C9002,VENTA ONLINE,Ecommerce,,CAF-BRAS-250,CAF-BRAS-250,false,,Brasil Cerrado 250 g,UN,CAFE,S,2.00,5657.55,0.00,11315.10,2594.00,5188.00,6127.10,0.54,
2025-01-24,2025-01,FAC 0003-00040122,FAC,false,C9002,VENTA ONLINE,Ecommerce,,CAF-BRAS-250,CAF-BRAS-250,false,,Brasil Cerrado 250 g,UN,CAFE,S,2.00,5300.00,0.00,10600.00,2430.00,4860.00,5740.00,0.54,
2025-04-17,2025-04,FAC 0003-00041619,FAC,false,C9001,CONSUMIDOR FINAL,Local,CABA,CAF-BLEND-250,CAF-BLEND-250,false,,Blend Casa 250 g,UN,CAFE,S,1.00,5977.79,0.00,5977.79,2733.00,2733.00,3244.79,0.54,
2025-06-17,2025-06,FAC 0003-00042422,FAC,false,C9001,CONSUMIDOR FINAL,Local,CABA,CAF-ETIOP-250,CAF-ETIOP-250,false,,Etiopia Yirgacheffe 250 g,UN,CAFE,S,1.00,10592.00,0.00,10592.00,4571.00,4571.00,6021.00,0.57,
2025-06-18,2025-06,FAC 0003-00042475,FAC,false,C9001,CONSUMIDOR FINAL,Local,CABA,CAP-FILTRO-100,CAP-FILTRO-100,false,,Filtros de papel x 100,UN,ACCESORIOS,S,1.00,3567.83,0.00,3567.83,2118.00,2118.00,1449.83,0.41,
2025-01-05,2025-01,FAC 0003-00040221,FAC,false,C9002,VENTA ONLINE,Ecommerce,,CAF-COLOM-250,CAF-COLOM-250,false,,Colombia Huila 250 g,UN,CAFE,S,3.00,8200.00,0.00,24600.00,3600.00,10800.00,13800.00,0.56,
2025-03-11,2025-03,FAC 0003-00040944,FAC,false,C9002,VENTA ONLINE,Ecommerce,,CAF-BLEND-250,CAF-BLEND-250,false,,Blend Casa 250 g,UN,CAFE,S,2.00,5849.11,0.00,11698.22,2674.00,5348.00,6350.22,0.54,
2025-02-25,2025-02,FAC 0003-00040542,FAC,false,C9002,VENTA ONLINE,Ecommerce,,CAF-DESCA-250,CAF-DESCA-250,false,,Descafeinado 250 g,UN,CAFE,S,2.00,7562.80,0.00,15125.60,3577.00,7154.00,7971.60,0.53,
2025-01-18,2025-01,FAC 0003-00040164,FAC,false,C9002,VENTA ONLINE,Ecommerce,,CAP-TAZA,CAP-TAZA,false,,Taza ceramica logo,UN,ACCESORIOS,S,2.00,8900.00,0.00,17800.00,4200.00,8400.00,9400.00,0.53,
2025-04-17,2025-04,FAC 0003-00041441,FAC,false,C9002,VENTA ONLINE,Ecommerce,,CAF-COLOM-250,CAF-COLOM-250,false,,Colombia Huila 250 g,UN,CAFE,S,3.00,8753.19,0.00,26259.58,3843.00,11529.00,14730.58,0.56,
2025-02-20,2025-02,FAC 0003-00040463,FAC,false,C0132,Cafe Barracas,Mayorista,CABA,CAF-BRAS-1K,CAF-BRAS-1K,false,,Brasil Cerrado 1 kg,UN,CAFE,S,8.00,17374.00,35.00,90344.80,9505.00,76040.00,14304.80,0.16,
2025-05-27,2025-05,FAC 0003-00041796,FAC,false,C9002,VENTA ONLINE,Ecommerce,,CAF-DESCA-250,CAF-DESCA-250,false,,Descafeinado 250 g,UN,CAFE,S,3.00,8073.01,0.00,24219.02,3818.00,11454.00,12765.02,0.53,
2025-03-05,2025-03,FAC 0003-00040882,FAC,false,C0134,Bar Agronomia,Mayorista,CABA,CAF-BLEND-1K,CAF-BLEND-1K,false,,Blend Casa 1 kg,UN,CAFE,S,4.00,18800.71,35.00,48881.85,10236.00,40944.00,7937.85,0.16,M. Paz
2025-04-08,2025-04,FAC 0003-00041494,FAC,false,C9002,VENTA ONLINE,Ecommerce,,CAF-ETIOP-250,CAF-ETIOP-250,false,,Etiopia Yirgacheffe 250 g,UN,CAFE,S,2.00,10140.90,0.00,20281.79,4377.00,8754.00,11527.79,0.57,
2025-05-10,2025-05,FAC 0003-00041852,FAC,false,C9002,VENTA ONLINE,Ecommerce,,CAF-ETIOP-250,CAF-ETIOP-250,false,,Etiopia Yirgacheffe 250 g,UN,CAFE,S,3.00,10363.99,0.00,31091.98,4473.00,13419.00,17672.98,0.57,
2025-04-11,2025-04,FAC 0003-00041611,FAC,false,C9001,CONSUMIDOR FINAL,Local,CABA,CAF-COLOM-250,CAF-COLOM-250,false,,Colombia Huila 250 g,UN,CAFE,S,2.00,8753.19,0.00,17506.39,3843.00,7686.00,9820.39,0.56,
2025-03-22,2025-03,FAC 0003-00040897,FAC,false,C9002,VENTA ONLINE,Ecommerce,,CAF-BLEND-250,CAF-BLEND-250,false,,Blend Casa 250 g,UN,CAFE,S,3.00,5849.11,0.00,17547.33,2674.00,8022.00,9525.33,0.54,
2025-05-07,2025-05,FAC 0003-00041953,FAC,false,C9001,CONSUMIDOR FINAL,Local,CABA,CAF-ETIOP-250,CAF-ETIOP-250,false,,Etiopia Yirgacheffe 250 g,UN,CAFE,S,1.00,10363.99,0.00,10363.99,4473.00,4473.00,5890.99,0.57,
2025-06-14,2025-06,FAC 0003-00042500,FAC,false,C9001,CONSUMIDOR FINAL,Local,CABA,CAF-ETIOP-250,CAF-ETIOP-250,false,,Etiopia Yirgacheffe 250 g,UN,CAFE,S,2.00,10592.00,0.00,21184.01,4571.00,9142.00,12042.01,0.57,
2025-05-26,2025-05,FAC 0003-00041839,FAC,false,C9002,VENTA ONLINE,Ecommerce,,CAF-COLOM-250,CAF-COLOM-250,false,,Colombia Huila 250 g,UN,CAFE,S,2.00,8945.76,0.00,17891.53,3927.00,7854.00,10037.53,0.56,
2025-05-13,2025-05,FAC 0003-00041891,FAC,false,C9002,VENTA ONLINE,Ecommerce,,CAF-BRAS-250,CAF-BRAS-250,false,,Brasil Cerrado 250 g,UN,CAFE,S,2.00,5782.02,0.00,11564.04,2651.00,5302.00,6262.04,0.54,
2025-04-12,2025-04,FAC 0003-00041586,FAC,false,C9001,CONSUMIDOR FINAL,Local,CABA,CAF-ETIOP-250,CAF-ETIOP-250,false,,Etiopia Yirgacheffe 250 g,UN,CAFE,S,2.00,10140.90,0.00,20281.79,4377.00,8754.00,11527.79,0.57,
2025-01-25,2025-01,FAC 0003-00040035,FAC,false,C0123,La Ventanita de Almagro II,Mayorista,CABA,CAF-BLEND-1K,CAF-BLEND-1K,false,,Blend Casa 1 kg,UN,CAFE,S,6.00,18000.00,35.00,70200.00,9800.00,58800.00,11400.00,0.16,R. Ibarra
2025-06-04,2025-06,FAC 0003-00042113,FAC,false,C0117,El Almacen de Caballito II,Mayorista,CABA,CAF-BLEND-1K,CAF-BLEND-1K,false,,Blend Casa 1 kg,UN,CAFE,S,5.00,20069.06,32.00,68234.80,10926.00,54630.00,13604.80,0.20,
2025-02-25,2025-02,FAC 0003-00040604,FAC,false,C9002,VENTA ONLINE,Ecommerce,,CAF-CAPS-10,CAF-CAPS-10,false,,Capsulas compatibles x10,UN,CAFE,S,1.00,7051.80,0.00,7051.80,3373.00,3373.00,3678.80,0.52,
2025-03-17,2025-03,FAC 0003-00040938,FAC,false,C9002,VENTA ONLINE,Ecommerce,,CAF-COLOM-250,CAF-COLOM-250,false,,Colombia Huila 250 g,UN,CAFE,S,2.00,8564.77,0.00,17129.54,3760.00,7520.00,9609.54,0.56,
2025-03-19,2025-03,FAC 0003-00040871,FAC,false,C0126,Panaderia Parque Chas,Mayorista,CABA,CAF-BLEND-1K,CAF-BLEND-1K,false,,Blend Casa 1 kg,UN,CAFE,S,4.00,18800.71,32.00,51137.94,10236.00,40944.00,10193.94,0.20,M. Paz
2025-03-12,2025-03,FAC 0003-00040867,FAC,false,C0121,Panaderia Chacarita II,Mayorista,CABA,CAF-BLEND-1K,CAF-BLEND-1K,false,,Blend Casa 1 kg,UN,CAFE,S,7.00,18800.71,35.00,85543.24,10236.00,71652.00,13891.24,0.16,R. Ibarra
2025-04-12,2025-04,FAC 0003-00041322,FAC,false,C9002,VENTA ONLINE,Ecommerce,,CAF-DESCA-250,CAF-DESCA-250,false,,Descafeinado 250 g,UN,CAFE,S,3.00,7899.22,0.00,23697.67,3736.00,11208.00,12489.67,0.53,
2025-03-15,2025-03,FAC 0003-00041188,FAC,false,C9001,CONSUMIDOR FINAL,Local,CABA,CAF-BLEND-1K,CAF-BLEND-1K,false,,Blend Casa 1 kg,UN,CAFE,S,1.00,18800.71,0.00,18800.71,10236.00,10236.00,8564.71,0.46,
2025-02-18,2025-02,FAC 0003-00040654,FAC,false,C9002,VENTA ONLINE,Ecommerce,,CAF-ETIOP-250,CAF-ETIOP-250,false,,Etiopia Yirgacheffe 250 g,UN,CAFE,S,2.00,9709.00,0.00,19418.00,4190.00,8380.00,11038.00,0.57,
2025-05-28,2025-05,FAC 0003-00041695,FAC,false,C0137,Panaderia Villa Urquiza II,Mayorista,CABA,CAF-BLEND-1K,CAF-BLEND-1K,false,,Blend Casa 1 kg,UN,CAFE,S,6.00,19637.04,30.00,82475.58,10691.00,64146.00,18329.58,0.22,
2025-03-07,2025-03,FAC 0003-00040851,FAC,false,C0105,Panaderia Villa Crespo II,Mayorista,CABA,CAF-BRAS-1K,CAF-BRAS-1K,false,,Brasil Cerrado 1 kg,UN,CAFE,S,5.00,17756.23,32.00,60371.18,9714.00,48570.00,11801.18,0.20,
2025-05-28,2025-05,FAC 0003-00042063,FAC,false,C9001,CONSUMIDOR FINAL,Local,CABA,CAP-FILTRO-100,CAP-FILTRO-100,false,,Filtros de papel x 100,UN,ACCESORIOS,S,2.00,3491.03,0.00,6982.06,2073.00,4146.00,2836.06,0.41,
2025-01-03,2025-01,FAC 0003-00040054,FAC,false,C9002,VENTA ONLINE,Ecommerce,,CAF-BRAS-250,CAF-BRAS-250,false,,Brasil Cerrado 250 g,UN,CAFE,S,1.00,5300.00,0.00,5300.00,2430.00,2430.00,2870.00,0.54,
2025-03-17,2025-03,FAC 0003-00041204,FAC,false,C9001,CONSUMIDOR FINAL,Local,CABA,CAF-ETIOP-250,CAF-ETIOP-250,false,,Etiopia Yirgacheffe 250 g,UN,CAFE,S,2.00,9922.60,0.00,19845.20,4282.00,8564.00,11281.20,0.57,
2025-06-28,2025-06,FAC 0003-00042463,FAC,false,C9001,CONSUMIDOR FINAL,Local,CABA,CAF-ETIOP-250,CAF-ETIOP-250,false,,Etiopia Yirgacheffe 250 g,UN,CAFE,S,1.00,10592.00,0.00,10592.00,4571.00,4571.00,6021.00,0.57,
2025-01-01,2025-01,FAC 0003-00040274,FAC,false,C9001,CONSUMIDOR FINAL,Local,CABA,CAF-COLOM-250,CAF-COLOM-250,false,,Colombia Huila 250 g,UN,CAFE,S,1.00,8200.00,0.00,8200.00,3600.00,3600.00,4600.00,0.56,
2025-03-20,2025-03,FAC 0003-00040859,FAC,false,C0114,Usina Boedo,Mayorista,CABA,CAF-BLEND-1K,CAF-BLEND-1K,false,,Blend Casa 1 kg,UN,CAFE,S,3.00,18800.71,32.00,38353.45,10236.00,30708.00,7645.45,0.20,R. Ibarra
2025-02-21,2025-02,FAC 0003-00040560,FAC,false,C9002,VENTA ONLINE,Ecommerce,,CAF-CAPS-10,CAF-CAPS-10,false,,Capsulas compatibles x10,UN,CAFE,S,3.00,7051.80,0.00,21155.40,3373.00,10119.00,11036.40,0.52,
2025-01-17,2025-01,FAC 0003-00040354,FAC,false,C9001,CONSUMIDOR FINAL,Local,CABA,CAF-COLOM-250,CAF-COLOM-250,false,,Colombia Huila 250 g,UN,CAFE,S,1.00,8200.00,0.00,8200.00,3600.00,3600.00,4600.00,0.56,
2025-04-01,2025-04,FAC 0003-00041248,FAC,false,C0103,Coffee Lab Belgrano II,Mayorista,CABA,CAF-BLEND-1K,CAF-BLEND-1K,false,,Blend Casa 1 kg,UN,CAFE,S,5.00,19214.33,35.00,62446.56,10461.00,52305.00,10141.56,0.16,
2025-01-10,2025-01,FAC 0003-00040111,FAC,false,C9002,VENTA ONLINE,Ecommerce,,CAF-COLOM-250,CAF-COLOM-250,false,,Colombia Huila 250 g,UN,CAFE,S,2.00,8200.00,0.00,16400.00,3600.00,7200.00,9200.00,0.56,
2025-06-12,2025-06,FAC 0003-00042097,FAC,false,C0105,Panaderia Villa Crespo II,Mayorista,CABA,CAP-FILTRO-100,CAP-FILTRO-100,false,,Filtros de papel x 100,UN,ACCESORIOS,S,5.00,3567.83,32.00,12130.63,2118.00,10590.00,1540.63,0.13,R. Ibarra
2025-06-03,2025-06,FAC 0003-00042393,FAC,false,C9002,VENTA ONLINE,Ecommerce,,CAF-BRAS-250,CAF-BRAS-250,false,,Brasil Cerrado 250 g,UN,CAFE,S,2.00,5909.22,0.00,11818.45,2709.00,5418.00,6400.45,0.54,
2025-04-01,2025-04,FAC 0003-00041291,FAC,false,C9002,VENTA ONLINE,Ecommerce,,CAF-BRAS-250,CAF-BRAS-250,false,,Brasil Cerrado 250 g,UN,CAFE,S,1.00,5657.55,0.00,5657.55,2594.00,2594.00,3063.55,0.54,
2025-02-28,2025-02,FAC 0003-00040652,FAC,false,C9002,VENTA ONLINE,Ecommerce,,CAF-BRAS-250,CAF-BRAS-250,false,,Brasil Cerrado 250 g,UN,CAFE,S,1.00,5416.60,0.00,5416.60,2483.00,2483.00,2933.60,0.54,
2025-05-07,2025-05,FAC 0003-00041973,FAC,false,C9001,CONSUMIDOR FINAL,Local,CABA,CAF-ETIOP-250,CAF-ETIOP-250,false,,Etiopia Yirgacheffe 250 g,UN,CAFE,S,1.00,10363.99,0.00,10363.99,4473.00,4473.00,5890.99,0.57,
2025-04-28,2025-04,FAC 0003-00041257,FAC,false,C0110,Panaderia Devoto,Mayorista,CABA,CAF-BRAS-1K,CAF-BRAS-1K,false,,Brasil Cerrado 1 kg,UN,CAFE,S,7.00,18146.87,35.00,82568.24,9927.00,69489.00,13079.24,0.16,
2025-05-15,2025-05,FAC 0003-00041918,FAC,false,C9002,VENTA ONLINE,Ecommerce,,CAF-ETIOP-250,CAF-ETIOP-250,false,,Etiopia Yirgacheffe 250 g,UN,CAFE,S,1.00,10363.99,0.00,10363.99,4473.00,4473.00,5890.99,0.57,
2025-05-26,2025-05,FAC 0003-00041987,FAC,false,C9001,CONSUMIDOR FINAL,Local,CABA,CAF-ETIOP-250,CAF-ETIOP-250,false,,Etiopia Yirgacheffe 250 g,UN,CAFE,S,2.00,10363.99,0.00,20727.99,4473.00,8946.00,11781.99,0.57,
2025-06-22,2025-06,FAC 0003-00042133,FAC,false,C0134,Bar Agronomia,Mayorista,CABA,CAF-BRAS-1K,CAF-BRAS-1K,false,,Brasil Cerrado 1 kg,UN,CAFE,S,6.00,18954.11,35.00,73921.03,10369.00,62214.00,11707.03,0.16,R. Ibarra
2025-06-09,2025-06,FAC 0003-00042158,FAC,false,C9002,VENTA ONLINE,Ecommerce,,CAF-BRAS-250,CAF-BRAS-250,false,,Brasil Cerrado 250 g,UN,CAFE,S,2.00,5909.22,0.00,11818.45,2709.00,5418.00,6400.45,0.54,
2025-05-17,2025-05,FAC 0003-00041884,FAC,false,C9002,VENTA ONLINE,Ecommerce,,CAF-ETIOP-250,CAF-ETIOP-250,false,,Etiopia Yirgacheffe 250 g,UN,CAFE,S,1.00,10363.99,0.00,10363.99,4473.00,4473.00,5890.99,0.57,
2025-03-15,2025-03,FAC 0003-00041150,FAC,false,C9001,CONSUMIDOR FINAL,Local,CABA,CAF-BLEND-250,CAF-BLEND-250,false,,Blend Casa 250 g,UN,CAFE,S,1.00,5849.11,0.00,5849.11,2674.00,2674.00,3175.11,0.54,
2025-03-08,2025-03,FAC 0003-00041225,FAC,false,C9001,CONSUMIDOR FINAL,Local,CABA,CAF-BLEND-250,CAF-BLEND-250,false,,Blend Casa 250 g,UN,CAFE,S,1.00,5849.11,0.00,5849.11,2674.00,2674.00,3175.11,0.54,
2025-05-15,2025-05,FAC 0003-00042039,FAC,false,C9001,CONSUMIDOR FINAL,Local,CABA,CAF-BLEND-1K,CAF-BLEND-1K,false,,Blend Casa 1 kg,UN,CAFE,S,2.00,19637.04,0.00,39274.09,10691.00,21382.00,17892.09,0.46,
2025-06-14,2025-06,FAC 0003-00042450,FAC,false,C9001,CONSUMIDOR FINAL,Local,CABA,CAF-COLOM-250,CAF-COLOM-250,false,,Colombia Huila 250 g,UN,CAFE,S,2.00,9142.57,0.00,18285.14,4014.00,8028.00,10257.14,0.56,
2025-01-12,2025-01,FAC 0003-00040121,FAC,false,C9002,VENTA ONLINE,Ecommerce,,CAF-ETIOP-250,CAF-ETIOP-250,false,,Etiopia Yirgacheffe 250 g,UN,CAFE,S,3.00,9500.00,0.00,28500.00,4100.00,12300.00,16200.00,0.57,
2025-04-09,2025-04,FAC 0003-00041594,FAC,false,C9001,CONSUMIDOR FINAL,Local,CABA,CAF-BLEND-250,CAF-BLEND-250,false,,Blend Casa 250 g,UN,CAFE,S,1.00,5977.79,0.00,5977.79,2733.00,2733.00,3244.79,0.54,
2025-02-14,2025-02,FAC 0003-00040440,FAC,false,C0114,Usina Boedo,Mayorista,CABA,CAF-BLEND-1K,CAF-BLEND-1K,false,,Blend Casa 1 kg,UN,CAFE,S,6.00,18396.00,32.00,75055.68,10016.00,60096.00,14959.68,0.20,R. Ibarra
2025-04-25,2025-04,FAC 0003-00041317,FAC,false,C9002,VENTA ONLINE,Ecommerce,,CAF-BRAS-250,CAF-BRAS-250,false,,Brasil Cerrado 250 g,UN,CAFE,S,2.00,5657.55,0.00,11315.10,2594.00,5188.00,6127.10,0.54,
2025-06-26,2025-06,FAC 0003-00042283,FAC,false,C9002,VENTA ONLINE,Ecommerce,,CAF-BLEND-250,CAF-BLEND-250,false,,Blend Casa 250 g,UN,CAFE,S,1.00,6243.71,0.00,6243.71,2854.00,2854.00,3389.71,0.54,
2025-01-25,2025-01,FAC 0003-00040107,FAC,false,C9002,VENTA ONLINE,Ecommerce,,CAF-COLOM-250,CAF-COLOM-250,false,,Colombia Huila 250 g,UN,CAFE,S,1.00,8200.00,0.00,8200.00,3600.00,3600.00,4600.00,0.56,
2025-06-22,2025-06,FAC 0003-00042098,FAC,false,C0107,La Ventanita de Nunez II,Mayorista,CABA,CAP-FILTRO-100,CAP-FILTRO-100,false,,Filtros de papel x 100,UN,ACCESORIOS,S,3.00,3567.83,35.00,6957.27,2118.00,6354.00,603.27,0.09,R. Ibarra
2025-05-23,2025-05,FAC 0003-00041729,FAC,false,C9002,VENTA ONLINE,Ecommerce,,CAF-DESCA-250,CAF-DESCA-250,false,,Descafeinado 250 g,UN,CAFE,S,2.00,8073.01,0.00,16146.01,3818.00,7636.00,8510.01,0.53,
2025-05-03,2025-05,FAC 0003-00041889,FAC,false,C9002,VENTA ONLINE,Ecommerce,,CAF-ETIOP-250,CAF-ETIOP-250,false,,Etiopia Yirgacheffe 250 g,UN,CAFE,S,1.00,10363.99,0.00,10363.99,4473.00,4473.00,5890.99,0.57,
2025-03-11,2025-03,FAC 0003-00041047,FAC,false,C9002,VENTA ONLINE,Ecommerce,,CAF-CAPS-10,CAF-CAPS-10,false,,Capsulas compatibles x10,UN,CAFE,S,3.00,7206.94,0.00,21620.82,3447.00,10341.00,11279.82,0.52,
2025-01-27,2025-01,FAC 0003-00040144,FAC,false,C9002,VENTA ONLINE,Ecommerce,,CAF-ETIOP-250,CAF-ETIOP-250,false,,Etiopia Yirgacheffe 250 g,UN,CAFE,S,2.00,9500.00,0.00,19000.00,4100.00,8200.00,10800.00,0.57,
2025-03-22,2025-03,FAC 0003-00040922,FAC,false,C9002,VENTA ONLINE,Ecommerce,,CAF-BLEND-250,CAF-BLEND-250,false,,Blend Casa 250 g,UN,CAFE,S,1.00,5849.11,0.00,5849.11,2674.00,2674.00,3175.11,0.54,
2025-06-14,2025-06,FAC 0003-00042400,FAC,false,C9001,CONSUMIDOR FINAL,Local,CABA,CAF-COLOM-250,CAF-COLOM-250,false,,Colombia Huila 250 g,UN,CAFE,S,2.00,9142.57,0.00,18285.14,4014.00,8028.00,10257.14,0.56,
2025-01-24,2025-01,FAC 0003-00040050,FAC,false,C0137,Panaderia Villa Urquiza II,Mayorista,CABA,CAF-BLEND-1K,CAF-BLEND-1K,false,,Blend Casa 1 kg,UN,CAFE,S,3.00,18000.00,30.00,37800.00,9800.00,29400.00,8400.00,0.22,
2025-04-22,2025-04,FAC 0003-00041242,FAC,false,C0001,GRANOS DEL SUR S.A.,Distribuidor,Avellaneda,CAF-BLEND-1K,CAF-BLEND-1K,false,,Blend Casa 1 kg,UN,CAFE,S,47.00,19214.33,40.00,541844.04,10461.00,491667.00,50177.04,0.09,R. Ibarra
2025-03-22,2025-03,FAC 0003-00041128,FAC,false,C9001,CONSUMIDOR FINAL,Local,CABA,CAF-BLEND-250,CAF-BLEND-250,false,,Blend Casa 250 g,UN,CAFE,S,2.00,5849.11,0.00,11698.22,2674.00,5348.00,6350.22,0.54,
2025-05-23,2025-05,FAC 0003-00041937,FAC,false,C9002,VENTA ONLINE,Ecommerce,,CAP-TAZA,CAP-TAZA,false,,Taza ceramica logo,UN,ACCESORIOS,S,2.00,9709.43,0.00,19418.85,4582.00,9164.00,10254.85,0.53,
2025-05-12,2025-05,FAC 0003-00041691,FAC,false,C0134,Bar Agronomia,Mayorista,CABA,CAF-BRAS-1K,CAF-BRAS-1K,false,,Brasil Cerrado 1 kg,UN,CAFE,S,7.00,18546.10,35.00,84384.74,10146.00,71022.00,13362.74,0.16,M. Paz
2025-04-28,2025-04,FAC 0003-00041602,FAC,false,C9001,CONSUMIDOR FINAL,Local,CABA,CAF-ETIOP-250,CAF-ETIOP-250,false,,Etiopia Yirgacheffe 250 g,UN,CAFE,S,2.00,10140.90,0.00,20281.79,4377.00,8754.00,11527.79,0.57,
2025-05-26,2025-05,FAC 0003-00041890,FAC,false,C9002,VENTA ONLINE,Ecommerce,,CAF-DESCA-250,CAF-DESCA-250,false,,Descafeinado 250 g,UN,CAFE,S,1.00,8073.01,0.00,8073.01,3818.00,3818.00,4255.01,0.53,
2025-02-22,2025-02,FAC 0003-00040448,FAC,false,C0121,Panaderia Chacarita II,Mayorista,CABA,CAF-BLEND-1K,CAF-BLEND-1K,false,,Blend Casa 1 kg,UN,CAFE,S,3.00,18396.00,35.00,35872.20,10016.00,30048.00,5824.20,0.16,M. Paz
2025-02-18,2025-02,FAC 0003-00040425,FAC,false,C0101,El Almacen de Palermo II,Mayorista,CABA,CAF-BLEND-1K,CAF-BLEND-1K,false,,Blend Casa 1 kg,UN,CAFE,S,10.00,18396.00,35.00,119574.00,10016.00,100160.00,19414.00,0.16,M. Paz
2025-02-11,2025-02,FAC 0003-00040656,FAC,false,C9002,VENTA ONLINE,Ecommerce,,CAF-DESCA-250,CAF-DESCA-250,false,,Descafeinado 250 g,UN,CAFE,S,2.00,7562.80,0.00,15125.60,3577.00,7154.00,7971.60,0.53,
2025-02-06,2025-02,FAC 0003-00040464,FAC,false,C0133,El Almacen de Barracas II,Mayorista,CABA,CAF-BRAS-1K,CAF-BRAS-1K,false,,Brasil Cerrado 1 kg,UN,CAFE,S,6.00,17374.00,35.00,67758.60,9505.00,57030.00,10728.60,0.16,
2025-03-24,2025-03,FAC 0003-00040945,FAC,false,C9002,VENTA ONLINE,Ecommerce,,CAF-BLEND-250,CAF-BLEND-250,false,,Blend Casa 250 g,UN,CAFE,S,3.00,5849.11,0.00,17547.33,2674.00,8022.00,9525.33,0.54,
2025-03-08,2025-03,FAC 0003-00040842,FAC,false,C0001,GRANOS DEL SUR S.A.,Distribuidor,Avellaneda,CAF-BRAS-1K,CAF-BRAS-1K,false,,Brasil Cerrado 1 kg,UN,CAFE,S,16.00,17756.23,40.00,170459.79,9714.00,155424.00,15035.79,0.09,R. Ibarra
2025-02-21,2025-02,FAC 0003-00040648,FAC,false,C9002,VENTA ONLINE,Ecommerce,,CAF-BLEND-250,CAF-BLEND-250,false,,Blend Casa 250 g,UN,CAFE,S,1.00,5723.20,0.00,5723.20,2616.00,2616.00,3107.20,0.54,
2025-01-12,2025-01,FAC 0003-00040088,FAC,false,C9002,VENTA ONLINE,Ecommerce,,CAF-ETIOP-250,CAF-ETIOP-250,false,,Etiopia Yirgacheffe 250 g,UN,CAFE,S,3.00,9500.00,0.00,28500.00,4100.00,12300.00,16200.00,0.57,
2025-06-04,2025-06,FAC 0003-00042233,FAC,false,C9002,VENTA ONLINE,Ecommerce,,CAF-DESCA-250,CAF-DESCA-250,false,,Descafeinado 250 g,UN,CAFE,S,1.00,8250.61,0.00,8250.61,3902.00,3902.00,4348.61,0.53,
2025-02-11,2025-02,FAC 0003-00040656,FAC,false,C9002,VENTA ONLINE,Ecommerce,,CAP-FILTRO-100,CAP-FILTRO-100,false,,Filtros de papel x 100,UN,ACCESORIOS,S,3.00,3270.40,0.00,9811.20,1942.00,5826.00,3985.20,0.41,
2025-04-11,2025-04,FAC 0003-00041271,FAC,false,C0125,Usina Flores II,Mayorista,CABA,CAP-FILTRO-100,CAP-FILTRO-100,false,,Filtros de papel x 100,UN,ACCESORIOS,S,2.00,3415.88,32.00,4645.60,2028.00,4056.00,589.60,0.13,
2025-01-08,2025-01,FAC 0003-00040058,FAC,false,C9002,VENTA ONLINE,Ecommerce,,CAF-DESCA-250,CAF-DESCA-250,false,,Descafeinado 250 g,UN,CAFE,S,3.00,7400.00,0.00,22200.00,3500.00,10500.00,11700.00,0.53,
2025-04-14,2025-04,FAC 0003-00041629,FAC,false,C9001,CONSUMIDOR FINAL,Local,CABA,CAF-ETIOP-250,CAF-ETIOP-250,false,,Etiopia Yirgacheffe 250 g,UN,CAFE,S,2.00,10140.90,0.00,20281.79,4377.00,8754.00,11527.79,0.57,
2025-04-12,2025-04,FAC 0003-00041402,FAC,false,C9002,VENTA ONLINE,Ecommerce,,CAF-COLOM-250,CAF-COLOM-250,false,,Colombia Huila 250 g,UN,CAFE,S,2.00,8753.19,0.00,17506.39,3843.00,7686.00,9820.39,0.56,
2025-03-20,2025-03,FAC 0003-00041222,FAC,false,C9001,CONSUMIDOR FINAL,Local,CABA,CAF-BLEND-250,CAF-BLEND-250,false,,Blend Casa 250 g,UN,CAFE,S,1.00,5849.11,0.00,5849.11,2674.00,2674.00,3175.11,0.54,
2025-03-26,2025-03,FAC 0003-00041074,FAC,false,C9002,VENTA ONLINE,Ecommerce,,CAF-ETIOP-250,CAF-ETIOP-250,false,,Etiopia Yirgacheffe 250 g,UN,CAFE,S,3.00,9922.60,0.00,29767.79,4282.00,12846.00,16921.79,0.57,
2025-06-16,2025-06,FAC 0003-00042128,FAC,false,C0130,Usina Coghlan,Mayorista,CABA,CAF-BLEND-1K,CAF-BLEND-1K,false,,Blend Casa 1 kg,UN,CAFE,S,7.00,20069.06,30.00,98338.38,10926.00,76482.00,21856.38,0.22,M. Paz
2025-05-27,2025-05,FAC 0003-00041745,FAC,false,C9002,VENTA ONLINE,Ecommerce,,CAF-COLOM-250,CAF-COLOM-250,false,,Colombia Huila 250 g,UN,CAFE,S,3.00,8945.76,0.00,26837.29,3927.00,11781.00,15056.29,0.56,
2025-04-13,2025-04,FAC 0003-00041356,FAC,false,C9002,VENTA ONLINE,Ecommerce,,CAF-COLOM-250,CAF-COLOM-250,false,,Colombia Huila 250 g,UN,CAFE,S,2.00,8753.19,0.00,17506.39,3843.00,7686.00,9820.39,0.56,
2025-06-16,2025-06,FAC 0003-00042279,FAC,false,C9002,VENTA ONLINE,Ecommerce,,CAF-BRAS-250,CAF-BRAS-250,false,,Brasil Cerrado 250 g,UN,CAFE,S,3.00,5909.22,0.00,17727.67,2709.00,8127.00,9600.67,0.54,
2025-01-08,2025-01,FAC 0003-00040026,FAC,false,C0112,La Ventanita de Recoleta,Mayorista,CABA,CAF-BLEND-1K,CAF-BLEND-1K,false,,Blend Casa 1 kg,UN,CAFE,S,10.00,18000.00,35.00,117000.00,9800.00,98000.00,19000.00,0.16,R. Ibarra
2025-02-05,2025-02,FAC 0003-00040433,FAC,false,C0109,Usina Colegiales II,Mayorista,CABA,CAF-ETIOP-250,CAF-ETIOP-250,false,,Etiopia Yirgacheffe 250 g,UN,CAFE,S,11.00,9709.00,32.00,72623.32,4190.00,46090.00,26533.32,0.37,R. Ibarra
2025-04-04,2025-04,FAC 0003-00041578,FAC,false,C9001,CONSUMIDOR FINAL,Local,CABA,CAF-COLOM-250,CAF-COLOM-250,false,,Colombia Huila 250 g,UN,CAFE,S,2.00,8753.19,0.00,17506.39,3843.00,7686.00,9820.39,0.56,
2025-01-07,2025-01,FAC 0003-00040112,FAC,false,C9002,VENTA ONLINE,Ecommerce,,CAF-BRAS-250,CAF-BRAS-250,false,,Brasil Cerrado 250 g,UN,CAFE,S,2.00,5300.00,0.00,10600.00,2430.00,4860.00,5740.00,0.54,
2025-01-16,2025-01,FAC 0003-00040011,FAC,false,C0101,El Almacen de Palermo II,Mayorista,CABA,CAF-ETIOP-250,CAF-ETIOP-250,false,,Etiopia Yirgacheffe 250 g,UN,CAFE,S,10.00,9500.00,35.00,61750.00,4100.00,41000.00,20750.00,0.34,R. Ibarra
2025-02-14,2025-02,FAC 0003-00040459,FAC,false,C0129,Bar San Telmo II,Mayorista,CABA,CAF-BRAS-1K,CAF-BRAS-1K,false,,Brasil Cerrado 1 kg,UN,CAFE,S,3.00,17374.00,32.00,35442.96,9505.00,28515.00,6927.96,0.20,M. Paz
2025-04-06,2025-04,FAC 0003-00041612,FAC,false,C9001,CONSUMIDOR FINAL,Local,CABA,CAP-FILTRO-100,CAP-FILTRO-100,false,,Filtros de papel x 100,UN,ACCESORIOS,S,1.00,3415.88,0.00,3415.88,2028.00,2028.00,1387.88,0.41,
2025-06-13,2025-06,FAC 0003-00042223,FAC,false,C9002,VENTA ONLINE,Ecommerce,,CAF-COLOM-250,CAF-COLOM-250,false,,Colombia Huila 250 g,UN,CAFE,S,3.00,9142.57,0.00,27427.71,4014.00,12042.00,15385.71,0.56,
2025-02-01,2025-02,FAC 0003-00040638,FAC,false,C9002,VENTA ONLINE,Ecommerce,,CAF-CAPS-10,CAF-CAPS-10,false,,Capsulas compatibles x10,UN,CAFE,S,3.00,7051.80,0.00,21155.40,3373.00,10119.00,11036.40,0.52,
2025-03-12,2025-03,FAC 0003-00040845,FAC,false,C0100,Cafe Palermo,Mayorista,CABA,CAF-BRAS-1K,CAF-BRAS-1K,false,,Brasil Cerrado 1 kg,UN,CAFE,S,6.00,17756.23,32.00,72445.41,9714.00,58284.00,14161.41,0.20,M. Paz
2025-06-02,2025-06,FAC 0003-00042392,FAC,false,C9002,VENTA ONLINE,Ecommerce,,CAF-ETIOP-250,CAF-ETIOP-250,false,,Etiopia Yirgacheffe 250 g,UN,CAFE,S,2.00,10592.00,0.00,21184.01,4571.00,9142.00,12042.01,0.57,
2025-06-17,2025-06,FAC 0003-00042157,FAC,false,C9002,VENTA ONLINE,Ecommerce,,CAF-COLOM-250,CAF-COLOM-250,false,,Colombia Huila 250 g,UN,CAFE,S,1.00,9142.57,0.00,9142.57,4014.00,4014.00,5128.57,0.56,
2025-04-20,2025-04,FAC 0003-00041249,FAC,false,C0104,Tostado Villa Crespo,Mayorista,CABA,CAF-BLEND-1K,CAF-BLEND-1K,false,,Blend Casa 1 kg,UN,CAFE,S,4.00,19214.33,35.00,49957.25,10461.00,41844.00,8113.25,0.16,R. Ibarra
2025-01-24,2025-01,NC 0003-00001209,NC,true,C0132,Cafe Barracas,Mayorista,CABA,CAF-BRAS-1K,CAF-BRAS-1K,false,,Brasil Cerrado 1 kg,UN,CAFE,S,-4.00,17000.00,35.00,-44200.00,9300.00,-37200.00,-7000.00,,
2025-03-24,2025-03,FAC 0003-00040890,FAC,false,C9002,VENTA ONLINE,Ecommerce,,CAF-COLOM-250,CAF-COLOM-250,false,,Colombia Huila 250 g,UN,CAFE,S,3.00,8564.77,0.00,25694.31,3760.00,11280.00,14414.31,0.56,
2025-05-13,2025-05,FAC 0003-00041766,FAC,false,C9002,VENTA ONLINE,Ecommerce,,CAF-BLEND-250,CAF-BLEND-250,false,,Blend Casa 250 g,UN,CAFE,S,1.00,6109.30,0.00,6109.30,2793.00,2793.00,3316.30,0.54,
2025-03-17,2025-03,FAC 0003-00041136,FAC,false,C9001,CONSUMIDOR FINAL,Local,CABA,CAF-ETIOP-250,CAF-ETIOP-250,false,,Etiopia Yirgacheffe 250 g,UN,CAFE,S,2.00,9922.60,0.00,19845.20,4282.00,8564.00,11281.20,0.57,
2025-06-11,2025-06,FAC 0003-00042235,FAC,false,C9002,VENTA ONLINE,Ecommerce,,CAF-BLEND-250,CAF-BLEND-250,false,,Blend Casa 250 g,UN,CAFE,S,2.00,6243.71,0.00,12487.41,2854.00,5708.00,6779.41,0.54,
2025-06-22,2025-06,FAC 0003-00042383,FAC,false,C9002,VENTA ONLINE,Ecommerce,,CAF-ETIOP-250,CAF-ETIOP-250,false,,Etiopia Yirgacheffe 250 g,UN,CAFE,S,1.00,10592.00,0.00,10592.00,4571.00,4571.00,6021.00,0.57,
2025-06-01,2025-06,FAC 0003-00042389,FAC,false,C9002,VENTA ONLINE,Ecommerce,,CAF-BLEND-250,CAF-BLEND-250,false,,Blend Casa 250 g,UN,CAFE,S,1.00,6243.71,0.00,6243.71,2854.00,2854.00,3389.71,0.54,
2025-04-10,2025-04,FAC 0003-00041404,FAC,false,C9002,VENTA ONLINE,Ecommerce,,CAF-COLOM-250,CAF-COLOM-250,false,,Colombia Huila 250 g,UN,CAFE,S,2.00,8753.19,0.00,17506.39,3843.00,7686.00,9820.39,0.56,
2025-02-06,2025-02,FAC 0003-00040437,FAC,false,C0112,La Ventanita de Recoleta,Mayorista,CABA,CAF-BLEND-1K,CAF-BLEND-1K,false,,Blend Casa 1 kg,UN,CAFE,S,8.00,18396.00,35.00,95659.20,10016.00,80128.00,15531.20,0.16,
2025-03-20,2025-03,FAC 0003-00041039,FAC,false,C9002,VENTA ONLINE,Ecommerce,,CAF-CAPS-10,CAF-CAPS-10,false,,Capsulas compatibles x10,UN,CAFE,S,3.00,7206.94,0.00,21620.82,3447.00,10341.00,11279.82,0.52,
2025-05-13,2025-05,FAC 0003-00041706,FAC,false,C9002,VENTA ONLINE,Ecommerce,,CAF-BRAS-250,CAF-BRAS-250,false,,Brasil Cerrado 250 g,UN,CAFE,S,1.00,5782.02,0.00,5782.02,2651.00,2651.00,3131.02,0.54,
2025-02-26,2025-02,FAC 0003-00040746,FAC,false,C9001,CONSUMIDOR FINAL,Local,CABA,CAF-BLEND-250,CAF-BLEND-250,false,,Blend Casa 250 g,UN,CAFE,S,2.00,5723.20,0.00,11446.40,2616.00,5232.00,6214.40,0.54,
2025-06-19,2025-06,FAC 0003-00042319,FAC,false,C9002,VENTA ONLINE,Ecommerce,,CAF-DESCA-250,CAF-DESCA-250,false,,Descafeinado 250 g,UN,CAFE,S,3.00,8250.61,0.00,24751.84,3902.00,11706.00,13045.84,0.53,
2025-06-03,2025-06,FAC 0003-00042262,FAC,false,C9002,VENTA ONLINE,Ecommerce,,CAF-DESCA-250,CAF-DESCA-250,false,,Descafeinado 250 g,UN,CAFE,S,1.00,8250.61,0.00,8250.61,3902.00,3902.00,4348.61,0.53,
2025-05-17,2025-05,FAC 0003-00041671,FAC,false,C0116,Cafe Caballito,Mayorista,CABA,CAF-BLEND-1K,CAF-BLEND-1K,false,,Blend Casa 1 kg,UN,CAFE,S,9.00,19637.04,32.00,120178.70,10691.00,96219.00,23959.70,0.20,
2025-04-21,2025-04,FAC 0003-00041438,FAC,false,C9002,VENTA ONLINE,Ecommerce,,CAF-COLOM-250,CAF-COLOM-250,false,,Colombia Huila 250 g,UN,CAFE,S,3.00,8753.19,0.00,26259.58,3843.00,11529.00,14730.58,0.56,
2025-03-06,2025-03,FAC 0003-00040991,FAC,false,C9002,VENTA ONLINE,Ecommerce,,CAF-ETIOP-250,CAF-ETIOP-250,false,,Etiopia Yirgacheffe 250 g,UN,CAFE,S,1.00,9922.60,0.00,9922.60,4282.00,4282.00,5640.60,0.57,
2025-03-13,2025-03,FAC 0003-00040855,FAC,false,C0108,Coffee Lab Colegiales,Mayorista,CABA,CAF-BRAS-1K,CAF-BRAS-1K,false,,Brasil Cerrado 1 kg,UN,CAFE,S,8.00,17756.23,32.00,96593.88,9714.00,77712.00,18881.88,0.20,R. Ibarra
2025-01-01,2025-01,FAC 0003-00040381,FAC,false,C9001,CONSUMIDOR FINAL,Local,CABA,CAP-FILTRO-100,CAP-FILTRO-100,false,,Filtros de papel x 100,UN,ACCESORIOS,S,1.00,3200.00,0.00,3200.00,1900.00,1900.00,1300.00,0.41,
2025-03-12,2025-03,FAC 0003-00040887,FAC,false,C0138,El Almacen de Constitucion,Mayorista,CABA,CAF-BLEND-1K,CAF-BLEND-1K,false,,Blend Casa 1 kg,UN,CAFE,S,9.00,18800.71,30.00,118444.49,10236.00,92124.00,26320.49,0.22,
2025-03-27,2025-03,FAC 0003-00041101,FAC,false,C9002,VENTA ONLINE,Ecommerce,,CAF-ETIOP-250,CAF-ETIOP-250,false,,Etiopia Yirgacheffe 250 g,UN,CAFE,S,3.00,9922.60,0.00,29767.79,4282.00,12846.00,16921.79,0.57,
2025-05-07,2025-05,FAC 0003-00041847,FAC,false,C9002,VENTA ONLINE,Ecommerce,,CAF-ETIOP-250,CAF-ETIOP-250,false,,Etiopia Yirgacheffe 250 g,UN,CAFE,S,2.00,10363.99,0.00,20727.99,4473.00,8946.00,11781.99,0.57,
2025-03-24,2025-03,FAC 0003-00041071,FAC,false,C9002,VENTA ONLINE,Ecommerce,,CAP-FILTRO-100,CAP-FILTRO-100,false,,Filtros de papel x 100,UN,ACCESORIOS,S,2.00,3342.35,0.00,6684.70,1985.00,3970.00,2714.70,0.41,
2025-02-24,2025-02,FAC 0003-00040482,FAC,false,C9002,VENTA ONLINE,Ecommerce,,CAP-FILTRO-100,CAP-FILTRO-100,false,,Filtros de papel x 100,UN,ACCESORIOS,S,2.00,3270.40,0.00,6540.80,1942.00,3884.00,2656.80,0.41,
2025-03-22,2025-03,FAC 0003-00041110,FAC,false,C9002,VENTA ONLINE,Ecommerce,,CAF-COLOM-250,CAF-COLOM-250,false,,Colombia Huila 250 g,UN,CAFE,S,1.00,8564.77,0.00,8564.77,3760.00,3760.00,4804.77,0.56,
2025-06-25,2025-06,FAC 0003-00042358,FAC,false,C9002,VENTA ONLINE,Ecommerce,,CAF-COLOM-250,CAF-COLOM-250,false,,Colombia Huila 250 g,UN,CAFE,S,1.00,9142.57,0.00,9142.57,4014.00,4014.00,5128.57,0.56,
2025-02-24,2025-02,FAC 0003-00040477,FAC,false,C9002,VENTA ONLINE,Ecommerce,,CAF-COLOM-250,CAF-COLOM-250,false,,Colombia Huila 250 g,UN,CAFE,S,2.00,8380.40,0.00,16760.80,3679.00,7358.00,9402.80,0.56,
2025-04-27,2025-04,FAC 0003-00041282,FAC,false,C0134,Bar Agronomia,Mayorista,CABA,CAF-BRAS-1K,CAF-BRAS-1K,false,,Brasil Cerrado 1 kg,UN,CAFE,S,7.00,18146.87,35.00,82568.24,9927.00,69489.00,13079.24,0.16,M. Paz
2025-05-22,2025-05,FAC 0003-00041663,FAC,false,C0110,Panaderia Devoto,Mayorista,CABA,CAF-BLEND-1K,CAF-BLEND-1K,false,,Blend Casa 1 kg,UN,CAFE,S,4.00,19637.04,35.00,51056.31,10691.00,42764.00,8292.31,0.16,R. Ibarra
2025-02-19,2025-02,FAC 0003-00040792,FAC,false,C9001,CONSUMIDOR FINAL,Local,CABA,CAF-ETIOP-250,CAF-ETIOP-250,false,,Etiopia Yirgacheffe 250 g,UN,CAFE,S,2.00,9709.00,0.00,19418.00,4190.00,8380.00,11038.00,0.57,
2025-02-25,2025-02,FAC 0003-00040823,FAC,false,C9001,CONSUMIDOR FINAL,Local,CABA,CAF-COLOM-250,CAF-COLOM-250,false,,Colombia Huila 250 g,UN,CAFE,S,1.00,8380.40,0.00,8380.40,3679.00,3679.00,4701.40,0.56,
2025-02-07,2025-02,FAC 0003-00040640,FAC,false,C9002,VENTA ONLINE,Ecommerce,,CAF-COLOM-250,CAF-COLOM-250,false,,Colombia Huila 250 g,UN,CAFE,S,3.00,8380.40,0.00,25141.20,3679.00,11037.00,14104.20,0.56,
2025-05-16,2025-05,FAC 0003-00041808,FAC,false,C9002,VENTA ONLINE,Ecommerce,,CAF-ETIOP-250,CAF-ETIOP-250,false,,Etiopia Yirgacheffe 250 g,UN,CAFE,S,3.00,10363.99,0.00,31091.98,4473.00,13419.00,17672.98,0.57,
2025-01-19,2025-01,FAC 0003-00040185,FAC,false,C9002,VENTA ONLINE,Ecommerce,,CAF-BLEND-250,CAF-BLEND-250,false,,Blend Casa 250 g,UN,CAFE,S,2.00,5600.00,0.00,11200.00,2560.00,5120.00,6080.00,0.54,
2025-06-17,2025-06,FAC 0003-00042347,FAC,false,C9002,VENTA ONLINE,Ecommerce,,CAF-ETIOP-250,CAF-ETIOP-250,false,,Etiopia Yirgacheffe 250 g,UN,CAFE,S,3.00,10592.00,0.00,31776.01,4571.00,13713.00,18063.01,0.57,
2025-05-28,2025-05,FAC 0003-00041777,FAC,false,C9002,VENTA ONLINE,Ecommerce,,CAF-ETIOP-250,CAF-ETIOP-250,false,,Etiopia Yirgacheffe 250 g,UN,CAFE,S,1.00,10363.99,0.00,10363.99,4473.00,4473.00,5890.99,0.57,
2025-01-26,2025-01,FAC 0003-00040227,FAC,false,C9002,VENTA ONLINE,Ecommerce,,CAF-ETIOP-250,CAF-ETIOP-250,false,,Etiopia Yirgacheffe 250 g,UN,CAFE,S,3.00,9500.00,0.00,28500.00,4100.00,12300.00,16200.00,0.57,
2025-02-23,2025-02,FAC 0003-00040592,FAC,false,C9002,VENTA ONLINE,Ecommerce,,CAF-BLEND-250,CAF-BLEND-250,false,,Blend Casa 250 g,UN,CAFE,S,1.00,5723.20,0.00,5723.20,2616.00,2616.00,3107.20,0.54,
2025-04-12,2025-04,FAC 0003-00041359,FAC,false,C9002,VENTA ONLINE,Ecommerce,,CAF-ETIOP-250,CAF-ETIOP-250,false,,Etiopia Yirgacheffe 250 g,UN,CAFE,S,2.00,10140.90,0.00,20281.79,4377.00,8754.00,11527.79,0.57,
2025-06-17,2025-06,FAC 0003-00042170,FAC,false,C9002,VENTA ONLINE,Ecommerce,,CAF-BRAS-250,CAF-BRAS-250,false,,Brasil Cerrado 250 g,UN,CAFE,S,2.00,5909.22,0.00,11818.45,2709.00,5418.00,6400.45,0.54,
2025-05-06,2025-05,FAC 0003-00041722,FAC,false,C9002,VENTA ONLINE,Ecommerce,,CAF-CAPS-10,CAF-CAPS-10,false,,Capsulas compatibles x10,UN,CAFE,S,2.00,7527.53,0.00,15055.07,3600.00,7200.00,7855.07,0.52,
2025-02-17,2025-02,FAC 0003-00040557,FAC,false,C9002,VENTA ONLINE,Ecommerce,,CAF-BLEND-250,CAF-BLEND-250,false,,Blend Casa 250 g,UN,CAFE,S,1.00,5723.20,0.00,5723.20,2616.00,2616.00,3107.20,0.54,
2025-02-14,2025-02,FAC 0003-00040459,FAC,false,C0129,Bar San Telmo II,Mayorista,CABA,CAF-BLEND-1K,CAF-BLEND-1K,false,,Blend Casa 1 kg,UN,CAFE,S,10.00,18396.00,32.00,125092.80,10016.00,100160.00,24932.80,0.20,M. Paz
2025-03-24,2025-03,FAC 0003-00041218,FAC,false,C9001,CONSUMIDOR FINAL,Local,CABA,CAF-COLOM-250,CAF-COLOM-250,false,,Colombia Huila 250 g,UN,CAFE,S,1.00,8564.77,0.00,8564.77,3760.00,3760.00,4804.77,0.56,
2025-06-25,2025-06,FAC 0003-00042218,FAC,false,C9002,VENTA ONLINE,Ecommerce,,CAF-DESCA-250,CAF-DESCA-250,false,,Descafeinado 250 g,UN,CAFE,S,1.00,8250.61,0.00,8250.61,3902.00,3902.00,4348.61,0.53,
2025-04-12,2025-04,FAC 0003-00041624,FAC,false,C9001,CONSUMIDOR FINAL,Local,CABA,CAF-BLEND-1K,CAF-BLEND-1K,false,,Blend Casa 1 kg,UN,CAFE,S,1.00,19214.33,0.00,19214.33,10461.00,10461.00,8753.33,0.46,
2025-03-15,2025-03,FAC 0003-00041038,FAC,false,C9002,VENTA ONLINE,Ecommerce,,CAF-BLEND-250,CAF-BLEND-250,false,,Blend Casa 250 g,UN,CAFE,S,2.00,5849.11,0.00,11698.22,2674.00,5348.00,6350.22,0.54,
2025-01-23,2025-01,FAC 0003-00040105,FAC,false,C9002,VENTA ONLINE,Ecommerce,,CAF-COLOM-250,CAF-COLOM-250,false,,Colombia Huila 250 g,UN,CAFE,S,2.00,8200.00,0.00,16400.00,3600.00,7200.00,9200.00,0.56,
2025-02-04,2025-02,FAC 0003-00040623,FAC,false,C9002,VENTA ONLINE,Ecommerce,,CAF-BLEND-250,CAF-BLEND-250,false,,Blend Casa 250 g,UN,CAFE,S,3.00,5723.20,0.00,17169.60,2616.00,7848.00,9321.60,0.54,
2025-05-17,2025-05,FAC 0003-00041724,FAC,false,C9002,VENTA ONLINE,Ecommerce,,CAF-BLEND-250,CAF-BLEND-250,false,,Blend Casa 250 g,UN,CAFE,S,1.00,6109.30,0.00,6109.30,2793.00,2793.00,3316.30,0.54,
2025-03-21,2025-03,FAC 0003-00040997,FAC,false,C9002,VENTA ONLINE,Ecommerce,,CAF-ETIOP-250,CAF-ETIOP-250,false,,Etiopia Yirgacheffe 250 g,UN,CAFE,S,2.00,9922.60,0.00,19845.20,4282.00,8564.00,11281.20,0.57,
2025-03-23,2025-03,FAC 0003-00041205,FAC,false,C9001,CONSUMIDOR FINAL,Local,CABA,CAF-BLEND-250,CAF-BLEND-250,false,,Blend Casa 250 g,UN,CAFE,S,1.00,5849.11,0.00,5849.11,2674.00,2674.00,3175.11,0.54,
2025-02-13,2025-02,FAC 0003-00040476,FAC,false,C9002,VENTA ONLINE,Ecommerce,,CAF-COLOM-250,CAF-COLOM-250,false,,Colombia Huila 250 g,UN,CAFE,S,2.00,8380.40,0.00,16760.80,3679.00,7358.00,9402.80,0.56,
2025-05-18,2025-05,FAC 0003-00042052,FAC,false,C9001,CONSUMIDOR FINAL,Local,CABA,CAF-COLOM-250,CAF-COLOM-250,false,,Colombia Huila 250 g,UN,CAFE,S,1.00,8945.76,0.00,8945.76,3927.00,3927.00,5018.76,0.56,
2025-04-16,2025-04,FAC 0003-00041251,FAC,false,C0106,El Almacen de Nunez,Mayorista,CABA,CAF-BRAS-1K,CAF-BRAS-1K,false,,Brasil Cerrado 1 kg,UN,CAFE,S,2.00,18146.87,30.00,25405.61,9927.00,19854.00,5551.61,0.22,M. Paz
2025-04-06,2025-04,FAC 0003-00041264,FAC,false,C0118,Bar Saavedra,Mayorista,CABA,CAF-BLEND-1K,CAF-BLEND-1K,false,,Blend Casa 1 kg,UN,CAFE,S,3.00,19214.33,32.00,39197.23,10461.00,31383.00,7814.23,0.20,M. Paz
2025-04-12,2025-04,FAC 0003-00041372,FAC,false,C9002,VENTA ONLINE,Ecommerce,,CAF-DESCA-250,CAF-DESCA-250,false,,Descafeinado 250 g,UN,CAFE,S,2.00,7899.22,0.00,15798.45,3736.00,7472.00,8326.45,0.53,
2025-03-17,2025-03,FAC 0003-00041107,FAC,false,C9002,VENTA ONLINE,Ecommerce,,CAP-TAZA,CAP-TAZA,false,,Taza ceramica logo,UN,ACCESORIOS,S,3.00,9295.91,0.00,27887.72,4387.00,13161.00,14726.72,0.53,
2025-06-09,2025-06,FAC 0003-00042198,FAC,false,C9002,VENTA ONLINE,Ecommerce,,CAF-ETIOP-250,CAF-ETIOP-250,false,,Etiopia Yirgacheffe 250 g,UN,CAFE,S,2.00,10592.00,0.00,21184.01,4571.00,9142.00,12042.01,0.57,
2025-05-14,2025-05,FAC 0003-00041753,FAC,false,C9002,VENTA ONLINE,Ecommerce,,CAF-BLEND-250,CAF-BLEND-250,false,,Blend Casa 250 g,UN,CAFE,S,1.00,6109.30,0.00,6109.30,2793.00,2793.00,3316.30,0.54,
2025-06-25,2025-06,FAC 0003-00042284,FAC,false,C9002,VENTA ONLINE,Ecommerce,,CAF-ETIOP-250,CAF-ETIOP-250,false,,Etiopia Yirgacheffe 250 g,UN,CAFE,S,3.00,10592.00,0.00,31776.01,4571.00,13713.00,18063.01,0.57,
2025-01-28,2025-01,NC 0003-00001203,NC,true,C0120,Tostado Chacarita,Mayorista,CABA,CAF-BRAS-1K,CAF-BRAS-1K,false,,Brasil Cerrado 1 kg,UN,CAFE,S,-2.00,17000.00,32.00,-23120.00,9300.00,-18600.00,-4520.00,,
2025-04-14,2025-04,FAC 0003-00041243,FAC,false,C0001,GRANOS DEL SUR S.A.,Distribuidor,Avellaneda,CAF-BLEND-1K,CAF-BLEND-1K,false,,Blend Casa 1 kg,UN,CAFE,S,28.00,19214.33,40.00,322800.70,10461.00,292908.00,29892.70,0.09,M. Paz
2025-04-28,2025-04,FAC 0003-00041295,FAC,false,C9002,VENTA ONLINE,Ecommerce,,CAF-BLEND-250,CAF-BLEND-250,false,,Blend Casa 250 g,UN,CAFE,S,2.00,5977.79,0.00,11955.58,2733.00,5466.00,6489.58,0.54,
2025-05-26,2025-05,FAC 0003-00041776,FAC,false,C9002,VENTA ONLINE,Ecommerce,,CAP-FILTRO-100,CAP-FILTRO-100,false,,Filtros de papel x 100,UN,ACCESORIOS,S,1.00,3491.03,0.00,3491.03,2073.00,2073.00,1418.03,0.41,
2025-06-18,2025-06,FAC 0003-00042461,FAC,false,C9001,CONSUMIDOR FINAL,Local,CABA,CAF-ETIOP-250,CAF-ETIOP-250,false,,Etiopia Yirgacheffe 250 g,UN,CAFE,S,1.00,10592.00,0.00,10592.00,4571.00,4571.00,6021.00,0.57,
2025-04-28,2025-04,FAC 0003-00041335,FAC,false,C9002,VENTA ONLINE,Ecommerce,,CAP-FILTRO-100,CAP-FILTRO-100,false,,Filtros de papel x 100,UN,ACCESORIOS,S,2.00,3415.88,0.00,6831.76,2028.00,4056.00,2775.76,0.41,
2025-05-10,2025-05,FAC 0003-00041887,FAC,false,C9002,VENTA ONLINE,Ecommerce,,CAF-ETIOP-250,CAF-ETIOP-250,false,,Etiopia Yirgacheffe 250 g,UN,CAFE,S,3.00,10363.99,0.00,31091.98,4473.00,13419.00,17672.98,0.57,
2025-05-05,2025-05,FAC 0003-00041762,FAC,false,C9002,VENTA ONLINE,Ecommerce,,CAF-BLEND-250,CAF-BLEND-250,false,,Blend Casa 250 g,UN,CAFE,S,2.00,6109.30,0.00,12218.60,2793.00,5586.00,6632.60,0.54,
2025-04-25,2025-04,FAC 0003-00041636,FAC,false,C9001,CONSUMIDOR FINAL,Local,CABA,CAF-COLOM-250,CAF-COLOM-250,false,,Colombia Huila 250 g,UN,CAFE,S,2.00,8753.19,0.00,17506.39,3843.00,7686.00,9820.39,0.56,
2025-03-14,2025-03,FAC 0003-00041144,FAC,false,C9001,CONSUMIDOR FINAL,Local,CABA,CAF-BLEND-1K,CAF-BLEND-1K,false,,Blend Casa 1 kg,UN,CAFE,S,1.00,18800.71,0.00,18800.71,10236.00,10236.00,8564.71,0.46,
2025-06-09,2025-06,FAC 0003-00042158,FAC,false,C9002,VENTA ONLINE,Ecommerce,,CAF-COLOM-250,CAF-COLOM-250,false,,Colombia Huila 250 g,UN,CAFE,S,1.00,9142.57,0.00,9142.57,4014.00,4014.00,5128.57,0.56,
2025-05-04,2025-05,FAC 0003-00041938,FAC,false,C9002,VENTA ONLINE,Ecommerce,,CAF-COLOM-250,CAF-COLOM-250,false,,Colombia Huila 250 g,UN,CAFE,S,2.00,8945.76,0.00,17891.53,3927.00,7854.00,10037.53,0.56,
2025-05-14,2025-05,FAC 0003-00041679,FAC,false,C0123,La Ventanita de Almagro II,Mayorista,CABA,CAF-BRAS-1K,CAF-BRAS-1K,false,,Brasil Cerrado 1 kg,UN,CAFE,S,2.00,18546.10,35.00,24109.92,10146.00,20292.00,3817.92,0.16,R. Ibarra
2025-02-18,2025-02,FAC 0003-00040426,FAC,false,C0102,Bar Belgrano,Mayorista,CABA,CAF-BRAS-1K,CAF-BRAS-1K,false,,Brasil Cerrado 1 kg,UN,CAFE,S,5.00,17374.00,35.00,56465.50,9505.00,47525.00,8940.50,0.16,M. Paz
2025-06-26,2025-06,FAC 0003-00042369,FAC,false,C9002,VENTA ONLINE,Ecommerce,,CAP-FILTRO-100,CAP-FILTRO-100,false,,Filtros de papel x 100,UN,ACCESORIOS,S,2.00,3567.83,0.00,7135.67,2118.00,4236.00,2899.67,0.41,
2025-05-06,2025-05,FAC 0003-00042028,FAC,false,C9001,CONSUMIDOR FINAL,Local,CABA,CAP-FILTRO-100,CAP-FILTRO-100,false,,Filtros de papel x 100,UN,ACCESORIOS,S,2.00,3491.03,0.00,6982.06,2073.00,4146.00,2836.06,0.41,
2025-01-13,2025-01,FAC 0003-00040096,FAC,false,C9002,VENTA ONLINE,Ecommerce,,CAP-FILTRO-100,CAP-FILTRO-100,false,,Filtros de papel x 100,UN,ACCESORIOS,S,1.00,3200.00,0.00,3200.00,1900.00,1900.00,1300.00,0.41,
2025-04-08,2025-04,FAC 0003-00041395,FAC,false,C9002,VENTA ONLINE,Ecommerce,,CAF-COLOM-250,CAF-COLOM-250,false,,Colombia Huila 250 g,UN,CAFE,S,1.00,8753.19,0.00,8753.19,3843.00,3843.00,4910.19,0.56,
2025-02-26,2025-02,FAC 0003-00040423,FAC,false,C0100,Cafe Palermo,Mayorista,CABA,CAF-BLEND-1K,CAF-BLEND-1K,false,,Blend Casa 1 kg,UN,CAFE,S,5.00,18396.00,32.00,62546.40,10016.00,50080.00,12466.40,0.20,R. Ibarra
2025-03-25,2025-03,FAC 0003-00040988,FAC,false,C9002,VENTA ONLINE,Ecommerce,,CAF-BLEND-250,CAF-BLEND-250,false,,Blend Casa 250 g,UN,CAFE,S,1.00,5849.11,0.00,5849.11,2674.00,2674.00,3175.11,0.54,
2025-03-20,2025-03,FAC 0003-00041209,FAC,false,C9001,CONSUMIDOR FINAL,Local,CABA,CAF-BLEND-250,CAF-BLEND-250,false,,Blend Casa 250 g,UN,CAFE,S,1.00,5849.11,0.00,5849.11,2674.00,2674.00,3175.11,0.54,
2025-03-06,2025-03,FAC 0003-00041062,FAC,false,C9002,VENTA ONLINE,Ecommerce,,CAF-BRAS-250,CAF-BRAS-250,false,,Brasil Cerrado 250 g,UN,CAFE,S,1.00,5535.77,0.00,5535.77,2538.00,2538.00,2997.77,0.54,
2025-04-27,2025-04,FAC 0003-00041630,FAC,false,C9001,CONSUMIDOR FINAL,Local,CABA,CAF-BLEND-250,CAF-BLEND-250,false,,Blend Casa 250 g,UN,CAFE,S,1.00,5977.79,0.00,5977.79,2733.00,2733.00,3244.79,0.54,
2025-03-22,2025-03,FAC 0003-00041155,FAC,false,C9001,CONSUMIDOR FINAL,Local,CABA,CAF-BLEND-250,CAF-BLEND-250,false,,Blend Casa 250 g,UN,CAFE,S,1.00,5849.11,0.00,5849.11,2674.00,2674.00,3175.11,0.54,
2025-06-09,2025-06,FAC 0003-00042444,FAC,false,C9001,CONSUMIDOR FINAL,Local,CABA,CAF-BLEND-250,CAF-BLEND-250,false,,Blend Casa 250 g,UN,CAFE,S,1.00,6243.71,0.00,6243.71,2854.00,2854.00,3389.71,0.54,
2025-05-20,2025-05,FAC 0003-00041703,FAC,false,C9002,VENTA ONLINE,Ecommerce,,CAF-CAPS-10,CAF-CAPS-10,false,,Capsulas compatibles x10,UN,CAFE,S,1.00,7527.53,0.00,7527.53,3600.00,3600.00,3927.53,0.52,
2025-03-23,2025-03,FAC 0003-00040843,FAC,false,C0001,GRANOS DEL SUR S.A.,Distribuidor,Avellaneda,BLEND1K,CAF-BLEND-1K,true,Codigo viejo informado en ventas; corresponde a Blend Casa 1 kg.,Blend Casa 1 kg,UN,CAFE,S,26.00,18800.71,40.00,293291.11,10236.00,266136.00,27155.11,0.09,M. Paz
2025-04-21,2025-04,FAC 0003-00041423,FAC,false,C9002,VENTA ONLINE,Ecommerce,,CAF-BLEND-250,CAF-BLEND-250,false,,Blend Casa 250 g,UN,CAFE,S,3.00,5977.79,0.00,17933.37,2733.00,8199.00,9734.37,0.54,
2025-05-24,2025-05,FAC 0003-00041747,FAC,false,C9002,VENTA ONLINE,Ecommerce,,CAF-BRAS-250,CAF-BRAS-250,false,,Brasil Cerrado 250 g,UN,CAFE,S,1.00,5782.02,0.00,5782.02,2651.00,2651.00,3131.02,0.54,
2025-01-02,2025-01,FAC 0003-00040003,FAC,false,C0001,GRANOS DEL SUR S.A.,Distribuidor,Avellaneda,CAF-BLEND-1K,CAF-BLEND-1K,false,,Blend Casa 1 kg,UN,CAFE,S,51.00,18000.00,40.00,550800.00,9800.00,499800.00,51000.00,0.09,R. Ibarra
2025-06-28,2025-06,FAC 0003-00042289,FAC,false,C9002,VENTA ONLINE,Ecommerce,,CAF-BRAS-250,CAF-BRAS-250,false,,Brasil Cerrado 250 g,UN,CAFE,S,1.00,5909.22,0.00,5909.22,2709.00,2709.00,3200.22,0.54,
2025-02-24,2025-02,FAC 0003-00040480,FAC,false,C9002,VENTA ONLINE,Ecommerce,,CAF-ETIOP-250,CAF-ETIOP-250,false,,Etiopia Yirgacheffe 250 g,UN,CAFE,S,2.00,9709.00,0.00,19418.00,4190.00,8380.00,11038.00,0.57,
2025-06-03,2025-06,FAC 0003-00042342,FAC,false,C9002,VENTA ONLINE,Ecommerce,,CAF-COLOM-250,CAF-COLOM-250,false,,Colombia Huila 250 g,UN,CAFE,S,2.00,9142.57,0.00,18285.14,4014.00,8028.00,10257.14,0.56,
2025-03-02,2025-03,FAC 0003-00041197,FAC,false,C9001,CONSUMIDOR FINAL,Local,CABA,CAF-BLEND-250,CAF-BLEND-250,false,,Blend Casa 250 g,UN,CAFE,S,1.00,5849.11,0.00,5849.11,2674.00,2674.00,3175.11,0.54,
2025-03-21,2025-03,FAC 0003-00041207,FAC,false,C9001,CONSUMIDOR FINAL,Local,CABA,CAF-BLEND-250,CAF-BLEND-250,false,,Blend Casa 250 g,UN,CAFE,S,2.00,5849.11,0.00,11698.22,2674.00,5348.00,6350.22,0.54,
2025-01-20,2025-01,FAC 0003-00040049,FAC,false,C0136,Tostado Villa Urquiza,Mayorista,CABA,CAF-BLEND-1K,CAF-BLEND-1K,false,,Blend Casa 1 kg,UN,CAFE,S,10.00,18000.00,35.00,117000.00,9800.00,98000.00,19000.00,0.16,M. Paz
2025-02-28,2025-02,FAC 0003-00040475,FAC,false,C9002,VENTA ONLINE,Ecommerce,,CAF-ETIOP-250,CAF-ETIOP-250,false,,Etiopia Yirgacheffe 250 g,UN,CAFE,S,2.00,9709.00,0.00,19418.00,4190.00,8380.00,11038.00,0.57,
2025-02-04,2025-02,FAC 0003-00040534,FAC,false,C9002,VENTA ONLINE,Ecommerce,,CAF-DESCA-250,CAF-DESCA-250,false,,Descafeinado 250 g,UN,CAFE,S,3.00,7562.80,0.00,22688.40,3577.00,10731.00,11957.40,0.53,
2025-01-19,2025-01,FAC 0003-00040177,FAC,false,C9002,VENTA ONLINE,Ecommerce,,CAF-COLOM-250,CAF-COLOM-250,false,,Colombia Huila 250 g,UN,CAFE,S,2.00,8200.00,0.00,16400.00,3600.00,7200.00,9200.00,0.56,
2025-05-05,2025-05,FAC 0003-00041835,FAC,false,C9002,VENTA ONLINE,Ecommerce,,CAF-ETIOP-250,CAF-ETIOP-250,false,,Etiopia Yirgacheffe 250 g,UN,CAFE,S,1.00,10363.99,0.00,10363.99,4473.00,4473.00,5890.99,0.57,
2025-02-01,2025-02,FAC 0003-00040721,FAC,false,C9001,CONSUMIDOR FINAL,Local,CABA,CAF-COLOM-250,CAF-COLOM-250,false,,Colombia Huila 250 g,UN,CAFE,S,1.00,8380.40,0.00,8380.40,3679.00,3679.00,4701.40,0.56,
2025-05-12,2025-05,FAC 0003-00041915,FAC,false,C9002,VENTA ONLINE,Ecommerce,,CAF-BRAS-250,CAF-BRAS-250,false,,Brasil Cerrado 250 g,UN,CAFE,S,3.00,5782.02,0.00,17346.05,2651.00,7953.00,9393.05,0.54,
2025-04-19,2025-04,FAC 0003-00041487,FAC,false,C9002,VENTA ONLINE,Ecommerce,,CAF-ETIOP-250,CAF-ETIOP-250,false,,Etiopia Yirgacheffe 250 g,UN,CAFE,S,1.00,10140.90,0.00,10140.90,4377.00,4377.00,5763.90,0.57,
2025-01-16,2025-01,FAC 0003-00040313,FAC,false,C9001,CONSUMIDOR FINAL,Local,CABA,CAP-FILTRO-100,CAP-FILTRO-100,false,,Filtros de papel x 100,UN,ACCESORIOS,S,2.00,3200.00,0.00,6400.00,1900.00,3800.00,2600.00,0.41,
2025-06-24,2025-06,FAC 0003-00042227,FAC,false,C9002,VENTA ONLINE,Ecommerce,,CAF-COLOM-250,CAF-COLOM-250,false,,Colombia Huila 250 g,UN,CAFE,S,1.00,9142.57,0.00,9142.57,4014.00,4014.00,5128.57,0.56,
2025-03-20,2025-03,FAC 0003-00041037,FAC,false,C9002,VENTA ONLINE,Ecommerce,,CAP-TAZA,CAP-TAZA,false,,Taza ceramica logo,UN,ACCESORIOS,S,1.00,9295.91,0.00,9295.91,4387.00,4387.00,4908.91,0.53,
2025-06-11,2025-06,FAC 0003-00042356,FAC,false,C9002,VENTA ONLINE,Ecommerce,,CAF-ETIOP-250,CAF-ETIOP-250,false,,Etiopia Yirgacheffe 250 g,UN,CAFE,S,1.00,10592.00,0.00,10592.00,4571.00,4571.00,6021.00,0.57,
2025-02-24,2025-02,FAC 0003-00040573,FAC,false,C9002,VENTA ONLINE,Ecommerce,,CAF-BLEND-250,CAF-BLEND-250,false,,Blend Casa 250 g,UN,CAFE,S,3.00,5723.20,0.00,17169.60,2616.00,7848.00,9321.60,0.54,
2025-05-04,2025-05,FAC 0003-00042055,FAC,false,C9001,CONSUMIDOR FINAL,Local,CABA,CAF-BLEND-250,CAF-BLEND-250,false,,Blend Casa 250 g,UN,CAFE,S,2.00,6109.30,0.00,12218.60,2793.00,5586.00,6632.60,0.54,
2025-06-15,2025-06,FAC 0003-00042318,FAC,false,C9002,VENTA ONLINE,Ecommerce,,CAF-COLOM-250,CAF-COLOM-250,false,,Colombia Huila 250 g,UN,CAFE,S,3.00,9142.57,0.00,27427.71,4014.00,12042.00,15385.71,0.56,
2025-05-05,2025-05,FAC 0003-00041762,FAC,false,C9002,VENTA ONLINE,Ecommerce,,CAF-COLOM-250,CAF-COLOM-250,false,,Colombia Huila 250 g,UN,CAFE,S,3.00,8945.76,0.00,26837.29,3927.00,11781.00,15056.29,0.56,
2025-03-16,2025-03,FAC 0003-00041090,FAC,false,C9002,VENTA ONLINE,Ecommerce,,CAF-CAPS-10,CAF-CAPS-10,false,,Capsulas compatibles x10,UN,CAFE,S,1.00,7206.94,0.00,7206.94,3447.00,3447.00,3759.94,0.52,
2025-02-20,2025-02,FAC 0003-00040788,FAC,false,C9001,CONSUMIDOR FINAL,Local,CABA,CAF-ETIOP-250,CAF-ETIOP-250,false,,Etiopia Yirgacheffe 250 g,UN,CAFE,S,1.00,9709.00,0.00,9709.00,4190.00,4190.00,5519.00,0.57,
2025-02-05,2025-02,FAC 0003-00040479,FAC,false,C9002,VENTA ONLINE,Ecommerce,,CAP-FILTRO-100,CAP-FILTRO-100,false,,Filtros de papel x 100,UN,ACCESORIOS,S,3.00,3270.40,0.00,9811.20,1942.00,5826.00,3985.20,0.41,
2025-05-10,2025-05,FAC 0003-00041650,FAC,false,C0001,GRANOS DEL SUR S.A.,Distribuidor,Avellaneda,CAF-BRAS-1K,CAF-BRAS-1K,false,,Brasil Cerrado 1 kg,UN,CAFE,S,17.00,18546.10,40.00,189170.18,10146.00,172482.00,16688.18,0.09,R. Ibarra
2025-04-10,2025-04,FAC 0003-00041287,FAC,false,C9002,VENTA ONLINE,Ecommerce,,CAF-BLEND-250,CAF-BLEND-250,false,,Blend Casa 250 g,UN,CAFE,S,1.00,5977.79,0.00,5977.79,2733.00,2733.00,3244.79,0.54,
2025-03-15,2025-03,FAC 0003-00041046,FAC,false,C9002,VENTA ONLINE,Ecommerce,,CAF-BLEND-250,CAF-BLEND-250,false,,Blend Casa 250 g,UN,CAFE,S,2.00,5849.11,0.00,11698.22,2674.00,5348.00,6350.22,0.54,
2025-05-22,2025-05,FAC 0003-00042062,FAC,false,C9001,CONSUMIDOR FINAL,Local,CABA,CAF-BLEND-250,CAF-BLEND-250,false,,Blend Casa 250 g,UN,CAFE,S,2.00,6109.30,0.00,12218.60,2793.00,5586.00,6632.60,0.54,
2025-01-18,2025-01,FAC 0003-00040164,FAC,false,C9002,VENTA ONLINE,Ecommerce,,CAF-CAPS-10,CAF-CAPS-10,false,,Capsulas compatibles x10,UN,CAFE,S,1.00,6900.00,0.00,6900.00,3300.00,3300.00,3600.00,0.52,
2025-05-14,2025-05,FAC 0003-00041954,FAC,false,C9001,CONSUMIDOR FINAL,Local,CABA,CAF-ETIOP-250,CAF-ETIOP-250,false,,Etiopia Yirgacheffe 250 g,UN,CAFE,S,1.00,10363.99,0.00,10363.99,4473.00,4473.00,5890.99,0.57,
2025-01-24,2025-01,FAC 0003-00040109,FAC,false,C9002,VENTA ONLINE,Ecommerce,,CAF-BLEND-250,CAF-BLEND-250,false,,Blend Casa 250 g,UN,CAFE,S,1.00,5600.00,0.00,5600.00,2560.00,2560.00,3040.00,0.54,
2025-02-10,2025-02,FAC 0003-00040469,FAC,false,C0137,Panaderia Villa Urquiza II,Mayorista,CABA,CAF-BRAS-1K,CAF-BRAS-1K,false,,Brasil Cerrado 1 kg,UN,CAFE,S,2.00,17374.00,30.00,24323.60,9505.00,19010.00,5313.60,0.22,
2025-06-11,2025-06,FAC 0003-00042472,FAC,false,C9001,CONSUMIDOR FINAL,Local,CABA,CAF-COLOM-250,CAF-COLOM-250,false,,Colombia Huila 250 g,UN,CAFE,S,1.00,9142.57,0.00,9142.57,4014.00,4014.00,5128.57,0.56,
2025-06-15,2025-06,FAC 0003-00042354,FAC,false,C9002,VENTA ONLINE,Ecommerce,,CAF-BRAS-250,CAF-BRAS-250,false,,Brasil Cerrado 250 g,UN,CAFE,S,2.00,5909.22,0.00,11818.45,2709.00,5418.00,6400.45,0.54,
2025-03-14,2025-03,FAC 0003-00040848,FAC,false,C0103,Coffee Lab Belgrano II,Mayorista,CABA,CAF-BLEND-1K,CAF-BLEND-1K,false,,Blend Casa 1 kg,UN,CAFE,S,4.00,18800.71,35.00,48881.85,10236.00,40944.00,7937.85,0.16,R. Ibarra
2025-04-16,2025-04,FAC 0003-00041433,FAC,false,C9002,VENTA ONLINE,Ecommerce,,CAF-BLEND-250,CAF-BLEND-250,false,,Blend Casa 250 g,UN,CAFE,S,3.00,5977.79,0.00,17933.37,2733.00,8199.00,9734.37,0.54,
2025-01-13,2025-01,FAC 0003-00040127,FAC,false,C9002,VENTA ONLINE,Ecommerce,,CAF-BRAS-250,CAF-BRAS-250,false,,Brasil Cerrado 250 g,UN,CAFE,S,3.00,5300.00,0.00,15900.00,2430.00,7290.00,8610.00,0.54,
2025-01-24,2025-01,FAC 0003-00040122,FAC,false,C9002,VENTA ONLINE,Ecommerce,,CAF-COLOM-250,CAF-COLOM-250,false,,Colombia Huila 250 g,UN,CAFE,S,2.00,8200.00,0.00,16400.00,3600.00,7200.00,9200.00,0.56,
2025-04-26,2025-04,FAC 0003-00041499,FAC,false,C9002,VENTA ONLINE,Ecommerce,,CAF-ETIOP-250,CAF-ETIOP-250,false,,Etiopia Yirgacheffe 250 g,UN,CAFE,S,2.00,10140.90,0.00,20281.79,4377.00,8754.00,11527.79,0.57,
2025-01-06,2025-01,FAC 0003-00040329,FAC,false,C9001,CONSUMIDOR FINAL,Local,CABA,CAF-ETIOP-250,CAF-ETIOP-250,false,,Etiopia Yirgacheffe 250 g,UN,CAFE,S,1.00,9500.00,0.00,9500.00,4100.00,4100.00,5400.00,0.57,
2025-06-22,2025-06,FAC 0003-00042094,FAC,false,C0103,Coffee Lab Belgrano II,Mayorista,CABA,CAF-BRAS-1K,CAF-BRAS-1K,false,,Brasil Cerrado 1 kg,UN,CAFE,S,6.00,18954.11,35.00,73921.03,10369.00,62214.00,11707.03,0.16,R. Ibarra
2025-02-21,2025-02,FAC 0003-00040511,FAC,false,C9002,VENTA ONLINE,Ecommerce,,CAF-COLOM-250,CAF-COLOM-250,false,,Colombia Huila 250 g,UN,CAFE,S,3.00,8380.40,0.00,25141.20,3679.00,11037.00,14104.20,0.56,
2025-06-19,2025-06,FAC 0003-00042253,FAC,false,C9002,VENTA ONLINE,Ecommerce,,CAF-ETIOP-250,CAF-ETIOP-250,false,,Etiopia Yirgacheffe 250 g,UN,CAFE,S,1.00,10592.00,0.00,10592.00,4571.00,4571.00,6021.00,0.57,
2025-01-17,2025-01,FAC 0003-00040268,FAC,false,C9001,CONSUMIDOR FINAL,Local,CABA,CAF-BLEND-250,CAF-BLEND-250,false,,Blend Casa 250 g,UN,CAFE,S,1.00,5600.00,0.00,5600.00,2560.00,2560.00,3040.00,0.54,
2025-06-25,2025-06,FAC 0003-00042403,FAC,false,C9001,CONSUMIDOR FINAL,Local,CABA,CAF-COLOM-250,CAF-COLOM-250,false,,Colombia Huila 250 g,UN,CAFE,S,1.00,9142.57,0.00,9142.57,4014.00,4014.00,5128.57,0.56,
2025-01-03,2025-01,FAC 0003-00040195,FAC,false,C9002,VENTA ONLINE,Ecommerce,,CAF-BLEND-250,CAF-BLEND-250,false,,Blend Casa 250 g,UN,CAFE,S,2.00,5600.00,0.00,11200.00,2560.00,5120.00,6080.00,0.54,
2025-06-01,2025-06,FAC 0003-00042355,FAC,false,C9002,VENTA ONLINE,Ecommerce,,CAP-TAZA,CAP-TAZA,false,,Taza ceramica logo,UN,ACCESORIOS,S,2.00,9923.03,0.00,19846.07,4683.00,9366.00,10480.07,0.53,
2025-01-13,2025-01,FAC 0003-00040339,FAC,false,C9001,CONSUMIDOR FINAL,Local,CABA,CAP-FILTRO-100,CAP-FILTRO-100,false,,Filtros de papel x 100,UN,ACCESORIOS,S,1.00,3200.00,0.00,3200.00,1900.00,1900.00,1300.00,0.41,
2025-04-12,2025-04,FAC 0003-00041635,FAC,false,C9001,CONSUMIDOR FINAL,Local,CABA,CAP-FILTRO-100,CAP-FILTRO-100,false,,Filtros de papel x 100,UN,ACCESORIOS,S,1.00,3415.88,0.00,3415.88,2028.00,2028.00,1387.88,0.41,
2025-01-12,2025-01,FAC 0003-00040012,FAC,false,C0102,Bar Belgrano,Mayorista,CABA,CAF-BLEND-1K,CAF-BLEND-1K,false,,Blend Casa 1 kg,UN,CAFE,S,6.00,18000.00,35.00,70200.00,9800.00,58800.00,11400.00,0.16,M. Paz
2025-05-27,2025-05,FAC 0003-00041991,FAC,false,C9001,CONSUMIDOR FINAL,Local,CABA,CAF-BLEND-1K,CAF-BLEND-1K,false,,Blend Casa 1 kg,UN,CAFE,S,2.00,19637.04,0.00,39274.09,10691.00,21382.00,17892.09,0.46,
2025-02-23,2025-02,FAC 0003-00040787,FAC,false,C9001,CONSUMIDOR FINAL,Local,CABA,CAF-COLOM-250,CAF-COLOM-250,false,,Colombia Huila 250 g,UN,CAFE,S,1.00,8380.40,0.00,8380.40,3679.00,3679.00,4701.40,0.56,
2025-03-21,2025-03,FAC 0003-00041026,FAC,false,C9002,VENTA ONLINE,Ecommerce,,CAF-DESCA-250,CAF-DESCA-250,false,,Descafeinado 250 g,UN,CAFE,S,3.00,7729.18,0.00,23187.54,3656.00,10968.00,12219.54,0.53,
2025-03-04,2025-03,FAC 0003-00040883,FAC,false,C0135,Coffee Lab Agronomia II,Mayorista,CABA,CAF-BLEND-1K,CAF-BLEND-1K,false,,Blend Casa 1 kg,UN,CAFE,S,3.00,18800.71,30.00,39481.50,10236.00,30708.00,8773.50,0.22,R. Ibarra
2025-05-09,2025-05,FAC 0003-00042010,FAC,false,C9001,CONSUMIDOR FINAL,Local,CABA,CAF-COLOM-250,CAF-COLOM-250,false,,Colombia Huila 250 g,UN,CAFE,S,1.00,8945.76,0.00,8945.76,3927.00,3927.00,5018.76,0.56,
2025-02-16,2025-02,FAC 0003-00040627,FAC,false,C9002,VENTA ONLINE,Ecommerce,,CAF-ETIOP-250,CAF-ETIOP-250,false,,Etiopia Yirgacheffe 250 g,UN,CAFE,S,2.00,9709.00,0.00,19418.00,4190.00,8380.00,11038.00,0.57,
2025-04-01,2025-04,FAC 0003-00041595,FAC,false,C9001,CONSUMIDOR FINAL,Local,CABA,CAP-FILTRO-100,CAP-FILTRO-100,false,,Filtros de papel x 100,UN,ACCESORIOS,S,1.00,3415.88,0.00,3415.88,2028.00,2028.00,1387.88,0.41,
2025-06-12,2025-06,FAC 0003-00042140,FAC,false,C0138,El Almacen de Constitucion,Mayorista,CABA,CAF-BLEND-1K,CAF-BLEND-1K,false,,Blend Casa 1 kg,UN,CAFE,S,5.00,20069.06,30.00,70241.70,10926.00,54630.00,15611.70,0.22,
2025-04-07,2025-04,FAC 0003-00041296,FAC,false,C9002,VENTA ONLINE,Ecommerce,,CAF-COLOM-250,CAF-COLOM-250,false,,Colombia Huila 250 g,UN,CAFE,S,3.00,8753.19,0.00,26259.58,3843.00,11529.00,14730.58,0.56,
2025-03-14,2025-03,FAC 0003-00040898,FAC,false,C9002,VENTA ONLINE,Ecommerce,,CAF-BLEND-250,CAF-BLEND-250,false,,Blend Casa 250 g,UN,CAFE,S,2.00,5849.11,0.00,11698.22,2674.00,5348.00,6350.22,0.54,
2025-06-27,2025-06,FAC 0003-00042478,FAC,false,C9001,CONSUMIDOR FINAL,Local,CABA,CAF-BLEND-250,CAF-BLEND-250,false,,Blend Casa 250 g,UN,CAFE,S,2.00,6243.71,0.00,12487.41,2854.00,5708.00,6779.41,0.54,
2025-05-19,2025-05,FAC 0003-00041846,FAC,false,C9002,VENTA ONLINE,Ecommerce,,CAF-BLEND-250,CAF-BLEND-250,false,,Blend Casa 250 g,UN,CAFE,S,3.00,6109.30,0.00,18327.91,2793.00,8379.00,9948.91,0.54,
2025-02-08,2025-02,FAC 0003-00040716,FAC,false,C9001,CONSUMIDOR FINAL,Local,CABA,CAF-BLEND-250,CAF-BLEND-250,false,,Blend Casa 250 g,UN,CAFE,S,2.00,5723.20,0.00,11446.40,2616.00,5232.00,6214.40,0.54,
2025-02-01,2025-02,FAC 0003-00040484,FAC,false,C9002,VENTA ONLINE,Ecommerce,,CAF-DESCA-250,CAF-DESCA-250,false,,Descafeinado 250 g,UN,CAFE,S,2.00,7562.80,0.00,15125.60,3577.00,7154.00,7971.60,0.53,
2025-06-13,2025-06,FAC 0003-00042183,FAC,false,C9002,VENTA ONLINE,Ecommerce,,CAF-ETIOP-250,CAF-ETIOP-250,false,,Etiopia Yirgacheffe 250 g,UN,CAFE,S,2.00,10592.00,0.00,21184.01,4571.00,9142.00,12042.01,0.57,
2025-03-07,2025-03,FAC 0003-00040851,FAC,false,C0105,Panaderia Villa Crespo II,Mayorista,CABA,CAP-FILTRO-100,CAP-FILTRO-100,false,,Filtros de papel x 100,UN,ACCESORIOS,S,5.00,3342.35,32.00,11363.99,1985.00,9925.00,1438.99,0.13,
2025-01-13,2025-01,FAC 0003-00040320,FAC,false,C9001,CONSUMIDOR FINAL,Local,CABA,CAF-BLEND-1K,CAF-BLEND-1K,false,,Blend Casa 1 kg,UN,CAFE,S,1.00,18000.00,0.00,18000.00,9800.00,9800.00,8200.00,0.46,
2025-02-09,2025-02,FAC 0003-00040617,FAC,false,C9002,VENTA ONLINE,Ecommerce,,CAF-BLEND-250,CAF-BLEND-250,false,,Blend Casa 250 g,UN,CAFE,S,3.00,5723.20,0.00,17169.60,2616.00,7848.00,9321.60,0.54,
2025-04-11,2025-04,FAC 0003-00041399,FAC,false,C9002,VENTA ONLINE,Ecommerce,,CAF-BLEND-250,CAF-BLEND-250,false,,Blend Casa 250 g,UN,CAFE,S,3.00,5977.79,0.00,17933.37,2733.00,8199.00,9734.37,0.54,
2025-02-19,2025-02,FAC 0003-00040434,FAC,false,C0110,Panaderia Devoto,Mayorista,CABA,CAF-BRAS-1K,CAF-BRAS-1K,false,,Brasil Cerrado 1 kg,UN,CAFE,S,4.00,17374.00,35.00,45172.40,9505.00,38020.00,7152.40,0.16,M. Paz
2025-04-27,2025-04,FAC 0003-00041502,FAC,false,C9002,VENTA ONLINE,Ecommerce,,CAF-BRAS-250,CAF-BRAS-250,false,,Brasil Cerrado 250 g,UN,CAFE,S,2.00,5657.55,0.00,11315.10,2594.00,5188.00,6127.10,0.54,
2025-04-12,2025-04,FAC 0003-00041597,FAC,false,C9001,CONSUMIDOR FINAL,Local,CABA,CAF-BLEND-250,CAF-BLEND-250,false,,Blend Casa 250 g,UN,CAFE,S,2.00,5977.79,0.00,11955.58,2733.00,5466.00,6489.58,0.54,
2025-05-22,2025-05,FAC 0003-00041910,FAC,false,C9002,VENTA ONLINE,Ecommerce,,CAF-COLOM-250,CAF-COLOM-250,false,,Colombia Huila 250 g,UN,CAFE,S,3.00,8945.76,0.00,26837.29,3927.00,11781.00,15056.29,0.56,
2025-02-10,2025-02,FAC 0003-00040660,FAC,false,C9002,VENTA ONLINE,Ecommerce,,CAP-FILTRO-100,CAP-FILTRO-100,false,,Filtros de papel x 100,UN,ACCESORIOS,S,1.00,3270.40,0.00,3270.40,1942.00,1942.00,1328.40,0.41,
2025-01-02,2025-01,FAC 0003-00040241,FAC,false,C9002,VENTA ONLINE,Ecommerce,,CAF-BLEND-250,CAF-BLEND-250,false,,Blend Casa 250 g,UN,CAFE,S,1.00,5600.00,0.00,5600.00,2560.00,2560.00,3040.00,0.54,
2025-01-25,2025-01,FAC 0003-00040093,FAC,false,C9002,VENTA ONLINE,Ecommerce,,CAF-BLEND-250,CAF-BLEND-250,false,,Blend Casa 250 g,UN,CAFE,S,1.00,5600.00,0.00,5600.00,2560.00,2560.00,3040.00,0.54,
2025-03-05,2025-03,FAC 0003-00040901,FAC,false,C9002,VENTA ONLINE,Ecommerce,,CAF-ETIOP-250,CAF-ETIOP-250,false,,Etiopia Yirgacheffe 250 g,UN,CAFE,S,3.00,9922.60,0.00,29767.79,4282.00,12846.00,16921.79,0.57,
2025-05-17,2025-05,FAC 0003-00042066,FAC,false,C9001,CONSUMIDOR FINAL,Local,CABA,CAP-FILTRO-100,CAP-FILTRO-100,false,,Filtros de papel x 100,UN,ACCESORIOS,S,2.00,3491.03,0.00,6982.06,2073.00,4146.00,2836.06,0.41,
2025-06-04,2025-06,FAC 0003-00042487,FAC,false,C9001,CONSUMIDOR FINAL,Local,CABA,CAF-COLOM-250,CAF-COLOM-250,false,,Colombia Huila 250 g,UN,CAFE,S,2.00,9142.57,0.00,18285.14,4014.00,8028.00,10257.14,0.56,
2025-02-03,2025-02,FAC 0003-00040500,FAC,false,C9002,VENTA ONLINE,Ecommerce,,CAF-BRAS-250,CAF-BRAS-250,false,,Brasil Cerrado 250 g,UN,CAFE,S,1.00,5416.60,0.00,5416.60,2483.00,2483.00,2933.60,0.54,
2025-05-02,2025-05,FAC 0003-00041828,FAC,false,C9002,VENTA ONLINE,Ecommerce,,CAP-FILTRO-100,CAP-FILTRO-100,false,,Filtros de papel x 100,UN,ACCESORIOS,S,2.00,3491.03,0.00,6982.06,2073.00,4146.00,2836.06,0.41,
2025-06-06,2025-06,FAC 0003-00042148,FAC,false,C9002,VENTA ONLINE,Ecommerce,,CAF-COLOM-250,CAF-COLOM-250,false,,Colombia Huila 250 g,UN,CAFE,S,1.00,9142.57,0.00,9142.57,4014.00,4014.00,5128.57,0.56,
2025-06-26,2025-06,FAC 0003-00042266,FAC,false,C9002,VENTA ONLINE,Ecommerce,,CAF-BLEND-250,CAF-BLEND-250,false,,Blend Casa 250 g,UN,CAFE,S,2.00,6243.71,0.00,12487.41,2854.00,5708.00,6779.41,0.54,
2025-06-17,2025-06,FAC 0003-00042124,FAC,false,C0126,Panaderia Parque Chas,Mayorista,CABA,CAP-FILTRO-100,CAP-FILTRO-100,false,,Filtros de papel x 100,UN,ACCESORIOS,S,2.00,3567.83,32.00,4852.25,2118.00,4236.00,616.25,0.13,
2025-01-06,2025-01,FAC 0003-00040006,FAC,false,C0001,GRANOS DEL SUR S.A.,Distribuidor,Avellaneda,BLEND1K,CAF-BLEND-1K,true,Codigo viejo informado en ventas; corresponde a Blend Casa 1 kg.,Blend Casa 1 kg,UN,CAFE,S,32.00,18000.00,40.00,345600.00,9800.00,313600.00,32000.00,0.09,R. Ibarra
2025-06-25,2025-06,FAC 0003-00042151,FAC,false,C9002,VENTA ONLINE,Ecommerce,,CAP-TAZA,CAP-TAZA,false,,Taza ceramica logo,UN,ACCESORIOS,S,1.00,9923.03,0.00,9923.03,4683.00,4683.00,5240.03,0.53,
2025-03-06,2025-03,FAC 0003-00041097,FAC,false,C9002,VENTA ONLINE,Ecommerce,,CAF-BLEND-250,CAF-BLEND-250,false,,Blend Casa 250 g,UN,CAFE,S,1.00,5849.11,0.00,5849.11,2674.00,2674.00,3175.11,0.54,
2025-04-05,2025-04,FAC 0003-00041472,FAC,false,C9002,VENTA ONLINE,Ecommerce,,CAF-ETIOP-250,CAF-ETIOP-250,false,,Etiopia Yirgacheffe 250 g,UN,CAFE,S,1.00,10140.90,0.00,10140.90,4377.00,4377.00,5763.90,0.57,
2025-01-22,2025-01,FAC 0003-00040267,FAC,false,C9001,CONSUMIDOR FINAL,Local,CABA,CAF-BLEND-1K,CAF-BLEND-1K,false,,Blend Casa 1 kg,UN,CAFE,S,1.00,18000.00,0.00,18000.00,9800.00,9800.00,8200.00,0.46,
2025-03-21,2025-03,FAC 0003-00040979,FAC,false,C9002,VENTA ONLINE,Ecommerce,,CAF-ETIOP-250,CAF-ETIOP-250,false,,Etiopia Yirgacheffe 250 g,UN,CAFE,S,2.00,9922.60,0.00,19845.20,4282.00,8564.00,11281.20,0.57,
2025-05-10,2025-05,FAC 0003-00041841,FAC,false,C9002,VENTA ONLINE,Ecommerce,,CAF-DESCA-250,CAF-DESCA-250,false,,Descafeinado 250 g,UN,CAFE,S,2.00,8073.01,0.00,16146.01,3818.00,7636.00,8510.01,0.53,
2025-04-25,2025-04,FAC 0003-00041483,FAC,false,C9002,VENTA ONLINE,Ecommerce,,CAF-CAPS-10,CAF-CAPS-10,false,,Capsulas compatibles x10,UN,CAFE,S,3.00,7365.49,0.00,22096.48,3523.00,10569.00,11527.48,0.52,
2025-02-22,2025-02,FAC 0003-00040595,FAC,false,C9002,VENTA ONLINE,Ecommerce,,CAF-ETIOP-250,CAF-ETIOP-250,false,,Etiopia Yirgacheffe 250 g,UN,CAFE,S,1.00,9709.00,0.00,9709.00,4190.00,4190.00,5519.00,0.57,
2025-02-14,2025-02,FAC 0003-00040625,FAC,false,C9002,VENTA ONLINE,Ecommerce,,CAF-ETIOP-250,CAF-ETIOP-250,false,,Etiopia Yirgacheffe 250 g,UN,CAFE,S,1.00,9709.00,0.00,9709.00,4190.00,4190.00,5519.00,0.57,
2025-05-23,2025-05,FAC 0003-00041645,FAC,false,C0001,GRANOS DEL SUR S.A.,Distribuidor,Avellaneda,CAF-BLEND-1K,CAF-BLEND-1K,false,,Blend Casa 1 kg,UN,CAFE,S,45.00,19637.04,40.00,530200.16,10691.00,481095.00,49105.16,0.09,
2025-04-01,2025-04,FAC 0003-00041337,FAC,false,C9002,VENTA ONLINE,Ecommerce,,CAF-BRAS-250,CAF-BRAS-250,false,,Brasil Cerrado 250 g,UN,CAFE,S,2.00,5657.55,0.00,11315.10,2594.00,5188.00,6127.10,0.54,
2025-05-11,2025-05,FAC 0003-00041767,FAC,false,C9002,VENTA ONLINE,Ecommerce,,CAF-ETIOP-250,CAF-ETIOP-250,false,,Etiopia Yirgacheffe 250 g,UN,CAFE,S,2.00,10363.99,0.00,20727.99,4473.00,8946.00,11781.99,0.57,
2025-06-23,2025-06,FAC 0003-00042458,FAC,false,C9001,CONSUMIDOR FINAL,Local,CABA,CAF-BLEND-1K,CAF-BLEND-1K,false,,Blend Casa 1 kg,UN,CAFE,S,1.00,20069.06,0.00,20069.06,10926.00,10926.00,9143.06,0.46,
2025-06-06,2025-06,FAC 0003-00042250,FAC,false,C9002,VENTA ONLINE,Ecommerce,,CAF-BLEND-250,CAF-BLEND-250,false,,Blend Casa 250 g,UN,CAFE,S,2.00,6243.71,0.00,12487.41,2854.00,5708.00,6779.41,0.54,
2025-02-21,2025-02,FAC 0003-00040648,FAC,false,C9002,VENTA ONLINE,Ecommerce,,CAF-ETIOP-250,CAF-ETIOP-250,false,,Etiopia Yirgacheffe 250 g,UN,CAFE,S,3.00,9709.00,0.00,29127.00,4190.00,12570.00,16557.00,0.57,
2025-05-05,2025-05,FAC 0003-00041654,FAC,false,C0103,Coffee Lab Belgrano II,Mayorista,CABA,CAP-FILTRO-100,CAP-FILTRO-100,false,,Filtros de papel x 100,UN,ACCESORIOS,S,5.00,3491.03,35.00,11345.85,2073.00,10365.00,980.85,0.09,M. Paz
2025-02-14,2025-02,FAC 0003-00040446,FAC,false,C0120,Tostado Chacarita,Mayorista,CABA,CAP-FILTRO-100,CAP-FILTRO-100,false,,Filtros de papel x 100,UN,ACCESORIOS,S,5.00,3270.40,32.00,11119.36,1942.00,9710.00,1409.36,0.13,
2025-04-14,2025-04,FAC 0003-00041501,FAC,false,C9002,VENTA ONLINE,Ecommerce,,CAF-DESCA-250,CAF-DESCA-250,false,,Descafeinado 250 g,UN,CAFE,S,2.00,7899.22,0.00,15798.45,3736.00,7472.00,8326.45,0.53,
2025-01-26,2025-01,FAC 0003-00040051,FAC,false,C0138,El Almacen de Constitucion,Mayorista,CABA,CAF-BRAS-1K,CAF-BRAS-1K,false,,Brasil Cerrado 1 kg,UN,CAFE,S,5.00,17000.00,30.00,59500.00,9300.00,46500.00,13000.00,0.22,M. Paz
2025-01-23,2025-01,FAC 0003-00040118,FAC,false,C9002,VENTA ONLINE,Ecommerce,,CAF-CAPS-10,CAF-CAPS-10,false,,Capsulas compatibles x10,UN,CAFE,S,2.00,6900.00,0.00,13800.00,3300.00,6600.00,7200.00,0.52,
2025-02-17,2025-02,FAC 0003-00040621,FAC,false,C9002,VENTA ONLINE,Ecommerce,,CAP-FILTRO-100,CAP-FILTRO-100,false,,Filtros de papel x 100,UN,ACCESORIOS,S,2.00,3270.40,0.00,6540.80,1942.00,3884.00,2656.80,0.41,
2025-05-23,2025-05,FAC 0003-00041645,FAC,false,C0001,GRANOS DEL SUR S.A.,Distribuidor,Avellaneda,CAF-BLEND-CJ6,CAF-BLEND-CJ6,false,,Blend Casa CAJA X 6 (1kg c/u),CAJA X6,CAFE,S,4.00,111276.58,40.00,267063.78,64148.00,256592.00,10471.78,0.04,
2025-03-06,2025-03,FAC 0003-00040889,FAC,false,C9002,VENTA ONLINE,Ecommerce,,CAF-BLEND-250,CAF-BLEND-250,false,,Blend Casa 250 g,UN,CAFE,S,3.00,5849.11,0.00,17547.33,2674.00,8022.00,9525.33,0.54,
2025-01-19,2025-01,FAC 0003-00040021,FAC,false,C0109,Usina Colegiales II,Mayorista,CABA,CAP-FILTRO-100,CAP-FILTRO-100,false,,Filtros de papel x 100,UN,ACCESORIOS,S,6.00,3200.00,32.00,13056.00,1900.00,11400.00,1656.00,0.13,
2025-03-20,2025-03,FAC 0003-00040992,FAC,false,C9002,VENTA ONLINE,Ecommerce,,CAF-BRAS-250,CAF-BRAS-250,false,,Brasil Cerrado 250 g,UN,CAFE,S,3.00,5535.77,0.00,16607.30,2538.00,7614.00,8993.30,0.54,
2025-02-19,2025-02,FAC 0003-00040622,FAC,false,C9002,VENTA ONLINE,Ecommerce,,CAP-FILTRO-100,CAP-FILTRO-100,false,,Filtros de papel x 100,UN,ACCESORIOS,S,3.00,3270.40,0.00,9811.20,1942.00,5826.00,3985.20,0.41,
2025-03-16,2025-03,FAC 0003-00041143,FAC,false,C9001,CONSUMIDOR FINAL,Local,CABA,CAP-FILTRO-100,CAP-FILTRO-100,false,,Filtros de papel x 100,UN,ACCESORIOS,S,2.00,3342.35,0.00,6684.70,1985.00,3970.00,2714.70,0.41,
2025-06-17,2025-06,FAC 0003-00042186,FAC,false,C9002,VENTA ONLINE,Ecommerce,,CAF-BRAS-250,CAF-BRAS-250,false,,Brasil Cerrado 250 g,UN,CAFE,S,2.00,5909.22,0.00,11818.45,2709.00,5418.00,6400.45,0.54,
2025-01-07,2025-01,FAC 0003-00040188,FAC,false,C9002,VENTA ONLINE,Ecommerce,,CAF-BLEND-250,CAF-BLEND-250,false,,Blend Casa 250 g,UN,CAFE,S,2.00,5600.00,0.00,11200.00,2560.00,5120.00,6080.00,0.54,
2025-03-09,2025-03,FAC 0003-00040911,FAC,false,C9002,VENTA ONLINE,Ecommerce,,CAF-BLEND-250,CAF-BLEND-250,false,,Blend Casa 250 g,UN,CAFE,S,1.00,5849.11,0.00,5849.11,2674.00,2674.00,3175.11,0.54,
2025-04-07,2025-04,FAC 0003-00041504,FAC,false,C9002,VENTA ONLINE,Ecommerce,,CAF-BRAS-250,CAF-BRAS-250,false,,Brasil Cerrado 250 g,UN,CAFE,S,3.00,5657.55,0.00,16972.66,2594.00,7782.00,9190.66,0.54,
2025-03-18,2025-03,FAC 0003-00040850,FAC,false,C0104,Tostado Villa Crespo,Mayorista,CABA,CAF-BRAS-1K,CAF-BRAS-1K,false,,Brasil Cerrado 1 kg,UN,CAFE,S,6.00,17756.23,35.00,69249.29,9714.00,58284.00,10965.29,0.16,M. Paz
2025-06-01,2025-06,FAC 0003-00042505,FAC,false,C9001,CONSUMIDOR FINAL,Local,CABA,CAF-BLEND-250,CAF-BLEND-250,false,,Blend Casa 250 g,UN,CAFE,S,2.00,6243.71,0.00,12487.41,2854.00,5708.00,6779.41,0.54,
2025-02-28,2025-02,FAC 0003-00040685,FAC,false,C9002,VENTA ONLINE,Ecommerce,,CAF-BRAS-250,CAF-BRAS-250,false,,Brasil Cerrado 250 g,UN,CAFE,S,2.00,5416.60,0.00,10833.20,2483.00,4966.00,5867.20,0.54,
2025-06-22,2025-06,FAC 0003-00042396,FAC,false,C9002,VENTA ONLINE,Ecommerce,,CAF-DESCA-250,CAF-DESCA-250,false,,Descafeinado 250 g,UN,CAFE,S,2.00,8250.61,0.00,16501.23,3902.00,7804.00,8697.23,0.53,
2025-03-03,2025-03,FAC 0003-00040919,FAC,false,C9002,VENTA ONLINE,Ecommerce,,CAP-TAZA,CAP-TAZA,false,,Taza ceramica logo,UN,ACCESORIOS,S,3.00,9295.91,0.00,27887.72,4387.00,13161.00,14726.72,0.53,
2025-03-21,2025-03,FAC 0003-00040877,FAC,false,C0131,Tostado Coghlan II,Mayorista,CABA,CAF-BRAS-1K,CAF-BRAS-1K,false,,Brasil Cerrado 1 kg,UN,CAFE,S,7.00,17756.23,35.00,80790.84,9714.00,67998.00,12792.84,0.16,
2025-03-25,2025-03,FAC 0003-00041029,FAC,false,C9002,VENTA ONLINE,Ecommerce,,CAF-BRAS-250,CAF-BRAS-250,false,,Brasil Cerrado 250 g,UN,CAFE,S,2.00,5535.77,0.00,11071.53,2538.00,5076.00,5995.53,0.54,
2025-04-26,2025-04,FAC 0003-00041417,FAC,false,C9002,VENTA ONLINE,Ecommerce,,CAF-ETIOP-250,CAF-ETIOP-250,false,,Etiopia Yirgacheffe 250 g,UN,CAFE,S,3.00,10140.90,0.00,30422.69,4377.00,13131.00,17291.69,0.57,
2025-05-17,2025-05,FAC 0003-00041944,FAC,false,C9002,VENTA ONLINE,Ecommerce,,CAF-DESCA-250,CAF-DESCA-250,false,,Descafeinado 250 g,UN,CAFE,S,2.00,8073.01,0.00,16146.01,3818.00,7636.00,8510.01,0.53,
2025-06-21,2025-06,FAC 0003-00042147,FAC,false,C9002,VENTA ONLINE,Ecommerce,,CAF-COLOM-250,CAF-COLOM-250,false,,Colombia Huila 250 g,UN,CAFE,S,1.00,9142.57,0.00,9142.57,4014.00,4014.00,5128.57,0.56,
2025-02-20,2025-02,FAC 0003-00040451,FAC,false,C0124,Coffee Lab Flores,Mayorista,CABA,CAF-BRAS-1K,CAF-BRAS-1K,false,,Brasil Cerrado 1 kg,UN,CAFE,S,2.00,17374.00,35.00,22586.20,9505.00,19010.00,3576.20,0.16,
2025-02-27,2025-02,FAC 0003-00040461,FAC,false,C0131,Tostado Coghlan II,Mayorista,CABA,CAF-ETIOP-250,CAF-ETIOP-250,false,,Etiopia Yirgacheffe 250 g,UN,CAFE,S,5.00,9709.00,35.00,31554.25,4190.00,20950.00,10604.25,0.34,
2025-06-17,2025-06,FAC 0003-00042127,FAC,false,C0130,Usina Coghlan,Mayorista,CABA,CAF-BLEND-1K,CAF-BLEND-1K,false,,Blend Casa 1 kg,UN,CAFE,S,8.00,20069.06,30.00,112386.72,10926.00,87408.00,24978.72,0.22,M. Paz
2025-06-01,2025-06,FAC 0003-00042152,FAC,false,C9002,VENTA ONLINE,Ecommerce,,CAF-ETIOP-250,CAF-ETIOP-250,false,,Etiopia Yirgacheffe 250 g,UN,CAFE,S,3.00,10592.00,0.00,31776.01,4571.00,13713.00,18063.01,0.57,
2025-02-04,2025-02,FAC 0003-00040454,FAC,false,C0126,Panaderia Parque Chas,Mayorista,CABA,CAF-BRAS-1K,CAF-BRAS-1K,false,,Brasil Cerrado 1 kg,UN,CAFE,S,7.00,17374.00,32.00,82700.24,9505.00,66535.00,16165.24,0.20,M. Paz
2025-05-23,2025-05,FAC 0003-00041811,FAC,false,C9002,VENTA ONLINE,Ecommerce,,CAF-ETIOP-250,CAF-ETIOP-250,false,,Etiopia Yirgacheffe 250 g,UN,CAFE,S,2.00,10363.99,0.00,20727.99,4473.00,8946.00,11781.99,0.57,
2025-01-05,2025-01,FAC 0003-00040082,FAC,false,C9002,VENTA ONLINE,Ecommerce,,CAF-ETIOP-250,CAF-ETIOP-250,false,,Etiopia Yirgacheffe 250 g,UN,CAFE,S,1.00,9500.00,0.00,9500.00,4100.00,4100.00,5400.00,0.57,
2025-01-02,2025-01,FAC 0003-00040194,FAC,false,C9002,VENTA ONLINE,Ecommerce,,CAF-CAPS-10,CAF-CAPS-10,false,,Capsulas compatibles x10,UN,CAFE,S,2.00,6900.00,0.00,13800.00,3300.00,6600.00,7200.00,0.52,
2025-01-07,2025-01,FAC 0003-00040285,FAC,false,C9001,CONSUMIDOR FINAL,Local,CABA,CAF-BLEND-250,CAF-BLEND-250,false,,Blend Casa 250 g,UN,CAFE,S,1.00,5600.00,0.00,5600.00,2560.00,2560.00,3040.00,0.54,
2025-03-05,2025-03,FAC 0003-00040967,FAC,false,C9002,VENTA ONLINE,Ecommerce,,CAF-COLOM-250,CAF-COLOM-250,false,,Colombia Huila 250 g,UN,CAFE,S,1.00,8564.77,0.00,8564.77,3760.00,3760.00,4804.77,0.56,
2025-05-06,2025-05,FAC 0003-00041927,FAC,false,C9002,VENTA ONLINE,Ecommerce,,CAP-FILTRO-100,CAP-FILTRO-100,false,,Filtros de papel x 100,UN,ACCESORIOS,S,2.00,3491.03,0.00,6982.06,2073.00,4146.00,2836.06,0.41,
2025-03-26,2025-03,FAC 0003-00041115,FAC,false,C9002,VENTA ONLINE,Ecommerce,,CAF-COLOM-250,CAF-COLOM-250,false,,Colombia Huila 250 g,UN,CAFE,S,1.00,8564.77,0.00,8564.77,3760.00,3760.00,4804.77,0.56,
2025-01-21,2025-01,FAC 0003-00040382,FAC,false,C9001,CONSUMIDOR FINAL,Local,CABA,CAF-BLEND-250,CAF-BLEND-250,false,,Blend Casa 250 g,UN,CAFE,S,2.00,5600.00,0.00,11200.00,2560.00,5120.00,6080.00,0.54,
2025-05-24,2025-05,FAC 0003-00042034,FAC,false,C9001,CONSUMIDOR FINAL,Local,CABA,CAP-FILTRO-100,CAP-FILTRO-100,false,,Filtros de papel x 100,UN,ACCESORIOS,S,2.00,3491.03,0.00,6982.06,2073.00,4146.00,2836.06,0.41,
2025-03-11,2025-03,FAC 0003-00041102,FAC,false,C9002,VENTA ONLINE,Ecommerce,,CAF-BRAS-250,CAF-BRAS-250,false,,Brasil Cerrado 250 g,UN,CAFE,S,1.00,5535.77,0.00,5535.77,2538.00,2538.00,2997.77,0.54,
2025-03-28,2025-03,FAC 0003-00041048,FAC,false,C9002,VENTA ONLINE,Ecommerce,,CAP-FILTRO-100,CAP-FILTRO-100,false,,Filtros de papel x 100,UN,ACCESORIOS,S,3.00,3342.35,0.00,10027.05,1985.00,5955.00,4072.05,0.41,
2025-04-28,2025-04,FAC 0003-00041469,FAC,false,C9002,VENTA ONLINE,Ecommerce,,CAF-ETIOP-250,CAF-ETIOP-250,false,,Etiopia Yirgacheffe 250 g,UN,CAFE,S,3.00,10140.90,0.00,30422.69,4377.00,13131.00,17291.69,0.57,
2025-01-24,2025-01,FAC 0003-00040109,FAC,false,C9002,VENTA ONLINE,Ecommerce,,CAF-CAPS-10,CAF-CAPS-10,false,,Capsulas compatibles x10,UN,CAFE,S,3.00,6900.00,0.00,20700.00,3300.00,9900.00,10800.00,0.52,
2025-03-18,2025-03,FAC 0003-00041020,FAC,false,C9002,VENTA ONLINE,Ecommerce,,CAF-BLEND-250,CAF-BLEND-250,false,,Blend Casa 250 g,UN,CAFE,S,3.00,5849.11,0.00,17547.33,2674.00,8022.00,9525.33,0.54,
2025-03-04,2025-03,FAC 0003-00040883,FAC,false,C0135,Coffee Lab Agronomia II,Mayorista,CABA,CAF-BRAS-1K,CAF-BRAS-1K,false,,Brasil Cerrado 1 kg,UN,CAFE,S,8.00,17756.23,30.00,99434.88,9714.00,77712.00,21722.88,0.22,R. Ibarra
2025-02-06,2025-02,FAC 0003-00040694,FAC,false,C9001,CONSUMIDOR FINAL,Local,CABA,CAF-COLOM-250,CAF-COLOM-250,false,,Colombia Huila 250 g,UN,CAFE,S,1.00,8380.40,0.00,8380.40,3679.00,3679.00,4701.40,0.56,
2025-06-03,2025-06,FAC 0003-00042134,FAC,false,C0135,Coffee Lab Agronomia II,Mayorista,CABA,CAF-BLEND-1K,CAF-BLEND-1K,false,,Blend Casa 1 kg,UN,CAFE,S,8.00,20069.06,30.00,112386.72,10926.00,87408.00,24978.72,0.22,M. Paz
2025-02-02,2025-02,NC 0003-00001214,NC,true,C0101,El Almacen de Palermo II,Mayorista,CABA,CAF-BRAS-1K,CAF-BRAS-1K,false,,Brasil Cerrado 1 kg,UN,CAFE,S,-4.00,17374.00,35.00,-45172.40,9505.00,-38020.00,-7152.40,,
2025-02-17,2025-02,FAC 0003-00040561,FAC,false,C9002,VENTA ONLINE,Ecommerce,,CAF-COLOM-250,CAF-COLOM-250,false,,Colombia Huila 250 g,UN,CAFE,S,1.00,8380.40,0.00,8380.40,3679.00,3679.00,4701.40,0.56,
2025-03-17,2025-03,FAC 0003-00041196,FAC,false,C9001,CONSUMIDOR FINAL,Local,CABA,CAF-ETIOP-250,CAF-ETIOP-250,false,,Etiopia Yirgacheffe 250 g,UN,CAFE,S,2.00,9922.60,0.00,19845.20,4282.00,8564.00,11281.20,0.57,
2025-02-24,2025-02,FAC 0003-00040503,FAC,false,C9002,VENTA ONLINE,Ecommerce,,CAF-COLOM-250,CAF-COLOM-250,false,,Colombia Huila 250 g,UN,CAFE,S,2.00,8380.40,0.00,16760.80,3679.00,7358.00,9402.80,0.56,
2025-03-22,2025-03,FAC 0003-00040860,FAC,false,C0115,Tostado Boedo II,Mayorista,CABA,CAF-BRAS-1K,CAF-BRAS-1K,false,,Brasil Cerrado 1 kg,UN,CAFE,S,2.00,17756.23,30.00,24858.72,9714.00,19428.00,5430.72,0.22,M. Paz
2025-01-09,2025-01,FAC 0003-00040312,FAC,false,C9001,CONSUMIDOR FINAL,Local,CABA,CAF-BLEND-1K,CAF-BLEND-1K,false,,Blend Casa 1 kg,UN,CAFE,S,2.00,18000.00,0.00,36000.00,9800.00,19600.00,16400.00,0.46,
2025-06-05,2025-06,FAC 0003-00042460,FAC,false,C9001,CONSUMIDOR FINAL,Local,CABA,CAF-ETIOP-250,CAF-ETIOP-250,false,,Etiopia Yirgacheffe 250 g,UN,CAFE,S,1.00,10592.00,0.00,10592.00,4571.00,4571.00,6021.00,0.57,
2025-02-19,2025-02,FAC 0003-00040706,FAC,false,C9001,CONSUMIDOR FINAL,Local,CABA,CAF-BLEND-250,CAF-BLEND-250,false,,Blend Casa 250 g,UN,CAFE,S,2.00,5723.20,0.00,11446.40,2616.00,5232.00,6214.40,0.54,
2025-04-18,2025-04,FAC 0003-00041244,FAC,false,C0001,GRANOS DEL SUR S.A.,Distribuidor,Avellaneda,CAF-BLEND-CJ6,CAF-BLEND-CJ6,false,,Blend Casa CAJA X 6 (1kg c/u),CAJA X6,CAFE,S,5.00,108881.19,40.00,326643.57,62767.00,313835.00,12808.57,0.04,
2025-02-25,2025-02,FAC 0003-00040543,FAC,false,C9002,VENTA ONLINE,Ecommerce,,CAF-BRAS-250,CAF-BRAS-250,false,,Brasil Cerrado 250 g,UN,CAFE,S,3.00,5416.60,0.00,16249.80,2483.00,7449.00,8800.80,0.54,
2025-01-07,2025-01,FAC 0003-00040245,FAC,false,C9002,VENTA ONLINE,Ecommerce,,CAF-COLOM-250,CAF-COLOM-250,false,,Colombia Huila 250 g,UN,CAFE,S,2.00,8200.00,0.00,16400.00,3600.00,7200.00,9200.00,0.56,
2025-06-03,2025-06,FAC 0003-00042360,FAC,false,C9002,VENTA ONLINE,Ecommerce,,CAF-BLEND-250,CAF-BLEND-250,false,,Blend Casa 250 g,UN,CAFE,S,3.00,6243.71,0.00,18731.12,2854.00,8562.00,10169.12,0.54,
2025-01-27,2025-01,FAC 0003-00040202,FAC,false,C9002,VENTA ONLINE,Ecommerce,,CAF-DESCA-250,CAF-DESCA-250,false,,Descafeinado 250 g,UN,CAFE,S,1.00,7400.00,0.00,7400.00,3500.00,3500.00,3900.00,0.53,
2025-06-06,2025-06,FAC 0003-00042131,FAC,false,C0132,Cafe Barracas,Mayorista,CABA,CAF-BLEND-1K,CAF-BLEND-1K,false,,Blend Casa 1 kg,UN,CAFE,S,4.00,20069.06,35.00,52179.55,10926.00,43704.00,8475.55,0.16,
2025-02-20,2025-02,FAC 0003-00040682,FAC,false,C9002,VENTA ONLINE,Ecommerce,,CAF-COLOM-250,CAF-COLOM-250,false,,Colombia Huila 250 g,UN,CAFE,S,2.00,8380.40,0.00,16760.80,3679.00,7358.00,9402.80,0.56,
2025-04-06,2025-04,FAC 0003-00041396,FAC,false,C9002,VENTA ONLINE,Ecommerce,,CAF-COLOM-250,CAF-COLOM-250,false,,Colombia Huila 250 g,UN,CAFE,S,2.00,8753.19,0.00,17506.39,3843.00,7686.00,9820.39,0.56,
2025-05-27,2025-05,FAC 0003-00041975,FAC,false,C9001,CONSUMIDOR FINAL,Local,CABA,CAF-COLOM-250,CAF-COLOM-250,false,,Colombia Huila 250 g,UN,CAFE,S,1.00,8945.76,0.00,8945.76,3927.00,3927.00,5018.76,0.56,
2025-06-08,2025-06,FAC 0003-00042240,FAC,false,C9002,VENTA ONLINE,Ecommerce,,CAF-CAPS-10,CAF-CAPS-10,false,,Capsulas compatibles x10,UN,CAFE,S,1.00,7693.14,0.00,7693.14,3679.00,3679.00,4014.14,0.52,
2025-01-18,2025-01,FAC 0003-00040337,FAC,false,C9001,CONSUMIDOR FINAL,Local,CABA,CAF-ETIOP-250,CAF-ETIOP-250,false,,Etiopia Yirgacheffe 250 g,UN,CAFE,S,1.00,9500.00,0.00,9500.00,4100.00,4100.00,5400.00,0.57,
2025-04-09,2025-04,FAC 0003-00041443,FAC,false,C9002,VENTA ONLINE,Ecommerce,,CAF-BLEND-250,CAF-BLEND-250,false,,Blend Casa 250 g,UN,CAFE,S,2.00,5977.79,0.00,11955.58,2733.00,5466.00,6489.58,0.54,
2025-05-13,2025-05,FAC 0003-00041765,FAC,false,C9002,VENTA ONLINE,Ecommerce,,CAF-BRAS-250,CAF-BRAS-250,false,,Brasil Cerrado 250 g,UN,CAFE,S,2.00,5782.02,0.00,11564.04,2651.00,5302.00,6262.04,0.54,
2025-02-26,2025-02,FAC 0003-00040517,FAC,false,C9002,VENTA ONLINE,Ecommerce,,CAF-COLOM-250,CAF-COLOM-250,false,,Colombia Huila 250 g,UN,CAFE,S,3.00,8380.40,0.00,25141.20,3679.00,11037.00,14104.20,0.56,
2025-04-14,2025-04,FAC 0003-00041383,FAC,false,C9002,VENTA ONLINE,Ecommerce,,CAF-ETIOP-250,CAF-ETIOP-250,false,,Etiopia Yirgacheffe 250 g,UN,CAFE,S,3.00,10140.90,0.00,30422.69,4377.00,13131.00,17291.69,0.57,
2025-05-28,2025-05,FAC 0003-00041665,FAC,false,C0111,Cafe Devoto II,Mayorista,CABA,CAF-BLEND-1K,CAF-BLEND-1K,false,,Blend Casa 1 kg,UN,CAFE,S,4.00,19637.04,35.00,51056.31,10691.00,42764.00,8292.31,0.16,
2025-03-04,2025-03,FAC 0003-00041093,FAC,false,C9002,VENTA ONLINE,Ecommerce,,CAF-BLEND-250,CAF-BLEND-250,false,,Blend Casa 250 g,UN,CAFE,S,3.00,5849.11,0.00,17547.33,2674.00,8022.00,9525.33,0.54,
2025-05-04,2025-05,FAC 0003-00041980,FAC,false,C9001,CONSUMIDOR FINAL,Local,CABA,CAP-FILTRO-100,CAP-FILTRO-100,false,,Filtros de papel x 100,UN,ACCESORIOS,S,2.00,3491.03,0.00,6982.06,2073.00,4146.00,2836.06,0.41,
2025-02-09,2025-02,FAC 0003-00040579,FAC,false,C9002,VENTA ONLINE,Ecommerce,,CAF-CAPS-10,CAF-CAPS-10,false,,Capsulas compatibles x10,UN,CAFE,S,1.00,7051.80,0.00,7051.80,3373.00,3373.00,3678.80,0.52,
2025-02-22,2025-02,FAC 0003-00040678,FAC,false,C9002,VENTA ONLINE,Ecommerce,,CAP-TAZA,CAP-TAZA,false,,Taza ceramica logo,UN,ACCESORIOS,S,1.00,9095.80,0.00,9095.80,4292.00,4292.00,4803.80,0.53,
2025-03-19,2025-03,FAC 0003-00041058,FAC,false,C9002,VENTA ONLINE,Ecommerce,,CAF-ETIOP-250,CAF-ETIOP-250,false,,Etiopia Yirgacheffe 250 g,UN,CAFE,S,1.00,9922.60,0.00,9922.60,4282.00,4282.00,5640.60,0.57,
2025-03-03,2025-03,FAC 0003-00041007,FAC,false,C9002,VENTA ONLINE,Ecommerce,,CAF-ETIOP-250,CAF-ETIOP-250,false,,Etiopia Yirgacheffe 250 g,UN,CAFE,S,3.00,9922.60,0.00,29767.79,4282.00,12846.00,16921.79,0.57,
2025-04-14,2025-04,FAC 0003-00041596,FAC,false,C9001,CONSUMIDOR FINAL,Local,CABA,CAF-BLEND-250,CAF-BLEND-250,false,,Blend Casa 250 g,UN,CAFE,S,2.00,5977.79,0.00,11955.58,2733.00,5466.00,6489.58,0.54,
2025-02-23,2025-02,FAC 0003-00040636,FAC,false,C9002,VENTA ONLINE,Ecommerce,,CAF-ETIOP-250,CAF-ETIOP-250,false,,Etiopia Yirgacheffe 250 g,UN,CAFE,S,1.00,9709.00,0.00,9709.00,4190.00,4190.00,5519.00,0.57,
2025-05-20,2025-05,FAC 0003-00041869,FAC,false,C9002,VENTA ONLINE,Ecommerce,,CAP-TAZA,CAP-TAZA,false,,Taza ceramica logo,UN,ACCESORIOS,S,1.00,9709.43,0.00,9709.43,4582.00,4582.00,5127.43,0.53,
2025-06-13,2025-06,FAC 0003-00042115,FAC,false,C0119,Coffee Lab Saavedra II,Mayorista,CABA,CAF-ETIOP-250,CAF-ETIOP-250,false,,Etiopia Yirgacheffe 250 g,UN,CAFE,S,10.00,10592.00,35.00,68848.02,4571.00,45710.00,23138.02,0.34,
2025-03-06,2025-03,FAC 0003-00041052,FAC,false,C9002,VENTA ONLINE,Ecommerce,,CAF-DESCA-250,CAF-DESCA-250,false,,Descafeinado 250 g,UN,CAFE,S,1.00,7729.18,0.00,7729.18,3656.00,3656.00,4073.18,0.53,
2025-04-04,2025-04,FAC 0003-00041543,FAC,false,C9001,CONSUMIDOR FINAL,Local,CABA,CAF-BLEND-1K,CAF-BLEND-1K,false,,Blend Casa 1 kg,UN,CAFE,S,1.00,19214.33,0.00,19214.33,10461.00,10461.00,8753.33,0.46,
2025-02-25,2025-02,FAC 0003-00040647,FAC,false,C9002,VENTA ONLINE,Ecommerce,,CAF-BLEND-250,CAF-BLEND-250,false,,Blend Casa 250 g,UN,CAFE,S,3.00,5723.20,0.00,17169.60,2616.00,7848.00,9321.60,0.54,
2025-04-21,2025-04,FAC 0003-00041357,FAC,false,C9002,VENTA ONLINE,Ecommerce,,CAF-DESCA-250,CAF-DESCA-250,false,,Descafeinado 250 g,UN,CAFE,S,1.00,7899.22,0.00,7899.22,3736.00,3736.00,4163.22,0.53,
2025-04-05,2025-04,FAC 0003-00041607,FAC,false,C9001,CONSUMIDOR FINAL,Local,CABA,CAF-BLEND-1K,CAF-BLEND-1K,false,,Blend Casa 1 kg,UN,CAFE,S,1.00,19214.33,0.00,19214.33,10461.00,10461.00,8753.33,0.46,
2025-06-26,2025-06,FAC 0003-00042257,FAC,false,C9002,VENTA ONLINE,Ecommerce,,CAF-BLEND-250,CAF-BLEND-250,false,,Blend Casa 250 g,UN,CAFE,S,2.00,6243.71,0.00,12487.41,2854.00,5708.00,6779.41,0.54,
2025-02-13,2025-02,FAC 0003-00040558,FAC,false,C9002,VENTA ONLINE,Ecommerce,,CAF-BLEND-250,CAF-BLEND-250,false,,Blend Casa 250 g,UN,CAFE,S,3.00,5723.20,0.00,17169.60,2616.00,7848.00,9321.60,0.54,
2025-06-12,2025-06,FAC 0003-00042190,FAC,false,C9002,VENTA ONLINE,Ecommerce,,CAF-ETIOP-250,CAF-ETIOP-250,false,,Etiopia Yirgacheffe 250 g,UN,CAFE,S,3.00,10592.00,0.00,31776.01,4571.00,13713.00,18063.01,0.57,
2025-01-22,2025-01,FAC 0003-00040159,FAC,false,C9002,VENTA ONLINE,Ecommerce,,CAF-CAPS-10,CAF-CAPS-10,false,,Capsulas compatibles x10,UN,CAFE,S,3.00,6900.00,0.00,20700.00,3300.00,9900.00,10800.00,0.52,
2025-01-07,2025-01,FAC 0003-00040375,FAC,false,C9001,CONSUMIDOR FINAL,Local,CABA,CAF-COLOM-250,CAF-COLOM-250,false,,Colombia Huila 250 g,UN,CAFE,S,2.00,8200.00,0.00,16400.00,3600.00,7200.00,9200.00,0.56,
2025-04-11,2025-04,FAC 0003-00041508,FAC,false,C9002,VENTA ONLINE,Ecommerce,,CAF-ETIOP-250,CAF-ETIOP-250,false,,Etiopia Yirgacheffe 250 g,UN,CAFE,S,2.00,10140.90,0.00,20281.79,4377.00,8754.00,11527.79,0.57,
2025-03-14,2025-03,FAC 0003-00041175,FAC,false,C9001,CONSUMIDOR FINAL,Local,CABA,CAF-BLEND-250,CAF-BLEND-250,false,,Blend Casa 250 g,UN,CAFE,S,2.00,5849.11,0.00,11698.22,2674.00,5348.00,6350.22,0.54,
2025-03-21,2025-03,FAC 0003-00041132,FAC,false,C9001,CONSUMIDOR FINAL,Local,CABA,CAF-BLEND-1K,CAF-BLEND-1K,false,,Blend Casa 1 kg,UN,CAFE,S,2.00,18800.71,0.00,37601.42,10236.00,20472.00,17129.42,0.46,
2025-06-04,2025-06,FAC 0003-00042421,FAC,false,C9001,CONSUMIDOR FINAL,Local,CABA,CAF-BLEND-1K,CAF-BLEND-1K,false,,Blend Casa 1 kg,UN,CAFE,S,1.00,20069.06,0.00,20069.06,10926.00,10926.00,9143.06,0.46,
2025-03-24,2025-03,FAC 0003-00041000,FAC,false,C9002,VENTA ONLINE,Ecommerce,,CAP-TAZA,CAP-TAZA,false,,Taza ceramica logo,UN,ACCESORIOS,S,3.00,9295.91,0.00,27887.72,4387.00,13161.00,14726.72,0.53,
2025-02-03,2025-02,FAC 0003-00040540,FAC,false,C9002,VENTA ONLINE,Ecommerce,,CAF-COLOM-250,CAF-COLOM-250,false,,Colombia Huila 250 g,UN,CAFE,S,1.00,8380.40,0.00,8380.40,3679.00,3679.00,4701.40,0.56,
2025-05-09,2025-05,FAC 0003-00041744,FAC,false,C9002,VENTA ONLINE,Ecommerce,,CAF-ETIOP-250,CAF-ETIOP-250,false,,Etiopia Yirgacheffe 250 g,UN,CAFE,S,2.00,10363.99,0.00,20727.99,4473.00,8946.00,11781.99,0.57,
2025-01-11,2025-01,FAC 0003-00040390,FAC,false,C9001,CONSUMIDOR FINAL,Local,CABA,CAF-ETIOP-250,CAF-ETIOP-250,false,,Etiopia Yirgacheffe 250 g,UN,CAFE,S,2.00,9500.00,0.00,19000.00,4100.00,8200.00,10800.00,0.57,
2025-03-08,2025-03,FAC 0003-00040993,FAC,false,C9002,VENTA ONLINE,Ecommerce,,CAF-BRAS-250,CAF-BRAS-250,false,,Brasil Cerrado 250 g,UN,CAFE,S,2.00,5535.77,0.00,11071.53,2538.00,5076.00,5995.53,0.54,
2025-01-28,2025-01,FAC 0003-00040226,FAC,false,C9002,VENTA ONLINE,Ecommerce,,CAF-ETIOP-250,CAF-ETIOP-250,false,,Etiopia Yirgacheffe 250 g,UN,CAFE,S,3.00,9500.00,0.00,28500.00,4100.00,12300.00,16200.00,0.57,
2025-05-20,2025-05,FAC 0003-00041904,FAC,false,C9002,VENTA ONLINE,Ecommerce,,CAF-BRAS-250,CAF-BRAS-250,false,,Brasil Cerrado 250 g,UN,CAFE,S,2.00,5782.02,0.00,11564.04,2651.00,5302.00,6262.04,0.54,
2025-02-28,2025-02,FAC 0003-00040548,FAC,false,C9002,VENTA ONLINE,Ecommerce,,CAF-CAPS-10,CAF-CAPS-10,false,,Capsulas compatibles x10,UN,CAFE,S,1.00,7051.80,0.00,7051.80,3373.00,3373.00,3678.80,0.52,
2025-03-15,2025-03,FAC 0003-00041164,FAC,false,C9001,CONSUMIDOR FINAL,Local,CABA,CAP-FILTRO-100,CAP-FILTRO-100,false,,Filtros de papel x 100,UN,ACCESORIOS,S,2.00,3342.35,0.00,6684.70,1985.00,3970.00,2714.70,0.41,
2025-05-12,2025-05,FAC 0003-00041951,FAC,false,C9001,CONSUMIDOR FINAL,Local,CABA,CAF-BLEND-1K,CAF-BLEND-1K,false,,Blend Casa 1 kg,UN,CAFE,S,1.00,19637.04,0.00,19637.04,10691.00,10691.00,8946.04,0.46,
2025-06-26,2025-06,FAC 0003-00042290,FAC,false,C9002,VENTA ONLINE,Ecommerce,,CAF-ETIOP-250,CAF-ETIOP-250,false,,Etiopia Yirgacheffe 250 g,UN,CAFE,S,1.00,10592.00,0.00,10592.00,4571.00,4571.00,6021.00,0.57,
2025-01-17,2025-01,FAC 0003-00040074,FAC,false,C9002,VENTA ONLINE,Ecommerce,,CAF-COLOM-250,CAF-COLOM-250,false,,Colombia Huila 250 g,UN,CAFE,S,2.00,8200.00,0.00,16400.00,3600.00,7200.00,9200.00,0.56,
2025-04-08,2025-04,FAC 0003-00041517,FAC,false,C9002,VENTA ONLINE,Ecommerce,,CAF-BLEND-250,CAF-BLEND-250,false,,Blend Casa 250 g,UN,CAFE,S,3.00,5977.79,0.00,17933.37,2733.00,8199.00,9734.37,0.54,
2025-04-25,2025-04,FAC 0003-00041363,FAC,false,C9002,VENTA ONLINE,Ecommerce,,CAF-DESCA-250,CAF-DESCA-250,false,,Descafeinado 250 g,UN,CAFE,S,2.00,7899.22,0.00,15798.45,3736.00,7472.00,8326.45,0.53,
2025-02-09,2025-02,FAC 0003-00040424,FAC,false,C0100,Cafe Palermo,Mayorista,CABA,CAF-BLEND-1K,CAF-BLEND-1K,false,,Blend Casa 1 kg,UN,CAFE,S,3.00,18396.00,32.00,37527.84,10016.00,30048.00,7479.84,0.20,R. Ibarra
2025-01-01,2025-01,FAC 0003-00040200,FAC,false,C9002,VENTA ONLINE,Ecommerce,,CAF-ETIOP-250,CAF-ETIOP-250,false,,Etiopia Yirgacheffe 250 g,UN,CAFE,S,3.00,9500.00,0.00,28500.00,4100.00,12300.00,16200.00,0.57,
2025-06-14,2025-06,FAC 0003-00042485,FAC,false,C9001,CONSUMIDOR FINAL,Local,CABA,CAF-BLEND-1K,CAF-BLEND-1K,false,,Blend Casa 1 kg,UN,CAFE,S,2.00,20069.06,0.00,40138.12,10926.00,21852.00,18286.12,0.46,
2025-01-12,2025-01,FAC 0003-00040257,FAC,false,C9002,VENTA ONLINE,Ecommerce,,CAF-BRAS-250,CAF-BRAS-250,false,,Brasil Cerrado 250 g,UN,CAFE,S,2.00,5300.00,0.00,10600.00,2430.00,4860.00,5740.00,0.54,
2025-02-26,2025-02,FAC 0003-00040488,FAC,false,C9002,VENTA ONLINE,Ecommerce,,CAF-DESCA-250,CAF-DESCA-250,false,,Descafeinado 250 g,UN,CAFE,S,2.00,7562.80,0.00,15125.60,3577.00,7154.00,7971.60,0.53,
2025-05-14,2025-05,FAC 0003-00041786,FAC,false,C9002,VENTA ONLINE,Ecommerce,,CAF-COLOM-250,CAF-COLOM-250,false,,Colombia Huila 250 g,UN,CAFE,S,2.00,8945.76,0.00,17891.53,3927.00,7854.00,10037.53,0.56,
2025-04-27,2025-04,FAC 0003-00041347,FAC,false,C9002,VENTA ONLINE,Ecommerce,,CAP-TAZA,CAP-TAZA,false,,Taza ceramica logo,UN,ACCESORIOS,S,2.00,9500.42,0.00,19000.84,4483.00,8966.00,10034.84,0.53,
2025-01-08,2025-01,FAC 0003-00040139,FAC,false,C9002,VENTA ONLINE,Ecommerce,,CAF-BLEND-250,CAF-BLEND-250,false,,Blend Casa 250 g,UN,CAFE,S,3.00,5600.00,0.00,16800.00,2560.00,7680.00,9120.00,0.54,
2025-05-08,2025-05,FAC 0003-00041693,FAC,false,C0135,Coffee Lab Agronomia II,Mayorista,CABA,CAF-BLEND-1K,CAF-BLEND-1K,false,,Blend Casa 1 kg,UN,CAFE,S,9.00,19637.04,30.00,123713.37,10691.00,96219.00,27494.37,0.22,M. Paz
2025-05-09,2025-05,FAC 0003-00041830,FAC,false,C9002,VENTA ONLINE,Ecommerce,,CAF-COLOM-250,CAF-COLOM-250,false,,Colombia Huila 250 g,UN,CAFE,S,2.00,8945.76,0.00,17891.53,3927.00,7854.00,10037.53,0.56,
2025-02-03,2025-02,FAC 0003-00040449,FAC,false,C0123,La Ventanita de Almagro II,Mayorista,CABA,CAF-BRAS-1K,CAF-BRAS-1K,false,,Brasil Cerrado 1 kg,UN,CAFE,S,6.00,17374.00,35.00,67758.60,9505.00,57030.00,10728.60,0.16,M. Paz
2025-06-03,2025-06,FAC 0003-00042214,FAC,false,C9002,VENTA ONLINE,Ecommerce,,CAF-ETIOP-250,CAF-ETIOP-250,false,,Etiopia Yirgacheffe 250 g,UN,CAFE,S,1.00,10592.00,0.00,10592.00,4571.00,4571.00,6021.00,0.57,
2025-05-15,2025-05,FAC 0003-00041845,FAC,false,C9002,VENTA ONLINE,Ecommerce,,CAF-BLEND-250,CAF-BLEND-250,false,,Blend Casa 250 g,UN,CAFE,S,1.00,6109.30,0.00,6109.30,2793.00,2793.00,3316.30,0.54,
2025-05-15,2025-05,FAC 0003-00041764,FAC,false,C9002,VENTA ONLINE,Ecommerce,,CAF-COLOM-250,CAF-COLOM-250,false,,Colombia Huila 250 g,UN,CAFE,S,2.00,8945.76,0.00,17891.53,3927.00,7854.00,10037.53,0.56,
2025-02-05,2025-02,FAC 0003-00040433,FAC,false,C0109,Usina Colegiales II,Mayorista,CABA,CAP-FILTRO-100,CAP-FILTRO-100,false,,Filtros de papel x 100,UN,ACCESORIOS,S,4.00,3270.40,32.00,8895.49,1942.00,7768.00,1127.49,0.13,R. Ibarra
2025-05-28,2025-05,FAC 0003-00041670,FAC,false,C0114,Usina Boedo,Mayorista,CABA,CAF-ETIOP-250,CAF-ETIOP-250,false,,Etiopia Yirgacheffe 250 g,UN,CAFE,S,5.00,10363.99,32.00,35237.58,4473.00,22365.00,12872.58,0.37,
2025-03-11,2025-03,FAC 0003-00041108,FAC,false,C9002,VENTA ONLINE,Ecommerce,,CAF-BLEND-250,CAF-BLEND-250,false,,Blend Casa 250 g,UN,CAFE,S,2.00,5849.11,0.00,11698.22,2674.00,5348.00,6350.22,0.54,
2025-06-17,2025-06,FAC 0003-00042246,FAC,false,C9002,VENTA ONLINE,Ecommerce,,CAP-FILTRO-100,CAP-FILTRO-100,false,,Filtros de papel x 100,UN,ACCESORIOS,S,2.00,3567.83,0.00,7135.67,2118.00,4236.00,2899.67,0.41,
2025-04-26,2025-04,FAC 0003-00041585,FAC,false,C9001,CONSUMIDOR FINAL,Local,CABA,CAF-BLEND-1K,CAF-BLEND-1K,false,,Blend Casa 1 kg,UN,CAFE,S,1.00,19214.33,0.00,19214.33,10461.00,10461.00,8753.33,0.46,
2025-02-21,2025-02,FAC 0003-00040528,FAC,false,C9002,VENTA ONLINE,Ecommerce,,CAF-COLOM-250,CAF-COLOM-250,false,,Colombia Huila 250 g,UN,CAFE,S,3.00,8380.40,0.00,25141.20,3679.00,11037.00,14104.20,0.56,
2025-06-01,2025-06,FAC 0003-00042110,FAC,false,C0115,Tostado Boedo II,Mayorista,CABA,CAF-BLEND-1K,CAF-BLEND-1K,false,,Blend Casa 1 kg,UN,CAFE,S,6.00,20069.06,30.00,84290.04,10926.00,65556.00,18734.04,0.22,
2025-05-24,2025-05,FAC 0003-00041924,FAC,false,C9002,VENTA ONLINE,Ecommerce,,CAF-ETIOP-250,CAF-ETIOP-250,false,,Etiopia Yirgacheffe 250 g,UN,CAFE,S,2.00,10363.99,0.00,20727.99,4473.00,8946.00,11781.99,0.57,
2025-03-08,2025-03,FAC 0003-00040841,FAC,false,C0001,GRANOS DEL SUR S.A.,Distribuidor,Avellaneda,CAF-BRAS-1K,CAF-BRAS-1K,false,,Brasil Cerrado 1 kg,UN,CAFE,S,18.00,17756.23,40.00,191767.26,9714.00,174852.00,16915.26,0.09,M. Paz
2025-06-22,2025-06,FAC 0003-00042165,FAC,false,C9002,VENTA ONLINE,Ecommerce,,CAF-COLOM-250,CAF-COLOM-250,false,,Colombia Huila 250 g,UN,CAFE,S,3.00,9142.57,0.00,27427.71,4014.00,12042.00,15385.71,0.56,
2025-03-23,2025-03,FAC 0003-00040879,FAC,false,C0132,Cafe Barracas,Mayorista,CABA,CAF-BLEND-1K,CAF-BLEND-1K,false,,Blend Casa 1 kg,UN,CAFE,S,6.00,18800.71,35.00,73322.78,10236.00,61416.00,11906.78,0.16,M. Paz
2025-01-11,2025-01,FAC 0003-00040209,FAC,false,C9002,VENTA ONLINE,Ecommerce,,CAP-TAZA,CAP-TAZA,false,,Taza ceramica logo,UN,ACCESORIOS,S,1.00,8900.00,0.00,8900.00,4200.00,4200.00,4700.00,0.53,
2025-06-06,2025-06,FAC 0003-00042275,FAC,false,C9002,VENTA ONLINE,Ecommerce,,CAF-BLEND-250,CAF-BLEND-250,false,,Blend Casa 250 g,UN,CAFE,S,3.00,6243.71,0.00,18731.12,2854.00,8562.00,10169.12,0.54,
2025-02-02,2025-02,FAC 0003-00040718,FAC,false,C9001,CONSUMIDOR FINAL,Local,CABA,CAF-ETIOP-250,CAF-ETIOP-250,false,,Etiopia Yirgacheffe 250 g,UN,CAFE,S,1.00,9709.00,0.00,9709.00,4190.00,4190.00,5519.00,0.57,
2025-02-08,2025-02,FAC 0003-00040720,FAC,false,C9001,CONSUMIDOR FINAL,Local,CABA,CAP-FILTRO-100,CAP-FILTRO-100,false,,Filtros de papel x 100,UN,ACCESORIOS,S,2.00,3270.40,0.00,6540.80,1942.00,3884.00,2656.80,0.41,
2025-06-09,2025-06,FAC 0003-00042362,FAC,false,C9002,VENTA ONLINE,Ecommerce,,CAF-ETIOP-250,CAF-ETIOP-250,false,,Etiopia Yirgacheffe 250 g,UN,CAFE,S,2.00,10592.00,0.00,21184.01,4571.00,9142.00,12042.01,0.57,
2025-01-13,2025-01,FAC 0003-00040310,FAC,false,C9001,CONSUMIDOR FINAL,Local,CABA,CAP-FILTRO-100,CAP-FILTRO-100,false,,Filtros de papel x 100,UN,ACCESORIOS,S,1.00,3200.00,0.00,3200.00,1900.00,1900.00,1300.00,0.41,
2025-01-16,2025-01,FAC 0003-00040318,FAC,false,C9001,CONSUMIDOR FINAL,Local,CABA,CAF-COLOM-250,CAF-COLOM-250,false,,Colombia Huila 250 g,UN,CAFE,S,1.00,8200.00,0.00,8200.00,3600.00,3600.00,4600.00,0.56,
2025-06-01,2025-06,FAC 0003-00042110,FAC,false,C0115,Tostado Boedo II,Mayorista,CABA,CAF-BRAS-1K,CAF-BRAS-1K,false,,Brasil Cerrado 1 kg,UN,CAFE,S,4.00,18954.11,30.00,53071.51,10369.00,41476.00,11595.51,0.22,
2025-06-07,2025-06,FAC 0003-00042459,FAC,false,C9001,CONSUMIDOR FINAL,Local,CABA,CAF-BLEND-1K,CAF-BLEND-1K,false,,Blend Casa 1 kg,UN,CAFE,S,1.00,20069.06,0.00,20069.06,10926.00,10926.00,9143.06,0.46,
2025-01-06,2025-01,FAC 0003-00040181,FAC,false,C9002,VENTA ONLINE,Ecommerce,,CAF-ETIOP-250,CAF-ETIOP-250,false,,Etiopia Yirgacheffe 250 g,UN,CAFE,S,2.00,9500.00,0.00,19000.00,4100.00,8200.00,10800.00,0.57,
2025-01-13,2025-01,FAC 0003-00040215,FAC,false,C9002,VENTA ONLINE,Ecommerce,,CAF-ETIOP-250,CAF-ETIOP-250,false,,Etiopia Yirgacheffe 250 g,UN,CAFE,S,3.00,9500.00,0.00,28500.00,4100.00,12300.00,16200.00,0.57,
2025-01-22,2025-01,FAC 0003-00040259,FAC,false,C9002,VENTA ONLINE,Ecommerce,,CAF-BRAS-250,CAF-BRAS-250,false,,Brasil Cerrado 250 g,UN,CAFE,S,1.00,5300.00,0.00,5300.00,2430.00,2430.00,2870.00,0.54,
2025-04-08,2025-04,FAC 0003-00041453,FAC,false,C9002,VENTA ONLINE,Ecommerce,,CAF-BLEND-250,CAF-BLEND-250,false,,Blend Casa 250 g,UN,CAFE,S,1.00,5977.79,0.00,5977.79,2733.00,2733.00,3244.79,0.54,
2025-05-11,2025-05,FAC 0003-00041822,FAC,false,C9002,VENTA ONLINE,Ecommerce,,CAF-ETIOP-250,CAF-ETIOP-250,false,,Etiopia Yirgacheffe 250 g,UN,CAFE,S,3.00,10363.99,0.00,31091.98,4473.00,13419.00,17672.98,0.57,
2025-06-05,2025-06,FAC 0003-00042156,FAC,false,C9002,VENTA ONLINE,Ecommerce,,CAF-CAPS-10,CAF-CAPS-10,false,,Capsulas compatibles x10,UN,CAFE,S,2.00,7693.14,0.00,15386.28,3679.00,7358.00,8028.28,0.52,
2025-04-10,2025-04,FAC 0003-00041455,FAC,false,C9002,VENTA ONLINE,Ecommerce,,CAF-BRAS-250,CAF-BRAS-250,false,,Brasil Cerrado 250 g,UN,CAFE,S,1.00,5657.55,0.00,5657.55,2594.00,2594.00,3063.55,0.54,
2025-06-02,2025-06,FAC 0003-00042304,FAC,false,C9002,VENTA ONLINE,Ecommerce,,CAF-BLEND-250,CAF-BLEND-250,false,,Blend Casa 250 g,UN,CAFE,S,3.00,6243.71,0.00,18731.12,2854.00,8562.00,10169.12,0.54,
2025-03-10,2025-03,FAC 0003-00040973,FAC,false,C9002,VENTA ONLINE,Ecommerce,,CAF-BRAS-250,CAF-BRAS-250,false,,Brasil Cerrado 250 g,UN,CAFE,S,1.00,5535.77,0.00,5535.77,2538.00,2538.00,2997.77,0.54,
2025-03-27,2025-03,FAC 0003-00041117,FAC,false,C9001,CONSUMIDOR FINAL,Local,CABA,CAF-BLEND-1K,CAF-BLEND-1K,false,,Blend Casa 1 kg,UN,CAFE,S,1.00,18800.71,0.00,18800.71,10236.00,10236.00,8564.71,0.46,
2025-06-12,2025-06,FAC 0003-00042428,FAC,false,C9001,CONSUMIDOR FINAL,Local,CABA,CAF-ETIOP-250,CAF-ETIOP-250,false,,Etiopia Yirgacheffe 250 g,UN,CAFE,S,1.00,10592.00,0.00,10592.00,4571.00,4571.00,6021.00,0.57,
2025-06-03,2025-06,FAC 0003-00042145,FAC,false,C9002,VENTA ONLINE,Ecommerce,,CAF-BLEND-250,CAF-BLEND-250,false,,Blend Casa 250 g,UN,CAFE,S,2.00,6243.71,0.00,12487.41,2854.00,5708.00,6779.41,0.54,
2025-02-06,2025-02,FAC 0003-00040760,FAC,false,C9001,CONSUMIDOR FINAL,Local,CABA,CAF-COLOM-250,CAF-COLOM-250,false,,Colombia Huila 250 g,UN,CAFE,S,2.00,8380.40,0.00,16760.80,3679.00,7358.00,9402.80,0.56,
2025-05-15,2025-05,FAC 0003-00041824,FAC,false,C9002,VENTA ONLINE,Ecommerce,,CAF-ETIOP-250,CAF-ETIOP-250,false,,Etiopia Yirgacheffe 250 g,UN,CAFE,S,1.00,10363.99,0.00,10363.99,4473.00,4473.00,5890.99,0.57,
2025-03-20,2025-03,FAC 0003-00041161,FAC,false,C9001,CONSUMIDOR FINAL,Local,CABA,CAF-COLOM-250,CAF-COLOM-250,false,,Colombia Huila 250 g,UN,CAFE,S,2.00,8564.77,0.00,17129.54,3760.00,7520.00,9609.54,0.56,
2025-03-01,2025-03,FAC 0003-00040987,FAC,false,C9002,VENTA ONLINE,Ecommerce,,CAF-BLEND-250,CAF-BLEND-250,false,,Blend Casa 250 g,UN,CAFE,S,2.00,5849.11,0.00,11698.22,2674.00,5348.00,6350.22,0.54,
2025-02-19,2025-02,FAC 0003-00040564,FAC,false,C9002,VENTA ONLINE,Ecommerce,,CAF-CAPS-10,CAF-CAPS-10,false,,Capsulas compatibles x10,UN,CAFE,S,1.00,7051.80,0.00,7051.80,3373.00,3373.00,3678.80,0.52,
2025-02-04,2025-02,FAC 0003-00040681,FAC,false,C9002,VENTA ONLINE,Ecommerce,,CAF-COLOM-250,CAF-COLOM-250,false,,Colombia Huila 250 g,UN,CAFE,S,2.00,8380.40,0.00,16760.80,3679.00,7358.00,9402.80,0.56,
2025-04-04,2025-04,FAC 0003-00041605,FAC,false,C9001,CONSUMIDOR FINAL,Local,CABA,CAF-ETIOP-250,CAF-ETIOP-250,false,,Etiopia Yirgacheffe 250 g,UN,CAFE,S,1.00,10140.90,0.00,10140.90,4377.00,4377.00,5763.90,0.57,
2025-01-10,2025-01,FAC 0003-00040179,FAC,false,C9002,VENTA ONLINE,Ecommerce,,CAF-DESCA-250,CAF-DESCA-250,false,,Descafeinado 250 g,UN,CAFE,S,2.00,7400.00,0.00,14800.00,3500.00,7000.00,7800.00,0.53,
2025-05-02,2025-05,FAC 0003-00041943,FAC,false,C9002,VENTA ONLINE,Ecommerce,,CAF-BLEND-250,CAF-BLEND-250,false,,Blend Casa 250 g,UN,CAFE,S,3.00,6109.30,0.00,18327.91,2793.00,8379.00,9948.91,0.54,
2025-02-23,2025-02,FAC 0003-00040576,FAC,false,C9002,VENTA ONLINE,Ecommerce,,CAF-ETIOP-250,CAF-ETIOP-250,false,,Etiopia Yirgacheffe 250 g,UN,CAFE,S,3.00,9709.00,0.00,29127.00,4190.00,12570.00,16557.00,0.57,
2025-03-15,2025-03,FAC 0003-00040844,FAC,false,C0100,Cafe Palermo,Mayorista,CABA,CAF-BLEND-1K,CAF-BLEND-1K,false,,Blend Casa 1 kg,UN,CAFE,S,8.00,18800.71,32.00,102275.87,10236.00,81888.00,20387.87,0.20,R. Ibarra
2025-05-03,2025-05,FAC 0003-00041687,FAC,false,C0131,Tostado Coghlan II,Mayorista,CABA,CAF-BLEND-1K,CAF-BLEND-1K,false,,Blend Casa 1 kg,UN,CAFE,S,8.00,19637.04,35.00,102112.62,10691.00,85528.00,16584.62,0.16,R. Ibarra
2025-02-25,2025-02,FAC 0003-00040542,FAC,false,C9002,VENTA ONLINE,Ecommerce,,CAF-COLOM-250,CAF-COLOM-250,false,,Colombia Huila 250 g,UN,CAFE,S,1.00,8380.40,0.00,8380.40,3679.00,3679.00,4701.40,0.56,
2025-06-04,2025-06,FAC 0003-00042504,FAC,false,C9001,CONSUMIDOR FINAL,Local,CABA,CAF-ETIOP-250,CAF-ETIOP-250,false,,Etiopia Yirgacheffe 250 g,UN,CAFE,S,2.00,10592.00,0.00,21184.01,4571.00,9142.00,12042.01,0.57,
2025-04-14,2025-04,FAC 0003-00041316,FAC,false,C9002,VENTA ONLINE,Ecommerce,,CAF-BRAS-250,CAF-BRAS-250,false,,Brasil Cerrado 250 g,UN,CAFE,S,1.00,5657.55,0.00,5657.55,2594.00,2594.00,3063.55,0.54,
2025-06-20,2025-06,FAC 0003-00042416,FAC,false,C9001,CONSUMIDOR FINAL,Local,CABA,CAF-BLEND-1K,CAF-BLEND-1K,false,,Blend Casa 1 kg,UN,CAFE,S,2.00,20069.06,0.00,40138.12,10926.00,21852.00,18286.12,0.46,
2025-04-06,2025-04,FAC 0003-00041321,FAC,false,C9002,VENTA ONLINE,Ecommerce,,CAF-DESCA-250,CAF-DESCA-250,false,,Descafeinado 250 g,UN,CAFE,S,3.00,7899.22,0.00,23697.67,3736.00,11208.00,12489.67,0.53,
2025-03-08,2025-03,FAC 0003-00040857,FAC,false,C0110,Panaderia Devoto,Mayorista,CABA,CAF-BLEND-1K,CAF-BLEND-1K,false,,Blend Casa 1 kg,UN,CAFE,S,4.00,18800.71,35.00,48881.85,10236.00,40944.00,7937.85,0.16,
2025-02-16,2025-02,FAC 0003-00040524,FAC,false,C9002,VENTA ONLINE,Ecommerce,,CAF-CAPS-10,CAF-CAPS-10,false,,Capsulas compatibles x10,UN,CAFE,S,3.00,7051.80,0.00,21155.40,3373.00,10119.00,11036.40,0.52,
2025-03-15,2025-03,FAC 0003-00041017,FAC,false,C9002,VENTA ONLINE,Ecommerce,,CAF-BLEND-250,CAF-BLEND-250,false,,Blend Casa 250 g,UN,CAFE,S,3.00,5849.11,0.00,17547.33,2674.00,8022.00,9525.33,0.54,
2025-01-01,2025-01,FAC 0003-00040200,FAC,false,C9002,VENTA ONLINE,Ecommerce,,CAF-BLEND-250,CAF-BLEND-250,false,,Blend Casa 250 g,UN,CAFE,S,2.00,5600.00,0.00,11200.00,2560.00,5120.00,6080.00,0.54,
2025-02-17,2025-02,FAC 0003-00040726,FAC,false,C9001,CONSUMIDOR FINAL,Local,CABA,CAF-BLEND-250,CAF-BLEND-250,false,,Blend Casa 250 g,UN,CAFE,S,1.00,5723.20,0.00,5723.20,2616.00,2616.00,3107.20,0.54,
2025-06-10,2025-06,FAC 0003-00042100,FAC,false,C0108,Coffee Lab Colegiales,Mayorista,CABA,CAF-BLEND-1K,CAF-BLEND-1K,false,,Blend Casa 1 kg,UN,CAFE,S,4.00,20069.06,32.00,54587.84,10926.00,43704.00,10883.84,0.20,
2025-02-28,2025-02,FAC 0003-00040652,FAC,false,C9002,VENTA ONLINE,Ecommerce,,CAF-DESCA-250,CAF-DESCA-250,false,,Descafeinado 250 g,UN,CAFE,S,1.00,7562.80,0.00,7562.80,3577.00,3577.00,3985.80,0.53,
2025-04-23,2025-04,FAC 0003-00041253,FAC,false,C0107,La Ventanita de Nunez II,Mayorista,CABA,CAF-BLEND-1K,CAF-BLEND-1K,false,,Blend Casa 1 kg,UN,CAFE,S,9.00,19214.33,35.00,112403.82,10461.00,94149.00,18254.82,0.16,
2025-03-08,2025-03,FAC 0003-00041206,FAC,false,C9001,CONSUMIDOR FINAL,Local,CABA,CAF-COLOM-250,CAF-COLOM-250,false,,Colombia Huila 250 g,UN,CAFE,S,2.00,8564.77,0.00,17129.54,3760.00,7520.00,9609.54,0.56,
2025-05-23,2025-05,FAC 0003-00042014,FAC,false,C9001,CONSUMIDOR FINAL,Local,CABA,CAF-BLEND-250,CAF-BLEND-250,false,,Blend Casa 250 g,UN,CAFE,S,1.00,6109.30,0.00,6109.30,2793.00,2793.00,3316.30,0.54,
2025-02-04,2025-02,FAC 0003-00040502,FAC,false,C9002,VENTA ONLINE,Ecommerce,,CAF-DESCA-250,CAF-DESCA-250,false,,Descafeinado 250 g,UN,CAFE,S,3.00,7562.80,0.00,22688.40,3577.00,10731.00,11957.40,0.53,
2025-05-06,2025-05,FAC 0003-00041761,FAC,false,C9002,VENTA ONLINE,Ecommerce,,CAF-COLOM-250,CAF-COLOM-250,false,,Colombia Huila 250 g,UN,CAFE,S,3.00,8945.76,0.00,26837.29,3927.00,11781.00,15056.29,0.56,
2025-06-05,2025-06,FAC 0003-00042261,FAC,false,C9002,VENTA ONLINE,Ecommerce,,CAF-BLEND-250,CAF-BLEND-250,false,,Blend Casa 250 g,UN,CAFE,S,2.00,6243.71,0.00,12487.41,2854.00,5708.00,6779.41,0.54,
2025-01-09,2025-01,FAC 0003-00040041,FAC,false,C0127,Cafe Parque Chas II,Mayorista,CABA,CAF-BLEND-1K,CAF-BLEND-1K,false,,Blend Casa 1 kg,UN,CAFE,S,3.00,18000.00,32.00,36720.00,9800.00,29400.00,7320.00,0.20,
2025-04-18,2025-04,FAC 0003-00041638,FAC,false,C9001,CONSUMIDOR FINAL,Local,CABA,CAF-COLOM-250,CAF-COLOM-250,false,,Colombia Huila 250 g,UN,CAFE,S,2.00,8753.19,0.00,17506.39,3843.00,7686.00,9820.39,0.56,
2025-05-12,2025-05,FAC 0003-00041697,FAC,false,C0139,La Ventanita de Constitucion II,Mayorista,CABA,CAP-FILTRO-100,CAP-FILTRO-100,false,,Filtros de papel x 100,UN,ACCESORIOS,S,6.00,3491.03,30.00,14662.33,2073.00,12438.00,2224.33,0.15,
2025-03-19,2025-03,FAC 0003-00041002,FAC,false,C9002,VENTA ONLINE,Ecommerce,,CAF-BRAS-250,CAF-BRAS-250,false,,Brasil Cerrado 250 g,UN,CAFE,S,3.00,5535.77,0.00,16607.30,2538.00,7614.00,8993.30,0.54,
2025-06-26,2025-06,FAC 0003-00042109,FAC,false,C0114,Usina Boedo,Mayorista,CABA,CAP-FILTRO-100,CAP-FILTRO-100,false,,Filtros de papel x 100,UN,ACCESORIOS,S,4.00,3567.83,32.00,9704.50,2118.00,8472.00,1232.50,0.13,
2025-06-18,2025-06,FAC 0003-00042224,FAC,false,C9002,VENTA ONLINE,Ecommerce,,CAP-FILTRO-100,CAP-FILTRO-100,false,,Filtros de papel x 100,UN,ACCESORIOS,S,2.00,3567.83,0.00,7135.67,2118.00,4236.00,2899.67,0.41,
2025-05-16,2025-05,FAC 0003-00041781,FAC,false,C9002,VENTA ONLINE,Ecommerce,,CAF-ETIOP-250,CAF-ETIOP-250,false,,Etiopia Yirgacheffe 250 g,UN,CAFE,S,1.00,10363.99,0.00,10363.99,4473.00,4473.00,5890.99,0.57,
2025-03-24,2025-03,FAC 0003-00040957,FAC,false,C9002,VENTA ONLINE,Ecommerce,,CAF-CAPS-10,CAF-CAPS-10,false,,Capsulas compatibles x10,UN,CAFE,S,3.00,7206.94,0.00,21620.82,3447.00,10341.00,11279.82,0.52,
2025-05-02,2025-05,FAC 0003-00041873,FAC,false,C9002,VENTA ONLINE,Ecommerce,,CAF-COLOM-250,CAF-COLOM-250,false,,Colombia Huila 250 g,UN,CAFE,S,3.00,8945.76,0.00,26837.29,3927.00,11781.00,15056.29,0.56,
2025-06-27,2025-06,FAC 0003-00042425,FAC,false,C9001,CONSUMIDOR FINAL,Local,CABA,CAF-BLEND-1K,CAF-BLEND-1K,false,,Blend Casa 1 kg,UN,CAFE,S,1.00,20069.06,0.00,20069.06,10926.00,10926.00,9143.06,0.46,
2025-02-26,2025-02,FAC 0003-00040471,FAC,false,C0138,El Almacen de Constitucion,Mayorista,CABA,CAF-BLEND-1K,CAF-BLEND-1K,false,,Blend Casa 1 kg,UN,CAFE,S,6.00,18396.00,30.00,77263.20,10016.00,60096.00,17167.20,0.22,M. Paz
2025-01-18,2025-01,FAC 0003-00040330,FAC,false,C9001,CONSUMIDOR FINAL,Local,CABA,CAF-COLOM-250,CAF-COLOM-250,false,,Colombia Huila 250 g,UN,CAFE,S,2.00,8200.00,0.00,16400.00,3600.00,7200.00,9200.00,0.56,
2025-02-28,2025-02,FAC 0003-00040417,FAC,false,C0001,GRANOS DEL SUR S.A.,Distribuidor,Avellaneda,CAF-BLEND-CJ6,CAF-BLEND-CJ6,false,,Blend Casa CAJA X 6 (1kg c/u),CAJA X6,CAFE,S,4.00,104244.00,40.00,250185.60,60094.00,240376.00,9809.60,0.04,R. Ibarra
2025-04-23,2025-04,FAC 0003-00041364,FAC,false,C9002,VENTA ONLINE,Ecommerce,,CAP-FILTRO-100,CAP-FILTRO-100,false,,Filtros de papel x 100,UN,ACCESORIOS,S,1.00,3415.88,0.00,3415.88,2028.00,2028.00,1387.88,0.41,
2025-06-02,2025-06,FAC 0003-00042112,FAC,false,C0117,El Almacen de Caballito II,Mayorista,CABA,CAF-BLEND-1K,CAF-BLEND-1K,false,,Blend Casa 1 kg,UN,CAFE,S,6.00,20069.06,32.00,81881.76,10926.00,65556.00,16325.76,0.20,
2025-03-21,2025-03,FAC 0003-00041081,FAC,false,C9002,VENTA ONLINE,Ecommerce,,CAF-BLEND-250,CAF-BLEND-250,false,,Blend Casa 250 g,UN,CAFE,S,3.00,5849.11,0.00,17547.33,2674.00,8022.00,9525.33,0.54,
2025-03-05,2025-03,FAC 0003-00041091,FAC,false,C9002,VENTA ONLINE,Ecommerce,,CAP-TAZA,CAP-TAZA,false,,Taza ceramica logo,UN,ACCESORIOS,S,3.00,9295.91,0.00,27887.72,4387.00,13161.00,14726.72,0.53,
2025-02-02,2025-02,FAC 0003-00040584,FAC,false,C9002,VENTA ONLINE,Ecommerce,,CAF-ETIOP-250,CAF-ETIOP-250,false,,Etiopia Yirgacheffe 250 g,UN,CAFE,S,1.00,9709.00,0.00,9709.00,4190.00,4190.00,5519.00,0.57,
2025-04-21,2025-04,FAC 0003-00041351,FAC,false,C9002,VENTA ONLINE,Ecommerce,,CAF-BRAS-250,CAF-BRAS-250,false,,Brasil Cerrado 250 g,UN,CAFE,S,3.00,5657.55,0.00,16972.66,2594.00,7782.00,9190.66,0.54,
2025-05-23,2025-05,FAC 0003-00041733,FAC,false,C9002,VENTA ONLINE,Ecommerce,,CAF-COLOM-250,CAF-COLOM-250,false,,Colombia Huila 250 g,UN,CAFE,S,1.00,8945.76,0.00,8945.76,3927.00,3927.00,5018.76,0.56,
2025-06-07,2025-06,FAC 0003-00042160,FAC,false,C9002,VENTA ONLINE,Ecommerce,,CAF-COLOM-250,CAF-COLOM-250,false,,Colombia Huila 250 g,UN,CAFE,S,1.00,9142.57,0.00,9142.57,4014.00,4014.00,5128.57,0.56,
2025-03-10,2025-03,FAC 0003-00041086,FAC,false,C9002,VENTA ONLINE,Ecommerce,,CAF-ETIOP-250,CAF-ETIOP-250,false,,Etiopia Yirgacheffe 250 g,UN,CAFE,S,3.00,9922.60,0.00,29767.79,4282.00,12846.00,16921.79,0.57,
2025-01-07,2025-01,NC 0003-00001205,NC,true,C0119,Coffee Lab Saavedra II,Mayorista,CABA,CAF-BRAS-1K,CAF-BRAS-1K,false,,Brasil Cerrado 1 kg,UN,CAFE,S,-2.00,17000.00,35.00,-22100.00,9300.00,-18600.00,-3500.00,,
2025-03-26,2025-03,FAC 0003-00040837,FAC,false,C0001,GRANOS DEL SUR S.A.,Distribuidor,Avellaneda,CAF-BLEND-1K,CAF-BLEND-1K,false,,Blend Casa 1 kg,UN,CAFE,S,27.00,18800.71,40.00,304571.53,10236.00,276372.00,28199.53,0.09,
2025-02-19,2025-02,FAC 0003-00040549,FAC,false,C9002,VENTA ONLINE,Ecommerce,,CAF-BLEND-250,CAF-BLEND-250,false,,Blend Casa 250 g,UN,CAFE,S,2.00,5723.20,0.00,11446.40,2616.00,5232.00,6214.40,0.54,
2025-06-11,2025-06,FAC 0003-00042120,FAC,false,C0123,La Ventanita de Almagro II,Mayorista,CABA,CAF-BLEND-1K,CAF-BLEND-1K,false,,Blend Casa 1 kg,UN,CAFE,S,8.00,20069.06,35.00,104359.10,10926.00,87408.00,16951.10,0.16,R. Ibarra
2025-03-27,2025-03,FAC 0003-00041233,FAC,false,C9001,CONSUMIDOR FINAL,Local,CABA,CAF-COLOM-250,CAF-COLOM-250,false,,Colombia Huila 250 g,UN,CAFE,S,1.00,8564.77,0.00,8564.77,3760.00,3760.00,4804.77,0.56,
2025-05-19,2025-05,FAC 0003-00041994,FAC,false,C9001,CONSUMIDOR FINAL,Local,CABA,CAP-FILTRO-100,CAP-FILTRO-100,false,,Filtros de papel x 100,UN,ACCESORIOS,S,2.00,3491.03,0.00,6982.06,2073.00,4146.00,2836.06,0.41,
2025-05-02,2025-05,FAC 0003-00041788,FAC,false,C9002,VENTA ONLINE,Ecommerce,,CAF-DESCA-250,CAF-DESCA-250,false,,Descafeinado 250 g,UN,CAFE,S,1.00,8073.01,0.00,8073.01,3818.00,3818.00,4255.01,0.53,
2025-05-09,2025-05,FAC 0003-00041983,FAC,false,C9001,CONSUMIDOR FINAL,Local,CABA,CAF-BLEND-250,CAF-BLEND-250,false,,Blend Casa 250 g,UN,CAFE,S,2.00,6109.30,0.00,12218.60,2793.00,5586.00,6632.60,0.54,
2025-06-03,2025-06,FAC 0003-00042297,FAC,false,C9002,VENTA ONLINE,Ecommerce,,CAF-BLEND-250,CAF-BLEND-250,false,,Blend Casa 250 g,UN,CAFE,S,1.00,6243.71,0.00,6243.71,2854.00,2854.00,3389.71,0.54,
2025-02-11,2025-02,FAC 0003-00040552,FAC,false,C9002,VENTA ONLINE,Ecommerce,,CAF-BLEND-250,CAF-BLEND-250,false,,Blend Casa 250 g,UN,CAFE,S,2.00,5723.20,0.00,11446.40,2616.00,5232.00,6214.40,0.54,
2025-05-16,2025-05,FAC 0003-00041668,FAC,false,C0113,Bar Recoleta II,Mayorista,CABA,CAF-BRAS-1K,CAF-BRAS-1K,false,,Brasil Cerrado 1 kg,UN,CAFE,S,2.00,18546.10,30.00,25964.53,10146.00,20292.00,5672.53,0.22,R. Ibarra
2025-04-26,2025-04,FAC 0003-00041366,FAC,false,C9002,VENTA ONLINE,Ecommerce,,CAF-DESCA-250,CAF-DESCA-250,false,,Descafeinado 250 g,UN,CAFE,S,3.00,7899.22,0.00,23697.67,3736.00,11208.00,12489.67,0.53,
2025-03-21,2025-03,FAC 0003-00041171,FAC,false,C9001,CONSUMIDOR FINAL,Local,CABA,CAF-COLOM-250,CAF-COLOM-250,false,,Colombia Huila 250 g,UN,CAFE,S,1.00,8564.77,0.00,8564.77,3760.00,3760.00,4804.77,0.56,
2025-04-04,2025-04,FAC 0003-00041294,FAC,false,C9002,VENTA ONLINE,Ecommerce,,CAF-BRAS-250,CAF-BRAS-250,false,,Brasil Cerrado 250 g,UN,CAFE,S,2.00,5657.55,0.00,11315.10,2594.00,5188.00,6127.10,0.54,
2025-05-24,2025-05,FAC 0003-00041916,FAC,false,C9002,VENTA ONLINE,Ecommerce,,CAF-ETIOP-250,CAF-ETIOP-250,false,,Etiopia Yirgacheffe 250 g,UN,CAFE,S,1.00,10363.99,0.00,10363.99,4473.00,4473.00,5890.99,0.57,
2025-04-05,2025-04,FAC 0003-00041247,FAC,false,C0101,El Almacen de Palermo II,Mayorista,CABA,CAF-BLEND-1K,CAF-BLEND-1K,false,,Blend Casa 1 kg,UN,CAFE,S,5.00,19214.33,35.00,62446.56,10461.00,52305.00,10141.56,0.16,
2025-03-10,2025-03,FAC 0003-00040960,FAC,false,C9002,VENTA ONLINE,Ecommerce,,CAF-CAPS-10,CAF-CAPS-10,false,,Capsulas compatibles x10,UN,CAFE,S,1.00,7206.94,0.00,7206.94,3447.00,3447.00,3759.94,0.52,
2025-02-28,2025-02,FAC 0003-00040417,FAC,false,C0001,GRANOS DEL SUR S.A.,Distribuidor,Avellaneda,CAF-BRAS-1K,CAF-BRAS-1K,false,,Brasil Cerrado 1 kg,UN,CAFE,S,25.00,17374.00,40.00,260610.00,9505.00,237625.00,22985.00,0.09,R. Ibarra
2025-03-17,2025-03,FAC 0003-00040862,FAC,false,C0117,El Almacen de Caballito II,Mayorista,CABA,CAF-ETIOP-250,CAF-ETIOP-250,false,,Etiopia Yirgacheffe 250 g,UN,CAFE,S,11.00,9922.60,32.00,74221.03,4282.00,47102.00,27119.03,0.37,
2025-03-27,2025-03,FAC 0003-00041208,FAC,false,C9001,CONSUMIDOR FINAL,Local,CABA,CAF-BLEND-1K,CAF-BLEND-1K,false,,Blend Casa 1 kg,UN,CAFE,S,2.00,18800.71,0.00,37601.42,10236.00,20472.00,17129.42,0.46,
2025-01-20,2025-01,FAC 0003-00040063,FAC,false,C9002,VENTA ONLINE,Ecommerce,,CAP-TAZA,CAP-TAZA,false,,Taza ceramica logo,UN,ACCESORIOS,S,2.00,8900.00,0.00,17800.00,4200.00,8400.00,9400.00,0.53,
2025-04-17,2025-04,FAC 0003-00041323,FAC,false,C9002,VENTA ONLINE,Ecommerce,,CAP-TAZA,CAP-TAZA,false,,Taza ceramica logo,UN,ACCESORIOS,S,2.00,9500.42,0.00,19000.84,4483.00,8966.00,10034.84,0.53,
2025-03-25,2025-03,FAC 0003-00040989,FAC,false,C9002,VENTA ONLINE,Ecommerce,,CAF-ETIOP-250,CAF-ETIOP-250,false,,Etiopia Yirgacheffe 250 g,UN,CAFE,S,3.00,9922.60,0.00,29767.79,4282.00,12846.00,16921.79,0.57,
2025-02-05,2025-02,NC 0003-00001213,NC,true,C0123,La Ventanita de Almagro II,Mayorista,CABA,CAF-BRAS-1K,CAF-BRAS-1K,false,,Brasil Cerrado 1 kg,UN,CAFE,S,-4.00,17374.00,35.00,-45172.40,9505.00,-38020.00,-7152.40,,
2025-05-08,2025-05,FAC 0003-00042073,FAC,false,C9001,CONSUMIDOR FINAL,Local,CABA,CAF-COLOM-250,CAF-COLOM-250,false,,Colombia Huila 250 g,UN,CAFE,S,1.00,8945.76,0.00,8945.76,3927.00,3927.00,5018.76,0.56,
2025-02-13,2025-02,FAC 0003-00040764,FAC,false,C9001,CONSUMIDOR FINAL,Local,CABA,CAF-BLEND-1K,CAF-BLEND-1K,false,,Blend Casa 1 kg,UN,CAFE,S,2.00,18396.00,0.00,36792.00,10016.00,20032.00,16760.00,0.46,
2025-02-13,2025-02,FAC 0003-00040703,FAC,false,C9001,CONSUMIDOR FINAL,Local,CABA,CAF-ETIOP-250,CAF-ETIOP-250,false,,Etiopia Yirgacheffe 250 g,UN,CAFE,S,2.00,9709.00,0.00,19418.00,4190.00,8380.00,11038.00,0.57,
2025-03-18,2025-03,FAC 0003-00040850,FAC,false,C0104,Tostado Villa Crespo,Mayorista,CABA,CAF-ETIOP-250,CAF-ETIOP-250,false,,Etiopia Yirgacheffe 250 g,UN,CAFE,S,9.00,9922.60,35.00,58047.20,4282.00,38538.00,19509.20,0.34,M. Paz
2025-01-25,2025-01,FAC 0003-00040155,FAC,false,C9002,VENTA ONLINE,Ecommerce,,CAF-DESCA-250,CAF-DESCA-250,false,,Descafeinado 250 g,UN,CAFE,S,2.00,7400.00,0.00,14800.00,3500.00,7000.00,7800.00,0.53,
2025-02-16,2025-02,FAC 0003-00040498,FAC,false,C9002,VENTA ONLINE,Ecommerce,,CAF-ETIOP-250,CAF-ETIOP-250,false,,Etiopia Yirgacheffe 250 g,UN,CAFE,S,3.00,9709.00,0.00,29127.00,4190.00,12570.00,16557.00,0.57,
2025-01-23,2025-01,FAC 0003-00040192,FAC,false,C9002,VENTA ONLINE,Ecommerce,,CAF-BRAS-250,CAF-BRAS-250,false,,Brasil Cerrado 250 g,UN,CAFE,S,2.00,5300.00,0.00,10600.00,2430.00,4860.00,5740.00,0.54,
2025-01-27,2025-01,FAC 0003-00040182,FAC,false,C9002,VENTA ONLINE,Ecommerce,,CAF-BLEND-250,CAF-BLEND-250,false,,Blend Casa 250 g,UN,CAFE,S,2.00,5600.00,0.00,11200.00,2560.00,5120.00,6080.00,0.54,
2025-02-16,2025-02,FAC 0003-00040765,FAC,false,C9001,CONSUMIDOR FINAL,Local,CABA,CAF-ETIOP-250,CAF-ETIOP-250,false,,Etiopia Yirgacheffe 250 g,UN,CAFE,S,2.00,9709.00,0.00,19418.00,4190.00,8380.00,11038.00,0.57,
2025-01-22,2025-01,FAC 0003-00040289,FAC,false,C9001,CONSUMIDOR FINAL,Local,CABA,CAF-BLEND-250,CAF-BLEND-250,false,,Blend Casa 250 g,UN,CAFE,S,1.00,5600.00,0.00,5600.00,2560.00,2560.00,3040.00,0.54,
2025-02-02,2025-02,FAC 0003-00040677,FAC,false,C9002,VENTA ONLINE,Ecommerce,,CAF-COLOM-250,CAF-COLOM-250,false,,Colombia Huila 250 g,UN,CAFE,S,2.00,8380.40,0.00,16760.80,3679.00,7358.00,9402.80,0.56,
2025-04-01,2025-04,FAC 0003-00041553,FAC,false,C9001,CONSUMIDOR FINAL,Local,CABA,CAF-BLEND-1K,CAF-BLEND-1K,false,,Blend Casa 1 kg,UN,CAFE,S,1.00,19214.33,0.00,19214.33,10461.00,10461.00,8753.33,0.46,
2025-01-11,2025-01,FAC 0003-00040277,FAC,false,C9001,CONSUMIDOR FINAL,Local,CABA,CAF-BLEND-250,CAF-BLEND-250,false,,Blend Casa 250 g,UN,CAFE,S,1.00,5600.00,0.00,5600.00,2560.00,2560.00,3040.00,0.54,
2025-06-24,2025-06,FAC 0003-00042255,FAC,false,C9002,VENTA ONLINE,Ecommerce,,CAF-COLOM-250,CAF-COLOM-250,false,,Colombia Huila 250 g,UN,CAFE,S,3.00,9142.57,0.00,27427.71,4014.00,12042.00,15385.71,0.56,
2025-01-01,2025-01,FAC 0003-00040060,FAC,false,C9002,VENTA ONLINE,Ecommerce,,CAF-DESCA-250,CAF-DESCA-250,false,,Descafeinado 250 g,UN,CAFE,S,2.00,7400.00,0.00,14800.00,3500.00,7000.00,7800.00,0.53,
2025-05-13,2025-05,FAC 0003-00041700,FAC,false,C9002,VENTA ONLINE,Ecommerce,,CAF-DESCA-250,CAF-DESCA-250,false,,Descafeinado 250 g,UN,CAFE,S,2.00,8073.01,0.00,16146.01,3818.00,7636.00,8510.01,0.53,
2025-02-03,2025-02,FAC 0003-00040540,FAC,false,C9002,VENTA ONLINE,Ecommerce,,CAF-BLEND-250,CAF-BLEND-250,false,,Blend Casa 250 g,UN,CAFE,S,3.00,5723.20,0.00,17169.60,2616.00,7848.00,9321.60,0.54,
2025-01-25,2025-01,FAC 0003-00040232,FAC,false,C9002,VENTA ONLINE,Ecommerce,,CAF-BLEND-250,CAF-BLEND-250,false,,Blend Casa 250 g,UN,CAFE,S,1.00,5600.00,0.00,5600.00,2560.00,2560.00,3040.00,0.54,
2025-04-18,2025-04,FAC 0003-00041310,FAC,false,C9002,VENTA ONLINE,Ecommerce,,CAF-COLOM-250,CAF-COLOM-250,false,,Colombia Huila 250 g,UN,CAFE,S,1.00,8753.19,0.00,8753.19,3843.00,3843.00,4910.19,0.56,
2025-02-18,2025-02,FAC 0003-00040426,FAC,false,C0102,Bar Belgrano,Mayorista,CABA,CAF-BLEND-1K,CAF-BLEND-1K,false,,Blend Casa 1 kg,UN,CAFE,S,6.00,18396.00,35.00,71744.40,10016.00,60096.00,11648.40,0.16,M. Paz
2025-02-01,2025-02,FAC 0003-00040468,FAC,false,C0136,Tostado Villa Urquiza,Mayorista,CABA,CAF-BLEND-1K,CAF-BLEND-1K,false,,Blend Casa 1 kg,UN,CAFE,S,6.00,18396.00,35.00,71744.40,10016.00,60096.00,11648.40,0.16,M. Paz
2025-05-08,2025-05,FAC 0003-00041878,FAC,false,C9002,VENTA ONLINE,Ecommerce,,CAF-COLOM-250,CAF-COLOM-250,false,,Colombia Huila 250 g,UN,CAFE,S,3.00,8945.76,0.00,26837.29,3927.00,11781.00,15056.29,0.56,
2025-02-23,2025-02,FAC 0003-00040603,FAC,false,C9002,VENTA ONLINE,Ecommerce,,CAF-ETIOP-250,CAF-ETIOP-250,false,,Etiopia Yirgacheffe 250 g,UN,CAFE,S,1.00,9709.00,0.00,9709.00,4190.00,4190.00,5519.00,0.57,
2025-02-25,2025-02,FAC 0003-00040817,FAC,false,C9001,CONSUMIDOR FINAL,Local,CABA,CAF-ETIOP-250,CAF-ETIOP-250,false,,Etiopia Yirgacheffe 250 g,UN,CAFE,S,1.00,9709.00,0.00,9709.00,4190.00,4190.00,5519.00,0.57,
2025-01-06,2025-01,FAC 0003-00040402,FAC,false,C9001,CONSUMIDOR FINAL,Local,CABA,CAF-BLEND-1K,CAF-BLEND-1K,false,,Blend Casa 1 kg,UN,CAFE,S,1.00,18000.00,0.00,18000.00,9800.00,9800.00,8200.00,0.46,
2025-05-24,2025-05,FAC 0003-00041818,FAC,false,C9002,VENTA ONLINE,Ecommerce,,CAF-BLEND-250,CAF-BLEND-250,false,,Blend Casa 250 g,UN,CAFE,S,1.00,6109.30,0.00,6109.30,2793.00,2793.00,3316.30,0.54,
2025-04-15,2025-04,FAC 0003-00041431,FAC,false,C9002,VENTA ONLINE,Ecommerce,,CAF-ETIOP-250,CAF-ETIOP-250,false,,Etiopia Yirgacheffe 250 g,UN,CAFE,S,2.00,10140.90,0.00,20281.79,4377.00,8754.00,11527.79,0.57,
2025-05-20,2025-05,FAC 0003-00042015,FAC,false,C9001,CONSUMIDOR FINAL,Local,CABA,CAF-BLEND-250,CAF-BLEND-250,false,,Blend Casa 250 g,UN,CAFE,S,2.00,6109.30,0.00,12218.60,2793.00,5586.00,6632.60,0.54,
2025-03-21,2025-03,NC 0003-00001222,NC,true,C0001,GRANOS DEL SUR S.A.,Distribuidor,Avellaneda,CAF-BLEND-1K,CAF-BLEND-1K,false,,Blend Casa 1 kg,UN,CAFE,S,-9.00,18800.71,40.00,-101523.84,10236.00,-92124.00,-9399.84,,
2025-03-08,2025-03,FAC 0003-00041061,FAC,false,C9002,VENTA ONLINE,Ecommerce,,CAF-DESCA-250,CAF-DESCA-250,false,,Descafeinado 250 g,UN,CAFE,S,3.00,7729.18,0.00,23187.54,3656.00,10968.00,12219.54,0.53,
2025-03-04,2025-03,FAC 0003-00041006,FAC,false,C9002,VENTA ONLINE,Ecommerce,,CAF-BLEND-250,CAF-BLEND-250,false,,Blend Casa 250 g,UN,CAFE,S,2.00,5849.11,0.00,11698.22,2674.00,5348.00,6350.22,0.54,
2025-06-25,2025-06,FAC 0003-00042390,FAC,false,C9002,VENTA ONLINE,Ecommerce,,CAF-BLEND-250,CAF-BLEND-250,false,,Blend Casa 250 g,UN,CAFE,S,3.00,6243.71,0.00,18731.12,2854.00,8562.00,10169.12,0.54,
2025-06-03,2025-06,FAC 0003-00042104,FAC,false,C0110,Panaderia Devoto,Mayorista,CABA,CAP-FILTRO-100,CAP-FILTRO-100,false,,Filtros de papel x 100,UN,ACCESORIOS,S,2.00,3567.83,35.00,4638.18,2118.00,4236.00,402.18,0.09,M. Paz
2025-02-01,2025-02,FAC 0003-00040532,FAC,false,C9002,VENTA ONLINE,Ecommerce,,CAF-DESCA-250,CAF-DESCA-250,false,,Descafeinado 250 g,UN,CAFE,S,3.00,7562.80,0.00,22688.40,3577.00,10731.00,11957.40,0.53,
2025-04-26,2025-04,NC 0003-00001230,NC,true,C0109,Usina Colegiales II,Mayorista,CABA,CAF-BRAS-1K,CAF-BRAS-1K,false,,Brasil Cerrado 1 kg,UN,CAFE,S,-5.00,18146.87,32.00,-61699.34,9927.00,-49635.00,-12064.34,,
2025-03-07,2025-03,FAC 0003-00040851,FAC,false,C0105,Panaderia Villa Crespo II,Mayorista,CABA,CAF-BLEND-1K,CAF-BLEND-1K,false,,Blend Casa 1 kg,UN,CAFE,S,10.00,18800.71,32.00,127844.84,10236.00,102360.00,25484.84,0.20,
2025-06-08,2025-06,FAC 0003-00042455,FAC,false,C9001,CONSUMIDOR FINAL,Local,CABA,CAF-COLOM-250,CAF-COLOM-250,false,,Colombia Huila 250 g,UN,CAFE,S,1.00,9142.57,0.00,9142.57,4014.00,4014.00,5128.57,0.56,
2025-05-17,2025-05,FAC 0003-00041863,FAC,false,C9002,VENTA ONLINE,Ecommerce,,CAF-COLOM-250,CAF-COLOM-250,false,,Colombia Huila 250 g,UN,CAFE,S,2.00,8945.76,0.00,17891.53,3927.00,7854.00,10037.53,0.56,
2025-05-13,2025-05,FAC 0003-00041840,FAC,false,C9002,VENTA ONLINE,Ecommerce,,CAF-CAPS-10,CAF-CAPS-10,false,,Capsulas compatibles x10,UN,CAFE,S,3.00,7527.53,0.00,22582.60,3600.00,10800.00,11782.60,0.52,
2025-06-11,2025-06,FAC 0003-00042359,FAC,false,C9002,VENTA ONLINE,Ecommerce,,CAF-COLOM-250,CAF-COLOM-250,false,,Colombia Huila 250 g,UN,CAFE,S,2.00,9142.57,0.00,18285.14,4014.00,8028.00,10257.14,0.56,
2025-02-20,2025-02,FAC 0003-00040772,FAC,false,C9001,CONSUMIDOR FINAL,Local,CABA,CAF-COLOM-250,CAF-COLOM-250,false,,Colombia Huila 250 g,UN,CAFE,S,1.00,8380.40,0.00,8380.40,3679.00,3679.00,4701.40,0.56,
2025-01-02,2025-01,FAC 0003-00040135,FAC,false,C9002,VENTA ONLINE,Ecommerce,,CAF-DESCA-250,CAF-DESCA-250,false,,Descafeinado 250 g,UN,CAFE,S,2.00,7400.00,0.00,14800.00,3500.00,7000.00,7800.00,0.53,
2025-05-28,2025-05,FAC 0003-00041897,FAC,false,C9002,VENTA ONLINE,Ecommerce,,CAF-ETIOP-250,CAF-ETIOP-250,false,,Etiopia Yirgacheffe 250 g,UN,CAFE,S,1.00,10363.99,0.00,10363.99,4473.00,4473.00,5890.99,0.57,
2025-01-16,2025-01,FAC 0003-00040014,FAC,false,C0103,Coffee Lab Belgrano II,Mayorista,CABA,CAF-BLEND-1K,CAF-BLEND-1K,false,,Blend Casa 1 kg,UN,CAFE,S,9.00,18000.00,35.00,105300.00,9800.00,88200.00,17100.00,0.16,R. Ibarra
2025-01-25,2025-01,FAC 0003-00040343,FAC,false,C9001,CONSUMIDOR FINAL,Local,CABA,CAF-BLEND-250,CAF-BLEND-250,false,,Blend Casa 250 g,UN,CAFE,S,1.00,5600.00,0.00,5600.00,2560.00,2560.00,3040.00,0.54,
2025-03-10,2025-03,FAC 0003-00040846,FAC,false,C0101,El Almacen de Palermo II,Mayorista,CABA,CAP-FILTRO-100,CAP-FILTRO-100,false,,Filtros de papel x 100,UN,ACCESORIOS,S,4.00,3342.35,35.00,8690.11,1985.00,7940.00,750.11,0.09,M. Paz
2025-01-25,2025-01,FAC 0003-00040280,FAC,false,C9001,CONSUMIDOR FINAL,Local,CABA,CAF-BLEND-1K,CAF-BLEND-1K,false,,Blend Casa 1 kg,UN,CAFE,S,1.00,18000.00,0.00,18000.00,9800.00,9800.00,8200.00,0.46,
2025-01-04,2025-01,FAC 0003-00040115,FAC,false,C9002,VENTA ONLINE,Ecommerce,,CAF-ETIOP-250,CAF-ETIOP-250,false,,Etiopia Yirgacheffe 250 g,UN,CAFE,S,1.00,9500.00,0.00,9500.00,4100.00,4100.00,5400.00,0.57,
2025-02-27,2025-02,FAC 0003-00040495,FAC,false,C9002,VENTA ONLINE,Ecommerce,,CAF-BLEND-250,CAF-BLEND-250,false,,Blend Casa 250 g,UN,CAFE,S,3.00,5723.20,0.00,17169.60,2616.00,7848.00,9321.60,0.54,
2025-03-20,2025-03,FAC 0003-00040992,FAC,false,C9002,VENTA ONLINE,Ecommerce,,CAF-ETIOP-250,CAF-ETIOP-250,false,,Etiopia Yirgacheffe 250 g,UN,CAFE,S,2.00,9922.60,0.00,19845.20,4282.00,8564.00,11281.20,0.57,
2025-03-12,2025-03,FAC 0003-00041125,FAC,false,C9001,CONSUMIDOR FINAL,Local,CABA,CAF-ETIOP-250,CAF-ETIOP-250,false,,Etiopia Yirgacheffe 250 g,UN,CAFE,S,2.00,9922.60,0.00,19845.20,4282.00,8564.00,11281.20,0.57,
2025-03-03,2025-03,FAC 0003-00041166,FAC,false,C9001,CONSUMIDOR FINAL,Local,CABA,CAF-ETIOP-250,CAF-ETIOP-250,false,,Etiopia Yirgacheffe 250 g,UN,CAFE,S,1.00,9922.60,0.00,9922.60,4282.00,4282.00,5640.60,0.57,
2025-05-27,2025-05,FAC 0003-00041749,FAC,false,C9002,VENTA ONLINE,Ecommerce,,CAF-BRAS-250,CAF-BRAS-250,false,,Brasil Cerrado 250 g,UN,CAFE,S,1.00,5782.02,0.00,5782.02,2651.00,2651.00,3131.02,0.54,
2025-01-03,2025-01,FAC 0003-00040183,FAC,false,C9002,VENTA ONLINE,Ecommerce,,CAF-BRAS-250,CAF-BRAS-250,false,,Brasil Cerrado 250 g,UN,CAFE,S,2.00,5300.00,0.00,10600.00,2430.00,4860.00,5740.00,0.54,
2025-03-26,2025-03,FAC 0003-00041149,FAC,false,C9001,CONSUMIDOR FINAL,Local,CABA,CAF-COLOM-250,CAF-COLOM-250,false,,Colombia Huila 250 g,UN,CAFE,S,2.00,8564.77,0.00,17129.54,3760.00,7520.00,9609.54,0.56,
2025-02-06,2025-02,FAC 0003-00040769,FAC,false,C9001,CONSUMIDOR FINAL,Local,CABA,CAF-ETIOP-250,CAF-ETIOP-250,false,,Etiopia Yirgacheffe 250 g,UN,CAFE,S,1.00,9709.00,0.00,9709.00,4190.00,4190.00,5519.00,0.57,
2025-01-09,2025-01,FAC 0003-00040099,FAC,false,C9002,VENTA ONLINE,Ecommerce,,CAF-BRAS-250,CAF-BRAS-250,false,,Brasil Cerrado 250 g,UN,CAFE,S,3.00,5300.00,0.00,15900.00,2430.00,7290.00,8610.00,0.54,
2025-06-01,2025-06,FAC 0003-00042181,FAC,false,C9002,VENTA ONLINE,Ecommerce,,CAF-DESCA-250,CAF-DESCA-250,false,,Descafeinado 250 g,UN,CAFE,S,3.00,8250.61,0.00,24751.84,3902.00,11706.00,13045.84,0.53,
2025-02-28,2025-02,FAC 0003-00040609,FAC,false,C9002,VENTA ONLINE,Ecommerce,,CAF-ETIOP-250,CAF-ETIOP-250,false,,Etiopia Yirgacheffe 250 g,UN,CAFE,S,3.00,9709.00,0.00,29127.00,4190.00,12570.00,16557.00,0.57,
2025-02-09,2025-02,FAC 0003-00040435,FAC,false,C0111,Cafe Devoto II,Mayorista,CABA,CAF-BRAS-1K,CAF-BRAS-1K,false,,Brasil Cerrado 1 kg,UN,CAFE,S,6.00,17374.00,35.00,67758.60,9505.00,57030.00,10728.60,0.16,R. Ibarra
2025-05-04,2025-05,FAC 0003-00041850,FAC,false,C9002,VENTA ONLINE,Ecommerce,,CAF-BLEND-250,CAF-BLEND-250,false,,Blend Casa 250 g,UN,CAFE,S,3.00,6109.30,0.00,18327.91,2793.00,8379.00,9948.91,0.54,
2025-06-01,2025-06,FAC 0003-00042090,FAC,false,C0101,El Almacen de Palermo II,Mayorista,CABA,CAP-FILTRO-100,CAP-FILTRO-100,false,,Filtros de papel x 100,UN,ACCESORIOS,S,6.00,3567.83,35.00,13914.55,2118.00,12708.00,1206.55,0.09,
2025-02-13,2025-02,FAC 0003-00040533,FAC,false,C9002,VENTA ONLINE,Ecommerce,,CAF-COLOM-250,CAF-COLOM-250,false,,Colombia Huila 250 g,UN,CAFE,S,3.00,8380.40,0.00,25141.20,3679.00,11037.00,14104.20,0.56,
2025-01-21,2025-01,FAC 0003-00040211,FAC,false,C9002,VENTA ONLINE,Ecommerce,,CAF-BLEND-250,CAF-BLEND-250,false,,Blend Casa 250 g,UN,CAFE,S,3.00,5600.00,0.00,16800.00,2560.00,7680.00,9120.00,0.54,
2025-05-03,2025-05,FAC 0003-00041956,FAC,false,C9001,CONSUMIDOR FINAL,Local,CABA,CAF-BLEND-1K,CAF-BLEND-1K,false,,Blend Casa 1 kg,UN,CAFE,S,1.00,19637.04,0.00,19637.04,10691.00,10691.00,8946.04,0.46,
2025-06-07,2025-06,FAC 0003-00042476,FAC,false,C9001,CONSUMIDOR FINAL,Local,CABA,CAF-BLEND-250,CAF-BLEND-250,false,,Blend Casa 250 g,UN,CAFE,S,1.00,6243.71,0.00,6243.71,2854.00,2854.00,3389.71,0.54,
2025-06-04,2025-06,FAC 0003-00042085,FAC,false,C0001,GRANOS DEL SUR S.A.,Distribuidor,Avellaneda,CAF-BLEND-CJ6,CAF-BLEND-CJ6,false,,Blend Casa CAJA X 6 (1kg c/u),CAJA X6,CAFE,S,5.00,113724.66,40.00,341173.98,65559.00,327795.00,13378.98,0.04,R. Ibarra
2025-05-12,2025-05,FAC 0003-00041691,FAC,false,C0134,Bar Agronomia,Mayorista,CABA,CAF-BLEND-1K,CAF-BLEND-1K,false,,Blend Casa 1 kg,UN,CAFE,S,5.00,19637.04,35.00,63820.39,10691.00,53455.00,10365.39,0.16,M. Paz
2025-02-23,2025-02,FAC 0003-00040603,FAC,false,C9002,VENTA ONLINE,Ecommerce,,CAF-DESCA-250,CAF-DESCA-250,false,,Descafeinado 250 g,UN,CAFE,S,1.00,7562.80,0.00,7562.80,3577.00,3577.00,3985.80,0.53,
2025-01-07,2025-01,FAC 0003-00040075,FAC,false,C9002,VENTA ONLINE,Ecommerce,,CAF-ETIOP-250,CAF-ETIOP-250,false,,Etiopia Yirgacheffe 250 g,UN,CAFE,S,2.00,9500.00,0.00,19000.00,4100.00,8200.00,10800.00,0.57,
2025-03-25,2025-03,FAC 0003-00040950,FAC,false,C9002,VENTA ONLINE,Ecommerce,,CAF-COLOM-250,CAF-COLOM-250,false,,Colombia Huila 250 g,UN,CAFE,S,3.00,8564.77,0.00,25694.31,3760.00,11280.00,14414.31,0.56,
2025-05-06,2025-05,FAC 0003-00041688,FAC,false,C0131,Tostado Coghlan II,Mayorista,CABA,CAF-BLEND-1K,CAF-BLEND-1K,false,,Blend Casa 1 kg,UN,CAFE,S,3.00,19637.04,35.00,38292.23,10691.00,32073.00,6219.23,0.16,R. Ibarra
2025-03-13,2025-03,FAC 0003-00040865,FAC,false,C0119,Coffee Lab Saavedra II,Mayorista,CABA,CAF-ETIOP-250,CAF-ETIOP-250,false,,Etiopia Yirgacheffe 250 g,UN,CAFE,S,9.00,9922.60,35.00,58047.20,4282.00,38538.00,19509.20,0.34,
2025-02-04,2025-02,FAC 0003-00040681,FAC,false,C9002,VENTA ONLINE,Ecommerce,,CAF-ETIOP-250,CAF-ETIOP-250,false,,Etiopia Yirgacheffe 250 g,UN,CAFE,S,2.00,9709.00,0.00,19418.00,4190.00,8380.00,11038.00,0.57,
2025-06-12,2025-06,FAC 0003-00042097,FAC,false,C0105,Panaderia Villa Crespo II,Mayorista,CABA,CAF-BLEND-1K,CAF-BLEND-1K,false,,Blend Casa 1 kg,UN,CAFE,S,3.00,20069.06,32.00,40940.88,10926.00,32778.00,8162.88,0.20,R. Ibarra
2025-05-23,2025-05,FAC 0003-00041826,FAC,false,C9002,VENTA ONLINE,Ecommerce,,CAF-COLOM-250,CAF-COLOM-250,false,,Colombia Huila 250 g,UN,CAFE,S,3.00,8945.76,0.00,26837.29,3927.00,11781.00,15056.29,0.56,
2025-01-09,2025-01,FAC 0003-00040041,FAC,false,C0127,Cafe Parque Chas II,Mayorista,CABA,CAF-BRAS-1K,CAF-BRAS-1K,false,,Brasil Cerrado 1 kg,UN,CAFE,S,2.00,17000.00,32.00,23120.00,9300.00,18600.00,4520.00,0.20,
2025-04-15,2025-04,FAC 0003-00041428,FAC,false,C9002,VENTA ONLINE,Ecommerce,,CAF-DESCA-250,CAF-DESCA-250,false,,Descafeinado 250 g,UN,CAFE,S,1.00,7899.22,0.00,7899.22,3736.00,3736.00,4163.22,0.53,
2025-03-23,2025-03,FAC 0003-00040879,FAC,false,C0132,Cafe Barracas,Mayorista,CABA,CAF-BRAS-1K,CAF-BRAS-1K,false,,Brasil Cerrado 1 kg,UN,CAFE,S,7.00,17756.23,35.00,80790.84,9714.00,67998.00,12792.84,0.16,M. Paz
2025-04-07,2025-04,FAC 0003-00041330,FAC,false,C9002,VENTA ONLINE,Ecommerce,,CAF-ETIOP-250,CAF-ETIOP-250,false,,Etiopia Yirgacheffe 250 g,UN,CAFE,S,2.00,10140.90,0.00,20281.79,4377.00,8754.00,11527.79,0.57,
2025-04-08,2025-04,FAC 0003-00041252,FAC,false,C0106,El Almacen de Nunez,Mayorista,CABA,CAF-ETIOP-250,CAF-ETIOP-250,false,,Etiopia Yirgacheffe 250 g,UN,CAFE,S,11.00,10140.90,30.00,78084.89,4377.00,48147.00,29937.89,0.38,M. Paz
2025-03-02,2025-03,FAC 0003-00040912,FAC,false,C9002,VENTA ONLINE,Ecommerce,,CAP-TAZA,CAP-TAZA,false,,Taza ceramica logo,UN,ACCESORIOS,S,3.00,9295.91,0.00,27887.72,4387.00,13161.00,14726.72,0.53,
2025-02-09,2025-02,FAC 0003-00040580,FAC,false,C9002,VENTA ONLINE,Ecommerce,,CAF-COLOM-250,CAF-COLOM-250,false,,Colombia Huila 250 g,UN,CAFE,S,1.00,8380.40,0.00,8380.40,3679.00,3679.00,4701.40,0.56,
2025-02-25,2025-02,FAC 0003-00040514,FAC,false,C9002,VENTA ONLINE,Ecommerce,,CAF-COLOM-250,CAF-COLOM-250,false,,Colombia Huila 250 g,UN,CAFE,S,2.00,8380.40,0.00,16760.80,3679.00,7358.00,9402.80,0.56,
2025-05-26,2025-05,FAC 0003-00041964,FAC,false,C9001,CONSUMIDOR FINAL,Local,CABA,CAF-COLOM-250,CAF-COLOM-250,false,,Colombia Huila 250 g,UN,CAFE,S,2.00,8945.76,0.00,17891.53,3927.00,7854.00,10037.53,0.56,
2025-04-08,2025-04,FAC 0003-00041560,FAC,false,C9001,CONSUMIDOR FINAL,Local,CABA,CAP-FILTRO-100,CAP-FILTRO-100,false,,Filtros de papel x 100,UN,ACCESORIOS,S,1.00,3415.88,0.00,3415.88,2028.00,2028.00,1387.88,0.41,
2025-03-22,2025-03,FAC 0003-00041016,FAC,false,C9002,VENTA ONLINE,Ecommerce,,CAF-BRAS-250,CAF-BRAS-250,false,,Brasil Cerrado 250 g,UN,CAFE,S,1.00,5535.77,0.00,5535.77,2538.00,2538.00,2997.77,0.54,
2025-02-08,2025-02,FAC 0003-00040519,FAC,false,C9002,VENTA ONLINE,Ecommerce,,CAF-BLEND-250,CAF-BLEND-250,false,,Blend Casa 250 g,UN,CAFE,S,3.00,5723.20,0.00,17169.60,2616.00,7848.00,9321.60,0.54,
2025-03-11,2025-03,NC 0003-00001218,NC,true,C0115,Tostado Boedo II,Mayorista,CABA,CAF-BRAS-1K,CAF-BRAS-1K,false,,Brasil Cerrado 1 kg,UN,CAFE,S,-4.00,17756.23,30.00,-49717.44,9714.00,-38856.00,-10861.44,,
2025-03-17,2025-03,FAC 0003-00041214,FAC,false,C9001,CONSUMIDOR FINAL,Local,CABA,CAF-BLEND-1K,CAF-BLEND-1K,false,,Blend Casa 1 kg,UN,CAFE,S,2.00,18800.71,0.00,37601.42,10236.00,20472.00,17129.42,0.46,
2025-01-16,2025-01,FAC 0003-00040025,FAC,false,C0112,La Ventanita de Recoleta,Mayorista,CABA,CAF-BRAS-1K,CAF-BRAS-1K,false,,Brasil Cerrado 1 kg,UN,CAFE,S,5.00,17000.00,35.00,55250.00,9300.00,46500.00,8750.00,0.16,M. Paz
2025-06-15,2025-06,FAC 0003-00042086,FAC,false,C0001,GRANOS DEL SUR S.A.,Distribuidor,Avellaneda,BLEND1K,CAF-BLEND-1K,true,Codigo viejo informado en ventas; corresponde a Blend Casa 1 kg.,Blend Casa 1 kg,UN,CAFE,S,60.00,20069.06,40.00,722486.08,10926.00,655560.00,66926.08,0.09,
2025-04-25,2025-04,FAC 0003-00041279,FAC,false,C0132,Cafe Barracas,Mayorista,CABA,CAP-FILTRO-100,CAP-FILTRO-100,false,,Filtros de papel x 100,UN,ACCESORIOS,S,5.00,3415.88,35.00,11101.61,2028.00,10140.00,961.61,0.09,R. Ibarra
2025-05-23,2025-05,FAC 0003-00041785,FAC,false,C9002,VENTA ONLINE,Ecommerce,,CAF-COLOM-250,CAF-COLOM-250,false,,Colombia Huila 250 g,UN,CAFE,S,1.00,8945.76,0.00,8945.76,3927.00,3927.00,5018.76,0.56,
2025-03-16,2025-03,FAC 0003-00040894,FAC,false,C9002,VENTA ONLINE,Ecommerce,,CAF-ETIOP-250,CAF-ETIOP-250,false,,Etiopia Yirgacheffe 250 g,UN,CAFE,S,3.00,9922.60,0.00,29767.79,4282.00,12846.00,16921.79,0.57,
2025-04-15,2025-04,FAC 0003-00041434,FAC,false,C9002,VENTA ONLINE,Ecommerce,,CAF-COLOM-250,CAF-COLOM-250,false,,Colombia Huila 250 g,UN,CAFE,S,1.00,8753.19,0.00,8753.19,3843.00,3843.00,4910.19,0.56,
2025-06-09,2025-06,FAC 0003-00042362,FAC,false,C9002,VENTA ONLINE,Ecommerce,,CAF-BLEND-250,CAF-BLEND-250,false,,Blend Casa 250 g,UN,CAFE,S,3.00,6243.71,0.00,18731.12,2854.00,8562.00,10169.12,0.54,
2025-05-13,2025-05,FAC 0003-00041734,FAC,false,C9002,VENTA ONLINE,Ecommerce,,CAF-BLEND-250,CAF-BLEND-250,false,,Blend Casa 250 g,UN,CAFE,S,2.00,6109.30,0.00,12218.60,2793.00,5586.00,6632.60,0.54,
2025-06-17,2025-06,FAC 0003-00042376,FAC,false,C9002,VENTA ONLINE,Ecommerce,,CAF-ETIOP-250,CAF-ETIOP-250,false,,Etiopia Yirgacheffe 250 g,UN,CAFE,S,3.00,10592.00,0.00,31776.01,4571.00,13713.00,18063.01,0.57,
2025-01-03,2025-01,FAC 0003-00040252,FAC,false,C9002,VENTA ONLINE,Ecommerce,,CAF-DESCA-250,CAF-DESCA-250,false,,Descafeinado 250 g,UN,CAFE,S,2.00,7400.00,0.00,14800.00,3500.00,7000.00,7800.00,0.53,
2025-04-03,2025-04,FAC 0003-00041355,FAC,false,C9002,VENTA ONLINE,Ecommerce,,CAF-ETIOP-250,CAF-ETIOP-250,false,,Etiopia Yirgacheffe 250 g,UN,CAFE,S,1.00,10140.90,0.00,10140.90,4377.00,4377.00,5763.90,0.57,
2025-06-09,2025-06,FAC 0003-00042366,FAC,false,C9002,VENTA ONLINE,Ecommerce,,CAF-COLOM-250,CAF-COLOM-250,false,,Colombia Huila 250 g,UN,CAFE,S,1.00,9142.57,0.00,9142.57,4014.00,4014.00,5128.57,0.56,
2025-02-08,2025-02,FAC 0003-00040727,FAC,false,C9001,CONSUMIDOR FINAL,Local,CABA,CAF-BLEND-1K,CAF-BLEND-1K,false,,Blend Casa 1 kg,UN,CAFE,S,2.00,18396.00,0.00,36792.00,10016.00,20032.00,16760.00,0.46,
2025-06-19,2025-06,FAC 0003-00042229,FAC,false,C9002,VENTA ONLINE,Ecommerce,,CAF-BLEND-250,CAF-BLEND-250,false,,Blend Casa 250 g,UN,CAFE,S,2.00,6243.71,0.00,12487.41,2854.00,5708.00,6779.41,0.54,
2025-02-04,2025-02,FAC 0003-00040774,FAC,false,C9001,CONSUMIDOR FINAL,Local,CABA,CAP-FILTRO-100,CAP-FILTRO-100,false,,Filtros de papel x 100,UN,ACCESORIOS,S,2.00,3270.40,0.00,6540.80,1942.00,3884.00,2656.80,0.41,
2025-02-14,2025-02,FAC 0003-00040431,FAC,false,C0107,La Ventanita de Nunez II,Mayorista,CABA,CAP-FILTRO-100,CAP-FILTRO-100,false,,Filtros de papel x 100,UN,ACCESORIOS,S,4.00,3270.40,35.00,8503.04,1942.00,7768.00,735.04,0.09,R. Ibarra
2025-04-27,2025-04,FAC 0003-00041365,FAC,false,C9002,VENTA ONLINE,Ecommerce,,CAF-COLOM-250,CAF-COLOM-250,false,,Colombia Huila 250 g,UN,CAFE,S,3.00,8753.19,0.00,26259.58,3843.00,11529.00,14730.58,0.56,
2025-02-15,2025-02,FAC 0003-00040574,FAC,false,C9002,VENTA ONLINE,Ecommerce,,CAF-ETIOP-250,CAF-ETIOP-250,false,,Etiopia Yirgacheffe 250 g,UN,CAFE,S,2.00,9709.00,0.00,19418.00,4190.00,8380.00,11038.00,0.57,
2025-06-14,2025-06,FAC 0003-00042398,FAC,false,C9002,VENTA ONLINE,Ecommerce,,CAF-COLOM-250,CAF-COLOM-250,false,,Colombia Huila 250 g,UN,CAFE,S,1.00,9142.57,0.00,9142.57,4014.00,4014.00,5128.57,0.56,
2025-01-26,2025-01,FAC 0003-00040413,FAC,false,C9001,CONSUMIDOR FINAL,Local,CABA,CAF-BLEND-1K,CAF-BLEND-1K,false,,Blend Casa 1 kg,UN,CAFE,S,2.00,18000.00,0.00,36000.00,9800.00,19600.00,16400.00,0.46,
2025-04-22,2025-04,FAC 0003-00041614,FAC,false,C9001,CONSUMIDOR FINAL,Local,CABA,CAF-BLEND-250,CAF-BLEND-250,false,,Blend Casa 250 g,UN,CAFE,S,2.00,5977.79,0.00,11955.58,2733.00,5466.00,6489.58,0.54,
2025-05-11,2025-05,FAC 0003-00041742,FAC,false,C9002,VENTA ONLINE,Ecommerce,,CAF-ETIOP-250,CAF-ETIOP-250,false,,Etiopia Yirgacheffe 250 g,UN,CAFE,S,2.00,10363.99,0.00,20727.99,4473.00,8946.00,11781.99,0.57,
2025-04-25,2025-04,FAC 0003-00041317,FAC,false,C9002,VENTA ONLINE,Ecommerce,,CAF-COLOM-250,CAF-COLOM-250,false,,Colombia Huila 250 g,UN,CAFE,S,3.00,8753.19,0.00,26259.58,3843.00,11529.00,14730.58,0.56,
2025-01-25,2025-01,FAC 0003-00040134,FAC,false,C9002,VENTA ONLINE,Ecommerce,,CAF-CAPS-10,CAF-CAPS-10,false,,Capsulas compatibles x10,UN,CAFE,S,1.00,6900.00,0.00,6900.00,3300.00,3300.00,3600.00,0.52,
2025-03-19,2025-03,FAC 0003-00040871,FAC,false,C0126,Panaderia Parque Chas,Mayorista,CABA,CAF-ETIOP-250,CAF-ETIOP-250,false,,Etiopia Yirgacheffe 250 g,UN,CAFE,S,4.00,9922.60,32.00,26989.47,4282.00,17128.00,9861.47,0.37,M. Paz
2025-06-21,2025-06,FAC 0003-00042391,FAC,false,C9002,VENTA ONLINE,Ecommerce,,CAF-ETIOP-250,CAF-ETIOP-250,false,,Etiopia Yirgacheffe 250 g,UN,CAFE,S,2.00,10592.00,0.00,21184.01,4571.00,9142.00,12042.01,0.57,
2025-05-02,2025-05,FAC 0003-00041699,FAC,false,C9002,VENTA ONLINE,Ecommerce,,CAP-TAZA,CAP-TAZA,false,,Taza ceramica logo,UN,ACCESORIOS,S,3.00,9709.43,0.00,29128.28,4582.00,13746.00,15382.28,0.53,
2025-02-21,2025-02,FAC 0003-00040570,FAC,false,C9002,VENTA ONLINE,Ecommerce,,CAF-ETIOP-250,CAF-ETIOP-250,false,,Etiopia Yirgacheffe 250 g,UN,CAFE,S,3.00,9709.00,0.00,29127.00,4190.00,12570.00,16557.00,0.57,
2025-05-21,2025-05,FAC 0003-00041755,FAC,false,C9002,VENTA ONLINE,Ecommerce,,CAF-COLOM-250,CAF-COLOM-250,false,,Colombia Huila 250 g,UN,CAFE,S,3.00,8945.76,0.00,26837.29,3927.00,11781.00,15056.29,0.56,
2025-05-03,2025-05,FAC 0003-00041759,FAC,false,C9002,VENTA ONLINE,Ecommerce,,CAF-ETIOP-250,CAF-ETIOP-250,false,,Etiopia Yirgacheffe 250 g,UN,CAFE,S,3.00,10363.99,0.00,31091.98,4473.00,13419.00,17672.98,0.57,
2025-02-06,2025-02,FAC 0003-00040504,FAC,false,C9002,VENTA ONLINE,Ecommerce,,CAF-COLOM-250,CAF-COLOM-250,false,,Colombia Huila 250 g,UN,CAFE,S,1.00,8380.40,0.00,8380.40,3679.00,3679.00,4701.40,0.56,
2025-05-14,2025-05,FAC 0003-00041756,FAC,false,C9002,VENTA ONLINE,Ecommerce,,CAF-BRAS-250,CAF-BRAS-250,false,,Brasil Cerrado 250 g,UN,CAFE,S,1.00,5782.02,0.00,5782.02,2651.00,2651.00,3131.02,0.54,
2025-02-28,2025-02,FAC 0003-00040643,FAC,false,C9002,VENTA ONLINE,Ecommerce,,CAF-COLOM-250,CAF-COLOM-250,false,,Colombia Huila 250 g,UN,CAFE,S,1.00,8380.40,0.00,8380.40,3679.00,3679.00,4701.40,0.56,
2025-05-28,2025-05,FAC 0003-00041897,FAC,false,C9002,VENTA ONLINE,Ecommerce,,CAP-FILTRO-100,CAP-FILTRO-100,false,,Filtros de papel x 100,UN,ACCESORIOS,S,1.00,3491.03,0.00,3491.03,2073.00,2073.00,1418.03,0.41,
2025-06-25,2025-06,FAC 0003-00042292,FAC,false,C9002,VENTA ONLINE,Ecommerce,,CAF-BRAS-250,CAF-BRAS-250,false,,Brasil Cerrado 250 g,UN,CAFE,S,2.00,5909.22,0.00,11818.45,2709.00,5418.00,6400.45,0.54,
2025-01-02,2025-01,FAC 0003-00040241,FAC,false,C9002,VENTA ONLINE,Ecommerce,,CAF-COLOM-250,CAF-COLOM-250,false,,Colombia Huila 250 g,UN,CAFE,S,2.00,8200.00,0.00,16400.00,3600.00,7200.00,9200.00,0.56,
2025-02-14,2025-02,FAC 0003-00040444,FAC,false,C0119,Coffee Lab Saavedra II,Mayorista,CABA,CAF-BRAS-1K,CAF-BRAS-1K,false,,Brasil Cerrado 1 kg,UN,CAFE,S,3.00,17374.00,35.00,33879.30,9505.00,28515.00,5364.30,0.16,M. Paz
2025-04-23,2025-04,FAC 0003-00041498,FAC,false,C9002,VENTA ONLINE,Ecommerce,,CAF-CAPS-10,CAF-CAPS-10,false,,Capsulas compatibles x10,UN,CAFE,S,1.00,7365.49,0.00,7365.49,3523.00,3523.00,3842.49,0.52,
2025-05-12,2025-05,FAC 0003-00041690,FAC,false,C0134,Bar Agronomia,Mayorista,CABA,CAF-BLEND-1K,CAF-BLEND-1K,false,,Blend Casa 1 kg,UN,CAFE,S,3.00,19637.04,35.00,38292.23,10691.00,32073.00,6219.23,0.16,R. Ibarra
2025-04-28,2025-04,FAC 0003-00041488,FAC,false,C9002,VENTA ONLINE,Ecommerce,,CAF-COLOM-250,CAF-COLOM-250,false,,Colombia Huila 250 g,UN,CAFE,S,1.00,8753.19,0.00,8753.19,3843.00,3843.00,4910.19,0.56,
2025-03-20,2025-03,FAC 0003-00041114,FAC,false,C9002,VENTA ONLINE,Ecommerce,,CAF-ETIOP-250,CAF-ETIOP-250,false,,Etiopia Yirgacheffe 250 g,UN,CAFE,S,3.00,9922.60,0.00,29767.79,4282.00,12846.00,16921.79,0.57,
2025-04-10,2025-04,FAC 0003-00041474,FAC,false,C9002,VENTA ONLINE,Ecommerce,,CAF-BLEND-250,CAF-BLEND-250,false,,Blend Casa 250 g,UN,CAFE,S,2.00,5977.79,0.00,11955.58,2733.00,5466.00,6489.58,0.54,
2025-06-25,2025-06,FAC 0003-00042358,FAC,false,C9002,VENTA ONLINE,Ecommerce,,CAF-ETIOP-250,CAF-ETIOP-250,false,,Etiopia Yirgacheffe 250 g,UN,CAFE,S,3.00,10592.00,0.00,31776.01,4571.00,13713.00,18063.01,0.57,
2025-04-12,2025-04,FAC 0003-00041318,FAC,false,C9002,VENTA ONLINE,Ecommerce,,CAF-BLEND-250,CAF-BLEND-250,false,,Blend Casa 250 g,UN,CAFE,S,2.00,5977.79,0.00,11955.58,2733.00,5466.00,6489.58,0.54,
2025-06-02,2025-06,FAC 0003-00042106,FAC,false,C0112,La Ventanita de Recoleta,Mayorista,CABA,CAF-BLEND-1K,CAF-BLEND-1K,false,,Blend Casa 1 kg,UN,CAFE,S,5.00,20069.06,35.00,65224.44,10926.00,54630.00,10594.44,0.16,
2025-04-19,2025-04,FAC 0003-00041405,FAC,false,C9002,VENTA ONLINE,Ecommerce,,CAF-COLOM-250,CAF-COLOM-250,false,,Colombia Huila 250 g,UN,CAFE,S,3.00,8753.19,0.00,26259.58,3843.00,11529.00,14730.58,0.56,
2025-01-18,2025-01,FAC 0003-00040053,FAC,false,C0139,La Ventanita de Constitucion II,Mayorista,CABA,CAP-FILTRO-100,CAP-FILTRO-100,false,,Filtros de papel x 100,UN,ACCESORIOS,S,4.00,3200.00,30.00,8960.00,1900.00,7600.00,1360.00,0.15,R. Ibarra
2025-02-25,2025-02,FAC 0003-00040815,FAC,false,C9001,CONSUMIDOR FINAL,Local,CABA,CAF-BLEND-1K,CAF-BLEND-1K,false,,Blend Casa 1 kg,UN,CAFE,S,2.00,18396.00,0.00,36792.00,10016.00,20032.00,16760.00,0.46,
2025-06-10,2025-06,FAC 0003-00042361,FAC,false,C9002,VENTA ONLINE,Ecommerce,,CAF-BRAS-250,CAF-BRAS-250,false,,Brasil Cerrado 250 g,UN,CAFE,S,3.00,5909.22,0.00,17727.67,2709.00,8127.00,9600.67,0.54,
2025-05-21,2025-05,FAC 0003-00041647,FAC,false,C0001,GRANOS DEL SUR S.A.,Distribuidor,Avellaneda,CAF-BLEND-1K,CAF-BLEND-1K,false,,Blend Casa 1 kg,UN,CAFE,S,33.00,19637.04,40.00,388813.45,10691.00,352803.00,36010.45,0.09,R. Ibarra
2025-03-19,2025-03,FAC 0003-00041034,FAC,false,C9002,VENTA ONLINE,Ecommerce,,CAF-ETIOP-250,CAF-ETIOP-250,false,,Etiopia Yirgacheffe 250 g,UN,CAFE,S,1.00,9922.60,0.00,9922.60,4282.00,4282.00,5640.60,0.57,
2025-05-06,2025-05,FAC 0003-00041986,FAC,false,C9001,CONSUMIDOR FINAL,Local,CABA,CAP-FILTRO-100,CAP-FILTRO-100,false,,Filtros de papel x 100,UN,ACCESORIOS,S,2.00,3491.03,0.00,6982.06,2073.00,4146.00,2836.06,0.41,
2025-06-06,2025-06,FAC 0003-00042337,FAC,false,C9002,VENTA ONLINE,Ecommerce,,CAF-BRAS-250,CAF-BRAS-250,false,,Brasil Cerrado 250 g,UN,CAFE,S,1.00,5909.22,0.00,5909.22,2709.00,2709.00,3200.22,0.54,
2025-03-05,2025-03,FAC 0003-00041078,FAC,false,C9002,VENTA ONLINE,Ecommerce,,CAF-BLEND-250,CAF-BLEND-250,false,,Blend Casa 250 g,UN,CAFE,S,1.00,5849.11,0.00,5849.11,2674.00,2674.00,3175.11,0.54,
2025-03-20,2025-03,FAC 0003-00041041,FAC,false,C9002,VENTA ONLINE,Ecommerce,,CAP-FILTRO-100,CAP-FILTRO-100,false,,Filtros de papel x 100,UN,ACCESORIOS,S,2.00,3342.35,0.00,6684.70,1985.00,3970.00,2714.70,0.41,
2025-06-09,2025-06,FAC 0003-00042375,FAC,false,C9002,VENTA ONLINE,Ecommerce,,CAF-COLOM-250,CAF-COLOM-250,false,,Colombia Huila 250 g,UN,CAFE,S,3.00,9142.57,0.00,27427.71,4014.00,12042.00,15385.71,0.56,
2025-02-17,2025-02,FAC 0003-00040578,FAC,false,C9002,VENTA ONLINE,Ecommerce,,CAF-DESCA-250,CAF-DESCA-250,false,,Descafeinado 250 g,UN,CAFE,S,2.00,7562.80,0.00,15125.60,3577.00,7154.00,7971.60,0.53,
2025-05-23,2025-05,FAC 0003-00041645,FAC,false,C0001,GRANOS DEL SUR S.A.,Distribuidor,Avellaneda,CAF-BRAS-1K,CAF-BRAS-1K,false,,Brasil Cerrado 1 kg,UN,CAFE,S,22.00,18546.10,40.00,244808.47,10146.00,223212.00,21596.47,0.09,
2025-01-10,2025-01,FAC 0003-00040283,FAC,false,C9001,CONSUMIDOR FINAL,Local,CABA,CAF-ETIOP-250,CAF-ETIOP-250,false,,Etiopia Yirgacheffe 250 g,UN,CAFE,S,1.00,9500.00,0.00,9500.00,4100.00,4100.00,5400.00,0.57,
2025-03-23,2025-03,FAC 0003-00040951,FAC,false,C9002,VENTA ONLINE,Ecommerce,,CAP-TAZA,CAP-TAZA,false,,Taza ceramica logo,UN,ACCESORIOS,S,3.00,9295.91,0.00,27887.72,4387.00,13161.00,14726.72,0.53,
2025-04-23,2025-04,FAC 0003-00041456,FAC,false,C9002,VENTA ONLINE,Ecommerce,,CAF-DESCA-250,CAF-DESCA-250,false,,Descafeinado 250 g,UN,CAFE,S,2.00,7899.22,0.00,15798.45,3736.00,7472.00,8326.45,0.53,
2025-01-14,2025-01,FAC 0003-00040196,FAC,false,C9002,VENTA ONLINE,Ecommerce,,CAF-BLEND-250,CAF-BLEND-250,false,,Blend Casa 250 g,UN,CAFE,S,2.00,5600.00,0.00,11200.00,2560.00,5120.00,6080.00,0.54,
2025-02-22,2025-02,FAC 0003-00040448,FAC,false,C0121,Panaderia Chacarita II,Mayorista,CABA,CAP-FILTRO-100,CAP-FILTRO-100,false,,Filtros de papel x 100,UN,ACCESORIOS,S,5.00,3270.40,35.00,10628.80,1942.00,9710.00,918.80,0.09,M. Paz
2025-06-06,2025-06,FAC 0003-00042267,FAC,false,C9002,VENTA ONLINE,Ecommerce,,CAF-ETIOP-250,CAF-ETIOP-250,false,,Etiopia Yirgacheffe 250 g,UN,CAFE,S,2.00,10592.00,0.00,21184.01,4571.00,9142.00,12042.01,0.57,
2025-06-08,2025-06,FAC 0003-00042089,FAC,false,C0100,Cafe Palermo,Mayorista,CABA,CAF-BRAS-1K,CAF-BRAS-1K,false,,Brasil Cerrado 1 kg,UN,CAFE,S,4.00,18954.11,32.00,51555.18,10369.00,41476.00,10079.18,0.20,R. Ibarra
2025-03-24,2025-03,FAC 0003-00040995,FAC,false,C9002,VENTA ONLINE,Ecommerce,,CAF-ETIOP-250,CAF-ETIOP-250,false,,Etiopia Yirgacheffe 250 g,UN,CAFE,S,3.00,9922.60,0.00,29767.79,4282.00,12846.00,16921.79,0.57,
2025-04-24,2025-04,FAC 0003-00041422,FAC,false,C9002,VENTA ONLINE,Ecommerce,,CAF-BLEND-250,CAF-BLEND-250,false,,Blend Casa 250 g,UN,CAFE,S,1.00,5977.79,0.00,5977.79,2733.00,2733.00,3244.79,0.54,
2025-05-04,2025-05,FAC 0003-00042061,FAC,false,C9001,CONSUMIDOR FINAL,Local,CABA,CAF-ETIOP-250,CAF-ETIOP-250,false,,Etiopia Yirgacheffe 250 g,UN,CAFE,S,2.00,10363.99,0.00,20727.99,4473.00,8946.00,11781.99,0.57,
2025-05-24,2025-05,FAC 0003-00041984,FAC,false,C9001,CONSUMIDOR FINAL,Local,CABA,CAF-ETIOP-250,CAF-ETIOP-250,false,,Etiopia Yirgacheffe 250 g,UN,CAFE,S,2.00,10363.99,0.00,20727.99,4473.00,8946.00,11781.99,0.57,
2025-04-11,2025-04,FAC 0003-00041484,FAC,false,C9002,VENTA ONLINE,Ecommerce,,CAF-DESCA-250,CAF-DESCA-250,false,,Descafeinado 250 g,UN,CAFE,S,3.00,7899.22,0.00,23697.67,3736.00,11208.00,12489.67,0.53,
2025-02-21,2025-02,FAC 0003-00040570,FAC,false,C9002,VENTA ONLINE,Ecommerce,,CAF-COLOM-250,CAF-COLOM-250,false,,Colombia Huila 250 g,UN,CAFE,S,2.00,8380.40,0.00,16760.80,3679.00,7358.00,9402.80,0.56,
2025-02-17,2025-02,FAC 0003-00040723,FAC,false,C9001,CONSUMIDOR FINAL,Local,CABA,CAF-COLOM-250,CAF-COLOM-250,false,,Colombia Huila 250 g,UN,CAFE,S,2.00,8380.40,0.00,16760.80,3679.00,7358.00,9402.80,0.56,
2025-04-01,2025-04,FAC 0003-00041641,FAC,false,C9001,CONSUMIDOR FINAL,Local,CABA,CAF-ETIOP-250,CAF-ETIOP-250,false,,Etiopia Yirgacheffe 250 g,UN,CAFE,S,2.00,10140.90,0.00,20281.79,4377.00,8754.00,11527.79,0.57,
2025-03-08,2025-03,FAC 0003-00040842,FAC,false,C0001,GRANOS DEL SUR S.A.,Distribuidor,Avellaneda,CAF-BLEND-1K,CAF-BLEND-1K,false,,Blend Casa 1 kg,UN,CAFE,S,53.00,18800.71,40.00,597862.64,10236.00,542508.00,55354.64,0.09,R. Ibarra
2025-03-14,2025-03,FAC 0003-00041099,FAC,false,C9002,VENTA ONLINE,Ecommerce,,CAF-BRAS-250,CAF-BRAS-250,false,,Brasil Cerrado 250 g,UN,CAFE,S,1.00,5535.77,0.00,5535.77,2538.00,2538.00,2997.77,0.54,
2025-04-20,2025-04,FAC 0003-00041328,FAC,false,C9002,VENTA ONLINE,Ecommerce,,CAP-TAZA,CAP-TAZA,false,,Taza ceramica logo,UN,ACCESORIOS,S,1.00,9500.42,0.00,9500.42,4483.00,4483.00,5017.42,0.53,
2025-03-21,2025-03,FAC 0003-00040997,FAC,false,C9002,VENTA ONLINE,Ecommerce,,CAF-COLOM-250,CAF-COLOM-250,false,,Colombia Huila 250 g,UN,CAFE,S,2.00,8564.77,0.00,17129.54,3760.00,7520.00,9609.54,0.56,
2025-01-09,2025-01,FAC 0003-00040087,FAC,false,C9002,VENTA ONLINE,Ecommerce,,CAF-CAPS-10,CAF-CAPS-10,false,,Capsulas compatibles x10,UN,CAFE,S,1.00,6900.00,0.00,6900.00,3300.00,3300.00,3600.00,0.52,
2025-02-23,2025-02,FAC 0003-00040603,FAC,false,C9002,VENTA ONLINE,Ecommerce,,CAF-BLEND-250,CAF-BLEND-250,false,,Blend Casa 250 g,UN,CAFE,S,3.00,5723.20,0.00,17169.60,2616.00,7848.00,9321.60,0.54,
2025-06-01,2025-06,FAC 0003-00042092,FAC,false,C0102,Bar Belgrano,Mayorista,CABA,CAF-BLEND-1K,CAF-BLEND-1K,false,,Blend Casa 1 kg,UN,CAFE,S,3.00,20069.06,35.00,39134.66,10926.00,32778.00,6356.66,0.16,
2025-06-07,2025-06,FAC 0003-00042378,FAC,false,C9002,VENTA ONLINE,Ecommerce,,CAF-BLEND-250,CAF-BLEND-250,false,,Blend Casa 250 g,UN,CAFE,S,1.00,6243.71,0.00,6243.71,2854.00,2854.00,3389.71,0.54,
2025-02-03,2025-02,FAC 0003-00040449,FAC,false,C0123,La Ventanita de Almagro II,Mayorista,CABA,CAF-ETIOP-250,CAF-ETIOP-250,false,,Etiopia Yirgacheffe 250 g,UN,CAFE,S,9.00,9709.00,35.00,56797.65,4190.00,37710.00,19087.65,0.34,M. Paz
2025-03-05,2025-03,FAC 0003-00041237,FAC,false,C9001,CONSUMIDOR FINAL,Local,CABA,CAF-BLEND-1K,CAF-BLEND-1K,false,,Blend Casa 1 kg,UN,CAFE,S,1.00,18800.71,0.00,18800.71,10236.00,10236.00,8564.71,0.46,
2025-03-27,2025-03,FAC 0003-00040976,FAC,false,C9002,VENTA ONLINE,Ecommerce,,CAF-COLOM-250,CAF-COLOM-250,false,,Colombia Huila 250 g,UN,CAFE,S,2.00,8564.77,0.00,17129.54,3760.00,7520.00,9609.54,0.56,
2025-05-19,2025-05,NC 0003-00001235,NC,true,C0001,GRANOS DEL SUR S.A.,Distribuidor,Avellaneda,CAF-BLEND-1K,CAF-BLEND-1K,false,,Blend Casa 1 kg,UN,CAFE,S,-8.00,19637.04,40.00,-94257.81,10691.00,-85528.00,-8729.81,,
2025-02-07,2025-02,FAC 0003-00040419,FAC,false,C0001,GRANOS DEL SUR S.A.,Distribuidor,Avellaneda,CAF-BLEND-CJ6,CAF-BLEND-CJ6,false,,Blend Casa CAJA X 6 (1kg c/u),CAJA X6,CAFE,S,4.00,104244.00,40.00,250185.60,60094.00,240376.00,9809.60,0.04,M. Paz
2025-02-19,2025-02,FAC 0003-00040564,FAC,false,C9002,VENTA ONLINE,Ecommerce,,CAF-COLOM-250,CAF-COLOM-250,false,,Colombia Huila 250 g,UN,CAFE,S,3.00,8380.40,0.00,25141.20,3679.00,11037.00,14104.20,0.56,
2025-04-08,2025-04,FAC 0003-00041494,FAC,false,C9002,VENTA ONLINE,Ecommerce,,CAF-BRAS-250,CAF-BRAS-250,false,,Brasil Cerrado 250 g,UN,CAFE,S,1.00,5657.55,0.00,5657.55,2594.00,2594.00,3063.55,0.54,
2025-02-27,2025-02,FAC 0003-00040828,FAC,false,C9001,CONSUMIDOR FINAL,Local,CABA,CAF-BLEND-1K,CAF-BLEND-1K,false,,Blend Casa 1 kg,UN,CAFE,S,1.00,18396.00,0.00,18396.00,10016.00,10016.00,8380.00,0.46,
2025-01-15,2025-01,FAC 0003-00040316,FAC,false,C9001,CONSUMIDOR FINAL,Local,CABA,CAP-FILTRO-100,CAP-FILTRO-100,false,,Filtros de papel x 100,UN,ACCESORIOS,S,1.00,3200.00,0.00,3200.00,1900.00,1900.00,1300.00,0.41,
2025-03-03,2025-03,FAC 0003-00041008,FAC,false,C9002,VENTA ONLINE,Ecommerce,,CAF-BRAS-250,CAF-BRAS-250,false,,Brasil Cerrado 250 g,UN,CAFE,S,2.00,5535.77,0.00,11071.53,2538.00,5076.00,5995.53,0.54,
2025-04-21,2025-04,FAC 0003-00041523,FAC,false,C9002,VENTA ONLINE,Ecommerce,,CAF-ETIOP-250,CAF-ETIOP-250,false,,Etiopia Yirgacheffe 250 g,UN,CAFE,S,1.00,10140.90,0.00,10140.90,4377.00,4377.00,5763.90,0.57,
2025-05-10,2025-05,FAC 0003-00041650,FAC,false,C0001,GRANOS DEL SUR S.A.,Distribuidor,Avellaneda,CAF-BLEND-1K,CAF-BLEND-1K,false,,Blend Casa 1 kg,UN,CAFE,S,37.00,19637.04,40.00,435942.35,10691.00,395567.00,40375.35,0.09,R. Ibarra
2025-06-17,2025-06,FAC 0003-00042095,FAC,false,C0104,Tostado Villa Crespo,Mayorista,CABA,CAF-BRAS-1K,CAF-BRAS-1K,false,,Brasil Cerrado 1 kg,UN,CAFE,S,2.00,18954.11,35.00,24640.34,10369.00,20738.00,3902.34,0.16,R. Ibarra
2025-05-07,2025-05,FAC 0003-00041727,FAC,false,C9002,VENTA ONLINE,Ecommerce,,CAF-BLEND-250,CAF-BLEND-250,false,,Blend Casa 250 g,UN,CAFE,S,1.00,6109.30,0.00,6109.30,2793.00,2793.00,3316.30,0.54,
2025-04-21,2025-04,FAC 0003-00041388,FAC,false,C9002,VENTA ONLINE,Ecommerce,,CAF-DESCA-250,CAF-DESCA-250,false,,Descafeinado 250 g,UN,CAFE,S,1.00,7899.22,0.00,7899.22,3736.00,3736.00,4163.22,0.53,
2025-01-27,2025-01,FAC 0003-00040208,FAC,false,C9002,VENTA ONLINE,Ecommerce,,CAF-COLOM-250,CAF-COLOM-250,false,,Colombia Huila 250 g,UN,CAFE,S,2.00,8200.00,0.00,16400.00,3600.00,7200.00,9200.00,0.56,
2025-06-14,2025-06,FAC 0003-00042132,FAC,false,C0133,El Almacen de Barracas II,Mayorista,CABA,CAF-BRAS-1K,CAF-BRAS-1K,false,,Brasil Cerrado 1 kg,UN,CAFE,S,2.00,18954.11,35.00,24640.34,10369.00,20738.00,3902.34,0.16,M. Paz
2025-03-06,2025-03,FAC 0003-00041187,FAC,false,C9001,CONSUMIDOR FINAL,Local,CABA,CAF-COLOM-250,CAF-COLOM-250,false,,Colombia Huila 250 g,UN,CAFE,S,2.00,8564.77,0.00,17129.54,3760.00,7520.00,9609.54,0.56,
2025-02-20,2025-02,FAC 0003-00040629,FAC,false,C9002,VENTA ONLINE,Ecommerce,,CAF-BRAS-250,CAF-BRAS-250,false,,Brasil Cerrado 250 g,UN,CAFE,S,1.00,5416.60,0.00,5416.60,2483.00,2483.00,2933.60,0.54,
2025-01-09,2025-01,FAC 0003-00040039,FAC,false,C0125,Usina Flores II,Mayorista,CABA,CAF-BLEND-1K,CAF-BLEND-1K,false,,Blend Casa 1 kg,UN,CAFE,S,8.00,18000.00,32.00,97920.00,9800.00,78400.00,19520.00,0.20,M. Paz
2025-03-06,2025-03,FAC 0003-00040913,FAC,false,C9002,VENTA ONLINE,Ecommerce,,CAF-BRAS-250,CAF-BRAS-250,false,,Brasil Cerrado 250 g,UN,CAFE,S,3.00,5535.77,0.00,16607.30,2538.00,7614.00,8993.30,0.54,
2025-03-04,2025-03,FAC 0003-00040937,FAC,false,C9002,VENTA ONLINE,Ecommerce,,CAF-BLEND-250,CAF-BLEND-250,false,,Blend Casa 250 g,UN,CAFE,S,3.00,5849.11,0.00,17547.33,2674.00,8022.00,9525.33,0.54,
2025-05-28,2025-05,FAC 0003-00041940,FAC,false,C9002,VENTA ONLINE,Ecommerce,,CAF-COLOM-250,CAF-COLOM-250,false,,Colombia Huila 250 g,UN,CAFE,S,2.00,8945.76,0.00,17891.53,3927.00,7854.00,10037.53,0.56,
2025-01-15,2025-01,FAC 0003-00040130,FAC,false,C9002,VENTA ONLINE,Ecommerce,,CAF-COLOM-250,CAF-COLOM-250,false,,Colombia Huila 250 g,UN,CAFE,S,2.00,8200.00,0.00,16400.00,3600.00,7200.00,9200.00,0.56,
2025-02-06,2025-02,FAC 0003-00040717,FAC,false,C9001,CONSUMIDOR FINAL,Local,CABA,CAF-BLEND-1K,CAF-BLEND-1K,false,,Blend Casa 1 kg,UN,CAFE,S,1.00,18396.00,0.00,18396.00,10016.00,10016.00,8380.00,0.46,
2025-04-06,2025-04,FAC 0003-00041621,FAC,false,C9001,CONSUMIDOR FINAL,Local,CABA,CAF-BLEND-250,CAF-BLEND-250,false,,Blend Casa 250 g,UN,CAFE,S,2.00,5977.79,0.00,11955.58,2733.00,5466.00,6489.58,0.54,
2025-05-08,2025-05,FAC 0003-00041666,FAC,false,C0111,Cafe Devoto II,Mayorista,CABA,CAF-BLEND-1K,CAF-BLEND-1K,false,,Blend Casa 1 kg,UN,CAFE,S,7.00,19637.04,35.00,89348.55,10691.00,74837.00,14511.55,0.16,M. Paz
2025-05-10,2025-05,FAC 0003-00041921,FAC,false,C9002,VENTA ONLINE,Ecommerce,,CAF-BLEND-250,CAF-BLEND-250,false,,Blend Casa 250 g,UN,CAFE,S,2.00,6109.30,0.00,12218.60,2793.00,5586.00,6632.60,0.54,
2025-04-18,2025-04,FAC 0003-00041310,FAC,false,C9002,VENTA ONLINE,Ecommerce,,CAF-DESCA-250,CAF-DESCA-250,false,,Descafeinado 250 g,UN,CAFE,S,3.00,7899.22,0.00,23697.67,3736.00,11208.00,12489.67,0.53,
2025-05-09,2025-05,FAC 0003-00041644,FAC,false,C0001,GRANOS DEL SUR S.A.,Distribuidor,Avellaneda,CAF-BLEND-1K,CAF-BLEND-1K,false,,Blend Casa 1 kg,UN,CAFE,S,56.00,19637.04,40.00,659804.64,10691.00,598696.00,61108.64,0.09,M. Paz
2025-02-13,2025-02,FAC 0003-00040824,FAC,false,C9001,CONSUMIDOR FINAL,Local,CABA,CAF-BLEND-250,CAF-BLEND-250,false,,Blend Casa 250 g,UN,CAFE,S,2.00,5723.20,0.00,11446.40,2616.00,5232.00,6214.40,0.54,
2025-02-21,2025-02,FAC 0003-00040528,FAC,false,C9002,VENTA ONLINE,Ecommerce,,CAF-BLEND-250,CAF-BLEND-250,false,,Blend Casa 250 g,UN,CAFE,S,1.00,5723.20,0.00,5723.20,2616.00,2616.00,3107.20,0.54,
2025-05-06,2025-05,FAC 0003-00041688,FAC,false,C0131,Tostado Coghlan II,Mayorista,CABA,CAF-BRAS-1K,CAF-BRAS-1K,false,,Brasil Cerrado 1 kg,UN,CAFE,S,4.00,18546.10,35.00,48219.85,10146.00,40584.00,7635.85,0.16,R. Ibarra
2025-06-26,2025-06,FAC 0003-00042088,FAC,false,C0001,GRANOS DEL SUR S.A.,Distribuidor,Avellaneda,CAF-BRAS-1K,CAF-BRAS-1K,false,,Brasil Cerrado 1 kg,UN,CAFE,S,11.00,18954.11,40.00,125097.13,10369.00,114059.00,11038.13,0.09,R. Ibarra
2025-04-11,2025-04,FAC 0003-00041271,FAC,false,C0125,Usina Flores II,Mayorista,CABA,CAF-BLEND-1K,CAF-BLEND-1K,false,,Blend Casa 1 kg,UN,CAFE,S,10.00,19214.33,32.00,130657.43,10461.00,104610.00,26047.43,0.20,
2025-05-08,2025-05,FAC 0003-00041656,FAC,false,C0104,Tostado Villa Crespo,Mayorista,CABA,CAP-FILTRO-100,CAP-FILTRO-100,false,,Filtros de papel x 100,UN,ACCESORIOS,S,3.00,3491.03,35.00,6807.51,2073.00,6219.00,588.51,0.09,
2025-04-20,2025-04,FAC 0003-00041283,FAC,false,C0135,Coffee Lab Agronomia II,Mayorista,CABA,CAF-BRAS-1K,CAF-BRAS-1K,false,,Brasil Cerrado 1 kg,UN,CAFE,S,2.00,18146.87,30.00,25405.61,9927.00,19854.00,5551.61,0.22,R. Ibarra
2025-06-17,2025-06,FAC 0003-00042143,FAC,false,C9002,VENTA ONLINE,Ecommerce,,CAP-FILTRO-100,CAP-FILTRO-100,false,,Filtros de papel x 100,UN,ACCESORIOS,S,1.00,3567.83,0.00,3567.83,2118.00,2118.00,1449.83,0.41,
2025-03-09,2025-03,FAC 0003-00040911,FAC,false,C9002,VENTA ONLINE,Ecommerce,,CAF-DESCA-250,CAF-DESCA-250,false,,Descafeinado 250 g,UN,CAFE,S,2.00,7729.18,0.00,15458.36,3656.00,7312.00,8146.36,0.53,
2025-05-14,2025-05,FAC 0003-00041926,FAC,false,C9002,VENTA ONLINE,Ecommerce,,CAF-ETIOP-250,CAF-ETIOP-250,false,,Etiopia Yirgacheffe 250 g,UN,CAFE,S,3.00,10363.99,0.00,31091.98,4473.00,13419.00,17672.98,0.57,
2025-04-25,2025-04,FAC 0003-00041276,FAC,false,C0129,Bar San Telmo II,Mayorista,CABA,CAF-BLEND-1K,CAF-BLEND-1K,false,,Blend Casa 1 kg,UN,CAFE,S,9.00,19214.33,32.00,117591.69,10461.00,94149.00,23442.69,0.20,
2025-05-14,2025-05,FAC 0003-00041702,FAC,false,C9002,VENTA ONLINE,Ecommerce,,CAF-ETIOP-250,CAF-ETIOP-250,false,,Etiopia Yirgacheffe 250 g,UN,CAFE,S,1.00,10363.99,0.00,10363.99,4473.00,4473.00,5890.99,0.57,
2025-04-23,2025-04,FAC 0003-00041456,FAC,false,C9002,VENTA ONLINE,Ecommerce,,CAF-COLOM-250,CAF-COLOM-250,false,,Colombia Huila 250 g,UN,CAFE,S,3.00,8753.19,0.00,26259.58,3843.00,11529.00,14730.58,0.56,
2025-02-13,2025-02,FAC 0003-00040575,FAC,false,C9002,VENTA ONLINE,Ecommerce,,CAF-BRAS-250,CAF-BRAS-250,false,,Brasil Cerrado 250 g,UN,CAFE,S,2.00,5416.60,0.00,10833.20,2483.00,4966.00,5867.20,0.54,
2025-01-09,2025-01,FAC 0003-00040039,FAC,false,C0125,Usina Flores II,Mayorista,CABA,CAF-ETIOP-250,CAF-ETIOP-250,false,,Etiopia Yirgacheffe 250 g,UN,CAFE,S,5.00,9500.00,32.00,32300.00,4100.00,20500.00,11800.00,0.37,M. Paz
2025-01-18,2025-01,FAC 0003-00040360,FAC,false,C9001,CONSUMIDOR FINAL,Local,CABA,CAF-BLEND-250,CAF-BLEND-250,false,,Blend Casa 250 g,UN,CAFE,S,2.00,5600.00,0.00,11200.00,2560.00,5120.00,6080.00,0.54,
2025-03-25,2025-03,FAC 0003-00040975,FAC,false,C9002,VENTA ONLINE,Ecommerce,,CAF-DESCA-250,CAF-DESCA-250,false,,Descafeinado 250 g,UN,CAFE,S,3.00,7729.18,0.00,23187.54,3656.00,10968.00,12219.54,0.53,
2025-05-24,2025-05,FAC 0003-00041946,FAC,false,C9001,CONSUMIDOR FINAL,Local,CABA,CAF-BLEND-1K,CAF-BLEND-1K,false,,Blend Casa 1 kg,UN,CAFE,S,1.00,19637.04,0.00,19637.04,10691.00,10691.00,8946.04,0.46,
2025-06-06,2025-06,FAC 0003-00042131,FAC,false,C0132,Cafe Barracas,Mayorista,CABA,CAF-BRAS-1K,CAF-BRAS-1K,false,,Brasil Cerrado 1 kg,UN,CAFE,S,7.00,18954.11,35.00,86241.20,10369.00,72583.00,13658.20,0.16,
2025-05-04,2025-05,FAC 0003-00041751,FAC,false,C9002,VENTA ONLINE,Ecommerce,,CAF-COLOM-250,CAF-COLOM-250,false,,Colombia Huila 250 g,UN,CAFE,S,3.00,8945.76,0.00,26837.29,3927.00,11781.00,15056.29,0.56,
2025-05-18,2025-05,FAC 0003-00041827,FAC,false,C9002,VENTA ONLINE,Ecommerce,,CAF-CAPS-10,CAF-CAPS-10,false,,Capsulas compatibles x10,UN,CAFE,S,2.00,7527.53,0.00,15055.07,3600.00,7200.00,7855.07,0.52,
2025-01-15,2025-01,FAC 0003-00040243,FAC,false,C9002,VENTA ONLINE,Ecommerce,,CAF-ETIOP-250,CAF-ETIOP-250,false,,Etiopia Yirgacheffe 250 g,UN,CAFE,S,1.00,9500.00,0.00,9500.00,4100.00,4100.00,5400.00,0.57,
2025-05-18,2025-05,FAC 0003-00041905,FAC,false,C9002,VENTA ONLINE,Ecommerce,,CAF-ETIOP-250,CAF-ETIOP-250,false,,Etiopia Yirgacheffe 250 g,UN,CAFE,S,2.00,10363.99,0.00,20727.99,4473.00,8946.00,11781.99,0.57,
2025-04-10,2025-04,FAC 0003-00041404,FAC,false,C9002,VENTA ONLINE,Ecommerce,,CAF-ETIOP-250,CAF-ETIOP-250,false,,Etiopia Yirgacheffe 250 g,UN,CAFE,S,1.00,10140.90,0.00,10140.90,4377.00,4377.00,5763.90,0.57,
2025-06-18,2025-06,FAC 0003-00042224,FAC,false,C9002,VENTA ONLINE,Ecommerce,,CAF-BLEND-250,CAF-BLEND-250,false,,Blend Casa 250 g,UN,CAFE,S,3.00,6243.71,0.00,18731.12,2854.00,8562.00,10169.12,0.54,
2025-01-18,2025-01,FAC 0003-00040018,FAC,false,C0106,El Almacen de Nunez,Mayorista,CABA,CAF-BRAS-1K,CAF-BRAS-1K,false,,Brasil Cerrado 1 kg,UN,CAFE,S,3.00,17000.00,30.00,35700.00,9300.00,27900.00,7800.00,0.22,M. Paz
2025-01-16,2025-01,FAC 0003-00040169,FAC,false,C9002,VENTA ONLINE,Ecommerce,,CAF-BLEND-250,CAF-BLEND-250,false,,Blend Casa 250 g,UN,CAFE,S,3.00,5600.00,0.00,16800.00,2560.00,7680.00,9120.00,0.54,
2025-06-07,2025-06,FAC 0003-00042199,FAC,false,C9002,VENTA ONLINE,Ecommerce,,CAF-BRAS-250,CAF-BRAS-250,false,,Brasil Cerrado 250 g,UN,CAFE,S,1.00,5909.22,0.00,5909.22,2709.00,2709.00,3200.22,0.54,
2025-01-17,2025-01,FAC 0003-00040302,FAC,false,C9001,CONSUMIDOR FINAL,Local,CABA,CAF-BLEND-1K,CAF-BLEND-1K,false,,Blend Casa 1 kg,UN,CAFE,S,2.00,18000.00,0.00,36000.00,9800.00,19600.00,16400.00,0.46,
2025-03-12,2025-03,FAC 0003-00041138,FAC,false,C9001,CONSUMIDOR FINAL,Local,CABA,CAF-COLOM-250,CAF-COLOM-250,false,,Colombia Huila 250 g,UN,CAFE,S,2.00,8564.77,0.00,17129.54,3760.00,7520.00,9609.54,0.56,
2025-05-16,2025-05,FAC 0003-00041999,FAC,false,C9001,CONSUMIDOR FINAL,Local,CABA,CAF-BLEND-250,CAF-BLEND-250,false,,Blend Casa 250 g,UN,CAFE,S,1.00,6109.30,0.00,6109.30,2793.00,2793.00,3316.30,0.54,
2025-05-18,2025-05,FAC 0003-00041989,FAC,false,C9001,CONSUMIDOR FINAL,Local,CABA,CAF-BLEND-250,CAF-BLEND-250,false,,Blend Casa 250 g,UN,CAFE,S,2.00,6109.30,0.00,12218.60,2793.00,5586.00,6632.60,0.54,
2025-05-12,2025-05,FAC 0003-00041773,FAC,false,C9002,VENTA ONLINE,Ecommerce,,CAF-ETIOP-250,CAF-ETIOP-250,false,,Etiopia Yirgacheffe 250 g,UN,CAFE,S,2.00,10363.99,0.00,20727.99,4473.00,8946.00,11781.99,0.57,
2025-06-16,2025-06,FAC 0003-00042419,FAC,false,C9001,CONSUMIDOR FINAL,Local,CABA,CAF-BLEND-1K,CAF-BLEND-1K,false,,Blend Casa 1 kg,UN,CAFE,S,2.00,20069.06,0.00,40138.12,10926.00,21852.00,18286.12,0.46,
2025-02-10,2025-02,FAC 0003-00040734,FAC,false,C9001,CONSUMIDOR FINAL,Local,CABA,CAF-BLEND-1K,CAF-BLEND-1K,false,,Blend Casa 1 kg,UN,CAFE,S,2.00,18396.00,0.00,36792.00,10016.00,20032.00,16760.00,0.46,
2025-02-20,2025-02,FAC 0003-00040583,FAC,false,C9002,VENTA ONLINE,Ecommerce,,CAF-ETIOP-250,CAF-ETIOP-250,false,,Etiopia Yirgacheffe 250 g,UN,CAFE,S,2.00,9709.00,0.00,19418.00,4190.00,8380.00,11038.00,0.57,
2025-06-24,2025-06,FAC 0003-00042138,FAC,false,C0137,Panaderia Villa Urquiza II,Mayorista,CABA,CAP-FILTRO-100,CAP-FILTRO-100,false,,Filtros de papel x 100,UN,ACCESORIOS,S,5.00,3567.83,30.00,12487.41,2118.00,10590.00,1897.41,0.15,
2025-04-17,2025-04,FAC 0003-00041447,FAC,false,C9002,VENTA ONLINE,Ecommerce,,CAF-CAPS-10,CAF-CAPS-10,false,,Capsulas compatibles x10,UN,CAFE,S,2.00,7365.49,0.00,14730.98,3523.00,7046.00,7684.98,0.52,
2025-02-14,2025-02,FAC 0003-00040799,FAC,false,C9001,CONSUMIDOR FINAL,Local,CABA,CAF-ETIOP-250,CAF-ETIOP-250,false,,Etiopia Yirgacheffe 250 g,UN,CAFE,S,1.00,9709.00,0.00,9709.00,4190.00,4190.00,5519.00,0.57,
2025-01-12,2025-01,FAC 0003-00040305,FAC,false,C9001,CONSUMIDOR FINAL,Local,CABA,CAF-BLEND-250,CAF-BLEND-250,false,,Blend Casa 250 g,UN,CAFE,S,2.00,5600.00,0.00,11200.00,2560.00,5120.00,6080.00,0.54,
2025-06-14,2025-06,FAC 0003-00042166,FAC,false,C9002,VENTA ONLINE,Ecommerce,,CAF-DESCA-250,CAF-DESCA-250,false,,Descafeinado 250 g,UN,CAFE,S,2.00,8250.61,0.00,16501.23,3902.00,7804.00,8697.23,0.53,
2025-04-10,2025-04,FAC 0003-00041411,FAC,false,C9002,VENTA ONLINE,Ecommerce,,CAF-ETIOP-250,CAF-ETIOP-250,false,,Etiopia Yirgacheffe 250 g,UN,CAFE,S,1.00,10140.90,0.00,10140.90,4377.00,4377.00,5763.90,0.57,
2025-01-15,2025-01,FAC 0003-00040178,FAC,false,C9002,VENTA ONLINE,Ecommerce,,CAF-BLEND-250,CAF-BLEND-250,false,,Blend Casa 250 g,UN,CAFE,S,3.00,5600.00,0.00,16800.00,2560.00,7680.00,9120.00,0.54,
2025-01-16,2025-01,FAC 0003-00040011,FAC,false,C0101,El Almacen de Palermo II,Mayorista,CABA,CAF-BRAS-1K,CAF-BRAS-1K,false,,Brasil Cerrado 1 kg,UN,CAFE,S,4.00,17000.00,35.00,44200.00,9300.00,37200.00,7000.00,0.16,R. Ibarra
2025-04-13,2025-04,FAC 0003-00041342,FAC,false,C9002,VENTA ONLINE,Ecommerce,,CAF-DESCA-250,CAF-DESCA-250,false,,Descafeinado 250 g,UN,CAFE,S,1.00,7899.22,0.00,7899.22,3736.00,3736.00,4163.22,0.53,
2025-05-28,2025-05,FAC 0003-00041857,FAC,false,C9002,VENTA ONLINE,Ecommerce,,CAF-ETIOP-250,CAF-ETIOP-250,false,,Etiopia Yirgacheffe 250 g,UN,CAFE,S,1.00,10363.99,0.00,10363.99,4473.00,4473.00,5890.99,0.57,
2025-01-12,2025-01,FAC 0003-00040247,FAC,false,C9002,VENTA ONLINE,Ecommerce,,CAF-ETIOP-250,CAF-ETIOP-250,false,,Etiopia Yirgacheffe 250 g,UN,CAFE,S,2.00,9500.00,0.00,19000.00,4100.00,8200.00,10800.00,0.57,
2025-04-21,2025-04,FAC 0003-00041542,FAC,false,C9001,CONSUMIDOR FINAL,Local,CABA,CAF-COLOM-250,CAF-COLOM-250,false,,Colombia Huila 250 g,UN,CAFE,S,2.00,8753.19,0.00,17506.39,3843.00,7686.00,9820.39,0.56,
2025-06-18,2025-06,FAC 0003-00042350,FAC,false,C9002,VENTA ONLINE,Ecommerce,,CAP-FILTRO-100,CAP-FILTRO-100,false,,Filtros de papel x 100,UN,ACCESORIOS,S,3.00,3567.83,0.00,10703.50,2118.00,6354.00,4349.50,0.41,
2025-01-17,2025-01,FAC 0003-00040219,FAC,false,C9002,VENTA ONLINE,Ecommerce,,CAP-FILTRO-100,CAP-FILTRO-100,false,,Filtros de papel x 100,UN,ACCESORIOS,S,2.00,3200.00,0.00,6400.00,1900.00,3800.00,2600.00,0.41,
2025-03-25,2025-03,FAC 0003-00041145,FAC,false,C9001,CONSUMIDOR FINAL,Local,CABA,CAF-BLEND-250,CAF-BLEND-250,false,,Blend Casa 250 g,UN,CAFE,S,1.00,5849.11,0.00,5849.11,2674.00,2674.00,3175.11,0.54,
2025-02-24,2025-02,FAC 0003-00040801,FAC,false,C9001,CONSUMIDOR FINAL,Local,CABA,CAP-FILTRO-100,CAP-FILTRO-100,false,,Filtros de papel x 100,UN,ACCESORIOS,S,1.00,3270.40,0.00,3270.40,1942.00,1942.00,1328.40,0.41,
2025-01-22,2025-01,FAC 0003-00040372,FAC,false,C9001,CONSUMIDOR FINAL,Local,CABA,CAF-ETIOP-250,CAF-ETIOP-250,false,,Etiopia Yirgacheffe 250 g,UN,CAFE,S,1.00,9500.00,0.00,9500.00,4100.00,4100.00,5400.00,0.57,
2025-05-02,2025-05,FAC 0003-00041842,FAC,false,C9002,VENTA ONLINE,Ecommerce,,CAF-COLOM-250,CAF-COLOM-250,false,,Colombia Huila 250 g,UN,CAFE,S,3.00,8945.76,0.00,26837.29,3927.00,11781.00,15056.29,0.56,
2025-01-20,2025-01,FAC 0003-00040031,FAC,false,C0118,Bar Saavedra,Mayorista,CABA,CAF-BLEND-1K,CAF-BLEND-1K,false,,Blend Casa 1 kg,UN,CAFE,S,8.00,18000.00,32.00,97920.00,9800.00,78400.00,19520.00,0.20,R. Ibarra
2025-05-22,2025-05,FAC 0003-00041674,FAC,false,C0120,Tostado Chacarita,Mayorista,CABA,CAF-BLEND-1K,CAF-BLEND-1K,false,,Blend Casa 1 kg,UN,CAFE,S,3.00,19637.04,32.00,40059.57,10691.00,32073.00,7986.57,0.20,
2025-02-26,2025-02,FAC 0003-00040423,FAC,false,C0100,Cafe Palermo,Mayorista,CABA,CAF-BRAS-1K,CAF-BRAS-1K,false,,Brasil Cerrado 1 kg,UN,CAFE,S,4.00,17374.00,32.00,47257.28,9505.00,38020.00,9237.28,0.20,R. Ibarra
2025-03-03,2025-03,FAC 0003-00040919,FAC,false,C9002,VENTA ONLINE,Ecommerce,,CAF-BLEND-250,CAF-BLEND-250,false,,Blend Casa 250 g,UN,CAFE,S,1.00,5849.11,0.00,5849.11,2674.00,2674.00,3175.11,0.54,
2025-04-11,2025-04,FAC 0003-00041271,FAC,false,C0125,Usina Flores II,Mayorista,CABA,CAF-ETIOP-250,CAF-ETIOP-250,false,,Etiopia Yirgacheffe 250 g,UN,CAFE,S,9.00,10140.90,32.00,62062.28,4377.00,39393.00,22669.28,0.37,
2025-02-28,2025-02,FAC 0003-00040417,FAC,false,C0001,GRANOS DEL SUR S.A.,Distribuidor,Avellaneda,CAF-BLEND-1K,CAF-BLEND-1K,false,,Blend Casa 1 kg,UN,CAFE,S,47.00,18396.00,40.00,518767.20,10016.00,470752.00,48015.20,0.09,R. Ibarra
2025-01-12,2025-01,FAC 0003-00040012,FAC,false,C0102,Bar Belgrano,Mayorista,CABA,CAF-BRAS-1K,CAF-BRAS-1K,false,,Brasil Cerrado 1 kg,UN,CAFE,S,5.00,17000.00,35.00,55250.00,9300.00,46500.00,8750.00,0.16,M. Paz
2025-04-22,2025-04,FAC 0003-00041384,FAC,false,C9002,VENTA ONLINE,Ecommerce,,CAF-ETIOP-250,CAF-ETIOP-250,false,,Etiopia Yirgacheffe 250 g,UN,CAFE,S,2.00,10140.90,0.00,20281.79,4377.00,8754.00,11527.79,0.57,
2025-03-27,2025-03,FAC 0003-00040916,FAC,false,C9002,VENTA ONLINE,Ecommerce,,CAP-TAZA,CAP-TAZA,false,,Taza ceramica logo,UN,ACCESORIOS,S,2.00,9295.91,0.00,18591.82,4387.00,8774.00,9817.82,0.53,
2025-01-16,2025-01,FAC 0003-00040089,FAC,false,C9002,VENTA ONLINE,Ecommerce,,CAF-CAPS-10,CAF-CAPS-10,false,,Capsulas compatibles x10,UN,CAFE,S,2.00,6900.00,0.00,13800.00,3300.00,6600.00,7200.00,0.52,
2025-02-05,2025-02,FAC 0003-00040433,FAC,false,C0109,Usina Colegiales II,Mayorista,CABA,CAF-BRAS-1K,CAF-BRAS-1K,false,,Brasil Cerrado 1 kg,UN,CAFE,S,2.00,17374.00,32.00,23628.64,9505.00,19010.00,4618.64,0.20,R. Ibarra
2025-01-23,2025-01,FAC 0003-00040403,FAC,false,C9001,CONSUMIDOR FINAL,Local,CABA,CAF-COLOM-250,CAF-COLOM-250,false,,Colombia Huila 250 g,UN,CAFE,S,2.00,8200.00,0.00,16400.00,3600.00,7200.00,9200.00,0.56,
2025-03-22,2025-03,NC 0003-00001219,NC,true,C0136,Tostado Villa Urquiza,Mayorista,CABA,CAF-BRAS-1K,CAF-BRAS-1K,false,,Brasil Cerrado 1 kg,UN,CAFE,S,-5.00,17756.23,35.00,-57707.74,9714.00,-48570.00,-9137.74,,
2025-02-27,2025-02,FAC 0003-00040458,FAC,false,C0129,Bar San Telmo II,Mayorista,CABA,CAF-BLEND-1K,CAF-BLEND-1K,false,,Blend Casa 1 kg,UN,CAFE,S,4.00,18396.00,32.00,50037.12,10016.00,40064.00,9973.12,0.20,
2025-02-23,2025-02,FAC 0003-00040628,FAC,false,C9002,VENTA ONLINE,Ecommerce,,CAF-ETIOP-250,CAF-ETIOP-250,false,,Etiopia Yirgacheffe 250 g,UN,CAFE,S,1.00,9709.00,0.00,9709.00,4190.00,4190.00,5519.00,0.57,
2025-03-04,2025-03,FAC 0003-00040883,FAC,false,C0135,Coffee Lab Agronomia II,Mayorista,CABA,CAP-FILTRO-100,CAP-FILTRO-100,false,,Filtros de papel x 100,UN,ACCESORIOS,S,6.00,3342.35,30.00,14037.86,1985.00,11910.00,2127.86,0.15,R. Ibarra
2025-01-09,2025-01,FAC 0003-00040083,FAC,false,C9002,VENTA ONLINE,Ecommerce,,CAF-CAPS-10,CAF-CAPS-10,false,,Capsulas compatibles x10,UN,CAFE,S,3.00,6900.00,0.00,20700.00,3300.00,9900.00,10800.00,0.52,
2025-06-28,2025-06,FAC 0003-00042377,FAC,false,C9002,VENTA ONLINE,Ecommerce,,CAF-COLOM-250,CAF-COLOM-250,false,,Colombia Huila 250 g,UN,CAFE,S,3.00,9142.57,0.00,27427.71,4014.00,12042.00,15385.71,0.56,
2025-03-23,2025-03,FAC 0003-00041084,FAC,false,C9002,VENTA ONLINE,Ecommerce,,CAF-ETIOP-250,CAF-ETIOP-250,false,,Etiopia Yirgacheffe 250 g,UN,CAFE,S,1.00,9922.60,0.00,9922.60,4282.00,4282.00,5640.60,0.57,
2025-02-04,2025-02,FAC 0003-00040421,FAC,false,C0001,GRANOS DEL SUR S.A.,Distribuidor,Avellaneda,CAF-BLEND-CJ6,CAF-BLEND-CJ6,false,,Blend Casa CAJA X 6 (1kg c/u),CAJA X6,CAFE,S,10.00,104244.00,40.00,625464.00,60094.00,600940.00,24524.00,0.04,M. Paz
2025-06-01,2025-06,NC 0003-00001242,NC,true,C0001,GRANOS DEL SUR S.A.,Distribuidor,Avellaneda,CAF-BLEND-1K,CAF-BLEND-1K,false,,Blend Casa 1 kg,UN,CAFE,S,-10.00,20069.06,40.00,-120414.35,10926.00,-109260.00,-11154.35,,
2025-05-09,2025-05,FAC 0003-00041644,FAC,false,C0001,GRANOS DEL SUR S.A.,Distribuidor,Avellaneda,CAF-BRAS-1K,CAF-BRAS-1K,false,,Brasil Cerrado 1 kg,UN,CAFE,S,23.00,18546.10,40.00,255936.13,10146.00,233358.00,22578.13,0.09,M. Paz
2025-03-07,2025-03,FAC 0003-00040949,FAC,false,C9002,VENTA ONLINE,Ecommerce,,CAF-BLEND-250,CAF-BLEND-250,false,,Blend Casa 250 g,UN,CAFE,S,2.00,5849.11,0.00,11698.22,2674.00,5348.00,6350.22,0.54,
2025-02-09,2025-02,FAC 0003-00040424,FAC,false,C0100,Cafe Palermo,Mayorista,CABA,CAP-FILTRO-100,CAP-FILTRO-100,false,,Filtros de papel x 100,UN,ACCESORIOS,S,4.00,3270.40,32.00,8895.49,1942.00,7768.00,1127.49,0.13,R. Ibarra
2025-01-09,2025-01,FAC 0003-00040199,FAC,false,C9002,VENTA ONLINE,Ecommerce,,CAF-DESCA-250,CAF-DESCA-250,false,,Descafeinado 250 g,UN,CAFE,S,1.00,7400.00,0.00,7400.00,3500.00,3500.00,3900.00,0.53,
2025-06-12,2025-06,FAC 0003-00042395,FAC,false,C9002,VENTA ONLINE,Ecommerce,,CAF-BLEND-250,CAF-BLEND-250,false,,Blend Casa 250 g,UN,CAFE,S,1.00,6243.71,0.00,6243.71,2854.00,2854.00,3389.71,0.54,
2025-01-07,2025-01,FAC 0003-00040007,FAC,false,C0001,GRANOS DEL SUR S.A.,Distribuidor,Avellaneda,CAF-BLEND-CJ6,CAF-BLEND-CJ6,false,,Blend Casa CAJA X 6 (1kg c/u),CAJA X6,CAFE,S,10.00,102000.00,40.00,612000.00,58800.00,588000.00,24000.00,0.04,R. Ibarra
2025-03-17,2025-03,FAC 0003-00041217,FAC,false,C9001,CONSUMIDOR FINAL,Local,CABA,CAF-BLEND-250,CAF-BLEND-250,false,,Blend Casa 250 g,UN,CAFE,S,2.00,5849.11,0.00,11698.22,2674.00,5348.00,6350.22,0.54,
2025-01-28,2025-01,FAC 0003-00040226,FAC,false,C9002,VENTA ONLINE,Ecommerce,,CAF-COLOM-250,CAF-COLOM-250,false,,Colombia Huila 250 g,UN,CAFE,S,2.00,8200.00,0.00,16400.00,3600.00,7200.00,9200.00,0.56,
2025-01-10,2025-01,FAC 0003-00040304,FAC,false,C9001,CONSUMIDOR FINAL,Local,CABA,CAF-BLEND-1K,CAF-BLEND-1K,false,,Blend Casa 1 kg,UN,CAFE,S,2.00,18000.00,0.00,36000.00,9800.00,19600.00,16400.00,0.46,
2025-03-06,2025-03,FAC 0003-00041059,FAC,false,C9002,VENTA ONLINE,Ecommerce,,CAF-ETIOP-250,CAF-ETIOP-250,false,,Etiopia Yirgacheffe 250 g,UN,CAFE,S,3.00,9922.60,0.00,29767.79,4282.00,12846.00,16921.79,0.57,
2025-03-19,2025-03,FAC 0003-00040906,FAC,false,C9002,VENTA ONLINE,Ecommerce,,CAF-ETIOP-250,CAF-ETIOP-250,false,,Etiopia Yirgacheffe 250 g,UN,CAFE,S,3.00,9922.60,0.00,29767.79,4282.00,12846.00,16921.79,0.57,
2025-06-17,2025-06,FAC 0003-00042124,FAC,false,C0126,Panaderia Parque Chas,Mayorista,CABA,CAF-BLEND-1K,CAF-BLEND-1K,false,,Blend Casa 1 kg,UN,CAFE,S,7.00,20069.06,32.00,95528.72,10926.00,76482.00,19046.72,0.20,
2025-06-16,2025-06,FAC 0003-00042107,FAC,false,C0113,Bar Recoleta II,Mayorista,CABA,CAF-BLEND-1K,CAF-BLEND-1K,false,,Blend Casa 1 kg,UN,CAFE,S,10.00,20069.06,30.00,140483.40,10926.00,109260.00,31223.40,0.22,
2025-02-19,2025-02,FAC 0003-00040596,FAC,false,C9002,VENTA ONLINE,Ecommerce,,CAF-BLEND-250,CAF-BLEND-250,false,,Blend Casa 250 g,UN,CAFE,S,1.00,5723.20,0.00,5723.20,2616.00,2616.00,3107.20,0.54,
2025-01-14,2025-01,FAC 0003-00040254,FAC,false,C9002,VENTA ONLINE,Ecommerce,,CAF-BRAS-250,CAF-BRAS-250,false,,Brasil Cerrado 250 g,UN,CAFE,S,2.00,5300.00,0.00,10600.00,2430.00,4860.00,5740.00,0.54,
2025-03-19,2025-03,FAC 0003-00041051,FAC,false,C9002,VENTA ONLINE,Ecommerce,,CAF-BRAS-250,CAF-BRAS-250,false,,Brasil Cerrado 250 g,UN,CAFE,S,2.00,5535.77,0.00,11071.53,2538.00,5076.00,5995.53,0.54,
2025-06-09,2025-06,FAC 0003-00042119,FAC,false,C0123,La Ventanita de Almagro II,Mayorista,CABA,CAF-BLEND-1K,CAF-BLEND-1K,false,,Blend Casa 1 kg,UN,CAFE,S,4.00,20069.06,35.00,52179.55,10926.00,43704.00,8475.55,0.16,
2025-05-01,2025-05,FAC 0003-00041692,FAC,false,C0135,Coffee Lab Agronomia II,Mayorista,CABA,CAF-BLEND-1K,CAF-BLEND-1K,false,,Blend Casa 1 kg,UN,CAFE,S,4.00,19637.04,30.00,54983.72,10691.00,42764.00,12219.72,0.22,M. Paz
2025-05-25,2025-05,FAC 0003-00042064,FAC,false,C9001,CONSUMIDOR FINAL,Local,CABA,CAF-ETIOP-250,CAF-ETIOP-250,false,,Etiopia Yirgacheffe 250 g,UN,CAFE,S,1.00,10363.99,0.00,10363.99,4473.00,4473.00,5890.99,0.57,
2025-04-26,2025-04,FAC 0003-00041417,FAC,false,C9002,VENTA ONLINE,Ecommerce,,CAF-BLEND-250,CAF-BLEND-250,false,,Blend Casa 250 g,UN,CAFE,S,2.00,5977.79,0.00,11955.58,2733.00,5466.00,6489.58,0.54,
2025-04-17,2025-04,FAC 0003-00041554,FAC,false,C9001,CONSUMIDOR FINAL,Local,CABA,CAF-COLOM-250,CAF-COLOM-250,false,,Colombia Huila 250 g,UN,CAFE,S,1.00,8753.19,0.00,8753.19,3843.00,3843.00,4910.19,0.56,
2025-04-07,2025-04,FAC 0003-00041538,FAC,false,C9001,CONSUMIDOR FINAL,Local,CABA,CAF-BLEND-250,CAF-BLEND-250,false,,Blend Casa 250 g,UN,CAFE,S,2.00,5977.79,0.00,11955.58,2733.00,5466.00,6489.58,0.54,
2025-04-13,2025-04,NC 0003-00001226,NC,true,C0129,Bar San Telmo II,Mayorista,CABA,CAF-BRAS-1K,CAF-BRAS-1K,false,,Brasil Cerrado 1 kg,UN,CAFE,S,-4.00,18146.87,32.00,-49359.47,9927.00,-39708.00,-9651.47,,
2025-04-28,2025-04,FAC 0003-00041485,FAC,false,C9002,VENTA ONLINE,Ecommerce,,CAF-COLOM-250,CAF-COLOM-250,false,,Colombia Huila 250 g,UN,CAFE,S,3.00,8753.19,0.00,26259.58,3843.00,11529.00,14730.58,0.56,
2025-04-22,2025-04,FAC 0003-00041575,FAC,false,C9001,CONSUMIDOR FINAL,Local,CABA,CAP-FILTRO-100,CAP-FILTRO-100,false,,Filtros de papel x 100,UN,ACCESORIOS,S,2.00,3415.88,0.00,6831.76,2028.00,4056.00,2775.76,0.41,
2025-05-02,2025-05,FAC 0003-00041682,FAC,false,C0127,Cafe Parque Chas II,Mayorista,CABA,CAP-FILTRO-100,CAP-FILTRO-100,false,,Filtros de papel x 100,UN,ACCESORIOS,S,4.00,3491.03,32.00,9495.60,2073.00,8292.00,1203.60,0.13,
2025-05-16,2025-05,FAC 0003-00041748,FAC,false,C9002,VENTA ONLINE,Ecommerce,,CAP-TAZA,CAP-TAZA,false,,Taza ceramica logo,UN,ACCESORIOS,S,3.00,9709.43,0.00,29128.28,4582.00,13746.00,15382.28,0.53,
2025-05-23,2025-05,FAC 0003-00042077,FAC,false,C9001,CONSUMIDOR FINAL,Local,CABA,CAF-ETIOP-250,CAF-ETIOP-250,false,,Etiopia Yirgacheffe 250 g,UN,CAFE,S,2.00,10363.99,0.00,20727.99,4473.00,8946.00,11781.99,0.57,
2025-05-07,2025-05,FAC 0003-00041925,FAC,false,C9002,VENTA ONLINE,Ecommerce,,CAF-CAPS-10,CAF-CAPS-10,false,,Capsulas compatibles x10,UN,CAFE,S,1.00,7527.53,0.00,7527.53,3600.00,3600.00,3927.53,0.52,
2025-04-03,2025-04,FAC 0003-00041409,FAC,false,C9002,VENTA ONLINE,Ecommerce,,CAP-FILTRO-100,CAP-FILTRO-100,false,,Filtros de papel x 100,UN,ACCESORIOS,S,1.00,3415.88,0.00,3415.88,2028.00,2028.00,1387.88,0.41,
2025-05-28,2025-05,FAC 0003-00041940,FAC,false,C9002,VENTA ONLINE,Ecommerce,,CAF-CAPS-10,CAF-CAPS-10,false,,Capsulas compatibles x10,UN,CAFE,S,2.00,7527.53,0.00,15055.07,3600.00,7200.00,7855.07,0.52,
2025-02-06,2025-02,FAC 0003-00040689,FAC,false,C9002,VENTA ONLINE,Ecommerce,,CAF-CAPS-10,CAF-CAPS-10,false,,Capsulas compatibles x10,UN,CAFE,S,2.00,7051.80,0.00,14103.60,3373.00,6746.00,7357.60,0.52,
2025-04-14,2025-04,FAC 0003-00041513,FAC,false,C9002,VENTA ONLINE,Ecommerce,,CAF-ETIOP-250,CAF-ETIOP-250,false,,Etiopia Yirgacheffe 250 g,UN,CAFE,S,1.00,10140.90,0.00,10140.90,4377.00,4377.00,5763.90,0.57,
2025-06-13,2025-06,FAC 0003-00042503,FAC,false,C9001,CONSUMIDOR FINAL,Local,CABA,CAF-BLEND-250,CAF-BLEND-250,false,,Blend Casa 250 g,UN,CAFE,S,1.00,6243.71,0.00,6243.71,2854.00,2854.00,3389.71,0.54,
2025-04-01,2025-04,FAC 0003-00041631,FAC,false,C9001,CONSUMIDOR FINAL,Local,CABA,CAF-BLEND-250,CAF-BLEND-250,false,,Blend Casa 250 g,UN,CAFE,S,2.00,5977.79,0.00,11955.58,2733.00,5466.00,6489.58,0.54,
2025-06-02,2025-06,FAC 0003-00042082,FAC,false,C0001,GRANOS DEL SUR S.A.,Distribuidor,Avellaneda,CAF-BLEND-CJ6,CAF-BLEND-CJ6,false,,Blend Casa CAJA X 6 (1kg c/u),CAJA X6,CAFE,S,6.00,113724.66,40.00,409408.78,65559.00,393354.00,16054.78,0.04,M. Paz
2025-04-26,2025-04,FAC 0003-00041380,FAC,false,C9002,VENTA ONLINE,Ecommerce,,CAF-BRAS-250,CAF-BRAS-250,false,,Brasil Cerrado 250 g,UN,CAFE,S,3.00,5657.55,0.00,16972.66,2594.00,7782.00,9190.66,0.54,
2025-05-28,2025-05,FAC 0003-00041680,FAC,false,C0126,Panaderia Parque Chas,Mayorista,CABA,CAF-BLEND-1K,CAF-BLEND-1K,false,,Blend Casa 1 kg,UN,CAFE,S,6.00,19637.04,32.00,80119.13,10691.00,64146.00,15973.13,0.20,
2025-06-15,2025-06,FAC 0003-00042307,FAC,false,C9002,VENTA ONLINE,Ecommerce,,CAF-COLOM-250,CAF-COLOM-250,false,,Colombia Huila 250 g,UN,CAFE,S,3.00,9142.57,0.00,27427.71,4014.00,12042.00,15385.71,0.56,
2025-05-05,2025-05,FAC 0003-00041654,FAC,false,C0103,Coffee Lab Belgrano II,Mayorista,CABA,CAF-BRAS-1K,CAF-BRAS-1K,false,,Brasil Cerrado 1 kg,UN,CAFE,S,2.00,18546.10,35.00,24109.92,10146.00,20292.00,3817.92,0.16,M. Paz
2025-06-15,2025-06,FAC 0003-00042086,FAC,false,C0001,GRANOS DEL SUR S.A.,Distribuidor,Avellaneda,CAF-BRAS-1K,CAF-BRAS-1K,false,,Brasil Cerrado 1 kg,UN,CAFE,S,12.00,18954.11,40.00,136469.59,10369.00,124428.00,12041.59,0.09,
2025-01-13,2025-01,FAC 0003-00040167,FAC,false,C9002,VENTA ONLINE,Ecommerce,,CAF-ETIOP-250,CAF-ETIOP-250,false,,Etiopia Yirgacheffe 250 g,UN,CAFE,S,2.00,9500.00,0.00,19000.00,4100.00,8200.00,10800.00,0.57,
2025-02-10,2025-02,FAC 0003-00040469,FAC,false,C0137,Panaderia Villa Urquiza II,Mayorista,CABA,CAF-BLEND-1K,CAF-BLEND-1K,false,,Blend Casa 1 kg,UN,CAFE,S,4.00,18396.00,30.00,51508.80,10016.00,40064.00,11444.80,0.22,
2025-03-28,2025-03,FAC 0003-00041079,FAC,false,C9002,VENTA ONLINE,Ecommerce,,CAF-ETIOP-250,CAF-ETIOP-250,false,,Etiopia Yirgacheffe 250 g,UN,CAFE,S,2.00,9922.60,0.00,19845.20,4282.00,8564.00,11281.20,0.57,
2025-03-28,2025-03,FAC 0003-00041118,FAC,false,C9001,CONSUMIDOR FINAL,Local,CABA,CAP-FILTRO-100,CAP-FILTRO-100,false,,Filtros de papel x 100,UN,ACCESORIOS,S,1.00,3342.35,0.00,3342.35,1985.00,1985.00,1357.35,0.41,
2025-06-21,2025-06,FAC 0003-00042489,FAC,false,C9001,CONSUMIDOR FINAL,Local,CABA,CAF-COLOM-250,CAF-COLOM-250,false,,Colombia Huila 250 g,UN,CAFE,S,2.00,9142.57,0.00,18285.14,4014.00,8028.00,10257.14,0.56,
2025-03-24,2025-03,FAC 0003-00040836,FAC,false,C0001,GRANOS DEL SUR S.A.,Distribuidor,Avellaneda,CAF-BLEND-1K,CAF-BLEND-1K,false,,Blend Casa 1 kg,UN,CAFE,S,41.00,18800.71,40.00,462497.52,10236.00,419676.00,42821.52,0.09,
2025-04-16,2025-04,FAC 0003-00041461,FAC,false,C9002,VENTA ONLINE,Ecommerce,,CAF-CAPS-10,CAF-CAPS-10,false,,Capsulas compatibles x10,UN,CAFE,S,2.00,7365.49,0.00,14730.98,3523.00,7046.00,7684.98,0.52,
2025-02-23,2025-02,FAC 0003-00040671,FAC,false,C9002,VENTA ONLINE,Ecommerce,,CAP-TAZA,CAP-TAZA,false,,Taza ceramica logo,UN,ACCESORIOS,S,1.00,9095.80,0.00,9095.80,4292.00,4292.00,4803.80,0.53,
2025-06-05,2025-06,FAC 0003-00042315,FAC,false,C9002,VENTA ONLINE,Ecommerce,,CAF-BRAS-250,CAF-BRAS-250,false,,Brasil Cerrado 250 g,UN,CAFE,S,2.00,5909.22,0.00,11818.45,2709.00,5418.00,6400.45,0.54,
2025-05-11,2025-05,FAC 0003-00042002,FAC,false,C9001,CONSUMIDOR FINAL,Local,CABA,CAF-BLEND-250,CAF-BLEND-250,false,,Blend Casa 250 g,UN,CAFE,S,2.00,6109.30,0.00,12218.60,2793.00,5586.00,6632.60,0.54,
2025-04-16,2025-04,FAC 0003-00041552,FAC,false,C9001,CONSUMIDOR FINAL,Local,CABA,CAF-BLEND-250,CAF-BLEND-250,false,,Blend Casa 250 g,UN,CAFE,S,1.00,5977.79,0.00,5977.79,2733.00,2733.00,3244.79,0.54,
2025-04-23,2025-04,FAC 0003-00041495,FAC,false,C9002,VENTA ONLINE,Ecommerce,,CAF-BLEND-250,CAF-BLEND-250,false,,Blend Casa 250 g,UN,CAFE,S,3.00,5977.79,0.00,17933.37,2733.00,8199.00,9734.37,0.54,
2025-01-01,2025-01,FAC 0003-00040315,FAC,false,C9001,CONSUMIDOR FINAL,Local,CABA,CAF-BLEND-250,CAF-BLEND-250,false,,Blend Casa 250 g,UN,CAFE,S,2.00,5600.00,0.00,11200.00,2560.00,5120.00,6080.00,0.54,
2025-02-17,2025-02,FAC 0003-00040725,FAC,false,C9001,CONSUMIDOR FINAL,Local,CABA,CAF-BLEND-1K,CAF-BLEND-1K,false,,Blend Casa 1 kg,UN,CAFE,S,1.00,18396.00,0.00,18396.00,10016.00,10016.00,8380.00,0.46,
2025-01-17,2025-01,FAC 0003-00040303,FAC,false,C9001,CONSUMIDOR FINAL,Local,CABA,CAF-ETIOP-250,CAF-ETIOP-250,false,,Etiopia Yirgacheffe 250 g,UN,CAFE,S,2.00,9500.00,0.00,19000.00,4100.00,8200.00,10800.00,0.57,
2025-06-08,2025-06,FAC 0003-00042084,FAC,false,C0001,GRANOS DEL SUR S.A.,Distribuidor,Avellaneda,CAF-BLEND-1K,CAF-BLEND-1K,false,,Blend Casa 1 kg,UN,CAFE,S,53.00,20069.06,40.00,638196.04,10926.00,579078.00,59118.04,0.09,
2025-05-26,2025-05,FAC 0003-00042045,FAC,false,C9001,CONSUMIDOR FINAL,Local,CABA,CAF-COLOM-250,CAF-COLOM-250,false,,Colombia Huila 250 g,UN,CAFE,S,2.00,8945.76,0.00,17891.53,3927.00,7854.00,10037.53,0.56,
2025-01-09,2025-01,FAC 0003-00040071,FAC,false,C9002,VENTA ONLINE,Ecommerce,,CAF-COLOM-250,CAF-COLOM-250,false,,Colombia Huila 250 g,UN,CAFE,S,3.00,8200.00,0.00,24600.00,3600.00,10800.00,13800.00,0.56,
2025-04-12,2025-04,FAC 0003-00041314,FAC,false,C9002,VENTA ONLINE,Ecommerce,,CAF-BLEND-250,CAF-BLEND-250,false,,Blend Casa 250 g,UN,CAFE,S,1.00,5977.79,0.00,5977.79,2733.00,2733.00,3244.79,0.54,
2025-02-21,2025-02,FAC 0003-00040648,FAC,false,C9002,VENTA ONLINE,Ecommerce,,CAF-CAPS-10,CAF-CAPS-10,false,,Capsulas compatibles x10,UN,CAFE,S,1.00,7051.80,0.00,7051.80,3373.00,3373.00,3678.80,0.52,
2025-05-13,2025-05,FAC 0003-00041832,FAC,false,C9002,VENTA ONLINE,Ecommerce,,CAF-ETIOP-250,CAF-ETIOP-250,false,,Etiopia Yirgacheffe 250 g,UN,CAFE,S,2.00,10363.99,0.00,20727.99,4473.00,8946.00,11781.99,0.57,
2025-04-13,2025-04,FAC 0003-00041260,FAC,false,C0113,Bar Recoleta II,Mayorista,CABA,CAF-BLEND-1K,CAF-BLEND-1K,false,,Blend Casa 1 kg,UN,CAFE,S,10.00,19214.33,30.00,134500.29,10461.00,104610.00,29890.29,0.22,
2025-02-22,2025-02,FAC 0003-00040696,FAC,false,C9001,CONSUMIDOR FINAL,Local,CABA,CAF-ETIOP-250,CAF-ETIOP-250,false,,Etiopia Yirgacheffe 250 g,UN,CAFE,S,2.00,9709.00,0.00,19418.00,4190.00,8380.00,11038.00,0.57,
2025-04-28,2025-04,FAC 0003-00041469,FAC,false,C9002,VENTA ONLINE,Ecommerce,,CAF-BRAS-250,CAF-BRAS-250,false,,Brasil Cerrado 250 g,UN,CAFE,S,3.00,5657.55,0.00,16972.66,2594.00,7782.00,9190.66,0.54,
2025-04-02,2025-04,FAC 0003-00041571,FAC,false,C9001,CONSUMIDOR FINAL,Local,CABA,CAF-BLEND-250,CAF-BLEND-250,false,,Blend Casa 250 g,UN,CAFE,S,1.00,5977.79,0.00,5977.79,2733.00,2733.00,3244.79,0.54,
2025-01-17,2025-01,FAC 0003-00040015,FAC,false,C0104,Tostado Villa Crespo,Mayorista,CABA,CAF-BRAS-1K,CAF-BRAS-1K,false,,Brasil Cerrado 1 kg,UN,CAFE,S,8.00,17000.00,35.00,88400.00,9300.00,74400.00,14000.00,0.16,M. Paz
2025-04-08,2025-04,FAC 0003-00041412,FAC,false,C9002,VENTA ONLINE,Ecommerce,,CAF-ETIOP-250,CAF-ETIOP-250,false,,Etiopia Yirgacheffe 250 g,UN,CAFE,S,2.00,10140.90,0.00,20281.79,4377.00,8754.00,11527.79,0.57,
2025-06-25,2025-06,FAC 0003-00042370,FAC,false,C9002,VENTA ONLINE,Ecommerce,,CAP-TAZA,CAP-TAZA,false,,Taza ceramica logo,UN,ACCESORIOS,S,2.00,9923.03,0.00,19846.07,4683.00,9366.00,10480.07,0.53,
2025-04-21,2025-04,FAC 0003-00041468,FAC,false,C9002,VENTA ONLINE,Ecommerce,,CAF-BLEND-250,CAF-BLEND-250,false,,Blend Casa 250 g,UN,CAFE,S,3.00,5977.79,0.00,17933.37,2733.00,8199.00,9734.37,0.54,
2025-03-05,2025-03,FAC 0003-00040870,FAC,false,C0124,Coffee Lab Flores,Mayorista,CABA,CAF-BLEND-1K,CAF-BLEND-1K,false,,Blend Casa 1 kg,UN,CAFE,S,3.00,18800.71,35.00,36661.39,10236.00,30708.00,5953.39,0.16,R. Ibarra
2025-04-19,2025-04,FAC 0003-00041361,FAC,false,C9002,VENTA ONLINE,Ecommerce,,CAP-TAZA,CAP-TAZA,false,,Taza ceramica logo,UN,ACCESORIOS,S,3.00,9500.42,0.00,28501.25,4483.00,13449.00,15052.25,0.53,
2025-04-21,2025-04,NC 0003-00001228,NC,true,C0001,GRANOS DEL SUR S.A.,Distribuidor,Avellaneda,CAF-BLEND-1K,CAF-BLEND-1K,false,,Blend Casa 1 kg,UN,CAFE,S,-4.00,19214.33,40.00,-46114.39,10461.00,-41844.00,-4270.39,,
2025-03-09,2025-03,FAC 0003-00041105,FAC,false,C9002,VENTA ONLINE,Ecommerce,,CAF-BRAS-250,CAF-BRAS-250,false,,Brasil Cerrado 250 g,UN,CAFE,S,2.00,5535.77,0.00,11071.53,2538.00,5076.00,5995.53,0.54,
2025-01-09,2025-01,FAC 0003-00040087,FAC,false,C9002,VENTA ONLINE,Ecommerce,,CAF-BLEND-250,CAF-BLEND-250,false,,Blend Casa 250 g,UN,CAFE,S,2.00,5600.00,0.00,11200.00,2560.00,5120.00,6080.00,0.54,
2025-06-21,2025-06,FAC 0003-00042312,FAC,false,C9002,VENTA ONLINE,Ecommerce,,CAF-COLOM-250,CAF-COLOM-250,false,,Colombia Huila 250 g,UN,CAFE,S,1.00,9142.57,0.00,9142.57,4014.00,4014.00,5128.57,0.56,
2025-06-05,2025-06,FAC 0003-00042251,FAC,false,C9002,VENTA ONLINE,Ecommerce,,CAF-ETIOP-250,CAF-ETIOP-250,false,,Etiopia Yirgacheffe 250 g,UN,CAFE,S,3.00,10592.00,0.00,31776.01,4571.00,13713.00,18063.01,0.57,
2025-06-22,2025-06,FAC 0003-00042252,FAC,false,C9002,VENTA ONLINE,Ecommerce,,CAF-DESCA-250,CAF-DESCA-250,false,,Descafeinado 250 g,UN,CAFE,S,3.00,8250.61,0.00,24751.84,3902.00,11706.00,13045.84,0.53,
2025-05-11,2025-05,FAC 0003-00041862,FAC,false,C9002,VENTA ONLINE,Ecommerce,,CAP-TAZA,CAP-TAZA,false,,Taza ceramica logo,UN,ACCESORIOS,S,2.00,9709.43,0.00,19418.85,4582.00,9164.00,10254.85,0.53,
2025-04-13,2025-04,FAC 0003-00041520,FAC,false,C9002,VENTA ONLINE,Ecommerce,,CAF-ETIOP-250,CAF-ETIOP-250,false,,Etiopia Yirgacheffe 250 g,UN,CAFE,S,3.00,10140.90,0.00,30422.69,4377.00,13131.00,17291.69,0.57,
2025-05-25,2025-05,FAC 0003-00041740,FAC,false,C9002,VENTA ONLINE,Ecommerce,,CAF-BLEND-250,CAF-BLEND-250,false,,Blend Casa 250 g,UN,CAFE,S,1.00,6109.30,0.00,6109.30,2793.00,2793.00,3316.30,0.54,
2025-03-12,2025-03,FAC 0003-00041182,FAC,false,C9001,CONSUMIDOR FINAL,Local,CABA,CAF-BLEND-1K,CAF-BLEND-1K,false,,Blend Casa 1 kg,UN,CAFE,S,2.00,18800.71,0.00,37601.42,10236.00,20472.00,17129.42,0.46,
2025-04-19,2025-04,FAC 0003-00041405,FAC,false,C9002,VENTA ONLINE,Ecommerce,,CAF-ETIOP-250,CAF-ETIOP-250,false,,Etiopia Yirgacheffe 250 g,UN,CAFE,S,2.00,10140.90,0.00,20281.79,4377.00,8754.00,11527.79,0.57,
2025-01-27,2025-01,FAC 0003-00040220,FAC,false,C9002,VENTA ONLINE,Ecommerce,,CAF-ETIOP-250,CAF-ETIOP-250,false,,Etiopia Yirgacheffe 250 g,UN,CAFE,S,1.00,9500.00,0.00,9500.00,4100.00,4100.00,5400.00,0.57,
2025-03-24,2025-03,FAC 0003-00041137,FAC,false,C9001,CONSUMIDOR FINAL,Local,CABA,CAF-ETIOP-250,CAF-ETIOP-250,false,,Etiopia Yirgacheffe 250 g,UN,CAFE,S,2.00,9922.60,0.00,19845.20,4282.00,8564.00,11281.20,0.57,
2025-01-11,2025-01,FAC 0003-00040255,FAC,false,C9002,VENTA ONLINE,Ecommerce,,CAF-BLEND-250,CAF-BLEND-250,false,,Blend Casa 250 g,UN,CAFE,S,3.00,5600.00,0.00,16800.00,2560.00,7680.00,9120.00,0.54,
2025-05-09,2025-05,FAC 0003-00041963,FAC,false,C9001,CONSUMIDOR FINAL,Local,CABA,CAF-ETIOP-250,CAF-ETIOP-250,false,,Etiopia Yirgacheffe 250 g,UN,CAFE,S,1.00,10363.99,0.00,10363.99,4473.00,4473.00,5890.99,0.57,
2025-01-12,2025-01,FAC 0003-00040257,FAC,false,C9002,VENTA ONLINE,Ecommerce,,CAP-TAZA,CAP-TAZA,false,,Taza ceramica logo,UN,ACCESORIOS,S,1.00,8900.00,0.00,8900.00,4200.00,4200.00,4700.00,0.53,
2025-05-10,2025-05,FAC 0003-00041887,FAC,false,C9002,VENTA ONLINE,Ecommerce,,CAP-TAZA,CAP-TAZA,false,,Taza ceramica logo,UN,ACCESORIOS,S,3.00,9709.43,0.00,29128.28,4582.00,13746.00,15382.28,0.53,
2025-01-18,2025-01,FAC 0003-00040002,FAC,false,C0001,GRANOS DEL SUR S.A.,Distribuidor,Avellaneda,CAF-BLEND-CJ6,CAF-BLEND-CJ6,false,,Blend Casa CAJA X 6 (1kg c/u),CAJA X6,CAFE,S,8.00,102000.00,40.00,489600.00,58800.00,470400.00,19200.00,0.04,M. Paz
2025-04-16,2025-04,FAC 0003-00041397,FAC,false,C9002,VENTA ONLINE,Ecommerce,,CAF-ETIOP-250,CAF-ETIOP-250,false,,Etiopia Yirgacheffe 250 g,UN,CAFE,S,1.00,10140.90,0.00,10140.90,4377.00,4377.00,5763.90,0.57,
2025-06-15,2025-06,FAC 0003-00042426,FAC,false,C9001,CONSUMIDOR FINAL,Local,CABA,CAF-BLEND-250,CAF-BLEND-250,false,,Blend Casa 250 g,UN,CAFE,S,2.00,6243.71,0.00,12487.41,2854.00,5708.00,6779.41,0.54,
2025-04-16,2025-04,FAC 0003-00041275,FAC,false,C0128,La Ventanita de San Telmo,Mayorista,CABA,CAF-BLEND-1K,CAF-BLEND-1K,false,,Blend Casa 1 kg,UN,CAFE,S,10.00,19214.33,32.00,130657.43,10461.00,104610.00,26047.43,0.20,R. Ibarra
2025-01-19,2025-01,FAC 0003-00040185,FAC,false,C9002,VENTA ONLINE,Ecommerce,,CAF-COLOM-250,CAF-COLOM-250,false,,Colombia Huila 250 g,UN,CAFE,S,1.00,8200.00,0.00,8200.00,3600.00,3600.00,4600.00,0.56,
2025-04-16,2025-04,FAC 0003-00041397,FAC,false,C9002,VENTA ONLINE,Ecommerce,,CAF-BLEND-250,CAF-BLEND-250,false,,Blend Casa 250 g,UN,CAFE,S,3.00,5977.79,0.00,17933.37,2733.00,8199.00,9734.37,0.54,
2025-04-07,2025-04,FAC 0003-00041270,FAC,false,C0124,Coffee Lab Flores,Mayorista,CABA,CAP-FILTRO-100,CAP-FILTRO-100,false,,Filtros de papel x 100,UN,ACCESORIOS,S,2.00,3415.88,35.00,4440.64,2028.00,4056.00,384.64,0.09,M. Paz
2025-05-10,2025-05,FAC 0003-00041735,FAC,false,C9002,VENTA ONLINE,Ecommerce,,CAF-BLEND-250,CAF-BLEND-250,false,,Blend Casa 250 g,UN,CAFE,S,3.00,6109.30,0.00,18327.91,2793.00,8379.00,9948.91,0.54,
2025-01-11,2025-01,FAC 0003-00040288,FAC,false,C9001,CONSUMIDOR FINAL,Local,CABA,CAP-FILTRO-100,CAP-FILTRO-100,false,,Filtros de papel x 100,UN,ACCESORIOS,S,2.00,3200.00,0.00,6400.00,1900.00,3800.00,2600.00,0.41,
2025-06-10,2025-06,FAC 0003-00042096,FAC,false,C0104,Tostado Villa Crespo,Mayorista,CABA,CAF-BRAS-1K,CAF-BRAS-1K,false,,Brasil Cerrado 1 kg,UN,CAFE,S,2.00,18954.11,35.00,24640.34,10369.00,20738.00,3902.34,0.16,R. Ibarra
2025-04-19,2025-04,FAC 0003-00041557,FAC,false,C9001,CONSUMIDOR FINAL,Local,CABA,CAF-BLEND-1K,CAF-BLEND-1K,false,,Blend Casa 1 kg,UN,CAFE,S,2.00,19214.33,0.00,38428.66,10461.00,20922.00,17506.66,0.46,
2025-06-05,2025-06,FAC 0003-00042149,FAC,false,C9002,VENTA ONLINE,Ecommerce,,CAF-ETIOP-250,CAF-ETIOP-250,false,,Etiopia Yirgacheffe 250 g,UN,CAFE,S,2.00,10592.00,0.00,21184.01,4571.00,9142.00,12042.01,0.57,
2025-06-25,2025-06,FAC 0003-00042260,FAC,false,C9002,VENTA ONLINE,Ecommerce,,CAF-BRAS-250,CAF-BRAS-250,false,,Brasil Cerrado 250 g,UN,CAFE,S,2.00,5909.22,0.00,11818.45,2709.00,5418.00,6400.45,0.54,
2025-02-06,2025-02,FAC 0003-00040464,FAC,false,C0133,El Almacen de Barracas II,Mayorista,CABA,CAF-ETIOP-250,CAF-ETIOP-250,false,,Etiopia Yirgacheffe 250 g,UN,CAFE,S,6.00,9709.00,35.00,37865.10,4190.00,25140.00,12725.10,0.34,
2025-04-21,2025-04,FAC 0003-00041491,FAC,false,C9002,VENTA ONLINE,Ecommerce,,CAF-COLOM-250,CAF-COLOM-250,false,,Colombia Huila 250 g,UN,CAFE,S,1.00,8753.19,0.00,8753.19,3843.00,3843.00,4910.19,0.56,
2025-05-07,2025-05,FAC 0003-00041646,FAC,false,C0001,GRANOS DEL SUR S.A.,Distribuidor,Avellaneda,CAF-BLEND-1K,CAF-BLEND-1K,false,,Blend Casa 1 kg,UN,CAFE,S,60.00,19637.04,40.00,706933.54,10691.00,641460.00,65473.54,0.09,R. Ibarra
2025-01-19,2025-01,FAC 0003-00040110,FAC,false,C9002,VENTA ONLINE,Ecommerce,,CAF-CAPS-10,CAF-CAPS-10,false,,Capsulas compatibles x10,UN,CAFE,S,2.00,6900.00,0.00,13800.00,3300.00,6600.00,7200.00,0.52,
2025-03-21,2025-03,FAC 0003-00041112,FAC,false,C9002,VENTA ONLINE,Ecommerce,,CAF-CAPS-10,CAF-CAPS-10,false,,Capsulas compatibles x10,UN,CAFE,S,1.00,7206.94,0.00,7206.94,3447.00,3447.00,3759.94,0.52,
2025-03-06,2025-03,FAC 0003-00041060,FAC,false,C9002,VENTA ONLINE,Ecommerce,,CAP-FILTRO-100,CAP-FILTRO-100,false,,Filtros de papel x 100,UN,ACCESORIOS,S,2.00,3342.35,0.00,6684.70,1985.00,3970.00,2714.70,0.41,
2025-02-01,2025-02,FAC 0003-00040809,FAC,false,C9001,CONSUMIDOR FINAL,Local,CABA,CAF-BLEND-250,CAF-BLEND-250,false,,Blend Casa 250 g,UN,CAFE,S,1.00,5723.20,0.00,5723.20,2616.00,2616.00,3107.20,0.54,
2025-01-09,2025-01,FAC 0003-00040294,FAC,false,C9001,CONSUMIDOR FINAL,Local,CABA,CAF-BLEND-250,CAF-BLEND-250,false,,Blend Casa 250 g,UN,CAFE,S,2.00,5600.00,0.00,11200.00,2560.00,5120.00,6080.00,0.54,
2025-03-15,2025-03,FAC 0003-00041038,FAC,false,C9002,VENTA ONLINE,Ecommerce,,CAF-COLOM-250,CAF-COLOM-250,false,,Colombia Huila 250 g,UN,CAFE,S,3.00,8564.77,0.00,25694.31,3760.00,11280.00,14414.31,0.56,
2025-03-26,2025-03,FAC 0003-00041146,FAC,false,C9001,CONSUMIDOR FINAL,Local,CABA,CAP-FILTRO-100,CAP-FILTRO-100,false,,Filtros de papel x 100,UN,ACCESORIOS,S,1.00,3342.35,0.00,3342.35,1985.00,1985.00,1357.35,0.41,
2025-03-10,2025-03,FAC 0003-00040893,FAC,false,C9002,VENTA ONLINE,Ecommerce,,CAF-BRAS-250,CAF-BRAS-250,false,,Brasil Cerrado 250 g,UN,CAFE,S,3.00,5535.77,0.00,16607.30,2538.00,7614.00,8993.30,0.54,
2025-04-21,2025-04,FAC 0003-00041423,FAC,false,C9002,VENTA ONLINE,Ecommerce,,CAF-ETIOP-250,CAF-ETIOP-250,false,,Etiopia Yirgacheffe 250 g,UN,CAFE,S,1.00,10140.90,0.00,10140.90,4377.00,4377.00,5763.90,0.57,
2025-06-24,2025-06,FAC 0003-00042217,FAC,false,C9002,VENTA ONLINE,Ecommerce,,CAF-COLOM-250,CAF-COLOM-250,false,,Colombia Huila 250 g,UN,CAFE,S,1.00,9142.57,0.00,9142.57,4014.00,4014.00,5128.57,0.56,
2025-01-13,2025-01,FAC 0003-00040033,FAC,false,C0121,Panaderia Chacarita II,Mayorista,CABA,CAF-BLEND-1K,CAF-BLEND-1K,false,,Blend Casa 1 kg,UN,CAFE,S,6.00,18000.00,35.00,70200.00,9800.00,58800.00,11400.00,0.16,
2025-01-27,2025-01,FAC 0003-00040324,FAC,false,C9001,CONSUMIDOR FINAL,Local,CABA,CAF-BLEND-1K,CAF-BLEND-1K,false,,Blend Casa 1 kg,UN,CAFE,S,2.00,18000.00,0.00,36000.00,9800.00,19600.00,16400.00,0.46,
2025-04-12,2025-04,FAC 0003-00041549,FAC,false,C9001,CONSUMIDOR FINAL,Local,CABA,CAF-BLEND-1K,CAF-BLEND-1K,false,,Blend Casa 1 kg,UN,CAFE,S,1.00,19214.33,0.00,19214.33,10461.00,10461.00,8753.33,0.46,
2025-05-10,2025-05,FAC 0003-00041852,FAC,false,C9002,VENTA ONLINE,Ecommerce,,CAF-BRAS-250,CAF-BRAS-250,false,,Brasil Cerrado 250 g,UN,CAFE,S,2.00,5782.02,0.00,11564.04,2651.00,5302.00,6262.04,0.54,
2025-01-17,2025-01,FAC 0003-00040184,FAC,false,C9002,VENTA ONLINE,Ecommerce,,CAF-ETIOP-250,CAF-ETIOP-250,false,,Etiopia Yirgacheffe 250 g,UN,CAFE,S,1.00,9500.00,0.00,9500.00,4100.00,4100.00,5400.00,0.57,
2025-01-22,2025-01,FAC 0003-00040150,FAC,false,C9002,VENTA ONLINE,Ecommerce,,CAF-COLOM-250,CAF-COLOM-250,false,,Colombia Huila 250 g,UN,CAFE,S,3.00,8200.00,0.00,24600.00,3600.00,10800.00,13800.00,0.56,
2025-04-27,2025-04,FAC 0003-00041505,FAC,false,C9002,VENTA ONLINE,Ecommerce,,CAF-DESCA-250,CAF-DESCA-250,false,,Descafeinado 250 g,UN,CAFE,S,3.00,7899.22,0.00,23697.67,3736.00,11208.00,12489.67,0.53,
2025-01-17,2025-01,NC 0003-00001207,NC,true,C0104,Tostado Villa Crespo,Mayorista,CABA,CAF-BRAS-1K,CAF-BRAS-1K,false,,Brasil Cerrado 1 kg,UN,CAFE,S,-1.00,17000.00,35.00,-11050.00,9300.00,-9300.00,-1750.00,,
2025-05-22,2025-05,FAC 0003-00041708,FAC,false,C9002,VENTA ONLINE,Ecommerce,,CAF-ETIOP-250,CAF-ETIOP-250,false,,Etiopia Yirgacheffe 250 g,UN,CAFE,S,1.00,10363.99,0.00,10363.99,4473.00,4473.00,5890.99,0.57,
2025-05-10,2025-05,FAC 0003-00041841,FAC,false,C9002,VENTA ONLINE,Ecommerce,,CAF-BLEND-250,CAF-BLEND-250,false,,Blend Casa 250 g,UN,CAFE,S,2.00,6109.30,0.00,12218.60,2793.00,5586.00,6632.60,0.54,
2025-04-08,2025-04,FAC 0003-00041252,FAC,false,C0106,El Almacen de Nunez,Mayorista,CABA,CAF-BLEND-1K,CAF-BLEND-1K,false,,Blend Casa 1 kg,UN,CAFE,S,10.00,19214.33,30.00,134500.29,10461.00,104610.00,29890.29,0.22,M. Paz
2025-03-18,2025-03,FAC 0003-00041077,FAC,false,C9002,VENTA ONLINE,Ecommerce,,CAF-COLOM-250,CAF-COLOM-250,false,,Colombia Huila 250 g,UN,CAFE,S,1.00,8564.77,0.00,8564.77,3760.00,3760.00,4804.77,0.56,
2025-01-04,2025-01,FAC 0003-00040153,FAC,false,C9002,VENTA ONLINE,Ecommerce,,CAF-CAPS-10,CAF-CAPS-10,false,,Capsulas compatibles x10,UN,CAFE,S,1.00,6900.00,0.00,6900.00,3300.00,3300.00,3600.00,0.52,
2025-02-06,2025-02,FAC 0003-00040462,FAC,false,C0131,Tostado Coghlan II,Mayorista,CABA,CAP-FILTRO-100,CAP-FILTRO-100,false,,Filtros de papel x 100,UN,ACCESORIOS,S,3.00,3270.40,35.00,6377.28,1942.00,5826.00,551.28,0.09,M. Paz
2025-06-10,2025-06,FAC 0003-00042096,FAC,false,C0104,Tostado Villa Crespo,Mayorista,CABA,CAF-BLEND-1K,CAF-BLEND-1K,false,,Blend Casa 1 kg,UN,CAFE,S,9.00,20069.06,35.00,117403.99,10926.00,98334.00,19069.99,0.16,R. Ibarra
2025-06-16,2025-06,FAC 0003-00042280,FAC,false,C9002,VENTA ONLINE,Ecommerce,,CAF-ETIOP-250,CAF-ETIOP-250,false,,Etiopia Yirgacheffe 250 g,UN,CAFE,S,1.00,10592.00,0.00,10592.00,4571.00,4571.00,6021.00,0.57,
2025-01-15,2025-01,FAC 0003-00040244,FAC,false,C9002,VENTA ONLINE,Ecommerce,,CAF-DESCA-250,CAF-DESCA-250,false,,Descafeinado 250 g,UN,CAFE,S,2.00,7400.00,0.00,14800.00,3500.00,7000.00,7800.00,0.53,
2025-02-10,2025-02,FAC 0003-00040750,FAC,false,C9001,CONSUMIDOR FINAL,Local,CABA,CAF-ETIOP-250,CAF-ETIOP-250,false,,Etiopia Yirgacheffe 250 g,UN,CAFE,S,2.00,9709.00,0.00,19418.00,4190.00,8380.00,11038.00,0.57,
2025-02-13,2025-02,FAC 0003-00040715,FAC,false,C9001,CONSUMIDOR FINAL,Local,CABA,CAP-FILTRO-100,CAP-FILTRO-100,false,,Filtros de papel x 100,UN,ACCESORIOS,S,2.00,3270.40,0.00,6540.80,1942.00,3884.00,2656.80,0.41,
2025-02-21,2025-02,FAC 0003-00040497,FAC,false,C9002,VENTA ONLINE,Ecommerce,,CAF-COLOM-250,CAF-COLOM-250,false,,Colombia Huila 250 g,UN,CAFE,S,1.00,8380.40,0.00,8380.40,3679.00,3679.00,4701.40,0.56,
2025-03-26,2025-03,FAC 0003-00040838,FAC,false,C0001,GRANOS DEL SUR S.A.,Distribuidor,Avellaneda,BLEND1K,CAF-BLEND-1K,true,Codigo viejo informado en ventas; corresponde a Blend Casa 1 kg.,Blend Casa 1 kg,UN,CAFE,S,59.00,18800.71,40.00,665545.20,10236.00,603924.00,61621.20,0.09,
2025-04-01,2025-04,FAC 0003-00041369,FAC,false,C9002,VENTA ONLINE,Ecommerce,,CAF-COLOM-250,CAF-COLOM-250,false,,Colombia Huila 250 g,UN,CAFE,S,2.00,8753.19,0.00,17506.39,3843.00,7686.00,9820.39,0.56,
2025-06-27,2025-06,FAC 0003-00042117,FAC,false,C0121,Panaderia Chacarita II,Mayorista,CABA,CAF-BLEND-1K,CAF-BLEND-1K,false,,Blend Casa 1 kg,UN,CAFE,S,7.00,20069.06,35.00,91314.21,10926.00,76482.00,14832.21,0.16,M. Paz
2025-04-11,2025-04,FAC 0003-00041399,FAC,false,C9002,VENTA ONLINE,Ecommerce,,CAP-TAZA,CAP-TAZA,false,,Taza ceramica logo,UN,ACCESORIOS,S,1.00,9500.42,0.00,9500.42,4483.00,4483.00,5017.42,0.53,
2025-02-06,2025-02,FAC 0003-00040472,FAC,false,C0138,El Almacen de Constitucion,Mayorista,CABA,CAF-BLEND-1K,CAF-BLEND-1K,false,,Blend Casa 1 kg,UN,CAFE,S,5.00,18396.00,30.00,64386.00,10016.00,50080.00,14306.00,0.22,R. Ibarra
2025-06-24,2025-06,FAC 0003-00042288,FAC,false,C9002,VENTA ONLINE,Ecommerce,,CAF-COLOM-250,CAF-COLOM-250,false,,Colombia Huila 250 g,UN,CAFE,S,2.00,9142.57,0.00,18285.14,4014.00,8028.00,10257.14,0.56,
2025-01-25,2025-01,FAC 0003-00040093,FAC,false,C9002,VENTA ONLINE,Ecommerce,,CAP-FILTRO-100,CAP-FILTRO-100,false,,Filtros de papel x 100,UN,ACCESORIOS,S,2.00,3200.00,0.00,6400.00,1900.00,3800.00,2600.00,0.41,
2025-01-07,2025-01,FAC 0003-00040013,FAC,false,C0103,Coffee Lab Belgrano II,Mayorista,CABA,CAP-FILTRO-100,CAP-FILTRO-100,false,,Filtros de papel x 100,UN,ACCESORIOS,S,5.00,3200.00,35.00,10400.00,1900.00,9500.00,900.00,0.09,R. Ibarra
2025-02-20,2025-02,FAC 0003-00040599,FAC,false,C9002,VENTA ONLINE,Ecommerce,,CAF-BLEND-250,CAF-BLEND-250,false,,Blend Casa 250 g,UN,CAFE,S,1.00,5723.20,0.00,5723.20,2616.00,2616.00,3107.20,0.54,
2025-02-26,2025-02,FAC 0003-00040587,FAC,false,C9002,VENTA ONLINE,Ecommerce,,CAF-BRAS-250,CAF-BRAS-250,false,,Brasil Cerrado 250 g,UN,CAFE,S,3.00,5416.60,0.00,16249.80,2483.00,7449.00,8800.80,0.54,
2025-01-07,2025-01,FAC 0003-00040188,FAC,false,C9002,VENTA ONLINE,Ecommerce,,CAF-BRAS-250,CAF-BRAS-250,false,,Brasil Cerrado 250 g,UN,CAFE,S,2.00,5300.00,0.00,10600.00,2430.00,4860.00,5740.00,0.54,
2025-04-09,2025-04,FAC 0003-00041565,FAC,false,C9001,CONSUMIDOR FINAL,Local,CABA,CAP-FILTRO-100,CAP-FILTRO-100,false,,Filtros de papel x 100,UN,ACCESORIOS,S,1.00,3415.88,0.00,3415.88,2028.00,2028.00,1387.88,0.41,
2025-02-15,2025-02,FAC 0003-00040663,FAC,false,C9002,VENTA ONLINE,Ecommerce,,CAF-COLOM-250,CAF-COLOM-250,false,,Colombia Huila 250 g,UN,CAFE,S,3.00,8380.40,0.00,25141.20,3679.00,11037.00,14104.20,0.56,
2025-01-19,2025-01,FAC 0003-00040100,FAC,false,C9002,VENTA ONLINE,Ecommerce,,CAF-BLEND-250,CAF-BLEND-250,false,,Blend Casa 250 g,UN,CAFE,S,1.00,5600.00,0.00,5600.00,2560.00,2560.00,3040.00,0.54,
2025-04-05,2025-04,FAC 0003-00041448,FAC,false,C9002,VENTA ONLINE,Ecommerce,,CAF-DESCA-250,CAF-DESCA-250,false,,Descafeinado 250 g,UN,CAFE,S,3.00,7899.22,0.00,23697.67,3736.00,11208.00,12489.67,0.53,
2025-04-07,2025-04,FAC 0003-00041270,FAC,false,C0124,Coffee Lab Flores,Mayorista,CABA,CAF-BRAS-1K,CAF-BRAS-1K,false,,Brasil Cerrado 1 kg,UN,CAFE,S,7.00,18146.87,35.00,82568.24,9927.00,69489.00,13079.24,0.16,M. Paz
2025-01-17,2025-01,FAC 0003-00040328,FAC,false,C9001,CONSUMIDOR FINAL,Local,CABA,CAF-ETIOP-250,CAF-ETIOP-250,false,,Etiopia Yirgacheffe 250 g,UN,CAFE,S,2.00,9500.00,0.00,19000.00,4100.00,8200.00,10800.00,0.57,
2025-02-08,2025-02,FAC 0003-00040669,FAC,false,C9002,VENTA ONLINE,Ecommerce,,CAF-COLOM-250,CAF-COLOM-250,false,,Colombia Huila 250 g,UN,CAFE,S,1.00,8380.40,0.00,8380.40,3679.00,3679.00,4701.40,0.56,
2025-04-08,2025-04,FAC 0003-00041274,FAC,false,C0127,Cafe Parque Chas II,Mayorista,CABA,CAF-BRAS-1K,CAF-BRAS-1K,false,,Brasil Cerrado 1 kg,UN,CAFE,S,4.00,18146.87,32.00,49359.47,9927.00,39708.00,9651.47,0.20,M. Paz
2025-01-04,2025-01,FAC 0003-00040153,FAC,false,C9002,VENTA ONLINE,Ecommerce,,CAF-BLEND-250,CAF-BLEND-250,false,,Blend Casa 250 g,UN,CAFE,S,2.00,5600.00,0.00,11200.00,2560.00,5120.00,6080.00,0.54,
2025-03-14,2025-03,FAC 0003-00041200,FAC,false,C9001,CONSUMIDOR FINAL,Local,CABA,CAF-BLEND-250,CAF-BLEND-250,false,,Blend Casa 250 g,UN,CAFE,S,2.00,5849.11,0.00,11698.22,2674.00,5348.00,6350.22,0.54,
2025-05-03,2025-05,FAC 0003-00041928,FAC,false,C9002,VENTA ONLINE,Ecommerce,,CAF-BRAS-250,CAF-BRAS-250,false,,Brasil Cerrado 250 g,UN,CAFE,S,3.00,5782.02,0.00,17346.05,2651.00,7953.00,9393.05,0.54,
2025-01-21,2025-01,FAC 0003-00040218,FAC,false,C9002,VENTA ONLINE,Ecommerce,,CAF-BLEND-250,CAF-BLEND-250,false,,Blend Casa 250 g,UN,CAFE,S,2.00,5600.00,0.00,11200.00,2560.00,5120.00,6080.00,0.54,
2025-04-03,2025-04,FAC 0003-00041245,FAC,false,C0001,GRANOS DEL SUR S.A.,Distribuidor,Avellaneda,BLEND1K,CAF-BLEND-1K,true,Codigo viejo informado en ventas; corresponde a Blend Casa 1 kg.,Blend Casa 1 kg,UN,CAFE,S,35.00,19214.33,40.00,403500.88,10461.00,366135.00,37365.88,0.09,M. Paz
2025-04-27,2025-04,FAC 0003-00041336,FAC,false,C9002,VENTA ONLINE,Ecommerce,,CAF-CAPS-10,CAF-CAPS-10,false,,Capsulas compatibles x10,UN,CAFE,S,1.00,7365.49,0.00,7365.49,3523.00,3523.00,3842.49,0.52,
2025-03-18,2025-03,FAC 0003-00041020,FAC,false,C9002,VENTA ONLINE,Ecommerce,,CAF-ETIOP-250,CAF-ETIOP-250,false,,Etiopia Yirgacheffe 250 g,UN,CAFE,S,1.00,9922.60,0.00,9922.60,4282.00,4282.00,5640.60,0.57,
2025-02-03,2025-02,FAC 0003-00040600,FAC,false,C9002,VENTA ONLINE,Ecommerce,,CAF-BLEND-250,CAF-BLEND-250,false,,Blend Casa 250 g,UN,CAFE,S,2.00,5723.20,0.00,11446.40,2616.00,5232.00,6214.40,0.54,
2025-02-25,2025-02,FAC 0003-00040688,FAC,false,C9002,VENTA ONLINE,Ecommerce,,CAF-COLOM-250,CAF-COLOM-250,false,,Colombia Huila 250 g,UN,CAFE,S,2.00,8380.40,0.00,16760.80,3679.00,7358.00,9402.80,0.56,
2025-03-24,2025-03,FAC 0003-00040980,FAC,false,C9002,VENTA ONLINE,Ecommerce,,CAF-ETIOP-250,CAF-ETIOP-250,false,,Etiopia Yirgacheffe 250 g,UN,CAFE,S,2.00,9922.60,0.00,19845.20,4282.00,8564.00,11281.20,0.57,
2025-06-26,2025-06,FAC 0003-00042231,FAC,false,C9002,VENTA ONLINE,Ecommerce,,CAF-COLOM-250,CAF-COLOM-250,false,,Colombia Huila 250 g,UN,CAFE,S,1.00,9142.57,0.00,9142.57,4014.00,4014.00,5128.57,0.56,
2025-06-11,2025-06,FAC 0003-00042180,FAC,false,C9002,VENTA ONLINE,Ecommerce,,CAF-COLOM-250,CAF-COLOM-250,false,,Colombia Huila 250 g,UN,CAFE,S,1.00,9142.57,0.00,9142.57,4014.00,4014.00,5128.57,0.56,
2025-01-19,2025-01,FAC 0003-00040034,FAC,false,C0122,El Almacen de Almagro,Mayorista,CABA,CAF-BRAS-1K,CAF-BRAS-1K,false,,Brasil Cerrado 1 kg,UN,CAFE,S,4.00,17000.00,32.00,46240.00,9300.00,37200.00,9040.00,0.20,R. Ibarra
2025-06-25,2025-06,NC 0003-00001236,NC,true,C0118,Bar Saavedra,Mayorista,CABA,CAF-BRAS-1K,CAF-BRAS-1K,false,,Brasil Cerrado 1 kg,UN,CAFE,S,-5.00,18954.11,32.00,-64443.97,10369.00,-51845.00,-12598.97,,
2025-03-13,2025-03,FAC 0003-00040982,FAC,false,C9002,VENTA ONLINE,Ecommerce,,CAF-DESCA-250,CAF-DESCA-250,false,,Descafeinado 250 g,UN,CAFE,S,3.00,7729.18,0.00,23187.54,3656.00,10968.00,12219.54,0.53,
2025-02-13,2025-02,FAC 0003-00040588,FAC,false,C9002,VENTA ONLINE,Ecommerce,,CAP-FILTRO-100,CAP-FILTRO-100,false,,Filtros de papel x 100,UN,ACCESORIOS,S,1.00,3270.40,0.00,3270.40,1942.00,1942.00,1328.40,0.41,
2025-01-14,2025-01,FAC 0003-00040204,FAC,false,C9002,VENTA ONLINE,Ecommerce,,CAF-COLOM-250,CAF-COLOM-250,false,,Colombia Huila 250 g,UN,CAFE,S,2.00,8200.00,0.00,16400.00,3600.00,7200.00,9200.00,0.56,
2025-06-15,2025-06,FAC 0003-00042254,FAC,false,C9002,VENTA ONLINE,Ecommerce,,CAF-BLEND-250,CAF-BLEND-250,false,,Blend Casa 250 g,UN,CAFE,S,2.00,6243.71,0.00,12487.41,2854.00,5708.00,6779.41,0.54,
2025-05-08,2025-05,FAC 0003-00041689,FAC,false,C0133,El Almacen de Barracas II,Mayorista,CABA,CAF-BLEND-1K,CAF-BLEND-1K,false,,Blend Casa 1 kg,UN,CAFE,S,4.00,19637.04,35.00,51056.31,10691.00,42764.00,8292.31,0.16,R. Ibarra
2025-06-07,2025-06,FAC 0003-00042323,FAC,false,C9002,VENTA ONLINE,Ecommerce,,CAF-COLOM-250,CAF-COLOM-250,false,,Colombia Huila 250 g,UN,CAFE,S,2.00,9142.57,0.00,18285.14,4014.00,8028.00,10257.14,0.56,
2025-06-15,2025-06,FAC 0003-00042254,FAC,false,C9002,VENTA ONLINE,Ecommerce,,CAF-COLOM-250,CAF-COLOM-250,false,,Colombia Huila 250 g,UN,CAFE,S,3.00,9142.57,0.00,27427.71,4014.00,12042.00,15385.71,0.56,
2025-05-04,2025-05,FAC 0003-00041981,FAC,false,C9001,CONSUMIDOR FINAL,Local,CABA,CAP-FILTRO-100,CAP-FILTRO-100,false,,Filtros de papel x 100,UN,ACCESORIOS,S,2.00,3491.03,0.00,6982.06,2073.00,4146.00,2836.06,0.41,
2025-02-22,2025-02,FAC 0003-00040416,FAC,false,C0001,GRANOS DEL SUR S.A.,Distribuidor,Avellaneda,CAF-BLEND-CJ6,CAF-BLEND-CJ6,false,,Blend Casa CAJA X 6 (1kg c/u),CAJA X6,CAFE,S,9.00,104244.00,40.00,562917.60,60094.00,540846.00,22071.60,0.04,R. Ibarra
2025-02-09,2025-02,FAC 0003-00040530,FAC,false,C9002,VENTA ONLINE,Ecommerce,,CAF-COLOM-250,CAF-COLOM-250,false,,Colombia Huila 250 g,UN,CAFE,S,1.00,8380.40,0.00,8380.40,3679.00,3679.00,4701.40,0.56,
2025-01-15,2025-01,FAC 0003-00040132,FAC,false,C9002,VENTA ONLINE,Ecommerce,,CAF-BRAS-250,CAF-BRAS-250,false,,Brasil Cerrado 250 g,UN,CAFE,S,1.00,5300.00,0.00,5300.00,2430.00,2430.00,2870.00,0.54,
2025-06-23,2025-06,FAC 0003-00042431,FAC,false,C9001,CONSUMIDOR FINAL,Local,CABA,CAF-ETIOP-250,CAF-ETIOP-250,false,,Etiopia Yirgacheffe 250 g,UN,CAFE,S,1.00,10592.00,0.00,10592.00,4571.00,4571.00,6021.00,0.57,
2025-03-10,2025-03,FAC 0003-00040969,FAC,false,C9002,VENTA ONLINE,Ecommerce,,CAF-COLOM-250,CAF-COLOM-250,false,,Colombia Huila 250 g,UN,CAFE,S,1.00,8564.77,0.00,8564.77,3760.00,3760.00,4804.77,0.56,
2025-06-07,2025-06,FAC 0003-00042447,FAC,false,C9001,CONSUMIDOR FINAL,Local,CABA,CAF-COLOM-250,CAF-COLOM-250,false,,Colombia Huila 250 g,UN,CAFE,S,2.00,9142.57,0.00,18285.14,4014.00,8028.00,10257.14,0.56,
2025-04-02,2025-04,FAC 0003-00041581,FAC,false,C9001,CONSUMIDOR FINAL,Local,CABA,CAF-BLEND-250,CAF-BLEND-250,false,,Blend Casa 250 g,UN,CAFE,S,2.00,5977.79,0.00,11955.58,2733.00,5466.00,6489.58,0.54,
2025-05-24,2025-05,FAC 0003-00041752,FAC,false,C9002,VENTA ONLINE,Ecommerce,,CAF-BRAS-250,CAF-BRAS-250,false,,Brasil Cerrado 250 g,UN,CAFE,S,2.00,5782.02,0.00,11564.04,2651.00,5302.00,6262.04,0.54,
2025-02-07,2025-02,FAC 0003-00040811,FAC,false,C9001,CONSUMIDOR FINAL,Local,CABA,CAF-ETIOP-250,CAF-ETIOP-250,false,,Etiopia Yirgacheffe 250 g,UN,CAFE,S,2.00,9709.00,0.00,19418.00,4190.00,8380.00,11038.00,0.57,
2025-01-22,2025-01,FAC 0003-00040059,FAC,false,C9002,VENTA ONLINE,Ecommerce,,CAP-TAZA,CAP-TAZA,false,,Taza ceramica logo,UN,ACCESORIOS,S,3.00,8900.00,0.00,26700.00,4200.00,12600.00,14100.00,0.53,
2025-06-22,2025-06,FAC 0003-00042133,FAC,false,C0134,Bar Agronomia,Mayorista,CABA,CAF-BLEND-1K,CAF-BLEND-1K,false,,Blend Casa 1 kg,UN,CAFE,S,3.00,20069.06,35.00,39134.66,10926.00,32778.00,6356.66,0.16,R. Ibarra
2025-05-09,2025-05,FAC 0003-00041714,FAC,false,C9002,VENTA ONLINE,Ecommerce,,CAF-COLOM-250,CAF-COLOM-250,false,,Colombia Huila 250 g,UN,CAFE,S,2.00,8945.76,0.00,17891.53,3927.00,7854.00,10037.53,0.56,
2025-03-25,2025-03,FAC 0003-00040950,FAC,false,C9002,VENTA ONLINE,Ecommerce,,CAF-BRAS-250,CAF-BRAS-250,false,,Brasil Cerrado 250 g,UN,CAFE,S,3.00,5535.77,0.00,16607.30,2538.00,7614.00,8993.30,0.54,
2025-03-04,2025-03,FAC 0003-00041198,FAC,false,C9001,CONSUMIDOR FINAL,Local,CABA,CAP-FILTRO-100,CAP-FILTRO-100,false,,Filtros de papel x 100,UN,ACCESORIOS,S,2.00,3342.35,0.00,6684.70,1985.00,3970.00,2714.70,0.41,
2025-01-13,2025-01,FAC 0003-00040024,FAC,false,C0111,Cafe Devoto II,Mayorista,CABA,CAF-BLEND-1K,CAF-BLEND-1K,false,,Blend Casa 1 kg,UN,CAFE,S,7.00,18000.00,35.00,81900.00,9800.00,68600.00,13300.00,0.16,M. Paz
2025-04-04,2025-04,FAC 0003-00041390,FAC,false,C9002,VENTA ONLINE,Ecommerce,,CAF-DESCA-250,CAF-DESCA-250,false,,Descafeinado 250 g,UN,CAFE,S,1.00,7899.22,0.00,7899.22,3736.00,3736.00,4163.22,0.53,
2025-03-13,2025-03,FAC 0003-00041056,FAC,false,C9002,VENTA ONLINE,Ecommerce,,CAF-ETIOP-250,CAF-ETIOP-250,false,,Etiopia Yirgacheffe 250 g,UN,CAFE,S,1.00,9922.60,0.00,9922.60,4282.00,4282.00,5640.60,0.57,
2025-04-24,2025-04,FAC 0003-00041413,FAC,false,C9002,VENTA ONLINE,Ecommerce,,CAF-COLOM-250,CAF-COLOM-250,false,,Colombia Huila 250 g,UN,CAFE,S,1.00,8753.19,0.00,8753.19,3843.00,3843.00,4910.19,0.56,
2025-04-21,2025-04,FAC 0003-00041423,FAC,false,C9002,VENTA ONLINE,Ecommerce,,CAP-FILTRO-100,CAP-FILTRO-100,false,,Filtros de papel x 100,UN,ACCESORIOS,S,3.00,3415.88,0.00,10247.64,2028.00,6084.00,4163.64,0.41,
2025-02-22,2025-02,FAC 0003-00040414,FAC,false,C0001,GRANOS DEL SUR S.A.,Distribuidor,Avellaneda,CAF-BRAS-1K,CAF-BRAS-1K,false,,Brasil Cerrado 1 kg,UN,CAFE,S,12.00,17374.00,40.00,125092.80,9505.00,114060.00,11032.80,0.09,M. Paz
2025-05-12,2025-05,FAC 0003-00041789,FAC,false,C9002,VENTA ONLINE,Ecommerce,,CAF-DESCA-250,CAF-DESCA-250,false,,Descafeinado 250 g,UN,CAFE,S,2.00,8073.01,0.00,16146.01,3818.00,7636.00,8510.01,0.53,
2025-01-19,2025-01,FAC 0003-00040177,FAC,false,C9002,VENTA ONLINE,Ecommerce,,CAF-ETIOP-250,CAF-ETIOP-250,false,,Etiopia Yirgacheffe 250 g,UN,CAFE,S,3.00,9500.00,0.00,28500.00,4100.00,12300.00,16200.00,0.57,
2025-05-04,2025-05,FAC 0003-00041919,FAC,false,C9002,VENTA ONLINE,Ecommerce,,CAF-COLOM-250,CAF-COLOM-250,false,,Colombia Huila 250 g,UN,CAFE,S,3.00,8945.76,0.00,26837.29,3927.00,11781.00,15056.29,0.56,
2025-01-17,2025-01,FAC 0003-00040219,FAC,false,C9002,VENTA ONLINE,Ecommerce,,CAF-ETIOP-250,CAF-ETIOP-250,false,,Etiopia Yirgacheffe 250 g,UN,CAFE,S,3.00,9500.00,0.00,28500.00,4100.00,12300.00,16200.00,0.57,
2025-04-24,2025-04,FAC 0003-00041427,FAC,false,C9002,VENTA ONLINE,Ecommerce,,CAF-ETIOP-250,CAF-ETIOP-250,false,,Etiopia Yirgacheffe 250 g,UN,CAFE,S,1.00,10140.90,0.00,10140.90,4377.00,4377.00,5763.90,0.57,
2025-02-07,2025-02,FAC 0003-00040466,FAC,false,C0134,Bar Agronomia,Mayorista,CABA,CAF-BLEND-1K,CAF-BLEND-1K,false,,Blend Casa 1 kg,UN,CAFE,S,3.00,18396.00,35.00,35872.20,10016.00,30048.00,5824.20,0.16,R. Ibarra
2025-05-28,2025-05,FAC 0003-00041797,FAC,false,C9002,VENTA ONLINE,Ecommerce,,CAF-BRAS-250,CAF-BRAS-250,false,,Brasil Cerrado 250 g,UN,CAFE,S,1.00,5782.02,0.00,5782.02,2651.00,2651.00,3131.02,0.54,
2025-04-18,2025-04,FAC 0003-00041407,FAC,false,C9002,VENTA ONLINE,Ecommerce,,CAF-ETIOP-250,CAF-ETIOP-250,false,,Etiopia Yirgacheffe 250 g,UN,CAFE,S,3.00,10140.90,0.00,30422.69,4377.00,13131.00,17291.69,0.57,
2025-05-17,2025-05,FAC 0003-00041672,FAC,false,C0118,Bar Saavedra,Mayorista,CABA,CAF-BLEND-1K,CAF-BLEND-1K,false,,Blend Casa 1 kg,UN,CAFE,S,4.00,19637.04,32.00,53412.76,10691.00,42764.00,10648.76,0.20,M. Paz
2025-04-11,2025-04,FAC 0003-00041484,FAC,false,C9002,VENTA ONLINE,Ecommerce,,CAF-BRAS-250,CAF-BRAS-250,false,,Brasil Cerrado 250 g,UN,CAFE,S,1.00,5657.55,0.00,5657.55,2594.00,2594.00,3063.55,0.54,
2025-04-22,2025-04,FAC 0003-00041576,FAC,false,C9001,CONSUMIDOR FINAL,Local,CABA,CAF-BLEND-250,CAF-BLEND-250,false,,Blend Casa 250 g,UN,CAFE,S,1.00,5977.79,0.00,5977.79,2733.00,2733.00,3244.79,0.54,
2025-01-23,2025-01,FAC 0003-00040091,FAC,false,C9002,VENTA ONLINE,Ecommerce,,CAF-BRAS-250,CAF-BRAS-250,false,,Brasil Cerrado 250 g,UN,CAFE,S,3.00,5300.00,0.00,15900.00,2430.00,7290.00,8610.00,0.54,
2025-03-21,2025-03,FAC 0003-00040946,FAC,false,C9002,VENTA ONLINE,Ecommerce,,CAP-TAZA,CAP-TAZA,false,,Taza ceramica logo,UN,ACCESORIOS,S,2.00,9295.91,0.00,18591.82,4387.00,8774.00,9817.82,0.53,
2025-02-21,2025-02,FAC 0003-00040494,FAC,false,C9002,VENTA ONLINE,Ecommerce,,CAF-BLEND-250,CAF-BLEND-250,false,,Blend Casa 250 g,UN,CAFE,S,3.00,5723.20,0.00,17169.60,2616.00,7848.00,9321.60,0.54,
2025-03-08,2025-03,FAC 0003-00040954,FAC,false,C9002,VENTA ONLINE,Ecommerce,,CAF-BRAS-250,CAF-BRAS-250,false,,Brasil Cerrado 250 g,UN,CAFE,S,2.00,5535.77,0.00,11071.53,2538.00,5076.00,5995.53,0.54,
2025-01-14,2025-01,FAC 0003-00040290,FAC,false,C9001,CONSUMIDOR FINAL,Local,CABA,CAF-BLEND-250,CAF-BLEND-250,false,,Blend Casa 250 g,UN,CAFE,S,2.00,5600.00,0.00,11200.00,2560.00,5120.00,6080.00,0.54,
2025-01-04,2025-01,FAC 0003-00040248,FAC,false,C9002,VENTA ONLINE,Ecommerce,,CAF-COLOM-250,CAF-COLOM-250,false,,Colombia Huila 250 g,UN,CAFE,S,2.00,8200.00,0.00,16400.00,3600.00,7200.00,9200.00,0.56,
2025-05-18,2025-05,FAC 0003-00041997,FAC,false,C9001,CONSUMIDOR FINAL,Local,CABA,CAF-ETIOP-250,CAF-ETIOP-250,false,,Etiopia Yirgacheffe 250 g,UN,CAFE,S,1.00,10363.99,0.00,10363.99,4473.00,4473.00,5890.99,0.57,
2025-04-26,2025-04,FAC 0003-00041522,FAC,false,C9002,VENTA ONLINE,Ecommerce,,CAF-CAPS-10,CAF-CAPS-10,false,,Capsulas compatibles x10,UN,CAFE,S,3.00,7365.49,0.00,22096.48,3523.00,10569.00,11527.48,0.52,
2025-03-07,2025-03,FAC 0003-00041009,FAC,false,C9002,VENTA ONLINE,Ecommerce,,CAF-COLOM-250,CAF-COLOM-250,false,,Colombia Huila 250 g,UN,CAFE,S,2.00,8564.77,0.00,17129.54,3760.00,7520.00,9609.54,0.56,
2025-02-16,2025-02,FAC 0003-00040524,FAC,false,C9002,VENTA ONLINE,Ecommerce,,CAF-BLEND-250,CAF-BLEND-250,false,,Blend Casa 250 g,UN,CAFE,S,2.00,5723.20,0.00,11446.40,2616.00,5232.00,6214.40,0.54,
2025-05-08,2025-05,FAC 0003-00041971,FAC,false,C9001,CONSUMIDOR FINAL,Local,CABA,CAF-BLEND-250,CAF-BLEND-250,false,,Blend Casa 250 g,UN,CAFE,S,2.00,6109.30,0.00,12218.60,2793.00,5586.00,6632.60,0.54,
2025-06-26,2025-06,FAC 0003-00042492,FAC,false,C9001,CONSUMIDOR FINAL,Local,CABA,CAF-BLEND-250,CAF-BLEND-250,false,,Blend Casa 250 g,UN,CAFE,S,1.00,6243.71,0.00,6243.71,2854.00,2854.00,3389.71,0.54,
2025-02-01,2025-02,FAC 0003-00040672,FAC,false,C9002,VENTA ONLINE,Ecommerce,,CAF-CAPS-10,CAF-CAPS-10,false,,Capsulas compatibles x10,UN,CAFE,S,2.00,7051.80,0.00,14103.60,3373.00,6746.00,7357.60,0.52,
2025-06-19,2025-06,FAC 0003-00042434,FAC,false,C9001,CONSUMIDOR FINAL,Local,CABA,CAF-COLOM-250,CAF-COLOM-250,false,,Colombia Huila 250 g,UN,CAFE,S,2.00,9142.57,0.00,18285.14,4014.00,8028.00,10257.14,0.56,
2025-05-20,2025-05,FAC 0003-00041869,FAC,false,C9002,VENTA ONLINE,Ecommerce,,CAF-DESCA-250,CAF-DESCA-250,false,,Descafeinado 250 g,UN,CAFE,S,3.00,8073.01,0.00,24219.02,3818.00,11454.00,12765.02,0.53,
2025-02-15,2025-02,FAC 0003-00040743,FAC,false,C9001,CONSUMIDOR FINAL,Local,CABA,CAF-BLEND-250,CAF-BLEND-250,false,,Blend Casa 250 g,UN,CAFE,S,2.00,5723.20,0.00,11446.40,2616.00,5232.00,6214.40,0.54,
2025-03-21,2025-03,FAC 0003-00040964,FAC,false,C9002,VENTA ONLINE,Ecommerce,,CAF-BLEND-250,CAF-BLEND-250,false,,Blend Casa 250 g,UN,CAFE,S,2.00,5849.11,0.00,11698.22,2674.00,5348.00,6350.22,0.54,
2025-06-26,2025-06,NC 0003-00001237,NC,true,C0001,GRANOS DEL SUR S.A.,Distribuidor,Avellaneda,CAF-BLEND-1K,CAF-BLEND-1K,false,,Blend Casa 1 kg,UN,CAFE,S,-8.00,20069.06,40.00,-96331.48,10926.00,-87408.00,-8923.48,,
2025-01-16,2025-01,FAC 0003-00040011,FAC,false,C0101,El Almacen de Palermo II,Mayorista,CABA,CAF-BLEND-1K,CAF-BLEND-1K,false,,Blend Casa 1 kg,UN,CAFE,S,6.00,18000.00,35.00,70200.00,9800.00,58800.00,11400.00,0.16,R. Ibarra
2025-05-09,2025-05,FAC 0003-00041758,FAC,false,C9002,VENTA ONLINE,Ecommerce,,CAF-ETIOP-250,CAF-ETIOP-250,false,,Etiopia Yirgacheffe 250 g,UN,CAFE,S,2.00,10363.99,0.00,20727.99,4473.00,8946.00,11781.99,0.57,
2025-04-21,2025-04,FAC 0003-00041288,FAC,false,C9002,VENTA ONLINE,Ecommerce,,CAF-ETIOP-250,CAF-ETIOP-250,false,,Etiopia Yirgacheffe 250 g,UN,CAFE,S,2.00,10140.90,0.00,20281.79,4377.00,8754.00,11527.79,0.57,
2025-03-18,2025-03,FAC 0003-00040999,FAC,false,C9002,VENTA ONLINE,Ecommerce,,CAF-ETIOP-250,CAF-ETIOP-250,false,,Etiopia Yirgacheffe 250 g,UN,CAFE,S,1.00,9922.60,0.00,9922.60,4282.00,4282.00,5640.60,0.57,
2025-02-28,2025-02,FAC 0003-00040651,FAC,false,C9002,VENTA ONLINE,Ecommerce,,CAF-COLOM-250,CAF-COLOM-250,false,,Colombia Huila 250 g,UN,CAFE,S,3.00,8380.40,0.00,25141.20,3679.00,11037.00,14104.20,0.56,
2025-03-14,2025-03,FAC 0003-00041236,FAC,false,C9001,CONSUMIDOR FINAL,Local,CABA,CAF-ETIOP-250,CAF-ETIOP-250,false,,Etiopia Yirgacheffe 250 g,UN,CAFE,S,1.00,9922.60,0.00,9922.60,4282.00,4282.00,5640.60,0.57,
2025-02-19,2025-02,FAC 0003-00040639,FAC,false,C9002,VENTA ONLINE,Ecommerce,,CAF-ETIOP-250,CAF-ETIOP-250,false,,Etiopia Yirgacheffe 250 g,UN,CAFE,S,2.00,9709.00,0.00,19418.00,4190.00,8380.00,11038.00,0.57,
2025-05-01,2025-05,FAC 0003-00042031,FAC,false,C9001,CONSUMIDOR FINAL,Local,CABA,CAF-COLOM-250,CAF-COLOM-250,false,,Colombia Huila 250 g,UN,CAFE,S,1.00,8945.76,0.00,8945.76,3927.00,3927.00,5018.76,0.56,
2025-04-17,2025-04,FAC 0003-00041598,FAC,false,C9001,CONSUMIDOR FINAL,Local,CABA,CAF-BLEND-250,CAF-BLEND-250,false,,Blend Casa 250 g,UN,CAFE,S,2.00,5977.79,0.00,11955.58,2733.00,5466.00,6489.58,0.54,
2025-03-12,2025-03,FAC 0003-00041055,FAC,false,C9002,VENTA ONLINE,Ecommerce,,CAF-BLEND-250,CAF-BLEND-250,false,,Blend Casa 250 g,UN,CAFE,S,2.00,5849.11,0.00,11698.22,2674.00,5348.00,6350.22,0.54,
2025-01-14,2025-01,FAC 0003-00040204,FAC,false,C9002,VENTA ONLINE,Ecommerce,,CAF-BLEND-250,CAF-BLEND-250,false,,Blend Casa 250 g,UN,CAFE,S,2.00,5600.00,0.00,11200.00,2560.00,5120.00,6080.00,0.54,
2025-06-19,2025-06,FAC 0003-00042229,FAC,false,C9002,VENTA ONLINE,Ecommerce,,CAP-TAZA,CAP-TAZA,false,,Taza ceramica logo,UN,ACCESORIOS,S,3.00,9923.03,0.00,29769.10,4683.00,14049.00,15720.10,0.53,
2025-01-05,2025-01,FAC 0003-00040349,FAC,false,C9001,CONSUMIDOR FINAL,Local,CABA,CAF-COLOM-250,CAF-COLOM-250,false,,Colombia Huila 250 g,UN,CAFE,S,1.00,8200.00,0.00,8200.00,3600.00,3600.00,4600.00,0.56,
2025-03-17,2025-03,FAC 0003-00040994,FAC,false,C9002,VENTA ONLINE,Ecommerce,,CAF-ETIOP-250,CAF-ETIOP-250,false,,Etiopia Yirgacheffe 250 g,UN,CAFE,S,2.00,9922.60,0.00,19845.20,4282.00,8564.00,11281.20,0.57,
2025-03-02,2025-03,FAC 0003-00040881,FAC,false,C0133,El Almacen de Barracas II,Mayorista,CABA,CAF-BLEND-1K,CAF-BLEND-1K,false,,Blend Casa 1 kg,UN,CAFE,S,8.00,18800.71,35.00,97763.70,10236.00,81888.00,15875.70,0.16,
2025-05-14,2025-05,FAC 0003-00041879,FAC,false,C9002,VENTA ONLINE,Ecommerce,,CAF-BRAS-250,CAF-BRAS-250,false,,Brasil Cerrado 250 g,UN,CAFE,S,1.00,5782.02,0.00,5782.02,2651.00,2651.00,3131.02,0.54,
2025-06-22,2025-06,FAC 0003-00042234,FAC,false,C9002,VENTA ONLINE,Ecommerce,,CAF-ETIOP-250,CAF-ETIOP-250,false,,Etiopia Yirgacheffe 250 g,UN,CAFE,S,3.00,10592.00,0.00,31776.01,4571.00,13713.00,18063.01,0.57,
2025-01-20,2025-01,FAC 0003-00040253,FAC,false,C9002,VENTA ONLINE,Ecommerce,,CAF-ETIOP-250,CAF-ETIOP-250,false,,Etiopia Yirgacheffe 250 g,UN,CAFE,S,3.00,9500.00,0.00,28500.00,4100.00,12300.00,16200.00,0.57,
2025-06-27,2025-06,FAC 0003-00042117,FAC,false,C0121,Panaderia Chacarita II,Mayorista,CABA,CAF-BRAS-1K,CAF-BRAS-1K,false,,Brasil Cerrado 1 kg,UN,CAFE,S,5.00,18954.11,35.00,61600.86,10369.00,51845.00,9755.86,0.16,M. Paz
2025-03-02,2025-03,FAC 0003-00041053,FAC,false,C9002,VENTA ONLINE,Ecommerce,,CAF-COLOM-250,CAF-COLOM-250,false,,Colombia Huila 250 g,UN,CAFE,S,1.00,8564.77,0.00,8564.77,3760.00,3760.00,4804.77,0.56,
2025-02-03,2025-02,FAC 0003-00040430,FAC,false,C0106,El Almacen de Nunez,Mayorista,CABA,CAF-BLEND-1K,CAF-BLEND-1K,false,,Blend Casa 1 kg,UN,CAFE,S,7.00,18396.00,30.00,90140.40,10016.00,70112.00,20028.40,0.22,
2025-06-10,2025-06,FAC 0003-00042215,FAC,false,C9002,VENTA ONLINE,Ecommerce,,CAF-BRAS-250,CAF-BRAS-250,false,,Brasil Cerrado 250 g,UN,CAFE,S,3.00,5909.22,0.00,17727.67,2709.00,8127.00,9600.67,0.54,
2025-02-13,2025-02,FAC 0003-00040616,FAC,false,C9002,VENTA ONLINE,Ecommerce,,CAF-DESCA-250,CAF-DESCA-250,false,,Descafeinado 250 g,UN,CAFE,S,2.00,7562.80,0.00,15125.60,3577.00,7154.00,7971.60,0.53,
2025-06-12,2025-06,FAC 0003-00042388,FAC,false,C9002,VENTA ONLINE,Ecommerce,,CAP-TAZA,CAP-TAZA,false,,Taza ceramica logo,UN,ACCESORIOS,S,1.00,9923.03,0.00,9923.03,4683.00,4683.00,5240.03,0.53,
2025-02-22,2025-02,FAC 0003-00040678,FAC,false,C9002,VENTA ONLINE,Ecommerce,,CAF-CAPS-10,CAF-CAPS-10,false,,Capsulas compatibles x10,UN,CAFE,S,3.00,7051.80,0.00,21155.40,3373.00,10119.00,11036.40,0.52,
2025-04-14,2025-04,FAC 0003-00041536,FAC,false,C9001,CONSUMIDOR FINAL,Local,CABA,CAF-BLEND-250,CAF-BLEND-250,false,,Blend Casa 250 g,UN,CAFE,S,1.00,5977.79,0.00,5977.79,2733.00,2733.00,3244.79,0.54,
2025-06-26,2025-06,FAC 0003-00042328,FAC,false,C9002,VENTA ONLINE,Ecommerce,,CAF-COLOM-250,CAF-COLOM-250,false,,Colombia Huila 250 g,UN,CAFE,S,1.00,9142.57,0.00,9142.57,4014.00,4014.00,5128.57,0.56,
2025-01-16,2025-01,FAC 0003-00040223,FAC,false,C9002,VENTA ONLINE,Ecommerce,,CAF-CAPS-10,CAF-CAPS-10,false,,Capsulas compatibles x10,UN,CAFE,S,3.00,6900.00,0.00,20700.00,3300.00,9900.00,10800.00,0.52,
2025-02-08,2025-02,FAC 0003-00040602,FAC,false,C9002,VENTA ONLINE,Ecommerce,,CAF-COLOM-250,CAF-COLOM-250,false,,Colombia Huila 250 g,UN,CAFE,S,3.00,8380.40,0.00,25141.20,3679.00,11037.00,14104.20,0.56,
2025-05-25,2025-05,FAC 0003-00042043,FAC,false,C9001,CONSUMIDOR FINAL,Local,CABA,CAF-BLEND-250,CAF-BLEND-250,false,,Blend Casa 250 g,UN,CAFE,S,1.00,6109.30,0.00,6109.30,2793.00,2793.00,3316.30,0.54,
2025-06-01,2025-06,FAC 0003-00042181,FAC,false,C9002,VENTA ONLINE,Ecommerce,,CAF-COLOM-250,CAF-COLOM-250,false,,Colombia Huila 250 g,UN,CAFE,S,1.00,9142.57,0.00,9142.57,4014.00,4014.00,5128.57,0.56,
2025-01-04,2025-01,FAC 0003-00040153,FAC,false,C9002,VENTA ONLINE,Ecommerce,,CAF-DESCA-250,CAF-DESCA-250,false,,Descafeinado 250 g,UN,CAFE,S,3.00,7400.00,0.00,22200.00,3500.00,10500.00,11700.00,0.53,
2025-02-26,2025-02,FAC 0003-00040517,FAC,false,C9002,VENTA ONLINE,Ecommerce,,CAF-BLEND-250,CAF-BLEND-250,false,,Blend Casa 250 g,UN,CAFE,S,3.00,5723.20,0.00,17169.60,2616.00,7848.00,9321.60,0.54,
2025-03-16,2025-03,FAC 0003-00041073,FAC,false,C9002,VENTA ONLINE,Ecommerce,,CAF-BLEND-250,CAF-BLEND-250,false,,Blend Casa 250 g,UN,CAFE,S,2.00,5849.11,0.00,11698.22,2674.00,5348.00,6350.22,0.54,
2025-06-12,2025-06,FAC 0003-00042490,FAC,false,C9001,CONSUMIDOR FINAL,Local,CABA,CAF-BLEND-1K,CAF-BLEND-1K,false,,Blend Casa 1 kg,UN,CAFE,S,1.00,20069.06,0.00,20069.06,10926.00,10926.00,9143.06,0.46,
2025-03-10,2025-03,FAC 0003-00040983,FAC,false,C9002,VENTA ONLINE,Ecommerce,,CAF-BRAS-250,CAF-BRAS-250,false,,Brasil Cerrado 250 g,UN,CAFE,S,3.00,5535.77,0.00,16607.30,2538.00,7614.00,8993.30,0.54,
2025-04-05,2025-04,FAC 0003-00041379,FAC,false,C9002,VENTA ONLINE,Ecommerce,,CAF-ETIOP-250,CAF-ETIOP-250,false,,Etiopia Yirgacheffe 250 g,UN,CAFE,S,2.00,10140.90,0.00,20281.79,4377.00,8754.00,11527.79,0.57,
2025-04-17,2025-04,FAC 0003-00041278,FAC,false,C0131,Tostado Coghlan II,Mayorista,CABA,CAF-BRAS-1K,CAF-BRAS-1K,false,,Brasil Cerrado 1 kg,UN,CAFE,S,7.00,18146.87,35.00,82568.24,9927.00,69489.00,13079.24,0.16,R. Ibarra
2025-03-04,2025-03,FAC 0003-00040839,FAC,false,C0001,GRANOS DEL SUR S.A.,Distribuidor,Avellaneda,BLEND1K,CAF-BLEND-1K,true,Codigo viejo informado en ventas; corresponde a Blend Casa 1 kg.,Blend Casa 1 kg,UN,CAFE,S,52.00,18800.71,40.00,586582.21,10236.00,532272.00,54310.21,0.09,M. Paz
2025-04-25,2025-04,FAC 0003-00041327,FAC,false,C9002,VENTA ONLINE,Ecommerce,,CAF-DESCA-250,CAF-DESCA-250,false,,Descafeinado 250 g,UN,CAFE,S,1.00,7899.22,0.00,7899.22,3736.00,3736.00,4163.22,0.53,
2025-02-03,2025-02,FAC 0003-00040571,FAC,false,C9002,VENTA ONLINE,Ecommerce,,CAF-ETIOP-250,CAF-ETIOP-250,false,,Etiopia Yirgacheffe 250 g,UN,CAFE,S,3.00,9709.00,0.00,29127.00,4190.00,12570.00,16557.00,0.57,
2025-03-19,2025-03,FAC 0003-00041111,FAC,false,C9002,VENTA ONLINE,Ecommerce,,CAF-COLOM-250,CAF-COLOM-250,false,,Colombia Huila 250 g,UN,CAFE,S,1.00,8564.77,0.00,8564.77,3760.00,3760.00,4804.77,0.56,
2025-01-06,2025-01,FAC 0003-00040023,FAC,false,C0110,Panaderia Devoto,Mayorista,CABA,CAF-BRAS-1K,CAF-BRAS-1K,false,,Brasil Cerrado 1 kg,UN,CAFE,S,4.00,17000.00,35.00,44200.00,9300.00,37200.00,7000.00,0.16,R. Ibarra
2025-01-06,2025-01,FAC 0003-00040023,FAC,false,C0110,Panaderia Devoto,Mayorista,CABA,CAF-BLEND-1K,CAF-BLEND-1K,false,,Blend Casa 1 kg,UN,CAFE,S,9.00,18000.00,35.00,105300.00,9800.00,88200.00,17100.00,0.16,R. Ibarra
2025-03-19,2025-03,FAC 0003-00041169,FAC,false,C9001,CONSUMIDOR FINAL,Local,CABA,CAF-ETIOP-250,CAF-ETIOP-250,false,,Etiopia Yirgacheffe 250 g,UN,CAFE,S,1.00,9922.60,0.00,9922.60,4282.00,4282.00,5640.60,0.57,
2025-06-19,2025-06,FAC 0003-00042228,FAC,false,C9002,VENTA ONLINE,Ecommerce,,CAF-ETIOP-250,CAF-ETIOP-250,false,,Etiopia Yirgacheffe 250 g,UN,CAFE,S,2.00,10592.00,0.00,21184.01,4571.00,9142.00,12042.01,0.57,
2025-02-25,2025-02,FAC 0003-00040483,FAC,false,C9002,VENTA ONLINE,Ecommerce,,CAF-COLOM-250,CAF-COLOM-250,false,,Colombia Huila 250 g,UN,CAFE,S,3.00,8380.40,0.00,25141.20,3679.00,11037.00,14104.20,0.56,
2025-06-21,2025-06,FAC 0003-00042456,FAC,false,C9001,CONSUMIDOR FINAL,Local,CABA,CAF-BLEND-250,CAF-BLEND-250,false,,Blend Casa 250 g,UN,CAFE,S,2.00,6243.71,0.00,12487.41,2854.00,5708.00,6779.41,0.54,
2025-03-01,2025-03,FAC 0003-00040868,FAC,false,C0123,La Ventanita de Almagro II,Mayorista,CABA,CAF-BLEND-1K,CAF-BLEND-1K,false,,Blend Casa 1 kg,UN,CAFE,S,6.00,18800.71,35.00,73322.78,10236.00,61416.00,11906.78,0.16,
2025-05-08,2025-05,FAC 0003-00041881,FAC,false,C9002,VENTA ONLINE,Ecommerce,,CAF-DESCA-250,CAF-DESCA-250,false,,Descafeinado 250 g,UN,CAFE,S,1.00,8073.01,0.00,8073.01,3818.00,3818.00,4255.01,0.53,
2025-06-17,2025-06,FAC 0003-00042281,FAC,false,C9002,VENTA ONLINE,Ecommerce,,CAF-BRAS-250,CAF-BRAS-250,false,,Brasil Cerrado 250 g,UN,CAFE,S,2.00,5909.22,0.00,11818.45,2709.00,5418.00,6400.45,0.54,
2025-02-27,2025-02,FAC 0003-00040674,FAC,false,C9002,VENTA ONLINE,Ecommerce,,CAF-COLOM-250,CAF-COLOM-250,false,,Colombia Huila 250 g,UN,CAFE,S,2.00,8380.40,0.00,16760.80,3679.00,7358.00,9402.80,0.56,
2025-02-11,2025-02,FAC 0003-00040645,FAC,false,C9002,VENTA ONLINE,Ecommerce,,CAF-ETIOP-250,CAF-ETIOP-250,false,,Etiopia Yirgacheffe 250 g,UN,CAFE,S,1.00,9709.00,0.00,9709.00,4190.00,4190.00,5519.00,0.57,
2025-02-14,2025-02,FAC 0003-00040625,FAC,false,C9002,VENTA ONLINE,Ecommerce,,CAF-BLEND-250,CAF-BLEND-250,false,,Blend Casa 250 g,UN,CAFE,S,2.00,5723.20,0.00,11446.40,2616.00,5232.00,6214.40,0.54,
2025-01-04,2025-01,FAC 0003-00040311,FAC,false,C9001,CONSUMIDOR FINAL,Local,CABA,CAF-BLEND-250,CAF-BLEND-250,false,,Blend Casa 250 g,UN,CAFE,S,2.00,5600.00,0.00,11200.00,2560.00,5120.00,6080.00,0.54,
2025-05-10,2025-05,FAC 0003-00041705,FAC,false,C9002,VENTA ONLINE,Ecommerce,,CAF-DESCA-250,CAF-DESCA-250,false,,Descafeinado 250 g,UN,CAFE,S,2.00,8073.01,0.00,16146.01,3818.00,7636.00,8510.01,0.53,
2025-02-06,2025-02,FAC 0003-00040662,FAC,false,C9002,VENTA ONLINE,Ecommerce,,CAP-TAZA,CAP-TAZA,false,,Taza ceramica logo,UN,ACCESORIOS,S,3.00,9095.80,0.00,27287.40,4292.00,12876.00,14411.40,0.53,
2025-04-21,2025-04,FAC 0003-00041518,FAC,false,C9002,VENTA ONLINE,Ecommerce,,CAF-COLOM-250,CAF-COLOM-250,false,,Colombia Huila 250 g,UN,CAFE,S,1.00,8753.19,0.00,8753.19,3843.00,3843.00,4910.19,0.56,
2025-02-06,2025-02,FAC 0003-00040567,FAC,false,C9002,VENTA ONLINE,Ecommerce,,CAF-BLEND-250,CAF-BLEND-250,false,,Blend Casa 250 g,UN,CAFE,S,1.00,5723.20,0.00,5723.20,2616.00,2616.00,3107.20,0.54,
2025-03-02,2025-03,FAC 0003-00040961,FAC,false,C9002,VENTA ONLINE,Ecommerce,,CAP-FILTRO-100,CAP-FILTRO-100,false,,Filtros de papel x 100,UN,ACCESORIOS,S,2.00,3342.35,0.00,6684.70,1985.00,3970.00,2714.70,0.41,
2025-05-09,2025-05,FAC 0003-00042079,FAC,false,C9001,CONSUMIDOR FINAL,Local,CABA,CAF-COLOM-250,CAF-COLOM-250,false,,Colombia Huila 250 g,UN,CAFE,S,1.00,8945.76,0.00,8945.76,3927.00,3927.00,5018.76,0.56,
2025-03-12,2025-03,FAC 0003-00040845,FAC,false,C0100,Cafe Palermo,Mayorista,CABA,CAP-FILTRO-100,CAP-FILTRO-100,false,,Filtros de papel x 100,UN,ACCESORIOS,S,5.00,3342.35,32.00,11363.99,1985.00,9925.00,1438.99,0.13,M. Paz
2025-06-14,2025-06,FAC 0003-00042132,FAC,false,C0133,El Almacen de Barracas II,Mayorista,CABA,CAF-BLEND-1K,CAF-BLEND-1K,false,,Blend Casa 1 kg,UN,CAFE,S,6.00,20069.06,35.00,78269.33,10926.00,65556.00,12713.33,0.16,M. Paz
2025-06-18,2025-06,FAC 0003-00042144,FAC,false,C9002,VENTA ONLINE,Ecommerce,,CAF-COLOM-250,CAF-COLOM-250,false,,Colombia Huila 250 g,UN,CAFE,S,3.00,9142.57,0.00,27427.71,4014.00,12042.00,15385.71,0.56,
2025-02-28,2025-02,FAC 0003-00040714,FAC,false,C9001,CONSUMIDOR FINAL,Local,CABA,CAF-BLEND-250,CAF-BLEND-250,false,,Blend Casa 250 g,UN,CAFE,S,2.00,5723.20,0.00,11446.40,2616.00,5232.00,6214.40,0.54,
2025-02-13,2025-02,FAC 0003-00040794,FAC,false,C9001,CONSUMIDOR FINAL,Local,CABA,CAF-ETIOP-250,CAF-ETIOP-250,false,,Etiopia Yirgacheffe 250 g,UN,CAFE,S,2.00,9709.00,0.00,19418.00,4190.00,8380.00,11038.00,0.57,
2025-01-01,2025-01,FAC 0003-00040237,FAC,false,C9002,VENTA ONLINE,Ecommerce,,CAF-COLOM-250,CAF-COLOM-250,false,,Colombia Huila 250 g,UN,CAFE,S,3.00,8200.00,0.00,24600.00,3600.00,10800.00,13800.00,0.56,
2025-02-27,2025-02,FAC 0003-00040687,FAC,false,C9002,VENTA ONLINE,Ecommerce,,CAF-COLOM-250,CAF-COLOM-250,false,,Colombia Huila 250 g,UN,CAFE,S,1.00,8380.40,0.00,8380.40,3679.00,3679.00,4701.40,0.56,
2025-03-04,2025-03,FAC 0003-00041156,FAC,false,C9001,CONSUMIDOR FINAL,Local,CABA,CAF-COLOM-250,CAF-COLOM-250,false,,Colombia Huila 250 g,UN,CAFE,S,2.00,8564.77,0.00,17129.54,3760.00,7520.00,9609.54,0.56,
2025-03-07,2025-03,FAC 0003-00040933,FAC,false,C9002,VENTA ONLINE,Ecommerce,,CAF-DESCA-250,CAF-DESCA-250,false,,Descafeinado 250 g,UN,CAFE,S,3.00,7729.18,0.00,23187.54,3656.00,10968.00,12219.54,0.53,
2025-04-04,2025-04,FAC 0003-00041464,FAC,false,C9002,VENTA ONLINE,Ecommerce,,CAF-BLEND-250,CAF-BLEND-250,false,,Blend Casa 250 g,UN,CAFE,S,1.00,5977.79,0.00,5977.79,2733.00,2733.00,3244.79,0.54,
2025-06-20,2025-06,FAC 0003-00042105,FAC,false,C0111,Cafe Devoto II,Mayorista,CABA,CAF-ETIOP-250,CAF-ETIOP-250,false,,Etiopia Yirgacheffe 250 g,UN,CAFE,S,11.00,10592.00,35.00,75732.82,4571.00,50281.00,25451.82,0.34,M. Paz
2025-03-20,2025-03,FAC 0003-00041212,FAC,false,C9001,CONSUMIDOR FINAL,Local,CABA,CAF-BLEND-250,CAF-BLEND-250,false,,Blend Casa 250 g,UN,CAFE,S,2.00,5849.11,0.00,11698.22,2674.00,5348.00,6350.22,0.54,
2025-06-01,2025-06,FAC 0003-00042090,FAC,false,C0101,El Almacen de Palermo II,Mayorista,CABA,CAF-BLEND-1K,CAF-BLEND-1K,false,,Blend Casa 1 kg,UN,CAFE,S,8.00,20069.06,35.00,104359.10,10926.00,87408.00,16951.10,0.16,
2025-01-13,2025-01,FAC 0003-00040240,FAC,false,C9002,VENTA ONLINE,Ecommerce,,CAF-COLOM-250,CAF-COLOM-250,false,,Colombia Huila 250 g,UN,CAFE,S,2.00,8200.00,0.00,16400.00,3600.00,7200.00,9200.00,0.56,
2025-03-15,2025-03,FAC 0003-00041042,FAC,false,C9002,VENTA ONLINE,Ecommerce,,CAF-COLOM-250,CAF-COLOM-250,false,,Colombia Huila 250 g,UN,CAFE,S,1.00,8564.77,0.00,8564.77,3760.00,3760.00,4804.77,0.56,
2025-05-15,2025-05,FAC 0003-00042040,FAC,false,C9001,CONSUMIDOR FINAL,Local,CABA,CAF-BLEND-250,CAF-BLEND-250,false,,Blend Casa 250 g,UN,CAFE,S,2.00,6109.30,0.00,12218.60,2793.00,5586.00,6632.60,0.54,
2025-05-12,2025-05,FAC 0003-00041915,FAC,false,C9002,VENTA ONLINE,Ecommerce,,CAF-COLOM-250,CAF-COLOM-250,false,,Colombia Huila 250 g,UN,CAFE,S,1.00,8945.76,0.00,8945.76,3927.00,3927.00,5018.76,0.56,
2025-05-07,2025-05,FAC 0003-00041819,FAC,false,C9002,VENTA ONLINE,Ecommerce,,CAF-COLOM-250,CAF-COLOM-250,false,,Colombia Huila 250 g,UN,CAFE,S,3.00,8945.76,0.00,26837.29,3927.00,11781.00,15056.29,0.56,
2025-04-24,2025-04,FAC 0003-00041413,FAC,false,C9002,VENTA ONLINE,Ecommerce,,CAF-BLEND-250,CAF-BLEND-250,false,,Blend Casa 250 g,UN,CAFE,S,1.00,5977.79,0.00,5977.79,2733.00,2733.00,3244.79,0.54,
2025-01-15,2025-01,FAC 0003-00040158,FAC,false,C9002,VENTA ONLINE,Ecommerce,,CAF-BRAS-250,CAF-BRAS-250,false,,Brasil Cerrado 250 g,UN,CAFE,S,3.00,5300.00,0.00,15900.00,2430.00,7290.00,8610.00,0.54,
2025-04-07,2025-04,FAC 0003-00041497,FAC,false,C9002,VENTA ONLINE,Ecommerce,,CAF-COLOM-250,CAF-COLOM-250,false,,Colombia Huila 250 g,UN,CAFE,S,2.00,8753.19,0.00,17506.39,3843.00,7686.00,9820.39,0.56,
2025-06-13,2025-06,NC 0003-00001241,NC,true,C0107,La Ventanita de Nunez II,Mayorista,CABA,CAF-BRAS-1K,CAF-BRAS-1K,false,,Brasil Cerrado 1 kg,UN,CAFE,S,-2.00,18954.11,35.00,-24640.34,10369.00,-20738.00,-3902.34,,
2025-03-23,2025-03,FAC 0003-00041098,FAC,false,C9002,VENTA ONLINE,Ecommerce,,CAF-BLEND-250,CAF-BLEND-250,false,,Blend Casa 250 g,UN,CAFE,S,1.00,5849.11,0.00,5849.11,2674.00,2674.00,3175.11,0.54,
2025-04-10,2025-04,FAC 0003-00041474,FAC,false,C9002,VENTA ONLINE,Ecommerce,,CAF-COLOM-250,CAF-COLOM-250,false,,Colombia Huila 250 g,UN,CAFE,S,1.00,8753.19,0.00,8753.19,3843.00,3843.00,4910.19,0.56,
2025-04-23,2025-04,FAC 0003-00041246,FAC,false,C0100,Cafe Palermo,Mayorista,CABA,CAF-BLEND-1K,CAF-BLEND-1K,false,,Blend Casa 1 kg,UN,CAFE,S,3.00,19214.33,32.00,39197.23,10461.00,31383.00,7814.23,0.20,
2025-01-27,2025-01,FAC 0003-00040367,FAC,false,C9001,CONSUMIDOR FINAL,Local,CABA,CAF-ETIOP-250,CAF-ETIOP-250,false,,Etiopia Yirgacheffe 250 g,UN,CAFE,S,1.00,9500.00,0.00,9500.00,4100.00,4100.00,5400.00,0.57,
2025-05-08,2025-05,FAC 0003-00041655,FAC,false,C0104,Tostado Villa Crespo,Mayorista,CABA,CAF-BLEND-1K,CAF-BLEND-1K,false,,Blend Casa 1 kg,UN,CAFE,S,6.00,19637.04,35.00,76584.47,10691.00,64146.00,12438.47,0.16,
2025-04-14,2025-04,FAC 0003-00041266,FAC,false,C0120,Tostado Chacarita,Mayorista,CABA,CAF-BLEND-1K,CAF-BLEND-1K,false,,Blend Casa 1 kg,UN,CAFE,S,9.00,19214.33,32.00,117591.69,10461.00,94149.00,23442.69,0.20,
2025-05-23,2025-05,FAC 0003-00041733,FAC,false,C9002,VENTA ONLINE,Ecommerce,,CAF-ETIOP-250,CAF-ETIOP-250,false,,Etiopia Yirgacheffe 250 g,UN,CAFE,S,1.00,10363.99,0.00,10363.99,4473.00,4473.00,5890.99,0.57,
2025-01-17,2025-01,FAC 0003-00040389,FAC,false,C9001,CONSUMIDOR FINAL,Local,CABA,CAF-ETIOP-250,CAF-ETIOP-250,false,,Etiopia Yirgacheffe 250 g,UN,CAFE,S,1.00,9500.00,0.00,9500.00,4100.00,4100.00,5400.00,0.57,
2025-04-11,2025-04,FAC 0003-00041489,FAC,false,C9002,VENTA ONLINE,Ecommerce,,CAF-BRAS-250,CAF-BRAS-250,false,,Brasil Cerrado 250 g,UN,CAFE,S,3.00,5657.55,0.00,16972.66,2594.00,7782.00,9190.66,0.54,
2025-06-07,2025-06,FAC 0003-00042352,FAC,false,C9002,VENTA ONLINE,Ecommerce,,CAP-TAZA,CAP-TAZA,false,,Taza ceramica logo,UN,ACCESORIOS,S,2.00,9923.03,0.00,19846.07,4683.00,9366.00,10480.07,0.53,
2025-04-28,2025-04,FAC 0003-00041524,FAC,false,C9002,VENTA ONLINE,Ecommerce,,CAF-BLEND-250,CAF-BLEND-250,false,,Blend Casa 250 g,UN,CAFE,S,1.00,5977.79,0.00,5977.79,2733.00,2733.00,3244.79,0.54,
2025-04-06,2025-04,FAC 0003-00041321,FAC,false,C9002,VENTA ONLINE,Ecommerce,,CAP-TAZA,CAP-TAZA,false,,Taza ceramica logo,UN,ACCESORIOS,S,3.00,9500.42,0.00,28501.25,4483.00,13449.00,15052.25,0.53,
2025-05-17,2025-05,NC 0003-00001233,NC,true,C0135,Coffee Lab Agronomia II,Mayorista,CABA,CAF-BRAS-1K,CAF-BRAS-1K,false,,Brasil Cerrado 1 kg,UN,CAFE,S,-5.00,18546.10,30.00,-64911.34,10146.00,-50730.00,-14181.34,,
2025-05-28,2025-05,FAC 0003-00042067,FAC,false,C9001,CONSUMIDOR FINAL,Local,CABA,CAF-ETIOP-250,CAF-ETIOP-250,false,,Etiopia Yirgacheffe 250 g,UN,CAFE,S,1.00,10363.99,0.00,10363.99,4473.00,4473.00,5890.99,0.57,
2025-03-16,2025-03,FAC 0003-00041010,FAC,false,C9002,VENTA ONLINE,Ecommerce,,CAF-COLOM-250,CAF-COLOM-250,false,,Colombia Huila 250 g,UN,CAFE,S,2.00,8564.77,0.00,17129.54,3760.00,7520.00,9609.54,0.56,
2025-03-04,2025-03,FAC 0003-00040900,FAC,false,C9002,VENTA ONLINE,Ecommerce,,CAF-ETIOP-250,CAF-ETIOP-250,false,,Etiopia Yirgacheffe 250 g,UN,CAFE,S,3.00,9922.60,0.00,29767.79,4282.00,12846.00,16921.79,0.57,
2025-05-27,2025-05,FAC 0003-00041796,FAC,false,C9002,VENTA ONLINE,Ecommerce,,CAF-COLOM-250,CAF-COLOM-250,false,,Colombia Huila 250 g,UN,CAFE,S,1.00,8945.76,0.00,8945.76,3927.00,3927.00,5018.76,0.56,
2025-05-05,2025-05,FAC 0003-00041882,FAC,false,C9002,VENTA ONLINE,Ecommerce,,CAF-ETIOP-250,CAF-ETIOP-250,false,,Etiopia Yirgacheffe 250 g,UN,CAFE,S,2.00,10363.99,0.00,20727.99,4473.00,8946.00,11781.99,0.57,
2025-05-23,2025-05,FAC 0003-00041931,FAC,false,C9002,VENTA ONLINE,Ecommerce,,CAF-CAPS-10,CAF-CAPS-10,false,,Capsulas compatibles x10,UN,CAFE,S,2.00,7527.53,0.00,15055.07,3600.00,7200.00,7855.07,0.52,
2025-05-10,2025-05,FAC 0003-00041877,FAC,false,C9002,VENTA ONLINE,Ecommerce,,CAF-BRAS-250,CAF-BRAS-250,false,,Brasil Cerrado 250 g,UN,CAFE,S,2.00,5782.02,0.00,11564.04,2651.00,5302.00,6262.04,0.54,
2025-05-07,2025-05,FAC 0003-00041717,FAC,false,C9002,VENTA ONLINE,Ecommerce,,CAP-TAZA,CAP-TAZA,false,,Taza ceramica logo,UN,ACCESORIOS,S,2.00,9709.43,0.00,19418.85,4582.00,9164.00,10254.85,0.53,
2025-05-24,2025-05,FAC 0003-00041901,FAC,false,C9002,VENTA ONLINE,Ecommerce,,CAF-COLOM-250,CAF-COLOM-250,false,,Colombia Huila 250 g,UN,CAFE,S,1.00,8945.76,0.00,8945.76,3927.00,3927.00,5018.76,0.56,
2025-04-21,2025-04,FAC 0003-00041486,FAC,false,C9002,VENTA ONLINE,Ecommerce,,CAF-COLOM-250,CAF-COLOM-250,false,,Colombia Huila 250 g,UN,CAFE,S,3.00,8753.19,0.00,26259.58,3843.00,11529.00,14730.58,0.56,
2025-05-03,2025-05,FAC 0003-00041759,FAC,false,C9002,VENTA ONLINE,Ecommerce,,CAF-BLEND-250,CAF-BLEND-250,false,,Blend Casa 250 g,UN,CAFE,S,3.00,6109.30,0.00,18327.91,2793.00,8379.00,9948.91,0.54,
2025-06-11,2025-06,FAC 0003-00042129,FAC,false,C0131,Tostado Coghlan II,Mayorista,CABA,CAF-BLEND-1K,CAF-BLEND-1K,false,,Blend Casa 1 kg,UN,CAFE,S,3.00,20069.06,35.00,39134.66,10926.00,32778.00,6356.66,0.16,M. Paz
2025-02-15,2025-02,FAC 0003-00040452,FAC,false,C0124,Coffee Lab Flores,Mayorista,CABA,CAF-BRAS-1K,CAF-BRAS-1K,false,,Brasil Cerrado 1 kg,UN,CAFE,S,8.00,17374.00,35.00,90344.80,9505.00,76040.00,14304.80,0.16,R. Ibarra
2025-04-06,2025-04,FAC 0003-00041326,FAC,false,C9002,VENTA ONLINE,Ecommerce,,CAF-DESCA-250,CAF-DESCA-250,false,,Descafeinado 250 g,UN,CAFE,S,3.00,7899.22,0.00,23697.67,3736.00,11208.00,12489.67,0.53,
2025-06-25,2025-06,FAC 0003-00042370,FAC,false,C9002,VENTA ONLINE,Ecommerce,,CAP-FILTRO-100,CAP-FILTRO-100,false,,Filtros de papel x 100,UN,ACCESORIOS,S,2.00,3567.83,0.00,7135.67,2118.00,4236.00,2899.67,0.41,
2025-01-19,2025-01,FAC 0003-00040110,FAC,false,C9002,VENTA ONLINE,Ecommerce,,CAF-ETIOP-250,CAF-ETIOP-250,false,,Etiopia Yirgacheffe 250 g,UN,CAFE,S,2.00,9500.00,0.00,19000.00,4100.00,8200.00,10800.00,0.57,
2025-01-22,2025-01,FAC 0003-00040117,FAC,false,C9002,VENTA ONLINE,Ecommerce,,CAF-BLEND-250,CAF-BLEND-250,false,,Blend Casa 250 g,UN,CAFE,S,2.00,5600.00,0.00,11200.00,2560.00,5120.00,6080.00,0.54,
2025-06-19,2025-06,FAC 0003-00042314,FAC,false,C9002,VENTA ONLINE,Ecommerce,,CAP-TAZA,CAP-TAZA,false,,Taza ceramica logo,UN,ACCESORIOS,S,3.00,9923.03,0.00,29769.10,4683.00,14049.00,15720.10,0.53,
2025-02-02,2025-02,FAC 0003-00040832,FAC,false,C9001,CONSUMIDOR FINAL,Local,CABA,CAF-COLOM-250,CAF-COLOM-250,false,,Colombia Huila 250 g,UN,CAFE,S,2.00,8380.40,0.00,16760.80,3679.00,7358.00,9402.80,0.56,
2025-05-23,2025-05,FAC 0003-00041783,FAC,false,C9002,VENTA ONLINE,Ecommerce,,CAF-BRAS-250,CAF-BRAS-250,false,,Brasil Cerrado 250 g,UN,CAFE,S,2.00,5782.02,0.00,11564.04,2651.00,5302.00,6262.04,0.54,
2025-05-07,2025-05,FAC 0003-00042008,FAC,false,C9001,CONSUMIDOR FINAL,Local,CABA,CAF-BLEND-250,CAF-BLEND-250,false,,Blend Casa 250 g,UN,CAFE,S,2.00,6109.30,0.00,12218.60,2793.00,5586.00,6632.60,0.54,
2025-05-13,2025-05,FAC 0003-00041810,FAC,false,C9002,VENTA ONLINE,Ecommerce,,CAF-BLEND-250,CAF-BLEND-250,false,,Blend Casa 250 g,UN,CAFE,S,3.00,6109.30,0.00,18327.91,2793.00,8379.00,9948.91,0.54,
2025-01-15,2025-01,FAC 0003-00040225,FAC,false,C9002,VENTA ONLINE,Ecommerce,,CAF-BLEND-250,CAF-BLEND-250,false,,Blend Casa 250 g,UN,CAFE,S,3.00,5600.00,0.00,16800.00,2560.00,7680.00,9120.00,0.54,
2025-05-17,2025-05,FAC 0003-00041798,FAC,false,C9002,VENTA ONLINE,Ecommerce,,CAF-BRAS-250,CAF-BRAS-250,false,,Brasil Cerrado 250 g,UN,CAFE,S,3.00,5782.02,0.00,17346.05,2651.00,7953.00,9393.05,0.54,
2025-01-16,2025-01,FAC 0003-00040052,FAC,false,C0138,El Almacen de Constitucion,Mayorista,CABA,CAF-BRAS-1K,CAF-BRAS-1K,false,,Brasil Cerrado 1 kg,UN,CAFE,S,4.00,17000.00,30.00,47600.00,9300.00,37200.00,10400.00,0.22,
2025-06-18,2025-06,FAC 0003-00042167,FAC,false,C9002,VENTA ONLINE,Ecommerce,,CAF-CAPS-10,CAF-CAPS-10,false,,Capsulas compatibles x10,UN,CAFE,S,2.00,7693.14,0.00,15386.28,3679.00,7358.00,8028.28,0.52,
2025-01-23,2025-01,FAC 0003-00040412,FAC,false,C9001,CONSUMIDOR FINAL,Local,CABA,CAF-BLEND-250,CAF-BLEND-250,false,,Blend Casa 250 g,UN,CAFE,S,2.00,5600.00,0.00,11200.00,2560.00,5120.00,6080.00,0.54,
2025-04-02,2025-04,FAC 0003-00041435,FAC,false,C9002,VENTA ONLINE,Ecommerce,,CAF-BRAS-250,CAF-BRAS-250,false,,Brasil Cerrado 250 g,UN,CAFE,S,3.00,5657.55,0.00,16972.66,2594.00,7782.00,9190.66,0.54,
2025-03-17,2025-03,FAC 0003-00040873,FAC,false,C0128,La Ventanita de San Telmo,Mayorista,CABA,CAF-BRAS-1K,CAF-BRAS-1K,false,,Brasil Cerrado 1 kg,UN,CAFE,S,3.00,17756.23,32.00,36222.71,9714.00,29142.00,7080.71,0.20,M. Paz
2025-02-03,2025-02,FAC 0003-00040449,FAC,false,C0123,La Ventanita de Almagro II,Mayorista,CABA,CAP-FILTRO-100,CAP-FILTRO-100,false,,Filtros de papel x 100,UN,ACCESORIOS,S,4.00,3270.40,35.00,8503.04,1942.00,7768.00,735.04,0.09,M. Paz
2025-05-27,2025-05,FAC 0003-00041875,FAC,false,C9002,VENTA ONLINE,Ecommerce,,CAF-ETIOP-250,CAF-ETIOP-250,false,,Etiopia Yirgacheffe 250 g,UN,CAFE,S,2.00,10363.99,0.00,20727.99,4473.00,8946.00,11781.99,0.57,
2025-04-11,2025-04,FAC 0003-00041436,FAC,false,C9002,VENTA ONLINE,Ecommerce,,CAP-TAZA,CAP-TAZA,false,,Taza ceramica logo,UN,ACCESORIOS,S,2.00,9500.42,0.00,19000.84,4483.00,8966.00,10034.84,0.53,
2025-03-26,2025-03,FAC 0003-00041074,FAC,false,C9002,VENTA ONLINE,Ecommerce,,CAF-COLOM-250,CAF-COLOM-250,false,,Colombia Huila 250 g,UN,CAFE,S,1.00,8564.77,0.00,8564.77,3760.00,3760.00,4804.77,0.56,
2025-06-07,2025-06,FAC 0003-00042441,FAC,false,C9001,CONSUMIDOR FINAL,Local,CABA,CAF-BLEND-1K,CAF-BLEND-1K,false,,Blend Casa 1 kg,UN,CAFE,S,2.00,20069.06,0.00,40138.12,10926.00,21852.00,18286.12,0.46,
2025-02-21,2025-02,NC 0003-00001215,NC,true,C0101,El Almacen de Palermo II,Mayorista,CABA,CAF-BRAS-1K,CAF-BRAS-1K,false,,Brasil Cerrado 1 kg,UN,CAFE,S,-5.00,17374.00,35.00,-56465.50,9505.00,-47525.00,-8940.50,,
2025-03-02,2025-03,FAC 0003-00040932,FAC,false,C9002,VENTA ONLINE,Ecommerce,,CAF-BRAS-250,CAF-BRAS-250,false,,Brasil Cerrado 250 g,UN,CAFE,S,2.00,5535.77,0.00,11071.53,2538.00,5076.00,5995.53,0.54,
2025-04-24,2025-04,FAC 0003-00041570,FAC,false,C9001,CONSUMIDOR FINAL,Local,CABA,CAP-FILTRO-100,CAP-FILTRO-100,false,,Filtros de papel x 100,UN,ACCESORIOS,S,1.00,3415.88,0.00,3415.88,2028.00,2028.00,1387.88,0.41,
2025-05-23,2025-05,FAC 0003-00041790,FAC,false,C9002,VENTA ONLINE,Ecommerce,,CAF-BRAS-250,CAF-BRAS-250,false,,Brasil Cerrado 250 g,UN,CAFE,S,1.00,5782.02,0.00,5782.02,2651.00,2651.00,3131.02,0.54,
2025-06-25,2025-06,FAC 0003-00042237,FAC,false,C9002,VENTA ONLINE,Ecommerce,,CAF-COLOM-250,CAF-COLOM-250,false,,Colombia Huila 250 g,UN,CAFE,S,1.00,9142.57,0.00,9142.57,4014.00,4014.00,5128.57,0.56,
2025-06-15,2025-06,FAC 0003-00042374,FAC,false,C9002,VENTA ONLINE,Ecommerce,,CAF-BRAS-250,CAF-BRAS-250,false,,Brasil Cerrado 250 g,UN,CAFE,S,1.00,5909.22,0.00,5909.22,2709.00,2709.00,3200.22,0.54,
2025-05-17,2025-05,FAC 0003-00041672,FAC,false,C0118,Bar Saavedra,Mayorista,CABA,CAF-BRAS-1K,CAF-BRAS-1K,false,,Brasil Cerrado 1 kg,UN,CAFE,S,2.00,18546.10,32.00,25222.69,10146.00,20292.00,4930.69,0.20,M. Paz
2025-01-09,2025-01,FAC 0003-00040137,FAC,false,C9002,VENTA ONLINE,Ecommerce,,CAF-COLOM-250,CAF-COLOM-250,false,,Colombia Huila 250 g,UN,CAFE,S,2.00,8200.00,0.00,16400.00,3600.00,7200.00,9200.00,0.56,
2025-06-16,2025-06,FAC 0003-00042411,FAC,false,C9001,CONSUMIDOR FINAL,Local,CABA,CAF-ETIOP-250,CAF-ETIOP-250,false,,Etiopia Yirgacheffe 250 g,UN,CAFE,S,1.00,10592.00,0.00,10592.00,4571.00,4571.00,6021.00,0.57,
2025-04-24,2025-04,FAC 0003-00041534,FAC,false,C9001,CONSUMIDOR FINAL,Local,CABA,CAF-ETIOP-250,CAF-ETIOP-250,false,,Etiopia Yirgacheffe 250 g,UN,CAFE,S,1.00,10140.90,0.00,10140.90,4377.00,4377.00,5763.90,0.57,
2025-01-16,2025-01,FAC 0003-00040308,FAC,false,C9001,CONSUMIDOR FINAL,Local,CABA,CAF-COLOM-250,CAF-COLOM-250,false,,Colombia Huila 250 g,UN,CAFE,S,2.00,8200.00,0.00,16400.00,3600.00,7200.00,9200.00,0.56,
2025-03-16,2025-03,FAC 0003-00041015,FAC,false,C9002,VENTA ONLINE,Ecommerce,,CAF-ETIOP-250,CAF-ETIOP-250,false,,Etiopia Yirgacheffe 250 g,UN,CAFE,S,3.00,9922.60,0.00,29767.79,4282.00,12846.00,16921.79,0.57,
2025-01-16,2025-01,FAC 0003-00040043,FAC,false,C0130,Usina Coghlan,Mayorista,CABA,CAF-BLEND-1K,CAF-BLEND-1K,false,,Blend Casa 1 kg,UN,CAFE,S,5.00,18000.00,30.00,63000.00,9800.00,49000.00,14000.00,0.22,
2025-01-24,2025-01,FAC 0003-00040206,FAC,false,C9002,VENTA ONLINE,Ecommerce,,CAF-ETIOP-250,CAF-ETIOP-250,false,,Etiopia Yirgacheffe 250 g,UN,CAFE,S,3.00,9500.00,0.00,28500.00,4100.00,12300.00,16200.00,0.57,
2025-01-01,2025-01,FAC 0003-00040027,FAC,false,C0113,Bar Recoleta II,Mayorista,CABA,CAP-FILTRO-100,CAP-FILTRO-100,false,,Filtros de papel x 100,UN,ACCESORIOS,S,2.00,3200.00,30.00,4480.00,1900.00,3800.00,680.00,0.15,M. Paz
2025-05-11,2025-05,FAC 0003-00041767,FAC,false,C9002,VENTA ONLINE,Ecommerce,,CAF-COLOM-250,CAF-COLOM-250,false,,Colombia Huila 250 g,UN,CAFE,S,1.00,8945.76,0.00,8945.76,3927.00,3927.00,5018.76,0.56,
2025-01-18,2025-01,FAC 0003-00040053,FAC,false,C0139,La Ventanita de Constitucion II,Mayorista,CABA,CAF-BRAS-1K,CAF-BRAS-1K,false,,Brasil Cerrado 1 kg,UN,CAFE,S,8.00,17000.00,30.00,95200.00,9300.00,74400.00,20800.00,0.22,R. Ibarra
2025-01-09,2025-01,FAC 0003-00040407,FAC,false,C9001,CONSUMIDOR FINAL,Local,CABA,CAF-BLEND-250,CAF-BLEND-250,false,,Blend Casa 250 g,UN,CAFE,S,1.00,5600.00,0.00,5600.00,2560.00,2560.00,3040.00,0.54,
2025-05-10,2025-05,FAC 0003-00042009,FAC,false,C9001,CONSUMIDOR FINAL,Local,CABA,CAP-FILTRO-100,CAP-FILTRO-100,false,,Filtros de papel x 100,UN,ACCESORIOS,S,1.00,3491.03,0.00,3491.03,2073.00,2073.00,1418.03,0.41,
2025-02-28,2025-02,FAC 0003-00040548,FAC,false,C9002,VENTA ONLINE,Ecommerce,,CAP-TAZA,CAP-TAZA,false,,Taza ceramica logo,UN,ACCESORIOS,S,2.00,9095.80,0.00,18191.60,4292.00,8584.00,9607.60,0.53,
2025-01-07,2025-01,FAC 0003-00040007,FAC,false,C0001,GRANOS DEL SUR S.A.,Distribuidor,Avellaneda,CAF-BLEND-1K,CAF-BLEND-1K,false,,Blend Casa 1 kg,UN,CAFE,S,52.00,18000.00,40.00,561600.00,9800.00,509600.00,52000.00,0.09,R. Ibarra
2025-05-09,2025-05,FAC 0003-00041698,FAC,false,C9002,VENTA ONLINE,Ecommerce,,CAF-COLOM-250,CAF-COLOM-250,false,,Colombia Huila 250 g,UN,CAFE,S,1.00,8945.76,0.00,8945.76,3927.00,3927.00,5018.76,0.56,
2025-06-18,2025-06,FAC 0003-00042295,FAC,false,C9002,VENTA ONLINE,Ecommerce,,CAF-ETIOP-250,CAF-ETIOP-250,false,,Etiopia Yirgacheffe 250 g,UN,CAFE,S,3.00,10592.00,0.00,31776.01,4571.00,13713.00,18063.01,0.57,
2025-02-24,2025-02,FAC 0003-00040428,FAC,false,C0104,Tostado Villa Crespo,Mayorista,CABA,CAF-BLEND-1K,CAF-BLEND-1K,false,,Blend Casa 1 kg,UN,CAFE,S,9.00,18396.00,35.00,107616.60,10016.00,90144.00,17472.60,0.16,
2025-06-18,2025-06,FAC 0003-00042125,FAC,false,C0128,La Ventanita de San Telmo,Mayorista,CABA,CAP-FILTRO-100,CAP-FILTRO-100,false,,Filtros de papel x 100,UN,ACCESORIOS,S,6.00,3567.83,32.00,14556.76,2118.00,12708.00,1848.76,0.13,M. Paz
2025-04-27,2025-04,FAC 0003-00041358,FAC,false,C9002,VENTA ONLINE,Ecommerce,,CAF-BRAS-250,CAF-BRAS-250,false,,Brasil Cerrado 250 g,UN,CAFE,S,1.00,5657.55,0.00,5657.55,2594.00,2594.00,3063.55,0.54,
2025-05-02,2025-05,FAC 0003-00041868,FAC,false,C9002,VENTA ONLINE,Ecommerce,,CAF-BRAS-250,CAF-BRAS-250,false,,Brasil Cerrado 250 g,UN,CAFE,S,1.00,5782.02,0.00,5782.02,2651.00,2651.00,3131.02,0.54,
2025-03-04,2025-03,FAC 0003-00040900,FAC,false,C9002,VENTA ONLINE,Ecommerce,,CAF-BLEND-250,CAF-BLEND-250,false,,Blend Casa 250 g,UN,CAFE,S,1.00,5849.11,0.00,5849.11,2674.00,2674.00,3175.11,0.54,
2025-04-23,2025-04,FAC 0003-00041495,FAC,false,C9002,VENTA ONLINE,Ecommerce,,CAF-COLOM-250,CAF-COLOM-250,false,,Colombia Huila 250 g,UN,CAFE,S,2.00,8753.19,0.00,17506.39,3843.00,7686.00,9820.39,0.56,
2025-03-10,2025-03,FAC 0003-00041086,FAC,false,C9002,VENTA ONLINE,Ecommerce,,CAF-COLOM-250,CAF-COLOM-250,false,,Colombia Huila 250 g,UN,CAFE,S,3.00,8564.77,0.00,25694.31,3760.00,11280.00,14414.31,0.56,
2025-01-04,2025-01,FAC 0003-00040356,FAC,false,C9001,CONSUMIDOR FINAL,Local,CABA,CAF-COLOM-250,CAF-COLOM-250,false,,Colombia Huila 250 g,UN,CAFE,S,2.00,8200.00,0.00,16400.00,3600.00,7200.00,9200.00,0.56,
2025-01-03,2025-01,FAC 0003-00040004,FAC,false,C0001,GRANOS DEL SUR S.A.,Distribuidor,Avellaneda,CAF-BRAS-1K,CAF-BRAS-1K,false,,Brasil Cerrado 1 kg,UN,CAFE,S,12.00,17000.00,40.00,122400.00,9300.00,111600.00,10800.00,0.09,R. Ibarra
2025-04-20,2025-04,FAC 0003-00041256,FAC,false,C0109,Usina Colegiales II,Mayorista,CABA,CAF-BLEND-1K,CAF-BLEND-1K,false,,Blend Casa 1 kg,UN,CAFE,S,8.00,19214.33,32.00,104525.94,10461.00,83688.00,20837.94,0.20,R. Ibarra
2025-04-07,2025-04,FAC 0003-00041296,FAC,false,C9002,VENTA ONLINE,Ecommerce,,CAF-BLEND-250,CAF-BLEND-250,false,,Blend Casa 250 g,UN,CAFE,S,3.00,5977.79,0.00,17933.37,2733.00,8199.00,9734.37,0.54,
2025-05-21,2025-05,FAC 0003-00041809,FAC,false,C9002,VENTA ONLINE,Ecommerce,,CAF-BRAS-250,CAF-BRAS-250,false,,Brasil Cerrado 250 g,UN,CAFE,S,3.00,5782.02,0.00,17346.05,2651.00,7953.00,9393.05,0.54,
2025-01-11,2025-01,FAC 0003-00040095,FAC,false,C9002,VENTA ONLINE,Ecommerce,,CAF-ETIOP-250,CAF-ETIOP-250,false,,Etiopia Yirgacheffe 250 g,UN,CAFE,S,1.00,9500.00,0.00,9500.00,4100.00,4100.00,5400.00,0.57,
2025-02-10,2025-02,FAC 0003-00040469,FAC,false,C0137,Panaderia Villa Urquiza II,Mayorista,CABA,CAF-ETIOP-250,CAF-ETIOP-250,false,,Etiopia Yirgacheffe 250 g,UN,CAFE,S,5.00,9709.00,30.00,33981.50,4190.00,20950.00,13031.50,0.38,
2025-06-15,2025-06,FAC 0003-00042101,FAC,false,C0109,Usina Colegiales II,Mayorista,CABA,CAF-BLEND-1K,CAF-BLEND-1K,false,,Blend Casa 1 kg,UN,CAFE,S,6.00,20069.06,32.00,81881.76,10926.00,65556.00,16325.76,0.20,
2025-04-02,2025-04,FAC 0003-00041634,FAC,false,C9001,CONSUMIDOR FINAL,Local,CABA,CAF-ETIOP-250,CAF-ETIOP-250,false,,Etiopia Yirgacheffe 250 g,UN,CAFE,S,2.00,10140.90,0.00,20281.79,4377.00,8754.00,11527.79,0.57,
2025-04-19,2025-04,FAC 0003-00041341,FAC,false,C9002,VENTA ONLINE,Ecommerce,,CAP-TAZA,CAP-TAZA,false,,Taza ceramica logo,UN,ACCESORIOS,S,2.00,9500.42,0.00,19000.84,4483.00,8966.00,10034.84,0.53,
2025-01-10,2025-01,FAC 0003-00040179,FAC,false,C9002,VENTA ONLINE,Ecommerce,,CAF-BRAS-250,CAF-BRAS-250,false,,Brasil Cerrado 250 g,UN,CAFE,S,2.00,5300.00,0.00,10600.00,2430.00,4860.00,5740.00,0.54,
2025-03-02,2025-03,FAC 0003-00041130,FAC,false,C9001,CONSUMIDOR FINAL,Local,CABA,CAP-FILTRO-100,CAP-FILTRO-100,false,,Filtros de papel x 100,UN,ACCESORIOS,S,2.00,3342.35,0.00,6684.70,1985.00,3970.00,2714.70,0.41,
2025-03-06,2025-03,FAC 0003-00040991,FAC,false,C9002,VENTA ONLINE,Ecommerce,,CAF-BLEND-250,CAF-BLEND-250,false,,Blend Casa 250 g,UN,CAFE,S,2.00,5849.11,0.00,11698.22,2674.00,5348.00,6350.22,0.54,
2025-04-21,2025-04,FAC 0003-00041518,FAC,false,C9002,VENTA ONLINE,Ecommerce,,CAF-BLEND-250,CAF-BLEND-250,false,,Blend Casa 250 g,UN,CAFE,S,3.00,5977.79,0.00,17933.37,2733.00,8199.00,9734.37,0.54,
2025-02-10,2025-02,FAC 0003-00040619,FAC,false,C9002,VENTA ONLINE,Ecommerce,,CAF-BLEND-250,CAF-BLEND-250,false,,Blend Casa 250 g,UN,CAFE,S,1.00,5723.20,0.00,5723.20,2616.00,2616.00,3107.20,0.54,
2025-06-16,2025-06,FAC 0003-00042300,FAC,false,C9002,VENTA ONLINE,Ecommerce,,CAF-BRAS-250,CAF-BRAS-250,false,,Brasil Cerrado 250 g,UN,CAFE,S,1.00,5909.22,0.00,5909.22,2709.00,2709.00,3200.22,0.54,
2025-04-20,2025-04,FAC 0003-00041283,FAC,false,C0135,Coffee Lab Agronomia II,Mayorista,CABA,CAF-BLEND-1K,CAF-BLEND-1K,false,,Blend Casa 1 kg,UN,CAFE,S,4.00,19214.33,30.00,53800.12,10461.00,41844.00,11956.12,0.22,R. Ibarra
2025-06-26,2025-06,FAC 0003-00042430,FAC,false,C9001,CONSUMIDOR FINAL,Local,CABA,CAF-COLOM-250,CAF-COLOM-250,false,,Colombia Huila 250 g,UN,CAFE,S,2.00,9142.57,0.00,18285.14,4014.00,8028.00,10257.14,0.56,
2025-06-07,2025-06,FAC 0003-00042212,FAC,false,C9002,VENTA ONLINE,Ecommerce,,CAF-CAPS-10,CAF-CAPS-10,false,,Capsulas compatibles x10,UN,CAFE,S,3.00,7693.14,0.00,23079.42,3679.00,11037.00,12042.42,0.52,
2025-04-18,2025-04,FAC 0003-00041370,FAC,false,C9002,VENTA ONLINE,Ecommerce,,CAF-ETIOP-250,CAF-ETIOP-250,false,,Etiopia Yirgacheffe 250 g,UN,CAFE,S,1.00,10140.90,0.00,10140.90,4377.00,4377.00,5763.90,0.57,
2025-06-02,2025-06,FAC 0003-00042298,FAC,false,C9002,VENTA ONLINE,Ecommerce,,CAF-BLEND-250,CAF-BLEND-250,false,,Blend Casa 250 g,UN,CAFE,S,3.00,6243.71,0.00,18731.12,2854.00,8562.00,10169.12,0.54,
2025-05-18,2025-05,FAC 0003-00041696,FAC,false,C0138,El Almacen de Constitucion,Mayorista,CABA,CAF-BRAS-1K,CAF-BRAS-1K,false,,Brasil Cerrado 1 kg,UN,CAFE,S,3.00,18546.10,30.00,38946.80,10146.00,30438.00,8508.80,0.22,
2025-04-09,2025-04,FAC 0003-00041515,FAC,false,C9002,VENTA ONLINE,Ecommerce,,CAF-ETIOP-250,CAF-ETIOP-250,false,,Etiopia Yirgacheffe 250 g,UN,CAFE,S,2.00,10140.90,0.00,20281.79,4377.00,8754.00,11527.79,0.57,
2025-06-12,2025-06,FAC 0003-00042190,FAC,false,C9002,VENTA ONLINE,Ecommerce,,CAF-BLEND-250,CAF-BLEND-250,false,,Blend Casa 250 g,UN,CAFE,S,2.00,6243.71,0.00,12487.41,2854.00,5708.00,6779.41,0.54,
2025-01-25,2025-01,FAC 0003-00040134,FAC,false,C9002,VENTA ONLINE,Ecommerce,,CAF-BLEND-250,CAF-BLEND-250,false,,Blend Casa 250 g,UN,CAFE,S,3.00,5600.00,0.00,16800.00,2560.00,7680.00,9120.00,0.54,
2025-05-28,2025-05,FAC 0003-00041906,FAC,false,C9002,VENTA ONLINE,Ecommerce,,CAF-CAPS-10,CAF-CAPS-10,false,,Capsulas compatibles x10,UN,CAFE,S,2.00,7527.53,0.00,15055.07,3600.00,7200.00,7855.07,0.52,
2025-03-12,2025-03,FAC 0003-00040852,FAC,false,C0106,El Almacen de Nunez,Mayorista,CABA,CAF-BLEND-1K,CAF-BLEND-1K,false,,Blend Casa 1 kg,UN,CAFE,S,10.00,18800.71,30.00,131604.98,10236.00,102360.00,29244.98,0.22,
2025-02-03,2025-02,FAC 0003-00040510,FAC,false,C9002,VENTA ONLINE,Ecommerce,,CAP-FILTRO-100,CAP-FILTRO-100,false,,Filtros de papel x 100,UN,ACCESORIOS,S,3.00,3270.40,0.00,9811.20,1942.00,5826.00,3985.20,0.41,
2025-03-08,2025-03,FAC 0003-00041028,FAC,false,C9002,VENTA ONLINE,Ecommerce,,CAP-FILTRO-100,CAP-FILTRO-100,false,,Filtros de papel x 100,UN,ACCESORIOS,S,1.00,3342.35,0.00,3342.35,1985.00,1985.00,1357.35,0.41,
2025-04-21,2025-04,FAC 0003-00041351,FAC,false,C9002,VENTA ONLINE,Ecommerce,,CAF-DESCA-250,CAF-DESCA-250,false,,Descafeinado 250 g,UN,CAFE,S,3.00,7899.22,0.00,23697.67,3736.00,11208.00,12489.67,0.53,
2025-05-11,2025-05,FAC 0003-00041742,FAC,false,C9002,VENTA ONLINE,Ecommerce,,CAF-COLOM-250,CAF-COLOM-250,false,,Colombia Huila 250 g,UN,CAFE,S,2.00,8945.76,0.00,17891.53,3927.00,7854.00,10037.53,0.56,
2025-06-02,2025-06,FAC 0003-00042191,FAC,false,C9002,VENTA ONLINE,Ecommerce,,CAF-COLOM-250,CAF-COLOM-250,false,,Colombia Huila 250 g,UN,CAFE,S,1.00,9142.57,0.00,9142.57,4014.00,4014.00,5128.57,0.56,
2025-02-10,2025-02,FAC 0003-00040499,FAC,false,C9002,VENTA ONLINE,Ecommerce,,CAF-BLEND-250,CAF-BLEND-250,false,,Blend Casa 250 g,UN,CAFE,S,2.00,5723.20,0.00,11446.40,2616.00,5232.00,6214.40,0.54,
2025-06-17,2025-06,FAC 0003-00042246,FAC,false,C9002,VENTA ONLINE,Ecommerce,,CAF-COLOM-250,CAF-COLOM-250,false,,Colombia Huila 250 g,UN,CAFE,S,2.00,9142.57,0.00,18285.14,4014.00,8028.00,10257.14,0.56,
2025-06-23,2025-06,FAC 0003-00042265,FAC,false,C9002,VENTA ONLINE,Ecommerce,,CAF-ETIOP-250,CAF-ETIOP-250,false,,Etiopia Yirgacheffe 250 g,UN,CAFE,S,3.00,10592.00,0.00,31776.01,4571.00,13713.00,18063.01,0.57,
2025-04-11,2025-04,FAC 0003-00041484,FAC,false,C9002,VENTA ONLINE,Ecommerce,,CAF-COLOM-250,CAF-COLOM-250,false,,Colombia Huila 250 g,UN,CAFE,S,1.00,8753.19,0.00,8753.19,3843.00,3843.00,4910.19,0.56,
2025-03-09,2025-03,FAC 0003-00041159,FAC,false,C9001,CONSUMIDOR FINAL,Local,CABA,CAF-COLOM-250,CAF-COLOM-250,false,,Colombia Huila 250 g,UN,CAFE,S,1.00,8564.77,0.00,8564.77,3760.00,3760.00,4804.77,0.56,
2025-01-17,2025-01,FAC 0003-00040230,FAC,false,C9002,VENTA ONLINE,Ecommerce,,CAF-COLOM-250,CAF-COLOM-250,false,,Colombia Huila 250 g,UN,CAFE,S,3.00,8200.00,0.00,24600.00,3600.00,10800.00,13800.00,0.56,
2025-03-18,2025-03,FAC 0003-00040942,FAC,false,C9002,VENTA ONLINE,Ecommerce,,CAF-BLEND-250,CAF-BLEND-250,false,,Blend Casa 250 g,UN,CAFE,S,3.00,5849.11,0.00,17547.33,2674.00,8022.00,9525.33,0.54,
2025-03-03,2025-03,FAC 0003-00041163,FAC,false,C9001,CONSUMIDOR FINAL,Local,CABA,CAF-BLEND-1K,CAF-BLEND-1K,false,,Blend Casa 1 kg,UN,CAFE,S,1.00,18800.71,0.00,18800.71,10236.00,10236.00,8564.71,0.46,
2025-03-13,2025-03,FAC 0003-00041056,FAC,false,C9002,VENTA ONLINE,Ecommerce,,CAF-BRAS-250,CAF-BRAS-250,false,,Brasil Cerrado 250 g,UN,CAFE,S,3.00,5535.77,0.00,16607.30,2538.00,7614.00,8993.30,0.54,
2025-06-28,2025-06,FAC 0003-00042502,FAC,false,C9001,CONSUMIDOR FINAL,Local,CABA,CAF-COLOM-250,CAF-COLOM-250,false,,Colombia Huila 250 g,UN,CAFE,S,1.00,9142.57,0.00,9142.57,4014.00,4014.00,5128.57,0.56,
2025-02-04,2025-02,FAC 0003-00040808,FAC,false,C9001,CONSUMIDOR FINAL,Local,CABA,CAF-BLEND-250,CAF-BLEND-250,false,,Blend Casa 250 g,UN,CAFE,S,1.00,5723.20,0.00,5723.20,2616.00,2616.00,3107.20,0.54,
2025-06-11,2025-06,FAC 0003-00042162,FAC,false,C9002,VENTA ONLINE,Ecommerce,,CAF-BRAS-250,CAF-BRAS-250,false,,Brasil Cerrado 250 g,UN,CAFE,S,3.00,5909.22,0.00,17727.67,2709.00,8127.00,9600.67,0.54,
2025-03-16,2025-03,FAC 0003-00040948,FAC,false,C9002,VENTA ONLINE,Ecommerce,,CAF-BRAS-250,CAF-BRAS-250,false,,Brasil Cerrado 250 g,UN,CAFE,S,1.00,5535.77,0.00,5535.77,2538.00,2538.00,2997.77,0.54,
2025-05-26,2025-05,FAC 0003-00041990,FAC,false,C9001,CONSUMIDOR FINAL,Local,CABA,CAP-FILTRO-100,CAP-FILTRO-100,false,,Filtros de papel x 100,UN,ACCESORIOS,S,1.00,3491.03,0.00,3491.03,2073.00,2073.00,1418.03,0.41,
2025-03-10,2025-03,FAC 0003-00041185,FAC,false,C9001,CONSUMIDOR FINAL,Local,CABA,CAF-BLEND-250,CAF-BLEND-250,false,,Blend Casa 250 g,UN,CAFE,S,1.00,5849.11,0.00,5849.11,2674.00,2674.00,3175.11,0.54,
2025-03-04,2025-03,FAC 0003-00041092,FAC,false,C9002,VENTA ONLINE,Ecommerce,,CAF-ETIOP-250,CAF-ETIOP-250,false,,Etiopia Yirgacheffe 250 g,UN,CAFE,S,1.00,9922.60,0.00,9922.60,4282.00,4282.00,5640.60,0.57,
2025-05-18,2025-05,FAC 0003-00041827,FAC,false,C9002,VENTA ONLINE,Ecommerce,,CAF-DESCA-250,CAF-DESCA-250,false,,Descafeinado 250 g,UN,CAFE,S,2.00,8073.01,0.00,16146.01,3818.00,7636.00,8510.01,0.53,
2025-04-24,2025-04,FAC 0003-00041392,FAC,false,C9002,VENTA ONLINE,Ecommerce,,CAF-COLOM-250,CAF-COLOM-250,false,,Colombia Huila 250 g,UN,CAFE,S,3.00,8753.19,0.00,26259.58,3843.00,11529.00,14730.58,0.56,
2025-03-11,2025-03,FAC 0003-00041235,FAC,false,C9001,CONSUMIDOR FINAL,Local,CABA,CAF-COLOM-250,CAF-COLOM-250,false,,Colombia Huila 250 g,UN,CAFE,S,1.00,8564.77,0.00,8564.77,3760.00,3760.00,4804.77,0.56,
2025-06-02,2025-06,FAC 0003-00042498,FAC,false,C9001,CONSUMIDOR FINAL,Local,CABA,CAF-COLOM-250,CAF-COLOM-250,false,,Colombia Huila 250 g,UN,CAFE,S,2.00,9142.57,0.00,18285.14,4014.00,8028.00,10257.14,0.56,
2025-05-25,2025-05,FAC 0003-00041941,FAC,false,C9002,VENTA ONLINE,Ecommerce,,CAF-CAPS-10,CAF-CAPS-10,false,,Capsulas compatibles x10,UN,CAFE,S,3.00,7527.53,0.00,22582.60,3600.00,10800.00,11782.60,0.52,
2025-06-18,2025-06,FAC 0003-00042414,FAC,false,C9001,CONSUMIDOR FINAL,Local,CABA,CAF-BLEND-250,CAF-BLEND-250,false,,Blend Casa 250 g,UN,CAFE,S,2.00,6243.71,0.00,12487.41,2854.00,5708.00,6779.41,0.54,
2025-05-02,2025-05,FAC 0003-00041800,FAC,false,C9002,VENTA ONLINE,Ecommerce,,CAF-CAPS-10,CAF-CAPS-10,false,,Capsulas compatibles x10,UN,CAFE,S,2.00,7527.53,0.00,15055.07,3600.00,7200.00,7855.07,0.52,
2025-03-10,2025-03,FAC 0003-00041160,FAC,false,C9001,CONSUMIDOR FINAL,Local,CABA,CAF-ETIOP-250,CAF-ETIOP-250,false,,Etiopia Yirgacheffe 250 g,UN,CAFE,S,2.00,9922.60,0.00,19845.20,4282.00,8564.00,11281.20,0.57,
2025-02-12,2025-02,FAC 0003-00040450,FAC,false,C0123,La Ventanita de Almagro II,Mayorista,CABA,CAF-BLEND-1K,CAF-BLEND-1K,false,,Blend Casa 1 kg,UN,CAFE,S,3.00,18396.00,35.00,35872.20,10016.00,30048.00,5824.20,0.16,
2025-03-14,2025-03,FAC 0003-00040898,FAC,false,C9002,VENTA ONLINE,Ecommerce,,CAF-ETIOP-250,CAF-ETIOP-250,false,,Etiopia Yirgacheffe 250 g,UN,CAFE,S,2.00,9922.60,0.00,19845.20,4282.00,8564.00,11281.20,0.57,
2025-04-24,2025-04,FAC 0003-00041263,FAC,false,C0116,Cafe Caballito,Mayorista,CABA,CAF-BRAS-1K,CAF-BRAS-1K,false,,Brasil Cerrado 1 kg,UN,CAFE,S,7.00,18146.87,32.00,86379.08,9927.00,69489.00,16890.08,0.20,M. Paz
2025-05-24,2025-05,FAC 0003-00041916,FAC,false,C9002,VENTA ONLINE,Ecommerce,,CAF-BRAS-250,CAF-BRAS-250,false,,Brasil Cerrado 250 g,UN,CAFE,S,1.00,5782.02,0.00,5782.02,2651.00,2651.00,3131.02,0.54,
2025-03-22,2025-03,FAC 0003-00041157,FAC,false,C9001,CONSUMIDOR FINAL,Local,CABA,CAF-BLEND-250,CAF-BLEND-250,false,,Blend Casa 250 g,UN,CAFE,S,2.00,5849.11,0.00,11698.22,2674.00,5348.00,6350.22,0.54,
2025-01-25,2025-01,FAC 0003-00040265,FAC,false,C9001,CONSUMIDOR FINAL,Local,CABA,CAF-BLEND-250,CAF-BLEND-250,false,,Blend Casa 250 g,UN,CAFE,S,2.00,5600.00,0.00,11200.00,2560.00,5120.00,6080.00,0.54,
2025-01-24,2025-01,FAC 0003-00040231,FAC,false,C9002,VENTA ONLINE,Ecommerce,,CAP-FILTRO-100,CAP-FILTRO-100,false,,Filtros de papel x 100,UN,ACCESORIOS,S,2.00,3200.00,0.00,6400.00,1900.00,3800.00,2600.00,0.41,
2025-06-21,2025-06,FAC 0003-00042373,FAC,false,C9002,VENTA ONLINE,Ecommerce,,CAF-COLOM-250,CAF-COLOM-250,false,,Colombia Huila 250 g,UN,CAFE,S,3.00,9142.57,0.00,27427.71,4014.00,12042.00,15385.71,0.56,
2025-02-25,2025-02,FAC 0003-00040691,FAC,false,C9002,VENTA ONLINE,Ecommerce,,CAF-COLOM-250,CAF-COLOM-250,false,,Colombia Huila 250 g,UN,CAFE,S,2.00,8380.40,0.00,16760.80,3679.00,7358.00,9402.80,0.56,
2025-05-05,2025-05,FAC 0003-00041769,FAC,false,C9002,VENTA ONLINE,Ecommerce,,CAF-DESCA-250,CAF-DESCA-250,false,,Descafeinado 250 g,UN,CAFE,S,1.00,8073.01,0.00,8073.01,3818.00,3818.00,4255.01,0.53,
2025-05-16,2025-05,FAC 0003-00041965,FAC,false,C9001,CONSUMIDOR FINAL,Local,CABA,CAF-ETIOP-250,CAF-ETIOP-250,false,,Etiopia Yirgacheffe 250 g,UN,CAFE,S,2.00,10363.99,0.00,20727.99,4473.00,8946.00,11781.99,0.57,
2025-05-13,2025-05,FAC 0003-00041765,FAC,false,C9002,VENTA ONLINE,Ecommerce,,CAF-ETIOP-250,CAF-ETIOP-250,false,,Etiopia Yirgacheffe 250 g,UN,CAFE,S,2.00,10363.99,0.00,20727.99,4473.00,8946.00,11781.99,0.57,
2025-05-22,2025-05,FAC 0003-00041709,FAC,false,C9002,VENTA ONLINE,Ecommerce,,CAF-BRAS-250,CAF-BRAS-250,false,,Brasil Cerrado 250 g,UN,CAFE,S,3.00,5782.02,0.00,17346.05,2651.00,7953.00,9393.05,0.54,
2025-01-24,2025-01,FAC 0003-00040077,FAC,false,C9002,VENTA ONLINE,Ecommerce,,CAF-COLOM-250,CAF-COLOM-250,false,,Colombia Huila 250 g,UN,CAFE,S,3.00,8200.00,0.00,24600.00,3600.00,10800.00,13800.00,0.56,
2025-01-26,2025-01,FAC 0003-00040008,FAC,false,C0001,GRANOS DEL SUR S.A.,Distribuidor,Avellaneda,BLEND1K,CAF-BLEND-1K,true,Codigo viejo informado en ventas; corresponde a Blend Casa 1 kg.,Blend Casa 1 kg,UN,CAFE,S,51.00,18000.00,40.00,550800.00,9800.00,499800.00,51000.00,0.09,R. Ibarra
2025-03-23,2025-03,FAC 0003-00041031,FAC,false,C9002,VENTA ONLINE,Ecommerce,,CAF-COLOM-250,CAF-COLOM-250,false,,Colombia Huila 250 g,UN,CAFE,S,3.00,8564.77,0.00,25694.31,3760.00,11280.00,14414.31,0.56,
2025-04-01,2025-04,FAC 0003-00041248,FAC,false,C0103,Coffee Lab Belgrano II,Mayorista,CABA,CAP-FILTRO-100,CAP-FILTRO-100,false,,Filtros de papel x 100,UN,ACCESORIOS,S,6.00,3415.88,35.00,13321.93,2028.00,12168.00,1153.93,0.09,
2025-01-06,2025-01,FAC 0003-00040006,FAC,false,C0001,GRANOS DEL SUR S.A.,Distribuidor,Avellaneda,CAF-BLEND-CJ6,CAF-BLEND-CJ6,false,,Blend Casa CAJA X 6 (1kg c/u),CAJA X6,CAFE,S,11.00,102000.00,40.00,673200.00,58800.00,646800.00,26400.00,0.04,R. Ibarra
2025-03-24,2025-03,FAC 0003-00041071,FAC,false,C9002,VENTA ONLINE,Ecommerce,,CAF-COLOM-250,CAF-COLOM-250,false,,Colombia Huila 250 g,UN,CAFE,S,1.00,8564.77,0.00,8564.77,3760.00,3760.00,4804.77,0.56,
2025-01-22,2025-01,FAC 0003-00040229,FAC,false,C9002,VENTA ONLINE,Ecommerce,,CAF-BLEND-250,CAF-BLEND-250,false,,Blend Casa 250 g,UN,CAFE,S,3.00,5600.00,0.00,16800.00,2560.00,7680.00,9120.00,0.54,
2025-05-04,2025-05,FAC 0003-00041919,FAC,false,C9002,VENTA ONLINE,Ecommerce,,CAP-TAZA,CAP-TAZA,false,,Taza ceramica logo,UN,ACCESORIOS,S,3.00,9709.43,0.00,29128.28,4582.00,13746.00,15382.28,0.53,
2025-06-08,2025-06,FAC 0003-00042202,FAC,false,C9002,VENTA ONLINE,Ecommerce,,CAF-CAPS-10,CAF-CAPS-10,false,,Capsulas compatibles x10,UN,CAFE,S,2.00,7693.14,0.00,15386.28,3679.00,7358.00,8028.28,0.52,
2025-05-23,2025-05,FAC 0003-00041770,FAC,false,C9002,VENTA ONLINE,Ecommerce,,CAP-TAZA,CAP-TAZA,false,,Taza ceramica logo,UN,ACCESORIOS,S,2.00,9709.43,0.00,19418.85,4582.00,9164.00,10254.85,0.53,
2025-01-16,2025-01,FAC 0003-00040169,FAC,false,C9002,VENTA ONLINE,Ecommerce,,CAF-ETIOP-250,CAF-ETIOP-250,false,,Etiopia Yirgacheffe 250 g,UN,CAFE,S,2.00,9500.00,0.00,19000.00,4100.00,8200.00,10800.00,0.57,
2025-06-23,2025-06,FAC 0003-00042135,FAC,false,C0135,Coffee Lab Agronomia II,Mayorista,CABA,CAF-BLEND-1K,CAF-BLEND-1K,false,,Blend Casa 1 kg,UN,CAFE,S,8.00,20069.06,30.00,112386.72,10926.00,87408.00,24978.72,0.22,
2025-01-10,2025-01,FAC 0003-00040256,FAC,false,C9002,VENTA ONLINE,Ecommerce,,CAF-ETIOP-250,CAF-ETIOP-250,false,,Etiopia Yirgacheffe 250 g,UN,CAFE,S,1.00,9500.00,0.00,9500.00,4100.00,4100.00,5400.00,0.57,
2025-05-13,2025-05,FAC 0003-00041658,FAC,false,C0107,La Ventanita de Nunez II,Mayorista,CABA,CAP-FILTRO-100,CAP-FILTRO-100,false,,Filtros de papel x 100,UN,ACCESORIOS,S,3.00,3491.03,35.00,6807.51,2073.00,6219.00,588.51,0.09,
2025-05-16,2025-05,FAC 0003-00041704,FAC,false,C9002,VENTA ONLINE,Ecommerce,,CAF-BRAS-250,CAF-BRAS-250,false,,Brasil Cerrado 250 g,UN,CAFE,S,3.00,5782.02,0.00,17346.05,2651.00,7953.00,9393.05,0.54,
2025-04-04,2025-04,FAC 0003-00041390,FAC,false,C9002,VENTA ONLINE,Ecommerce,,CAP-TAZA,CAP-TAZA,false,,Taza ceramica logo,UN,ACCESORIOS,S,1.00,9500.42,0.00,9500.42,4483.00,4483.00,5017.42,0.53,
2025-01-22,2025-01,FAC 0003-00040117,FAC,false,C9002,VENTA ONLINE,Ecommerce,,CAF-CAPS-10,CAF-CAPS-10,false,,Capsulas compatibles x10,UN,CAFE,S,1.00,6900.00,0.00,6900.00,3300.00,3300.00,3600.00,0.52,
2025-06-07,2025-06,FAC 0003-00042241,FAC,false,C9002,VENTA ONLINE,Ecommerce,,CAF-COLOM-250,CAF-COLOM-250,false,,Colombia Huila 250 g,UN,CAFE,S,2.00,9142.57,0.00,18285.14,4014.00,8028.00,10257.14,0.56,
2025-02-01,2025-02,FAC 0003-00040582,FAC,false,C9002,VENTA ONLINE,Ecommerce,,CAF-ETIOP-250,CAF-ETIOP-250,false,,Etiopia Yirgacheffe 250 g,UN,CAFE,S,1.00,9709.00,0.00,9709.00,4190.00,4190.00,5519.00,0.57,
2025-05-22,2025-05,FAC 0003-00042072,FAC,false,C9001,CONSUMIDOR FINAL,Local,CABA,CAF-COLOM-250,CAF-COLOM-250,false,,Colombia Huila 250 g,UN,CAFE,S,2.00,8945.76,0.00,17891.53,3927.00,7854.00,10037.53,0.56,
2025-04-13,2025-04,FAC 0003-00041531,FAC,false,C9001,CONSUMIDOR FINAL,Local,CABA,CAF-BLEND-250,CAF-BLEND-250,false,,Blend Casa 250 g,UN,CAFE,S,1.00,5977.79,0.00,5977.79,2733.00,2733.00,3244.79,0.54,
2025-05-05,2025-05,FAC 0003-00042053,FAC,false,C9001,CONSUMIDOR FINAL,Local,CABA,CAF-BLEND-250,CAF-BLEND-250,false,,Blend Casa 250 g,UN,CAFE,S,1.00,6109.30,0.00,6109.30,2793.00,2793.00,3316.30,0.54,
2025-01-25,2025-01,FAC 0003-00040035,FAC,false,C0123,La Ventanita de Almagro II,Mayorista,CABA,CAP-FILTRO-100,CAP-FILTRO-100,false,,Filtros de papel x 100,UN,ACCESORIOS,S,2.00,3200.00,35.00,4160.00,1900.00,3800.00,360.00,0.09,R. Ibarra
2025-05-05,2025-05,FAC 0003-00041859,FAC,false,C9002,VENTA ONLINE,Ecommerce,,CAF-COLOM-250,CAF-COLOM-250,false,,Colombia Huila 250 g,UN,CAFE,S,2.00,8945.76,0.00,17891.53,3927.00,7854.00,10037.53,0.56,
2025-06-27,2025-06,FAC 0003-00042467,FAC,false,C9001,CONSUMIDOR FINAL,Local,CABA,CAF-BLEND-250,CAF-BLEND-250,false,,Blend Casa 250 g,UN,CAFE,S,2.00,6243.71,0.00,12487.41,2854.00,5708.00,6779.41,0.54,
2025-03-17,2025-03,FAC 0003-00041167,FAC,false,C9001,CONSUMIDOR FINAL,Local,CABA,CAF-ETIOP-250,CAF-ETIOP-250,false,,Etiopia Yirgacheffe 250 g,UN,CAFE,S,2.00,9922.60,0.00,19845.20,4282.00,8564.00,11281.20,0.57,
2025-01-13,2025-01,FAC 0003-00040033,FAC,false,C0121,Panaderia Chacarita II,Mayorista,CABA,CAF-BRAS-1K,CAF-BRAS-1K,false,,Brasil Cerrado 1 kg,UN,CAFE,S,8.00,17000.00,35.00,88400.00,9300.00,74400.00,14000.00,0.16,
2025-03-17,2025-03,FAC 0003-00040873,FAC,false,C0128,La Ventanita de San Telmo,Mayorista,CABA,CAF-BLEND-1K,CAF-BLEND-1K,false,,Blend Casa 1 kg,UN,CAFE,S,3.00,18800.71,32.00,38353.45,10236.00,30708.00,7645.45,0.20,M. Paz
2025-06-11,2025-06,FAC 0003-00042282,FAC,false,C9002,VENTA ONLINE,Ecommerce,,CAF-COLOM-250,CAF-COLOM-250,false,,Colombia Huila 250 g,UN,CAFE,S,3.00,9142.57,0.00,27427.71,4014.00,12042.00,15385.71,0.56,
2025-02-08,2025-02,FAC 0003-00040465,FAC,false,C0133,El Almacen de Barracas II,Mayorista,CABA,CAF-BLEND-1K,CAF-BLEND-1K,false,,Blend Casa 1 kg,UN,CAFE,S,6.00,18396.00,35.00,71744.40,10016.00,60096.00,11648.40,0.16,
2025-02-03,2025-02,FAC 0003-00040589,FAC,false,C9002,VENTA ONLINE,Ecommerce,,CAF-BRAS-250,CAF-BRAS-250,false,,Brasil Cerrado 250 g,UN,CAFE,S,1.00,5416.60,0.00,5416.60,2483.00,2483.00,2933.60,0.54,
2025-03-26,2025-03,FAC 0003-00041154,FAC,false,C9001,CONSUMIDOR FINAL,Local,CABA,CAF-COLOM-250,CAF-COLOM-250,false,,Colombia Huila 250 g,UN,CAFE,S,2.00,8564.77,0.00,17129.54,3760.00,7520.00,9609.54,0.56,
2025-01-10,2025-01,FAC 0003-00040405,FAC,false,C9001,CONSUMIDOR FINAL,Local,CABA,CAP-FILTRO-100,CAP-FILTRO-100,false,,Filtros de papel x 100,UN,ACCESORIOS,S,1.00,3200.00,0.00,3200.00,1900.00,1900.00,1300.00,0.41,
2025-05-21,2025-05,FAC 0003-00041707,FAC,false,C9002,VENTA ONLINE,Ecommerce,,CAF-COLOM-250,CAF-COLOM-250,false,,Colombia Huila 250 g,UN,CAFE,S,3.00,8945.76,0.00,26837.29,3927.00,11781.00,15056.29,0.56,
2025-04-24,2025-04,FAC 0003-00041413,FAC,false,C9002,VENTA ONLINE,Ecommerce,,CAF-BRAS-250,CAF-BRAS-250,false,,Brasil Cerrado 250 g,UN,CAFE,S,3.00,5657.55,0.00,16972.66,2594.00,7782.00,9190.66,0.54,
2025-01-20,2025-01,FAC 0003-00040300,FAC,false,C9001,CONSUMIDOR FINAL,Local,CABA,CAF-ETIOP-250,CAF-ETIOP-250,false,,Etiopia Yirgacheffe 250 g,UN,CAFE,S,2.00,9500.00,0.00,19000.00,4100.00,8200.00,10800.00,0.57,
2025-04-16,2025-04,FAC 0003-00041569,FAC,false,C9001,CONSUMIDOR FINAL,Local,CABA,CAF-ETIOP-250,CAF-ETIOP-250,false,,Etiopia Yirgacheffe 250 g,UN,CAFE,S,2.00,10140.90,0.00,20281.79,4377.00,8754.00,11527.79,0.57,
2025-04-26,2025-04,FAC 0003-00041268,FAC,false,C0123,La Ventanita de Almagro II,Mayorista,CABA,CAP-FILTRO-100,CAP-FILTRO-100,false,,Filtros de papel x 100,UN,ACCESORIOS,S,2.00,3415.88,35.00,4440.64,2028.00,4056.00,384.64,0.09,
2025-02-13,2025-02,FAC 0003-00040476,FAC,false,C9002,VENTA ONLINE,Ecommerce,,CAF-ETIOP-250,CAF-ETIOP-250,false,,Etiopia Yirgacheffe 250 g,UN,CAFE,S,1.00,9709.00,0.00,9709.00,4190.00,4190.00,5519.00,0.57,
2025-02-11,2025-02,FAC 0003-00040438,FAC,false,C0113,Bar Recoleta II,Mayorista,CABA,CAF-BLEND-1K,CAF-BLEND-1K,false,,Blend Casa 1 kg,UN,CAFE,S,5.00,18396.00,30.00,64386.00,10016.00,50080.00,14306.00,0.22,R. Ibarra
2025-01-07,2025-01,FAC 0003-00040309,FAC,false,C9001,CONSUMIDOR FINAL,Local,CABA,CAF-BLEND-250,CAF-BLEND-250,false,,Blend Casa 250 g,UN,CAFE,S,2.00,5600.00,0.00,11200.00,2560.00,5120.00,6080.00,0.54,
2025-02-14,2025-02,FAC 0003-00040418,FAC,false,C0001,GRANOS DEL SUR S.A.,Distribuidor,Avellaneda,BLEND1K,CAF-BLEND-1K,true,Codigo viejo informado en ventas; corresponde a Blend Casa 1 kg.,Blend Casa 1 kg,UN,CAFE,S,58.00,18396.00,40.00,640180.80,10016.00,580928.00,59252.80,0.09,
2025-04-02,2025-04,FAC 0003-00041623,FAC,false,C9001,CONSUMIDOR FINAL,Local,CABA,CAF-BLEND-250,CAF-BLEND-250,false,,Blend Casa 250 g,UN,CAFE,S,2.00,5977.79,0.00,11955.58,2733.00,5466.00,6489.58,0.54,
2025-06-16,2025-06,FAC 0003-00042263,FAC,false,C9002,VENTA ONLINE,Ecommerce,,CAF-BRAS-250,CAF-BRAS-250,false,,Brasil Cerrado 250 g,UN,CAFE,S,2.00,5909.22,0.00,11818.45,2709.00,5418.00,6400.45,0.54,
2025-01-13,2025-01,FAC 0003-00040307,FAC,false,C9001,CONSUMIDOR FINAL,Local,CABA,CAF-COLOM-250,CAF-COLOM-250,false,,Colombia Huila 250 g,UN,CAFE,S,2.00,8200.00,0.00,16400.00,3600.00,7200.00,9200.00,0.56,
2025-02-24,2025-02,FAC 0003-00040758,FAC,false,C9001,CONSUMIDOR FINAL,Local,CABA,CAF-BLEND-250,CAF-BLEND-250,false,,Blend Casa 250 g,UN,CAFE,S,2.00,5723.20,0.00,11446.40,2616.00,5232.00,6214.40,0.54,
2025-02-21,2025-02,FAC 0003-00040666,FAC,false,C9002,VENTA ONLINE,Ecommerce,,CAF-BLEND-250,CAF-BLEND-250,false,,Blend Casa 250 g,UN,CAFE,S,1.00,5723.20,0.00,5723.20,2616.00,2616.00,3107.20,0.54,
2025-04-25,2025-04,FAC 0003-00041600,FAC,false,C9001,CONSUMIDOR FINAL,Local,CABA,CAF-BLEND-1K,CAF-BLEND-1K,false,,Blend Casa 1 kg,UN,CAFE,S,1.00,19214.33,0.00,19214.33,10461.00,10461.00,8753.33,0.46,
2025-05-16,2025-05,FAC 0003-00041945,FAC,false,C9001,CONSUMIDOR FINAL,Local,CABA,CAF-BLEND-250,CAF-BLEND-250,false,,Blend Casa 250 g,UN,CAFE,S,2.00,6109.30,0.00,12218.60,2793.00,5586.00,6632.60,0.54,
2025-04-20,2025-04,FAC 0003-00041349,FAC,false,C9002,VENTA ONLINE,Ecommerce,,CAF-BRAS-250,CAF-BRAS-250,false,,Brasil Cerrado 250 g,UN,CAFE,S,2.00,5657.55,0.00,11315.10,2594.00,5188.00,6127.10,0.54,
2025-05-13,2025-05,FAC 0003-00041832,FAC,false,C9002,VENTA ONLINE,Ecommerce,,CAF-DESCA-250,CAF-DESCA-250,false,,Descafeinado 250 g,UN,CAFE,S,1.00,8073.01,0.00,8073.01,3818.00,3818.00,4255.01,0.53,
2025-03-22,2025-03,FAC 0003-00040860,FAC,false,C0115,Tostado Boedo II,Mayorista,CABA,CAF-BLEND-1K,CAF-BLEND-1K,false,,Blend Casa 1 kg,UN,CAFE,S,9.00,18800.71,30.00,118444.49,10236.00,92124.00,26320.49,0.22,M. Paz
2025-03-07,2025-03,FAC 0003-00040875,FAC,false,C0129,Bar San Telmo II,Mayorista,CABA,CAF-BLEND-1K,CAF-BLEND-1K,false,,Blend Casa 1 kg,UN,CAFE,S,8.00,18800.71,32.00,102275.87,10236.00,81888.00,20387.87,0.20,M. Paz
2025-05-17,2025-05,FAC 0003-00042013,FAC,false,C9001,CONSUMIDOR FINAL,Local,CABA,CAF-ETIOP-250,CAF-ETIOP-250,false,,Etiopia Yirgacheffe 250 g,UN,CAFE,S,1.00,10363.99,0.00,10363.99,4473.00,4473.00,5890.99,0.57,
2025-06-19,2025-06,FAC 0003-00042228,FAC,false,C9002,VENTA ONLINE,Ecommerce,,CAF-COLOM-250,CAF-COLOM-250,false,,Colombia Huila 250 g,UN,CAFE,S,2.00,9142.57,0.00,18285.14,4014.00,8028.00,10257.14,0.56,
2025-02-17,2025-02,FAC 0003-00040557,FAC,false,C9002,VENTA ONLINE,Ecommerce,,CAP-TAZA,CAP-TAZA,false,,Taza ceramica logo,UN,ACCESORIOS,S,1.00,9095.80,0.00,9095.80,4292.00,4292.00,4803.80,0.53,
2025-03-24,2025-03,FAC 0003-00041000,FAC,false,C9002,VENTA ONLINE,Ecommerce,,CAF-BLEND-250,CAF-BLEND-250,false,,Blend Casa 250 g,UN,CAFE,S,1.00,5849.11,0.00,5849.11,2674.00,2674.00,3175.11,0.54,
2025-01-26,2025-01,FAC 0003-00040358,FAC,false,C9001,CONSUMIDOR FINAL,Local,CABA,CAF-BLEND-1K,CAF-BLEND-1K,false,,Blend Casa 1 kg,UN,CAFE,S,2.00,18000.00,0.00,36000.00,9800.00,19600.00,16400.00,0.46,
2025-03-07,2025-03,FAC 0003-00041186,FAC,false,C9001,CONSUMIDOR FINAL,Local,CABA,CAF-ETIOP-250,CAF-ETIOP-250,false,,Etiopia Yirgacheffe 250 g,UN,CAFE,S,1.00,9922.60,0.00,9922.60,4282.00,4282.00,5640.60,0.57,
2025-05-23,2025-05,FAC 0003-00041849,FAC,false,C9002,VENTA ONLINE,Ecommerce,,CAP-FILTRO-100,CAP-FILTRO-100,false,,Filtros de papel x 100,UN,ACCESORIOS,S,3.00,3491.03,0.00,10473.09,2073.00,6219.00,4254.09,0.41,
2025-06-22,2025-06,FAC 0003-00042423,FAC,false,C9001,CONSUMIDOR FINAL,Local,CABA,CAF-BLEND-250,CAF-BLEND-250,false,,Blend Casa 250 g,UN,CAFE,S,2.00,6243.71,0.00,12487.41,2854.00,5708.00,6779.41,0.54,
2025-04-20,2025-04,FAC 0003-00041269,FAC,false,C0124,Coffee Lab Flores,Mayorista,CABA,CAF-BLEND-1K,CAF-BLEND-1K,false,,Blend Casa 1 kg,UN,CAFE,S,7.00,19214.33,35.00,87425.19,10461.00,73227.00,14198.19,0.16,M. Paz
2025-06-09,2025-06,FAC 0003-00042119,FAC,false,C0123,La Ventanita de Almagro II,Mayorista,CABA,CAP-FILTRO-100,CAP-FILTRO-100,false,,Filtros de papel x 100,UN,ACCESORIOS,S,3.00,3567.83,35.00,6957.27,2118.00,6354.00,603.27,0.09,
2025-03-14,2025-03,FAC 0003-00040958,FAC,false,C9002,VENTA ONLINE,Ecommerce,,CAF-ETIOP-250,CAF-ETIOP-250,false,,Etiopia Yirgacheffe 250 g,UN,CAFE,S,1.00,9922.60,0.00,9922.60,4282.00,4282.00,5640.60,0.57,
2025-02-20,2025-02,FAC 0003-00040501,FAC,false,C9002,VENTA ONLINE,Ecommerce,,CAF-COLOM-250,CAF-COLOM-250,false,,Colombia Huila 250 g,UN,CAFE,S,2.00,8380.40,0.00,16760.80,3679.00,7358.00,9402.80,0.56,
2025-02-24,2025-02,FAC 0003-00040477,FAC,false,C9002,VENTA ONLINE,Ecommerce,,CAF-BLEND-250,CAF-BLEND-250,false,,Blend Casa 250 g,UN,CAFE,S,3.00,5723.20,0.00,17169.60,2616.00,7848.00,9321.60,0.54,
2025-06-11,2025-06,FAC 0003-00042368,FAC,false,C9002,VENTA ONLINE,Ecommerce,,CAF-CAPS-10,CAF-CAPS-10,false,,Capsulas compatibles x10,UN,CAFE,S,2.00,7693.14,0.00,15386.28,3679.00,7358.00,8028.28,0.52,
2025-06-16,2025-06,FAC 0003-00042093,FAC,false,C0103,Coffee Lab Belgrano II,Mayorista,CABA,CAF-BLEND-1K,CAF-BLEND-1K,false,,Blend Casa 1 kg,UN,CAFE,S,7.00,20069.06,35.00,91314.21,10926.00,76482.00,14832.21,0.16,M. Paz
2025-05-11,2025-05,FAC 0003-00041657,FAC,false,C0106,El Almacen de Nunez,Mayorista,CABA,CAF-BLEND-1K,CAF-BLEND-1K,false,,Blend Casa 1 kg,UN,CAFE,S,3.00,19637.04,30.00,41237.79,10691.00,32073.00,9164.79,0.22,
2025-02-28,2025-02,FAC 0003-00040643,FAC,false,C9002,VENTA ONLINE,Ecommerce,,CAF-ETIOP-250,CAF-ETIOP-250,false,,Etiopia Yirgacheffe 250 g,UN,CAFE,S,3.00,9709.00,0.00,29127.00,4190.00,12570.00,16557.00,0.57,
2025-03-04,2025-03,FAC 0003-00040839,FAC,false,C0001,GRANOS DEL SUR S.A.,Distribuidor,Avellaneda,CAF-BRAS-1K,CAF-BRAS-1K,false,,Brasil Cerrado 1 kg,UN,CAFE,S,12.00,17756.23,40.00,127844.84,9714.00,116568.00,11276.84,0.09,M. Paz
2025-01-23,2025-01,FAC 0003-00040306,FAC,false,C9001,CONSUMIDOR FINAL,Local,CABA,CAF-BLEND-1K,CAF-BLEND-1K,false,,Blend Casa 1 kg,UN,CAFE,S,2.00,18000.00,0.00,36000.00,9800.00,19600.00,16400.00,0.46,
2025-02-26,2025-02,FAC 0003-00040471,FAC,false,C0138,El Almacen de Constitucion,Mayorista,CABA,CAF-ETIOP-250,CAF-ETIOP-250,false,,Etiopia Yirgacheffe 250 g,UN,CAFE,S,4.00,9709.00,30.00,27185.20,4190.00,16760.00,10425.20,0.38,M. Paz
2025-02-16,2025-02,FAC 0003-00040524,FAC,false,C9002,VENTA ONLINE,Ecommerce,,CAP-TAZA,CAP-TAZA,false,,Taza ceramica logo,UN,ACCESORIOS,S,1.00,9095.80,0.00,9095.80,4292.00,4292.00,4803.80,0.53,
2025-04-11,2025-04,FAC 0003-00041403,FAC,false,C9002,VENTA ONLINE,Ecommerce,,CAF-BRAS-250,CAF-BRAS-250,false,,Brasil Cerrado 250 g,UN,CAFE,S,2.00,5657.55,0.00,11315.10,2594.00,5188.00,6127.10,0.54,
2025-05-17,2025-05,FAC 0003-00041864,FAC,false,C9002,VENTA ONLINE,Ecommerce,,CAF-COLOM-250,CAF-COLOM-250,false,,Colombia Huila 250 g,UN,CAFE,S,3.00,8945.76,0.00,26837.29,3927.00,11781.00,15056.29,0.56,
2025-02-23,2025-02,FAC 0003-00040576,FAC,false,C9002,VENTA ONLINE,Ecommerce,,CAP-FILTRO-100,CAP-FILTRO-100,false,,Filtros de papel x 100,UN,ACCESORIOS,S,3.00,3270.40,0.00,9811.20,1942.00,5826.00,3985.20,0.41,
2025-06-07,2025-06,FAC 0003-00042301,FAC,false,C9002,VENTA ONLINE,Ecommerce,,CAF-CAPS-10,CAF-CAPS-10,false,,Capsulas compatibles x10,UN,CAFE,S,3.00,7693.14,0.00,23079.42,3679.00,11037.00,12042.42,0.52,
2025-05-04,2025-05,FAC 0003-00041938,FAC,false,C9002,VENTA ONLINE,Ecommerce,,CAF-CAPS-10,CAF-CAPS-10,false,,Capsulas compatibles x10,UN,CAFE,S,2.00,7527.53,0.00,15055.07,3600.00,7200.00,7855.07,0.52,
2025-06-10,2025-06,FAC 0003-00042187,FAC,false,C9002,VENTA ONLINE,Ecommerce,,CAF-COLOM-250,CAF-COLOM-250,false,,Colombia Huila 250 g,UN,CAFE,S,1.00,9142.57,0.00,9142.57,4014.00,4014.00,5128.57,0.56,
2025-06-25,2025-06,FAC 0003-00042284,FAC,false,C9002,VENTA ONLINE,Ecommerce,,CAF-BLEND-250,CAF-BLEND-250,false,,Blend Casa 250 g,UN,CAFE,S,3.00,6243.71,0.00,18731.12,2854.00,8562.00,10169.12,0.54,
2025-06-19,2025-06,FAC 0003-00042394,FAC,false,C9002,VENTA ONLINE,Ecommerce,,CAF-BLEND-250,CAF-BLEND-250,false,,Blend Casa 250 g,UN,CAFE,S,3.00,6243.71,0.00,18731.12,2854.00,8562.00,10169.12,0.54,
2025-01-28,2025-01,FAC 0003-00040156,FAC,false,C9002,VENTA ONLINE,Ecommerce,,CAF-CAPS-10,CAF-CAPS-10,false,,Capsulas compatibles x10,UN,CAFE,S,3.00,6900.00,0.00,20700.00,3300.00,9900.00,10800.00,0.52,
2025-05-25,2025-05,FAC 0003-00041895,FAC,false,C9002,VENTA ONLINE,Ecommerce,,CAF-ETIOP-250,CAF-ETIOP-250,false,,Etiopia Yirgacheffe 250 g,UN,CAFE,S,3.00,10363.99,0.00,31091.98,4473.00,13419.00,17672.98,0.57,
2025-05-21,2025-05,FAC 0003-00041707,FAC,false,C9002,VENTA ONLINE,Ecommerce,,CAP-TAZA,CAP-TAZA,false,,Taza ceramica logo,UN,ACCESORIOS,S,2.00,9709.43,0.00,19418.85,4582.00,9164.00,10254.85,0.53,
2025-01-02,2025-01,FAC 0003-00040135,FAC,false,C9002,VENTA ONLINE,Ecommerce,,CAF-COLOM-250,CAF-COLOM-250,false,,Colombia Huila 250 g,UN,CAFE,S,3.00,8200.00,0.00,24600.00,3600.00,10800.00,13800.00,0.56,
2025-05-10,2025-05,FAC 0003-00042005,FAC,false,C9001,CONSUMIDOR FINAL,Local,CABA,CAF-ETIOP-250,CAF-ETIOP-250,false,,Etiopia Yirgacheffe 250 g,UN,CAFE,S,1.00,10363.99,0.00,10363.99,4473.00,4473.00,5890.99,0.57,
2025-04-07,2025-04,FAC 0003-00041330,FAC,false,C9002,VENTA ONLINE,Ecommerce,,CAF-BLEND-250,CAF-BLEND-250,false,,Blend Casa 250 g,UN,CAFE,S,2.00,5977.79,0.00,11955.58,2733.00,5466.00,6489.58,0.54,
2025-06-03,2025-06,FAC 0003-00042116,FAC,false,C0120,Tostado Chacarita,Mayorista,CABA,CAF-BRAS-1K,CAF-BRAS-1K,false,,Brasil Cerrado 1 kg,UN,CAFE,S,4.00,18954.11,32.00,51555.18,10369.00,41476.00,10079.18,0.20,R. Ibarra
2025-04-15,2025-04,FAC 0003-00041617,FAC,false,C9001,CONSUMIDOR FINAL,Local,CABA,CAF-COLOM-250,CAF-COLOM-250,false,,Colombia Huila 250 g,UN,CAFE,S,2.00,8753.19,0.00,17506.39,3843.00,7686.00,9820.39,0.56,
2025-05-18,2025-05,FAC 0003-00042049,FAC,false,C9001,CONSUMIDOR FINAL,Local,CABA,CAF-BLEND-1K,CAF-BLEND-1K,false,,Blend Casa 1 kg,UN,CAFE,S,2.00,19637.04,0.00,39274.09,10691.00,21382.00,17892.09,0.46,
2025-05-06,2025-05,FAC 0003-00041856,FAC,false,C9002,VENTA ONLINE,Ecommerce,,CAP-TAZA,CAP-TAZA,false,,Taza ceramica logo,UN,ACCESORIOS,S,3.00,9709.43,0.00,29128.28,4582.00,13746.00,15382.28,0.53,
2025-02-10,2025-02,FAC 0003-00040499,FAC,false,C9002,VENTA ONLINE,Ecommerce,,CAF-CAPS-10,CAF-CAPS-10,false,,Capsulas compatibles x10,UN,CAFE,S,1.00,7051.80,0.00,7051.80,3373.00,3373.00,3678.80,0.52,
2025-02-15,2025-02,FAC 0003-00040581,FAC,false,C9002,VENTA ONLINE,Ecommerce,,CAF-BRAS-250,CAF-BRAS-250,false,,Brasil Cerrado 250 g,UN,CAFE,S,2.00,5416.60,0.00,10833.20,2483.00,4966.00,5867.20,0.54,
2025-01-20,2025-01,FAC 0003-00040394,FAC,false,C9001,CONSUMIDOR FINAL,Local,CABA,CAF-BLEND-250,CAF-BLEND-250,false,,Blend Casa 250 g,UN,CAFE,S,2.00,5600.00,0.00,11200.00,2560.00,5120.00,6080.00,0.54,
2025-03-16,2025-03,FAC 0003-00040998,FAC,false,C9002,VENTA ONLINE,Ecommerce,,CAF-ETIOP-250,CAF-ETIOP-250,false,,Etiopia Yirgacheffe 250 g,UN,CAFE,S,2.00,9922.60,0.00,19845.20,4282.00,8564.00,11281.20,0.57,
2025-03-11,2025-03,FAC 0003-00041178,FAC,false,C9001,CONSUMIDOR FINAL,Local,CABA,CAF-BLEND-250,CAF-BLEND-250,false,,Blend Casa 250 g,UN,CAFE,S,2.00,5849.11,0.00,11698.22,2674.00,5348.00,6350.22,0.54,
2025-04-13,2025-04,FAC 0003-00041260,FAC,false,C0113,Bar Recoleta II,Mayorista,CABA,CAP-FILTRO-100,CAP-FILTRO-100,false,,Filtros de papel x 100,UN,ACCESORIOS,S,5.00,3415.88,30.00,11955.58,2028.00,10140.00,1815.58,0.15,
2025-04-07,2025-04,FAC 0003-00041615,FAC,false,C9001,CONSUMIDOR FINAL,Local,CABA,CAF-BLEND-250,CAF-BLEND-250,false,,Blend Casa 250 g,UN,CAFE,S,1.00,5977.79,0.00,5977.79,2733.00,2733.00,3244.79,0.54,
2025-01-12,2025-01,FAC 0003-00040398,FAC,false,C9001,CONSUMIDOR FINAL,Local,CABA,CAF-BLEND-250,CAF-BLEND-250,false,,Blend Casa 250 g,UN,CAFE,S,2.00,5600.00,0.00,11200.00,2560.00,5120.00,6080.00,0.54,
2025-05-17,2025-05,FAC 0003-00041950,FAC,false,C9001,CONSUMIDOR FINAL,Local,CABA,CAF-BLEND-1K,CAF-BLEND-1K,false,,Blend Casa 1 kg,UN,CAFE,S,1.00,19637.04,0.00,19637.04,10691.00,10691.00,8946.04,0.46,
2025-01-01,2025-01,FAC 0003-00040162,FAC,false,C9002,VENTA ONLINE,Ecommerce,,CAF-BRAS-250,CAF-BRAS-250,false,,Brasil Cerrado 250 g,UN,CAFE,S,2.00,5300.00,0.00,10600.00,2430.00,4860.00,5740.00,0.54,
2025-03-01,2025-03,FAC 0003-00041087,FAC,false,C9002,VENTA ONLINE,Ecommerce,,CAF-COLOM-250,CAF-COLOM-250,false,,Colombia Huila 250 g,UN,CAFE,S,2.00,8564.77,0.00,17129.54,3760.00,7520.00,9609.54,0.56,
2025-01-19,2025-01,FAC 0003-00040021,FAC,false,C0109,Usina Colegiales II,Mayorista,CABA,CAF-BLEND-1K,CAF-BLEND-1K,false,,Blend Casa 1 kg,UN,CAFE,S,4.00,18000.00,32.00,48960.00,9800.00,39200.00,9760.00,0.20,
2025-03-21,2025-03,FAC 0003-00040877,FAC,false,C0131,Tostado Coghlan II,Mayorista,CABA,CAF-BLEND-1K,CAF-BLEND-1K,false,,Blend Casa 1 kg,UN,CAFE,S,10.00,18800.71,35.00,122204.63,10236.00,102360.00,19844.63,0.16,
2025-01-09,2025-01,FAC 0003-00040048,FAC,false,C0135,Coffee Lab Agronomia II,Mayorista,CABA,CAF-BRAS-1K,CAF-BRAS-1K,false,,Brasil Cerrado 1 kg,UN,CAFE,S,2.00,17000.00,30.00,23800.00,9300.00,18600.00,5200.00,0.22,
2025-06-02,2025-06,FAC 0003-00042381,FAC,false,C9002,VENTA ONLINE,Ecommerce,,CAF-BLEND-250,CAF-BLEND-250,false,,Blend Casa 250 g,UN,CAFE,S,2.00,6243.71,0.00,12487.41,2854.00,5708.00,6779.41,0.54,
2025-06-03,2025-06,FAC 0003-00042104,FAC,false,C0110,Panaderia Devoto,Mayorista,CABA,CAF-BLEND-1K,CAF-BLEND-1K,false,,Blend Casa 1 kg,UN,CAFE,S,5.00,20069.06,35.00,65224.44,10926.00,54630.00,10594.44,0.16,M. Paz
2025-03-08,2025-03,FAC 0003-00040985,FAC,false,C9002,VENTA ONLINE,Ecommerce,,CAF-BLEND-250,CAF-BLEND-250,false,,Blend Casa 250 g,UN,CAFE,S,1.00,5849.11,0.00,5849.11,2674.00,2674.00,3175.11,0.54,
2025-02-25,2025-02,FAC 0003-00040691,FAC,false,C9002,VENTA ONLINE,Ecommerce,,CAF-CAPS-10,CAF-CAPS-10,false,,Capsulas compatibles x10,UN,CAFE,S,1.00,7051.80,0.00,7051.80,3373.00,3373.00,3678.80,0.52,
2025-01-11,2025-01,FAC 0003-00040046,FAC,false,C0133,El Almacen de Barracas II,Mayorista,CABA,CAF-BLEND-1K,CAF-BLEND-1K,false,,Blend Casa 1 kg,UN,CAFE,S,3.00,18000.00,35.00,35100.00,9800.00,29400.00,5700.00,0.16,
2025-06-13,2025-06,FAC 0003-00042477,FAC,false,C9001,CONSUMIDOR FINAL,Local,CABA,CAF-BLEND-1K,CAF-BLEND-1K,false,,Blend Casa 1 kg,UN,CAFE,S,2.00,20069.06,0.00,40138.12,10926.00,21852.00,18286.12,0.46,
2025-03-15,2025-03,FAC 0003-00041036,FAC,false,C9002,VENTA ONLINE,Ecommerce,,CAF-BRAS-250,CAF-BRAS-250,false,,Brasil Cerrado 250 g,UN,CAFE,S,2.00,5535.77,0.00,11071.53,2538.00,5076.00,5995.53,0.54,
2025-03-16,2025-03,FAC 0003-00041090,FAC,false,C9002,VENTA ONLINE,Ecommerce,,CAF-ETIOP-250,CAF-ETIOP-250,false,,Etiopia Yirgacheffe 250 g,UN,CAFE,S,1.00,9922.60,0.00,9922.60,4282.00,4282.00,5640.60,0.57,
2025-03-05,2025-03,FAC 0003-00041180,FAC,false,C9001,CONSUMIDOR FINAL,Local,CABA,CAF-ETIOP-250,CAF-ETIOP-250,false,,Etiopia Yirgacheffe 250 g,UN,CAFE,S,2.00,9922.60,0.00,19845.20,4282.00,8564.00,11281.20,0.57,
2025-05-08,2025-05,FAC 0003-00041666,FAC,false,C0111,Cafe Devoto II,Mayorista,CABA,CAF-BRAS-1K,CAF-BRAS-1K,false,,Brasil Cerrado 1 kg,UN,CAFE,S,5.00,18546.10,35.00,60274.81,10146.00,50730.00,9544.81,0.16,M. Paz
2025-06-24,2025-06,FAC 0003-00042346,FAC,false,C9002,VENTA ONLINE,Ecommerce,,CAF-ETIOP-250,CAF-ETIOP-250,false,,Etiopia Yirgacheffe 250 g,UN,CAFE,S,2.00,10592.00,0.00,21184.01,4571.00,9142.00,12042.01,0.57,
2025-05-09,2025-05,FAC 0003-00041698,FAC,false,C9002,VENTA ONLINE,Ecommerce,,CAP-FILTRO-100,CAP-FILTRO-100,false,,Filtros de papel x 100,UN,ACCESORIOS,S,1.00,3491.03,0.00,3491.03,2073.00,2073.00,1418.03,0.41,
2025-01-04,2025-01,FAC 0003-00040336,FAC,false,C9001,CONSUMIDOR FINAL,Local,CABA,CAF-ETIOP-250,CAF-ETIOP-250,false,,Etiopia Yirgacheffe 250 g,UN,CAFE,S,1.00,9500.00,0.00,9500.00,4100.00,4100.00,5400.00,0.57,
2025-05-05,2025-05,FAC 0003-00041853,FAC,false,C9002,VENTA ONLINE,Ecommerce,,CAF-COLOM-250,CAF-COLOM-250,false,,Colombia Huila 250 g,UN,CAFE,S,3.00,8945.76,0.00,26837.29,3927.00,11781.00,15056.29,0.56,
2025-05-11,2025-05,FAC 0003-00041829,FAC,false,C9002,VENTA ONLINE,Ecommerce,,CAF-BLEND-250,CAF-BLEND-250,false,,Blend Casa 250 g,UN,CAFE,S,3.00,6109.30,0.00,18327.91,2793.00,8379.00,9948.91,0.54,
2025-02-20,2025-02,FAC 0003-00040806,FAC,false,C9001,CONSUMIDOR FINAL,Local,CABA,CAP-FILTRO-100,CAP-FILTRO-100,false,,Filtros de papel x 100,UN,ACCESORIOS,S,1.00,3270.40,0.00,3270.40,1942.00,1942.00,1328.40,0.41,
2025-03-14,2025-03,FAC 0003-00040928,FAC,false,C9002,VENTA ONLINE,Ecommerce,,CAF-ETIOP-250,CAF-ETIOP-250,false,,Etiopia Yirgacheffe 250 g,UN,CAFE,S,3.00,9922.60,0.00,29767.79,4282.00,12846.00,16921.79,0.57,
2025-03-14,2025-03,FAC 0003-00040898,FAC,false,C9002,VENTA ONLINE,Ecommerce,,CAF-COLOM-250,CAF-COLOM-250,false,,Colombia Huila 250 g,UN,CAFE,S,3.00,8564.77,0.00,25694.31,3760.00,11280.00,14414.31,0.56,
2025-03-05,2025-03,FAC 0003-00041083,FAC,false,C9002,VENTA ONLINE,Ecommerce,,CAF-ETIOP-250,CAF-ETIOP-250,false,,Etiopia Yirgacheffe 250 g,UN,CAFE,S,3.00,9922.60,0.00,29767.79,4282.00,12846.00,16921.79,0.57,
2025-04-13,2025-04,FAC 0003-00041250,FAC,false,C0105,Panaderia Villa Crespo II,Mayorista,CABA,CAP-FILTRO-100,CAP-FILTRO-100,false,,Filtros de papel x 100,UN,ACCESORIOS,S,4.00,3415.88,32.00,9291.19,2028.00,8112.00,1179.19,0.13,M. Paz
2025-02-18,2025-02,FAC 0003-00040426,FAC,false,C0102,Bar Belgrano,Mayorista,CABA,CAF-ETIOP-250,CAF-ETIOP-250,false,,Etiopia Yirgacheffe 250 g,UN,CAFE,S,5.00,9709.00,35.00,31554.25,4190.00,20950.00,10604.25,0.34,M. Paz
2025-06-08,2025-06,FAC 0003-00042089,FAC,false,C0100,Cafe Palermo,Mayorista,CABA,CAF-BLEND-1K,CAF-BLEND-1K,false,,Blend Casa 1 kg,UN,CAFE,S,5.00,20069.06,32.00,68234.80,10926.00,54630.00,13604.80,0.20,R. Ibarra
2025-01-06,2025-01,FAC 0003-00040400,FAC,false,C9001,CONSUMIDOR FINAL,Local,CABA,CAF-BLEND-250,CAF-BLEND-250,false,,Blend Casa 250 g,UN,CAFE,S,1.00,5600.00,0.00,5600.00,2560.00,2560.00,3040.00,0.54,
2025-04-25,2025-04,FAC 0003-00041363,FAC,false,C9002,VENTA ONLINE,Ecommerce,,CAP-FILTRO-100,CAP-FILTRO-100,false,,Filtros de papel x 100,UN,ACCESORIOS,S,1.00,3415.88,0.00,3415.88,2028.00,2028.00,1387.88,0.41,
2025-02-26,2025-02,FAC 0003-00040442,FAC,false,C0116,Cafe Caballito,Mayorista,CABA,CAF-BLEND-1K,CAF-BLEND-1K,false,,Blend Casa 1 kg,UN,CAFE,S,6.00,18396.00,32.00,75055.68,10016.00,60096.00,14959.68,0.20,M. Paz
2025-01-05,2025-01,FAC 0003-00040047,FAC,false,C0133,El Almacen de Barracas II,Mayorista,CABA,CAF-BLEND-1K,CAF-BLEND-1K,false,,Blend Casa 1 kg,UN,CAFE,S,8.00,18000.00,35.00,93600.00,9800.00,78400.00,15200.00,0.16,M. Paz
2025-02-24,2025-02,FAC 0003-00040568,FAC,false,C9002,VENTA ONLINE,Ecommerce,,CAF-DESCA-250,CAF-DESCA-250,false,,Descafeinado 250 g,UN,CAFE,S,3.00,7562.80,0.00,22688.40,3577.00,10731.00,11957.40,0.53,
2025-06-09,2025-06,FAC 0003-00042185,FAC,false,C9002,VENTA ONLINE,Ecommerce,,CAF-BRAS-250,CAF-BRAS-250,false,,Brasil Cerrado 250 g,UN,CAFE,S,1.00,5909.22,0.00,5909.22,2709.00,2709.00,3200.22,0.54,
2025-06-09,2025-06,FAC 0003-00042440,FAC,false,C9001,CONSUMIDOR FINAL,Local,CABA,CAF-BLEND-250,CAF-BLEND-250,false,,Blend Casa 250 g,UN,CAFE,S,2.00,6243.71,0.00,12487.41,2854.00,5708.00,6779.41,0.54,
2025-01-11,2025-01,FAC 0003-00040410,FAC,false,C9001,CONSUMIDOR FINAL,Local,CABA,CAF-COLOM-250,CAF-COLOM-250,false,,Colombia Huila 250 g,UN,CAFE,S,2.00,8200.00,0.00,16400.00,3600.00,7200.00,9200.00,0.56,
2025-06-25,2025-06,FAC 0003-00042303,FAC,false,C9002,VENTA ONLINE,Ecommerce,,CAF-BRAS-250,CAF-BRAS-250,false,,Brasil Cerrado 250 g,UN,CAFE,S,1.00,5909.22,0.00,5909.22,2709.00,2709.00,3200.22,0.54,
2025-01-03,2025-01,FAC 0003-00040246,FAC,false,C9002,VENTA ONLINE,Ecommerce,,CAF-DESCA-250,CAF-DESCA-250,false,,Descafeinado 250 g,UN,CAFE,S,1.00,7400.00,0.00,7400.00,3500.00,3500.00,3900.00,0.53,
2025-02-11,2025-02,FAC 0003-00040505,FAC,false,C9002,VENTA ONLINE,Ecommerce,,CAF-ETIOP-250,CAF-ETIOP-250,false,,Etiopia Yirgacheffe 250 g,UN,CAFE,S,2.00,9709.00,0.00,19418.00,4190.00,8380.00,11038.00,0.57,
2025-06-25,2025-06,FAC 0003-00042121,FAC,false,C0124,Coffee Lab Flores,Mayorista,CABA,CAF-BLEND-1K,CAF-BLEND-1K,false,,Blend Casa 1 kg,UN,CAFE,S,8.00,20069.06,35.00,104359.10,10926.00,87408.00,16951.10,0.16,R. Ibarra
2025-03-28,2025-03,FAC 0003-00040947,FAC,false,C9002,VENTA ONLINE,Ecommerce,,CAF-COLOM-250,CAF-COLOM-250,false,,Colombia Huila 250 g,UN,CAFE,S,1.00,8564.77,0.00,8564.77,3760.00,3760.00,4804.77,0.56,
2025-05-13,2025-05,FAC 0003-00041891,FAC,false,C9002,VENTA ONLINE,Ecommerce,,CAF-CAPS-10,CAF-CAPS-10,false,,Capsulas compatibles x10,UN,CAFE,S,1.00,7527.53,0.00,7527.53,3600.00,3600.00,3927.53,0.52,
2025-05-05,2025-05,FAC 0003-00041662,FAC,false,C0109,Usina Colegiales II,Mayorista,CABA,CAF-BLEND-1K,CAF-BLEND-1K,false,,Blend Casa 1 kg,UN,CAFE,S,3.00,19637.04,32.00,40059.57,10691.00,32073.00,7986.57,0.20,
2025-06-14,2025-06,FAC 0003-00042469,FAC,false,C9001,CONSUMIDOR FINAL,Local,CABA,CAF-BLEND-250,CAF-BLEND-250,false,,Blend Casa 250 g,UN,CAFE,S,2.00,6243.71,0.00,12487.41,2854.00,5708.00,6779.41,0.54,
2025-05-07,2025-05,FAC 0003-00041725,FAC,false,C9002,VENTA ONLINE,Ecommerce,,CAF-CAPS-10,CAF-CAPS-10,false,,Capsulas compatibles x10,UN,CAFE,S,3.00,7527.53,0.00,22582.60,3600.00,10800.00,11782.60,0.52,
2025-02-12,2025-02,FAC 0003-00040740,FAC,false,C9001,CONSUMIDOR FINAL,Local,CABA,CAP-FILTRO-100,CAP-FILTRO-100,false,,Filtros de papel x 100,UN,ACCESORIOS,S,1.00,3270.40,0.00,3270.40,1942.00,1942.00,1328.40,0.41,
2025-01-15,2025-01,FAC 0003-00040222,FAC,false,C9002,VENTA ONLINE,Ecommerce,,CAF-COLOM-250,CAF-COLOM-250,false,,Colombia Huila 250 g,UN,CAFE,S,3.00,8200.00,0.00,24600.00,3600.00,10800.00,13800.00,0.56,
2025-05-15,2025-05,FAC 0003-00041854,FAC,false,C9002,VENTA ONLINE,Ecommerce,,CAP-TAZA,CAP-TAZA,false,,Taza ceramica logo,UN,ACCESORIOS,S,1.00,9709.43,0.00,9709.43,4582.00,4582.00,5127.43,0.53,
2025-05-24,2025-05,FAC 0003-00041661,FAC,false,C0109,Usina Colegiales II,Mayorista,CABA,CAF-BRAS-1K,CAF-BRAS-1K,false,,Brasil Cerrado 1 kg,UN,CAFE,S,3.00,18546.10,32.00,37834.04,10146.00,30438.00,7396.04,0.20,
2025-06-18,2025-06,FAC 0003-00042195,FAC,false,C9002,VENTA ONLINE,Ecommerce,,CAF-BLEND-250,CAF-BLEND-250,false,,Blend Casa 250 g,UN,CAFE,S,2.00,6243.71,0.00,12487.41,2854.00,5708.00,6779.41,0.54,
2025-02-13,2025-02,FAC 0003-00040775,FAC,false,C9001,CONSUMIDOR FINAL,Local,CABA,CAF-ETIOP-250,CAF-ETIOP-250,false,,Etiopia Yirgacheffe 250 g,UN,CAFE,S,2.00,9709.00,0.00,19418.00,4190.00,8380.00,11038.00,0.57,
2025-01-20,2025-01,FAC 0003-00040114,FAC,false,C9002,VENTA ONLINE,Ecommerce,,CAF-BLEND-250,CAF-BLEND-250,false,,Blend Casa 250 g,UN,CAFE,S,2.00,5600.00,0.00,11200.00,2560.00,5120.00,6080.00,0.54,
2025-06-25,2025-06,FAC 0003-00042168,FAC,false,C9002,VENTA ONLINE,Ecommerce,,CAF-DESCA-250,CAF-DESCA-250,false,,Descafeinado 250 g,UN,CAFE,S,1.00,8250.61,0.00,8250.61,3902.00,3902.00,4348.61,0.53,
2025-05-09,2025-05,FAC 0003-00041885,FAC,false,C9002,VENTA ONLINE,Ecommerce,,CAF-BLEND-250,CAF-BLEND-250,false,,Blend Casa 250 g,UN,CAFE,S,3.00,6109.30,0.00,18327.91,2793.00,8379.00,9948.91,0.54,
2025-01-25,2025-01,FAC 0003-00040371,FAC,false,C9001,CONSUMIDOR FINAL,Local,CABA,CAF-COLOM-250,CAF-COLOM-250,false,,Colombia Huila 250 g,UN,CAFE,S,2.00,8200.00,0.00,16400.00,3600.00,7200.00,9200.00,0.56,
2025-01-11,2025-01,FAC 0003-00040081,FAC,false,C9002,VENTA ONLINE,Ecommerce,,CAF-BLEND-250,CAF-BLEND-250,false,,Blend Casa 250 g,UN,CAFE,S,1.00,5600.00,0.00,5600.00,2560.00,2560.00,3040.00,0.54,
2025-02-19,2025-02,FAC 0003-00040641,FAC,false,C9002,VENTA ONLINE,Ecommerce,,CAF-COLOM-250,CAF-COLOM-250,false,,Colombia Huila 250 g,UN,CAFE,S,1.00,8380.40,0.00,8380.40,3679.00,3679.00,4701.40,0.56,
2025-01-10,2025-01,FAC 0003-00040111,FAC,false,C9002,VENTA ONLINE,Ecommerce,,CAF-BRAS-250,CAF-BRAS-250,false,,Brasil Cerrado 250 g,UN,CAFE,S,2.00,5300.00,0.00,10600.00,2430.00,4860.00,5740.00,0.54,
2025-02-16,2025-02,FAC 0003-00040555,FAC,false,C9002,VENTA ONLINE,Ecommerce,,CAF-BLEND-250,CAF-BLEND-250,false,,Blend Casa 250 g,UN,CAFE,S,1.00,5723.20,0.00,5723.20,2616.00,2616.00,3107.20,0.54,
2025-05-28,2025-05,FAC 0003-00041857,FAC,false,C9002,VENTA ONLINE,Ecommerce,,CAF-DESCA-250,CAF-DESCA-250,false,,Descafeinado 250 g,UN,CAFE,S,1.00,8073.01,0.00,8073.01,3818.00,3818.00,4255.01,0.53,
2025-01-23,2025-01,FAC 0003-00040296,FAC,false,C9001,CONSUMIDOR FINAL,Local,CABA,CAF-ETIOP-250,CAF-ETIOP-250,false,,Etiopia Yirgacheffe 250 g,UN,CAFE,S,2.00,9500.00,0.00,19000.00,4100.00,8200.00,10800.00,0.57,
2025-06-15,2025-06,FAC 0003-00042470,FAC,false,C9001,CONSUMIDOR FINAL,Local,CABA,CAF-COLOM-250,CAF-COLOM-250,false,,Colombia Huila 250 g,UN,CAFE,S,1.00,9142.57,0.00,9142.57,4014.00,4014.00,5128.57,0.56,
2025-02-27,2025-02,FAC 0003-00040670,FAC,false,C9002,VENTA ONLINE,Ecommerce,,CAF-COLOM-250,CAF-COLOM-250,false,,Colombia Huila 250 g,UN,CAFE,S,2.00,8380.40,0.00,16760.80,3679.00,7358.00,9402.80,0.56,
2025-06-22,2025-06,FAC 0003-00042396,FAC,false,C9002,VENTA ONLINE,Ecommerce,,CAF-CAPS-10,CAF-CAPS-10,false,,Capsulas compatibles x10,UN,CAFE,S,3.00,7693.14,0.00,23079.42,3679.00,11037.00,12042.42,0.52,
2025-04-15,2025-04,FAC 0003-00041428,FAC,false,C9002,VENTA ONLINE,Ecommerce,,CAF-BLEND-250,CAF-BLEND-250,false,,Blend Casa 250 g,UN,CAFE,S,3.00,5977.79,0.00,17933.37,2733.00,8199.00,9734.37,0.54,
2025-05-24,2025-05,FAC 0003-00041871,FAC,false,C9002,VENTA ONLINE,Ecommerce,,CAP-TAZA,CAP-TAZA,false,,Taza ceramica logo,UN,ACCESORIOS,S,1.00,9709.43,0.00,9709.43,4582.00,4582.00,5127.43,0.53,
2025-01-21,2025-01,FAC 0003-00040373,FAC,false,C9001,CONSUMIDOR FINAL,Local,CABA,CAF-ETIOP-250,CAF-ETIOP-250,false,,Etiopia Yirgacheffe 250 g,UN,CAFE,S,2.00,9500.00,0.00,19000.00,4100.00,8200.00,10800.00,0.57,
2025-06-22,2025-06,FAC 0003-00042252,FAC,false,C9002,VENTA ONLINE,Ecommerce,,CAF-COLOM-250,CAF-COLOM-250,false,,Colombia Huila 250 g,UN,CAFE,S,3.00,9142.57,0.00,27427.71,4014.00,12042.00,15385.71,0.56,
2025-05-22,2025-05,FAC 0003-00041708,FAC,false,C9002,VENTA ONLINE,Ecommerce,,CAF-COLOM-250,CAF-COLOM-250,false,,Colombia Huila 250 g,UN,CAFE,S,3.00,8945.76,0.00,26837.29,3927.00,11781.00,15056.29,0.56,
2025-02-25,2025-02,FAC 0003-00040486,FAC,false,C9002,VENTA ONLINE,Ecommerce,,CAF-BLEND-250,CAF-BLEND-250,false,,Blend Casa 250 g,UN,CAFE,S,3.00,5723.20,0.00,17169.60,2616.00,7848.00,9321.60,0.54,
2025-05-19,2025-05,FAC 0003-00041886,FAC,false,C9002,VENTA ONLINE,Ecommerce,,CAF-ETIOP-250,CAF-ETIOP-250,false,,Etiopia Yirgacheffe 250 g,UN,CAFE,S,2.00,10363.99,0.00,20727.99,4473.00,8946.00,11781.99,0.57,
2025-04-24,2025-04,FAC 0003-00041610,FAC,false,C9001,CONSUMIDOR FINAL,Local,CABA,CAF-BLEND-1K,CAF-BLEND-1K,false,,Blend Casa 1 kg,UN,CAFE,S,1.00,19214.33,0.00,19214.33,10461.00,10461.00,8753.33,0.46,
2025-06-22,2025-06,FAC 0003-00042080,FAC,false,C0001,GRANOS DEL SUR S.A.,Distribuidor,Avellaneda,CAF-BLEND-1K,CAF-BLEND-1K,false,,Blend Casa 1 kg,UN,CAFE,S,45.00,20069.06,40.00,541864.56,10926.00,491670.00,50194.56,0.09,
2025-05-18,2025-05,FAC 0003-00041754,FAC,false,C9002,VENTA ONLINE,Ecommerce,,CAF-COLOM-250,CAF-COLOM-250,false,,Colombia Huila 250 g,UN,CAFE,S,3.00,8945.76,0.00,26837.29,3927.00,11781.00,15056.29,0.56,
2025-06-26,2025-06,FAC 0003-00042290,FAC,false,C9002,VENTA ONLINE,Ecommerce,,CAF-COLOM-250,CAF-COLOM-250,false,,Colombia Huila 250 g,UN,CAFE,S,1.00,9142.57,0.00,9142.57,4014.00,4014.00,5128.57,0.56,
2025-04-16,2025-04,FAC 0003-00041461,FAC,false,C9002,VENTA ONLINE,Ecommerce,,CAF-COLOM-250,CAF-COLOM-250,false,,Colombia Huila 250 g,UN,CAFE,S,3.00,8753.19,0.00,26259.58,3843.00,11529.00,14730.58,0.56,
2025-05-13,2025-05,FAC 0003-00041766,FAC,false,C9002,VENTA ONLINE,Ecommerce,,CAF-ETIOP-250,CAF-ETIOP-250,false,,Etiopia Yirgacheffe 250 g,UN,CAFE,S,2.00,10363.99,0.00,20727.99,4473.00,8946.00,11781.99,0.57,
2025-06-06,2025-06,FAC 0003-00042081,FAC,false,C0001,GRANOS DEL SUR S.A.,Distribuidor,Avellaneda,CAF-BLEND-CJ6,CAF-BLEND-CJ6,false,,Blend Casa CAJA X 6 (1kg c/u),CAJA X6,CAFE,S,5.00,113724.66,40.00,341173.98,65559.00,327795.00,13378.98,0.04,R. Ibarra
2025-01-09,2025-01,FAC 0003-00040238,FAC,false,C9002,VENTA ONLINE,Ecommerce,,CAF-BRAS-250,CAF-BRAS-250,false,,Brasil Cerrado 250 g,UN,CAFE,S,3.00,5300.00,0.00,15900.00,2430.00,7290.00,8610.00,0.54,
2025-02-19,2025-02,FAC 0003-00040432,FAC,false,C0108,Coffee Lab Colegiales,Mayorista,CABA,CAF-BRAS-1K,CAF-BRAS-1K,false,,Brasil Cerrado 1 kg,UN,CAFE,S,8.00,17374.00,32.00,94514.56,9505.00,76040.00,18474.56,0.20,R. Ibarra
2025-02-23,2025-02,FAC 0003-00040671,FAC,false,C9002,VENTA ONLINE,Ecommerce,,CAF-ETIOP-250,CAF-ETIOP-250,false,,Etiopia Yirgacheffe 250 g,UN,CAFE,S,2.00,9709.00,0.00,19418.00,4190.00,8380.00,11038.00,0.57,
2025-03-25,2025-03,FAC 0003-00041141,FAC,false,C9001,CONSUMIDOR FINAL,Local,CABA,CAF-ETIOP-250,CAF-ETIOP-250,false,,Etiopia Yirgacheffe 250 g,UN,CAFE,S,2.00,9922.60,0.00,19845.20,4282.00,8564.00,11281.20,0.57,
2025-04-18,2025-04,FAC 0003-00041312,FAC,false,C9002,VENTA ONLINE,Ecommerce,,CAF-ETIOP-250,CAF-ETIOP-250,false,,Etiopia Yirgacheffe 250 g,UN,CAFE,S,3.00,10140.90,0.00,30422.69,4377.00,13131.00,17291.69,0.57,
2025-05-09,2025-05,FAC 0003-00042047,FAC,false,C9001,CONSUMIDOR FINAL,Local,CABA,CAP-FILTRO-100,CAP-FILTRO-100,false,,Filtros de papel x 100,UN,ACCESORIOS,S,2.00,3491.03,0.00,6982.06,2073.00,4146.00,2836.06,0.41,
2025-02-15,2025-02,FAC 0003-00040614,FAC,false,C9002,VENTA ONLINE,Ecommerce,,CAF-COLOM-250,CAF-COLOM-250,false,,Colombia Huila 250 g,UN,CAFE,S,2.00,8380.40,0.00,16760.80,3679.00,7358.00,9402.80,0.56,
2025-03-11,2025-03,FAC 0003-00041162,FAC,false,C9001,CONSUMIDOR FINAL,Local,CABA,CAP-FILTRO-100,CAP-FILTRO-100,false,,Filtros de papel x 100,UN,ACCESORIOS,S,1.00,3342.35,0.00,3342.35,1985.00,1985.00,1357.35,0.41,
2025-06-24,2025-06,FAC 0003-00042217,FAC,false,C9002,VENTA ONLINE,Ecommerce,,CAF-CAPS-10,CAF-CAPS-10,false,,Capsulas compatibles x10,UN,CAFE,S,3.00,7693.14,0.00,23079.42,3679.00,11037.00,12042.42,0.52,
2025-04-12,2025-04,FAC 0003-00041439,FAC,false,C9002,VENTA ONLINE,Ecommerce,,CAF-DESCA-250,CAF-DESCA-250,false,,Descafeinado 250 g,UN,CAFE,S,3.00,7899.22,0.00,23697.67,3736.00,11208.00,12489.67,0.53,
2025-01-14,2025-01,FAC 0003-00040017,FAC,false,C0105,Panaderia Villa Crespo II,Mayorista,CABA,CAF-BLEND-1K,CAF-BLEND-1K,false,,Blend Casa 1 kg,UN,CAFE,S,6.00,18000.00,32.00,73440.00,9800.00,58800.00,14640.00,0.20,R. Ibarra
2025-02-22,2025-02,FAC 0003-00040490,FAC,false,C9002,VENTA ONLINE,Ecommerce,,CAF-ETIOP-250,CAF-ETIOP-250,false,,Etiopia Yirgacheffe 250 g,UN,CAFE,S,3.00,9709.00,0.00,29127.00,4190.00,12570.00,16557.00,0.57,
2025-06-21,2025-06,FAC 0003-00042313,FAC,false,C9002,VENTA ONLINE,Ecommerce,,CAF-BRAS-250,CAF-BRAS-250,false,,Brasil Cerrado 250 g,UN,CAFE,S,3.00,5909.22,0.00,17727.67,2709.00,8127.00,9600.67,0.54,
2025-06-27,2025-06,FAC 0003-00042412,FAC,false,C9001,CONSUMIDOR FINAL,Local,CABA,CAF-BLEND-250,CAF-BLEND-250,false,,Blend Casa 250 g,UN,CAFE,S,1.00,6243.71,0.00,6243.71,2854.00,2854.00,3389.71,0.54,
2025-04-17,2025-04,FAC 0003-00041323,FAC,false,C9002,VENTA ONLINE,Ecommerce,,CAF-ETIOP-250,CAF-ETIOP-250,false,,Etiopia Yirgacheffe 250 g,UN,CAFE,S,3.00,10140.90,0.00,30422.69,4377.00,13131.00,17291.69,0.57,
2025-05-08,2025-05,FAC 0003-00042037,FAC,false,C9001,CONSUMIDOR FINAL,Local,CABA,CAF-BLEND-250,CAF-BLEND-250,false,,Blend Casa 250 g,UN,CAFE,S,1.00,6109.30,0.00,6109.30,2793.00,2793.00,3316.30,0.54,
2025-05-07,2025-05,FAC 0003-00041774,FAC,false,C9002,VENTA ONLINE,Ecommerce,,CAF-ETIOP-250,CAF-ETIOP-250,false,,Etiopia Yirgacheffe 250 g,UN,CAFE,S,1.00,10363.99,0.00,10363.99,4473.00,4473.00,5890.99,0.57,
2025-02-06,2025-02,FAC 0003-00040827,FAC,false,C9001,CONSUMIDOR FINAL,Local,CABA,CAF-BLEND-250,CAF-BLEND-250,false,,Blend Casa 250 g,UN,CAFE,S,1.00,5723.20,0.00,5723.20,2616.00,2616.00,3107.20,0.54,
2025-06-06,2025-06,FAC 0003-00042203,FAC,false,C9002,VENTA ONLINE,Ecommerce,,CAF-BRAS-250,CAF-BRAS-250,false,,Brasil Cerrado 250 g,UN,CAFE,S,2.00,5909.22,0.00,11818.45,2709.00,5418.00,6400.45,0.54,
2025-03-28,2025-03,FAC 0003-00040888,FAC,false,C0139,La Ventanita de Constitucion II,Mayorista,CABA,CAP-FILTRO-100,CAP-FILTRO-100,false,,Filtros de papel x 100,UN,ACCESORIOS,S,4.00,3342.35,30.00,9358.58,1985.00,7940.00,1418.58,0.15,
2025-05-03,2025-05,FAC 0003-00042044,FAC,false,C9001,CONSUMIDOR FINAL,Local,CABA,CAF-ETIOP-250,CAF-ETIOP-250,false,,Etiopia Yirgacheffe 250 g,UN,CAFE,S,1.00,10363.99,0.00,10363.99,4473.00,4473.00,5890.99,0.57,
2025-04-01,2025-04,FAC 0003-00041492,FAC,false,C9002,VENTA ONLINE,Ecommerce,,CAF-DESCA-250,CAF-DESCA-250,false,,Descafeinado 250 g,UN,CAFE,S,2.00,7899.22,0.00,15798.45,3736.00,7472.00,8326.45,0.53,
2025-01-07,2025-01,FAC 0003-00040188,FAC,false,C9002,VENTA ONLINE,Ecommerce,,CAF-COLOM-250,CAF-COLOM-250,false,,Colombia Huila 250 g,UN,CAFE,S,1.00,8200.00,0.00,8200.00,3600.00,3600.00,4600.00,0.56,
2025-05-02,2025-05,FAC 0003-00041682,FAC,false,C0127,Cafe Parque Chas II,Mayorista,CABA,CAF-BLEND-1K,CAF-BLEND-1K,false,,Blend Casa 1 kg,UN,CAFE,S,8.00,19637.04,32.00,106825.51,10691.00,85528.00,21297.51,0.20,
2025-02-25,2025-02,FAC 0003-00040604,FAC,false,C9002,VENTA ONLINE,Ecommerce,,CAF-ETIOP-250,CAF-ETIOP-250,false,,Etiopia Yirgacheffe 250 g,UN,CAFE,S,1.00,9709.00,0.00,9709.00,4190.00,4190.00,5519.00,0.57,
2025-03-06,2025-03,FAC 0003-00040889,FAC,false,C9002,VENTA ONLINE,Ecommerce,,CAF-ETIOP-250,CAF-ETIOP-250,false,,Etiopia Yirgacheffe 250 g,UN,CAFE,S,1.00,9922.60,0.00,9922.60,4282.00,4282.00,5640.60,0.57,
2025-01-07,2025-01,FAC 0003-00040286,FAC,false,C9001,CONSUMIDOR FINAL,Local,CABA,CAF-BLEND-250,CAF-BLEND-250,false,,Blend Casa 250 g,UN,CAFE,S,1.00,5600.00,0.00,5600.00,2560.00,2560.00,3040.00,0.54,
2025-01-20,2025-01,FAC 0003-00040253,FAC,false,C9002,VENTA ONLINE,Ecommerce,,CAP-TAZA,CAP-TAZA,false,,Taza ceramica logo,UN,ACCESORIOS,S,2.00,8900.00,0.00,17800.00,4200.00,8400.00,9400.00,0.53,
2025-02-08,2025-02,FAC 0003-00040633,FAC,false,C9002,VENTA ONLINE,Ecommerce,,CAF-DESCA-250,CAF-DESCA-250,false,,Descafeinado 250 g,UN,CAFE,S,3.00,7562.80,0.00,22688.40,3577.00,10731.00,11957.40,0.53,
2025-02-14,2025-02,FAC 0003-00040551,FAC,false,C9002,VENTA ONLINE,Ecommerce,,CAF-CAPS-10,CAF-CAPS-10,false,,Capsulas compatibles x10,UN,CAFE,S,1.00,7051.80,0.00,7051.80,3373.00,3373.00,3678.80,0.52,
2025-06-11,2025-06,FAC 0003-00042399,FAC,false,C9001,CONSUMIDOR FINAL,Local,CABA,CAF-BLEND-1K,CAF-BLEND-1K,false,,Blend Casa 1 kg,UN,CAFE,S,1.00,20069.06,0.00,20069.06,10926.00,10926.00,9143.06,0.46,
2025-06-24,2025-06,FAC 0003-00042451,FAC,false,C9001,CONSUMIDOR FINAL,Local,CABA,CAF-BLEND-250,CAF-BLEND-250,false,,Blend Casa 250 g,UN,CAFE,S,2.00,6243.71,0.00,12487.41,2854.00,5708.00,6779.41,0.54,
2025-06-23,2025-06,FAC 0003-00042364,FAC,false,C9002,VENTA ONLINE,Ecommerce,,CAF-BLEND-250,CAF-BLEND-250,false,,Blend Casa 250 g,UN,CAFE,S,2.00,6243.71,0.00,12487.41,2854.00,5708.00,6779.41,0.54,
2025-02-07,2025-02,FAC 0003-00040586,FAC,false,C9002,VENTA ONLINE,Ecommerce,,CAF-COLOM-250,CAF-COLOM-250,false,,Colombia Huila 250 g,UN,CAFE,S,3.00,8380.40,0.00,25141.20,3679.00,11037.00,14104.20,0.56,
2025-02-07,2025-02,FAC 0003-00040419,FAC,false,C0001,GRANOS DEL SUR S.A.,Distribuidor,Avellaneda,CAF-BLEND-1K,CAF-BLEND-1K,false,,Blend Casa 1 kg,UN,CAFE,S,44.00,18396.00,40.00,485654.40,10016.00,440704.00,44950.40,0.09,M. Paz
2025-01-12,2025-01,FAC 0003-00040119,FAC,false,C9002,VENTA ONLINE,Ecommerce,,CAF-COLOM-250,CAF-COLOM-250,false,,Colombia Huila 250 g,UN,CAFE,S,1.00,8200.00,0.00,8200.00,3600.00,3600.00,4600.00,0.56,
2025-02-14,2025-02,FAC 0003-00040625,FAC,false,C9002,VENTA ONLINE,Ecommerce,,CAF-BRAS-250,CAF-BRAS-250,false,,Brasil Cerrado 250 g,UN,CAFE,S,2.00,5416.60,0.00,10833.20,2483.00,4966.00,5867.20,0.54,
2025-05-13,2025-05,FAC 0003-00041899,FAC,false,C9002,VENTA ONLINE,Ecommerce,,CAF-BRAS-250,CAF-BRAS-250,false,,Brasil Cerrado 250 g,UN,CAFE,S,1.00,5782.02,0.00,5782.02,2651.00,2651.00,3131.02,0.54,
2025-03-28,2025-03,FAC 0003-00040888,FAC,false,C0139,La Ventanita de Constitucion II,Mayorista,CABA,CAF-BLEND-1K,CAF-BLEND-1K,false,,Blend Casa 1 kg,UN,CAFE,S,9.00,18800.71,30.00,118444.49,10236.00,92124.00,26320.49,0.22,
2025-05-24,2025-05,FAC 0003-00041813,FAC,false,C9002,VENTA ONLINE,Ecommerce,,CAF-COLOM-250,CAF-COLOM-250,false,,Colombia Huila 250 g,UN,CAFE,S,1.00,8945.76,0.00,8945.76,3927.00,3927.00,5018.76,0.56,
2025-03-20,2025-03,FAC 0003-00041195,FAC,false,C9001,CONSUMIDOR FINAL,Local,CABA,CAF-COLOM-250,CAF-COLOM-250,false,,Colombia Huila 250 g,UN,CAFE,S,1.00,8564.77,0.00,8564.77,3760.00,3760.00,4804.77,0.56,
2025-05-08,2025-05,FAC 0003-00041867,FAC,false,C9002,VENTA ONLINE,Ecommerce,,CAF-BRAS-250,CAF-BRAS-250,false,,Brasil Cerrado 250 g,UN,CAFE,S,1.00,5782.02,0.00,5782.02,2651.00,2651.00,3131.02,0.54,
2025-06-10,2025-06,FAC 0003-00042438,FAC,false,C9001,CONSUMIDOR FINAL,Local,CABA,CAF-COLOM-250,CAF-COLOM-250,false,,Colombia Huila 250 g,UN,CAFE,S,2.00,9142.57,0.00,18285.14,4014.00,8028.00,10257.14,0.56,
2025-01-01,2025-01,FAC 0003-00040369,FAC,false,C9001,CONSUMIDOR FINAL,Local,CABA,CAF-BLEND-1K,CAF-BLEND-1K,false,,Blend Casa 1 kg,UN,CAFE,S,2.00,18000.00,0.00,36000.00,9800.00,19600.00,16400.00,0.46,
2025-04-14,2025-04,NC 0003-00001229,NC,true,C0109,Usina Colegiales II,Mayorista,CABA,CAF-BRAS-1K,CAF-BRAS-1K,false,,Brasil Cerrado 1 kg,UN,CAFE,S,-2.00,18146.87,32.00,-24679.74,9927.00,-19854.00,-4825.74,,
2025-06-17,2025-06,FAC 0003-00042188,FAC,false,C9002,VENTA ONLINE,Ecommerce,,CAF-ETIOP-250,CAF-ETIOP-250,false,,Etiopia Yirgacheffe 250 g,UN,CAFE,S,2.00,10592.00,0.00,21184.01,4571.00,9142.00,12042.01,0.57,
2025-03-22,2025-03,FAC 0003-00040956,FAC,false,C9002,VENTA ONLINE,Ecommerce,,CAF-BRAS-250,CAF-BRAS-250,false,,Brasil Cerrado 250 g,UN,CAFE,S,1.00,5535.77,0.00,5535.77,2538.00,2538.00,2997.77,0.54,
2025-03-16,2025-03,FAC 0003-00041172,FAC,false,C9001,CONSUMIDOR FINAL,Local,CABA,CAP-FILTRO-100,CAP-FILTRO-100,false,,Filtros de papel x 100,UN,ACCESORIOS,S,1.00,3342.35,0.00,3342.35,1985.00,1985.00,1357.35,0.41,
2025-04-11,2025-04,FAC 0003-00041403,FAC,false,C9002,VENTA ONLINE,Ecommerce,,CAF-COLOM-250,CAF-COLOM-250,false,,Colombia Huila 250 g,UN,CAFE,S,3.00,8753.19,0.00,26259.58,3843.00,11529.00,14730.58,0.56,
2025-02-14,2025-02,FAC 0003-00040833,FAC,false,C9001,CONSUMIDOR FINAL,Local,CABA,CAF-ETIOP-250,CAF-ETIOP-250,false,,Etiopia Yirgacheffe 250 g,UN,CAFE,S,2.00,9709.00,0.00,19418.00,4190.00,8380.00,11038.00,0.57,
2025-03-25,2025-03,FAC 0003-00040905,FAC,false,C9002,VENTA ONLINE,Ecommerce,,CAF-ETIOP-250,CAF-ETIOP-250,false,,Etiopia Yirgacheffe 250 g,UN,CAFE,S,2.00,9922.60,0.00,19845.20,4282.00,8564.00,11281.20,0.57,
2025-06-20,2025-06,FAC 0003-00042496,FAC,false,C9001,CONSUMIDOR FINAL,Local,CABA,CAP-FILTRO-100,CAP-FILTRO-100,false,,Filtros de papel x 100,UN,ACCESORIOS,S,2.00,3567.83,0.00,7135.67,2118.00,4236.00,2899.67,0.41,
2025-01-02,2025-01,FAC 0003-00040401,FAC,false,C9001,CONSUMIDOR FINAL,Local,CABA,CAF-ETIOP-250,CAF-ETIOP-250,false,,Etiopia Yirgacheffe 250 g,UN,CAFE,S,2.00,9500.00,0.00,19000.00,4100.00,8200.00,10800.00,0.57,
2025-01-08,2025-01,FAC 0003-00040032,FAC,false,C0120,Tostado Chacarita,Mayorista,CABA,CAF-BRAS-1K,CAF-BRAS-1K,false,,Brasil Cerrado 1 kg,UN,CAFE,S,7.00,17000.00,32.00,80920.00,9300.00,65100.00,15820.00,0.20,M. Paz
2025-01-08,2025-01,NC 0003-00001204,NC,true,C0127,Cafe Parque Chas II,Mayorista,CABA,CAF-BRAS-1K,CAF-BRAS-1K,false,,Brasil Cerrado 1 kg,UN,CAFE,S,-1.00,17000.00,32.00,-11560.00,9300.00,-9300.00,-2260.00,,
2025-01-21,2025-01,FAC 0003-00040350,FAC,false,C9001,CONSUMIDOR FINAL,Local,CABA,CAF-BLEND-250,CAF-BLEND-250,false,,Blend Casa 250 g,UN,CAFE,S,2.00,5600.00,0.00,11200.00,2560.00,5120.00,6080.00,0.54,
2025-03-16,2025-03,FAC 0003-00040931,FAC,false,C9002,VENTA ONLINE,Ecommerce,,CAP-TAZA,CAP-TAZA,false,,Taza ceramica logo,UN,ACCESORIOS,S,2.00,9295.91,0.00,18591.82,4387.00,8774.00,9817.82,0.53,
2025-05-22,2025-05,FAC 0003-00041910,FAC,false,C9002,VENTA ONLINE,Ecommerce,,CAF-BRAS-250,CAF-BRAS-250,false,,Brasil Cerrado 250 g,UN,CAFE,S,1.00,5782.02,0.00,5782.02,2651.00,2651.00,3131.02,0.54,
2025-03-15,2025-03,FAC 0003-00040840,FAC,false,C0001,GRANOS DEL SUR S.A.,Distribuidor,Avellaneda,BLEND1K,CAF-BLEND-1K,true,Codigo viejo informado en ventas; corresponde a Blend Casa 1 kg.,Blend Casa 1 kg,UN,CAFE,S,40.00,18800.71,40.00,451217.09,10236.00,409440.00,41777.09,0.09,R. Ibarra
2025-05-18,2025-05,FAC 0003-00041719,FAC,false,C9002,VENTA ONLINE,Ecommerce,,CAF-COLOM-250,CAF-COLOM-250,false,,Colombia Huila 250 g,UN,CAFE,S,3.00,8945.76,0.00,26837.29,3927.00,11781.00,15056.29,0.56,
2025-01-02,2025-01,FAC 0003-00040341,FAC,false,C9001,CONSUMIDOR FINAL,Local,CABA,CAF-BLEND-250,CAF-BLEND-250,false,,Blend Casa 250 g,UN,CAFE,S,1.00,5600.00,0.00,5600.00,2560.00,2560.00,3040.00,0.54,
2025-04-04,2025-04,FAC 0003-00041482,FAC,false,C9002,VENTA ONLINE,Ecommerce,,CAF-BLEND-250,CAF-BLEND-250,false,,Blend Casa 250 g,UN,CAFE,S,2.00,5977.79,0.00,11955.58,2733.00,5466.00,6489.58,0.54,
2025-01-21,2025-01,FAC 0003-00040085,FAC,false,C9002,VENTA ONLINE,Ecommerce,,CAP-FILTRO-100,CAP-FILTRO-100,false,,Filtros de papel x 100,UN,ACCESORIOS,S,3.00,3200.00,0.00,9600.00,1900.00,5700.00,3900.00,0.41,
2025-02-26,2025-02,FAC 0003-00040471,FAC,false,C0138,El Almacen de Constitucion,Mayorista,CABA,CAF-BRAS-1K,CAF-BRAS-1K,false,,Brasil Cerrado 1 kg,UN,CAFE,S,4.00,17374.00,30.00,48647.20,9505.00,38020.00,10627.20,0.22,M. Paz
2025-05-23,2025-05,FAC 0003-00041729,FAC,false,C9002,VENTA ONLINE,Ecommerce,,CAF-BLEND-250,CAF-BLEND-250,false,,Blend Casa 250 g,UN,CAFE,S,1.00,6109.30,0.00,6109.30,2793.00,2793.00,3316.30,0.54,
2025-04-10,2025-04,FAC 0003-00041442,FAC,false,C9002,VENTA ONLINE,Ecommerce,,CAF-ETIOP-250,CAF-ETIOP-250,false,,Etiopia Yirgacheffe 250 g,UN,CAFE,S,3.00,10140.90,0.00,30422.69,4377.00,13131.00,17291.69,0.57,
2025-01-15,2025-01,FAC 0003-00040098,FAC,false,C9002,VENTA ONLINE,Ecommerce,,CAF-CAPS-10,CAF-CAPS-10,false,,Capsulas compatibles x10,UN,CAFE,S,1.00,6900.00,0.00,6900.00,3300.00,3300.00,3600.00,0.52,
2025-02-27,2025-02,FAC 0003-00040473,FAC,false,C0139,La Ventanita de Constitucion II,Mayorista,CABA,CAP-FILTRO-100,CAP-FILTRO-100,false,,Filtros de papel x 100,UN,ACCESORIOS,S,2.00,3270.40,30.00,4578.56,1942.00,3884.00,694.56,0.15,R. Ibarra
2025-01-02,2025-01,FAC 0003-00040003,FAC,false,C0001,GRANOS DEL SUR S.A.,Distribuidor,Avellaneda,CAF-BRAS-1K,CAF-BRAS-1K,false,,Brasil Cerrado 1 kg,UN,CAFE,S,20.00,17000.00,40.00,204000.00,9300.00,186000.00,18000.00,0.09,R. Ibarra
2025-02-18,2025-02,FAC 0003-00040702,FAC,false,C9001,CONSUMIDOR FINAL,Local,CABA,CAF-ETIOP-250,CAF-ETIOP-250,false,,Etiopia Yirgacheffe 250 g,UN,CAFE,S,1.00,9709.00,0.00,9709.00,4190.00,4190.00,5519.00,0.57,
2025-01-28,2025-01,FAC 0003-00040359,FAC,false,C9001,CONSUMIDOR FINAL,Local,CABA,CAF-COLOM-250,CAF-COLOM-250,false,,Colombia Huila 250 g,UN,CAFE,S,2.00,8200.00,0.00,16400.00,3600.00,7200.00,9200.00,0.56,
2025-04-27,2025-04,FAC 0003-00041347,FAC,false,C9002,VENTA ONLINE,Ecommerce,,CAF-BRAS-250,CAF-BRAS-250,false,,Brasil Cerrado 250 g,UN,CAFE,S,1.00,5657.55,0.00,5657.55,2594.00,2594.00,3063.55,0.54,
2025-04-19,2025-04,FAC 0003-00041555,FAC,false,C9001,CONSUMIDOR FINAL,Local,CABA,CAF-COLOM-250,CAF-COLOM-250,false,,Colombia Huila 250 g,UN,CAFE,S,2.00,8753.19,0.00,17506.39,3843.00,7686.00,9820.39,0.56,
2025-01-01,2025-01,FAC 0003-00040060,FAC,false,C9002,VENTA ONLINE,Ecommerce,,CAP-TAZA,CAP-TAZA,false,,Taza ceramica logo,UN,ACCESORIOS,S,3.00,8900.00,0.00,26700.00,4200.00,12600.00,14100.00,0.53,
2025-02-13,2025-02,FAC 0003-00040427,FAC,false,C0103,Coffee Lab Belgrano II,Mayorista,CABA,CAF-BLEND-1K,CAF-BLEND-1K,false,,Blend Casa 1 kg,UN,CAFE,S,8.00,18396.00,35.00,95659.20,10016.00,80128.00,15531.20,0.16,R. Ibarra
2025-02-01,2025-02,NC 0003-00001212,NC,true,C0117,El Almacen de Caballito II,Mayorista,CABA,CAF-BRAS-1K,CAF-BRAS-1K,false,,Brasil Cerrado 1 kg,UN,CAFE,S,-1.00,17374.00,32.00,-11814.32,9505.00,-9505.00,-2309.32,,
2025-03-15,2025-03,FAC 0003-00041085,FAC,false,C9002,VENTA ONLINE,Ecommerce,,CAF-BRAS-250,CAF-BRAS-250,false,,Brasil Cerrado 250 g,UN,CAFE,S,2.00,5535.77,0.00,11071.53,2538.00,5076.00,5995.53,0.54,
2025-03-18,2025-03,FAC 0003-00040955,FAC,false,C9002,VENTA ONLINE,Ecommerce,,CAF-BLEND-250,CAF-BLEND-250,false,,Blend Casa 250 g,UN,CAFE,S,1.00,5849.11,0.00,5849.11,2674.00,2674.00,3175.11,0.54,
2025-03-26,2025-03,FAC 0003-00041074,FAC,false,C9002,VENTA ONLINE,Ecommerce,,CAF-BRAS-250,CAF-BRAS-250,false,,Brasil Cerrado 250 g,UN,CAFE,S,3.00,5535.77,0.00,16607.30,2538.00,7614.00,8993.30,0.54,
2025-01-18,2025-01,FAC 0003-00040002,FAC,false,C0001,GRANOS DEL SUR S.A.,Distribuidor,Avellaneda,BLEND1K,CAF-BLEND-1K,true,Codigo viejo informado en ventas; corresponde a Blend Casa 1 kg.,Blend Casa 1 kg,UN,CAFE,S,48.00,18000.00,40.00,518400.00,9800.00,470400.00,48000.00,0.09,M. Paz
2025-03-21,2025-03,FAC 0003-00040953,FAC,false,C9002,VENTA ONLINE,Ecommerce,,CAF-DESCA-250,CAF-DESCA-250,false,,Descafeinado 250 g,UN,CAFE,S,1.00,7729.18,0.00,7729.18,3656.00,3656.00,4073.18,0.53,
2025-03-13,2025-03,FAC 0003-00040962,FAC,false,C9002,VENTA ONLINE,Ecommerce,,CAP-FILTRO-100,CAP-FILTRO-100,false,,Filtros de papel x 100,UN,ACCESORIOS,S,2.00,3342.35,0.00,6684.70,1985.00,3970.00,2714.70,0.41,
2025-04-18,2025-04,FAC 0003-00041312,FAC,false,C9002,VENTA ONLINE,Ecommerce,,CAF-DESCA-250,CAF-DESCA-250,false,,Descafeinado 250 g,UN,CAFE,S,3.00,7899.22,0.00,23697.67,3736.00,11208.00,12489.67,0.53,
2025-06-17,2025-06,FAC 0003-00042124,FAC,false,C0126,Panaderia Parque Chas,Mayorista,CABA,CAF-BRAS-1K,CAF-BRAS-1K,false,,Brasil Cerrado 1 kg,UN,CAFE,S,2.00,18954.11,32.00,25777.59,10369.00,20738.00,5039.59,0.20,
2025-03-16,2025-03,FAC 0003-00040927,FAC,false,C9002,VENTA ONLINE,Ecommerce,,CAF-ETIOP-250,CAF-ETIOP-250,false,,Etiopia Yirgacheffe 250 g,UN,CAFE,S,2.00,9922.60,0.00,19845.20,4282.00,8564.00,11281.20,0.57,
2025-05-11,2025-05,FAC 0003-00041834,FAC,false,C9002,VENTA ONLINE,Ecommerce,,CAF-ETIOP-250,CAF-ETIOP-250,false,,Etiopia Yirgacheffe 250 g,UN,CAFE,S,3.00,10363.99,0.00,31091.98,4473.00,13419.00,17672.98,0.57,
2025-02-22,2025-02,FAC 0003-00040445,FAC,false,C0119,Coffee Lab Saavedra II,Mayorista,CABA,CAF-BLEND-1K,CAF-BLEND-1K,false,,Blend Casa 1 kg,UN,CAFE,S,3.00,18396.00,35.00,35872.20,10016.00,30048.00,5824.20,0.16,M. Paz
2025-05-14,2025-05,FAC 0003-00041718,FAC,false,C9002,VENTA ONLINE,Ecommerce,,CAF-COLOM-250,CAF-COLOM-250,false,,Colombia Huila 250 g,UN,CAFE,S,3.00,8945.76,0.00,26837.29,3927.00,11781.00,15056.29,0.56,
2025-06-26,2025-06,FAC 0003-00042369,FAC,false,C9002,VENTA ONLINE,Ecommerce,,CAF-CAPS-10,CAF-CAPS-10,false,,Capsulas compatibles x10,UN,CAFE,S,1.00,7693.14,0.00,7693.14,3679.00,3679.00,4014.14,0.52,
2025-05-15,2025-05,FAC 0003-00041694,FAC,false,C0136,Tostado Villa Urquiza,Mayorista,CABA,CAF-BLEND-1K,CAF-BLEND-1K,false,,Blend Casa 1 kg,UN,CAFE,S,10.00,19637.04,35.00,127640.78,10691.00,106910.00,20730.78,0.16,M. Paz
2025-04-17,2025-04,FAC 0003-00041466,FAC,false,C9002,VENTA ONLINE,Ecommerce,,CAF-COLOM-250,CAF-COLOM-250,false,,Colombia Huila 250 g,UN,CAFE,S,2.00,8753.19,0.00,17506.39,3843.00,7686.00,9820.39,0.56,
2025-06-03,2025-06,FAC 0003-00042509,FAC,false,C9001,CONSUMIDOR FINAL,Local,CABA,CAF-BLEND-250,CAF-BLEND-250,false,,Blend Casa 250 g,UN,CAFE,S,2.00,6243.71,0.00,12487.41,2854.00,5708.00,6779.41,0.54,
2025-03-02,2025-03,NC 0003-00001217,NC,true,C0103,Coffee Lab Belgrano II,Mayorista,CABA,CAF-BRAS-1K,CAF-BRAS-1K,false,,Brasil Cerrado 1 kg,UN,CAFE,S,-3.00,17756.23,35.00,-34624.64,9714.00,-29142.00,-5482.64,,
2025-01-02,2025-01,FAC 0003-00040062,FAC,false,C9002,VENTA ONLINE,Ecommerce,,CAF-ETIOP-250,CAF-ETIOP-250,false,,Etiopia Yirgacheffe 250 g,UN,CAFE,S,3.00,9500.00,0.00,28500.00,4100.00,12300.00,16200.00,0.57,
2025-05-08,2025-05,FAC 0003-00041855,FAC,false,C9002,VENTA ONLINE,Ecommerce,,CAF-ETIOP-250,CAF-ETIOP-250,false,,Etiopia Yirgacheffe 250 g,UN,CAFE,S,3.00,10363.99,0.00,31091.98,4473.00,13419.00,17672.98,0.57,
2025-04-21,2025-04,FAC 0003-00041438,FAC,false,C9002,VENTA ONLINE,Ecommerce,,CAF-BLEND-250,CAF-BLEND-250,false,,Blend Casa 250 g,UN,CAFE,S,2.00,5977.79,0.00,11955.58,2733.00,5466.00,6489.58,0.54,
2025-06-21,2025-06,FAC 0003-00042331,FAC,false,C9002,VENTA ONLINE,Ecommerce,,CAF-ETIOP-250,CAF-ETIOP-250,false,,Etiopia Yirgacheffe 250 g,UN,CAFE,S,3.00,10592.00,0.00,31776.01,4571.00,13713.00,18063.01,0.57,
2025-01-09,2025-01,FAC 0003-00040321,FAC,false,C9001,CONSUMIDOR FINAL,Local,CABA,CAF-BLEND-250,CAF-BLEND-250,false,,Blend Casa 250 g,UN,CAFE,S,1.00,5600.00,0.00,5600.00,2560.00,2560.00,3040.00,0.54,
2025-03-08,2025-03,FAC 0003-00040866,FAC,false,C0120,Tostado Chacarita,Mayorista,CABA,CAF-BLEND-1K,CAF-BLEND-1K,false,,Blend Casa 1 kg,UN,CAFE,S,5.00,18800.71,32.00,63922.42,10236.00,51180.00,12742.42,0.20,
2025-06-06,2025-06,FAC 0003-00042182,FAC,false,C9002,VENTA ONLINE,Ecommerce,,CAF-ETIOP-250,CAF-ETIOP-250,false,,Etiopia Yirgacheffe 250 g,UN,CAFE,S,1.00,10592.00,0.00,10592.00,4571.00,4571.00,6021.00,0.57,
2025-04-09,2025-04,FAC 0003-00041353,FAC,false,C9002,VENTA ONLINE,Ecommerce,,CAF-DESCA-250,CAF-DESCA-250,false,,Descafeinado 250 g,UN,CAFE,S,1.00,7899.22,0.00,7899.22,3736.00,3736.00,4163.22,0.53,
2025-04-23,2025-04,FAC 0003-00041301,FAC,false,C9002,VENTA ONLINE,Ecommerce,,CAF-COLOM-250,CAF-COLOM-250,false,,Colombia Huila 250 g,UN,CAFE,S,1.00,8753.19,0.00,8753.19,3843.00,3843.00,4910.19,0.56,
2025-05-21,2025-05,FAC 0003-00041755,FAC,false,C9002,VENTA ONLINE,Ecommerce,,CAF-ETIOP-250,CAF-ETIOP-250,false,,Etiopia Yirgacheffe 250 g,UN,CAFE,S,3.00,10363.99,0.00,31091.98,4473.00,13419.00,17672.98,0.57,
2025-02-24,2025-02,FAC 0003-00040813,FAC,false,C9001,CONSUMIDOR FINAL,Local,CABA,CAF-BLEND-250,CAF-BLEND-250,false,,Blend Casa 250 g,UN,CAFE,S,2.00,5723.20,0.00,11446.40,2616.00,5232.00,6214.40,0.54,
2025-06-21,2025-06,FAC 0003-00042345,FAC,false,C9002,VENTA ONLINE,Ecommerce,,CAF-ETIOP-250,CAF-ETIOP-250,false,,Etiopia Yirgacheffe 250 g,UN,CAFE,S,2.00,10592.00,0.00,21184.01,4571.00,9142.00,12042.01,0.57,
2025-02-17,2025-02,FAC 0003-00040675,FAC,false,C9002,VENTA ONLINE,Ecommerce,,CAP-FILTRO-100,CAP-FILTRO-100,false,,Filtros de papel x 100,UN,ACCESORIOS,S,1.00,3270.40,0.00,3270.40,1942.00,1942.00,1328.40,0.41,
2025-01-07,2025-01,FAC 0003-00040125,FAC,false,C9002,VENTA ONLINE,Ecommerce,,CAF-COLOM-250,CAF-COLOM-250,false,,Colombia Huila 250 g,UN,CAFE,S,3.00,8200.00,0.00,24600.00,3600.00,10800.00,13800.00,0.56,
2025-02-21,2025-02,FAC 0003-00040494,FAC,false,C9002,VENTA ONLINE,Ecommerce,,CAF-COLOM-250,CAF-COLOM-250,false,,Colombia Huila 250 g,UN,CAFE,S,1.00,8380.40,0.00,8380.40,3679.00,3679.00,4701.40,0.56,
2025-05-23,2025-05,FAC 0003-00041651,FAC,false,C0100,Cafe Palermo,Mayorista,CABA,CAF-BLEND-1K,CAF-BLEND-1K,false,,Blend Casa 1 kg,UN,CAFE,S,10.00,19637.04,32.00,133531.89,10691.00,106910.00,26621.89,0.20,M. Paz
2025-06-12,2025-06,FAC 0003-00042388,FAC,false,C9002,VENTA ONLINE,Ecommerce,,CAF-BLEND-250,CAF-BLEND-250,false,,Blend Casa 250 g,UN,CAFE,S,2.00,6243.71,0.00,12487.41,2854.00,5708.00,6779.41,0.54,
2025-02-16,2025-02,FAC 0003-00040704,FAC,false,C9001,CONSUMIDOR FINAL,Local,CABA,CAF-ETIOP-250,CAF-ETIOP-250,false,,Etiopia Yirgacheffe 250 g,UN,CAFE,S,2.00,9709.00,0.00,19418.00,4190.00,8380.00,11038.00,0.57,
2025-06-11,2025-06,FAC 0003-00042118,FAC,false,C0122,El Almacen de Almagro,Mayorista,CABA,CAF-BLEND-1K,CAF-BLEND-1K,false,,Blend Casa 1 kg,UN,CAFE,S,3.00,20069.06,32.00,40940.88,10926.00,32778.00,8162.88,0.20,M. Paz
2025-02-25,2025-02,FAC 0003-00040789,FAC,false,C9001,CONSUMIDOR FINAL,Local,CABA,CAF-BLEND-1K,CAF-BLEND-1K,false,,Blend Casa 1 kg,UN,CAFE,S,1.00,18396.00,0.00,18396.00,10016.00,10016.00,8380.00,0.46,
2025-03-24,2025-03,FAC 0003-00040995,FAC,false,C9002,VENTA ONLINE,Ecommerce,,CAF-COLOM-250,CAF-COLOM-250,false,,Colombia Huila 250 g,UN,CAFE,S,2.00,8564.77,0.00,17129.54,3760.00,7520.00,9609.54,0.56,
2025-06-08,2025-06,FAC 0003-00042219,FAC,false,C9002,VENTA ONLINE,Ecommerce,,CAF-DESCA-250,CAF-DESCA-250,false,,Descafeinado 250 g,UN,CAFE,S,3.00,8250.61,0.00,24751.84,3902.00,11706.00,13045.84,0.53,
2025-06-25,2025-06,FAC 0003-00042184,FAC,false,C9002,VENTA ONLINE,Ecommerce,,CAF-BRAS-250,CAF-BRAS-250,false,,Brasil Cerrado 250 g,UN,CAFE,S,2.00,5909.22,0.00,11818.45,2709.00,5418.00,6400.45,0.54,
2025-02-23,2025-02,FAC 0003-00040736,FAC,false,C9001,CONSUMIDOR FINAL,Local,CABA,CAF-ETIOP-250,CAF-ETIOP-250,false,,Etiopia Yirgacheffe 250 g,UN,CAFE,S,2.00,9709.00,0.00,19418.00,4190.00,8380.00,11038.00,0.57,
2025-02-10,2025-02,FAC 0003-00040660,FAC,false,C9002,VENTA ONLINE,Ecommerce,,CAF-BRAS-250,CAF-BRAS-250,false,,Brasil Cerrado 250 g,UN,CAFE,S,2.00,5416.60,0.00,10833.20,2483.00,4966.00,5867.20,0.54,
2025-06-21,2025-06,FAC 0003-00042483,FAC,false,C9001,CONSUMIDOR FINAL,Local,CABA,CAF-ETIOP-250,CAF-ETIOP-250,false,,Etiopia Yirgacheffe 250 g,UN,CAFE,S,2.00,10592.00,0.00,21184.01,4571.00,9142.00,12042.01,0.57,
2025-03-04,2025-03,FAC 0003-00040977,FAC,false,C9002,VENTA ONLINE,Ecommerce,,CAF-BLEND-250,CAF-BLEND-250,false,,Blend Casa 250 g,UN,CAFE,S,3.00,5849.11,0.00,17547.33,2674.00,8022.00,9525.33,0.54,
2025-01-10,2025-01,FAC 0003-00040291,FAC,false,C9001,CONSUMIDOR FINAL,Local,CABA,CAF-COLOM-250,CAF-COLOM-250,false,,Colombia Huila 250 g,UN,CAFE,S,2.00,8200.00,0.00,16400.00,3600.00,7200.00,9200.00,0.56,
2025-01-04,2025-01,FAC 0003-00040115,FAC,false,C9002,VENTA ONLINE,Ecommerce,,CAF-BLEND-250,CAF-BLEND-250,false,,Blend Casa 250 g,UN,CAFE,S,2.00,5600.00,0.00,11200.00,2560.00,5120.00,6080.00,0.54,
2025-03-04,2025-03,FAC 0003-00040900,FAC,false,C9002,VENTA ONLINE,Ecommerce,,CAF-CAPS-10,CAF-CAPS-10,false,,Capsulas compatibles x10,UN,CAFE,S,3.00,7206.94,0.00,21620.82,3447.00,10341.00,11279.82,0.52,
2025-04-01,2025-04,FAC 0003-00041277,FAC,false,C0130,Usina Coghlan,Mayorista,CABA,CAF-BLEND-1K,CAF-BLEND-1K,false,,Blend Casa 1 kg,UN,CAFE,S,5.00,19214.33,30.00,67250.15,10461.00,52305.00,14945.15,0.22,M. Paz
2025-03-28,2025-03,FAC 0003-00041129,FAC,false,C9001,CONSUMIDOR FINAL,Local,CABA,CAP-FILTRO-100,CAP-FILTRO-100,false,,Filtros de papel x 100,UN,ACCESORIOS,S,1.00,3342.35,0.00,3342.35,1985.00,1985.00,1357.35,0.41,
2025-03-15,2025-03,FAC 0003-00041085,FAC,false,C9002,VENTA ONLINE,Ecommerce,,CAF-BLEND-250,CAF-BLEND-250,false,,Blend Casa 250 g,UN,CAFE,S,1.00,5849.11,0.00,5849.11,2674.00,2674.00,3175.11,0.54,
2025-06-08,2025-06,FAC 0003-00042202,FAC,false,C9002,VENTA ONLINE,Ecommerce,,CAF-ETIOP-250,CAF-ETIOP-250,false,,Etiopia Yirgacheffe 250 g,UN,CAFE,S,2.00,10592.00,0.00,21184.01,4571.00,9142.00,12042.01,0.57,
2025-06-12,2025-06,FAC 0003-00042249,FAC,false,C9002,VENTA ONLINE,Ecommerce,,CAF-COLOM-250,CAF-COLOM-250,false,,Colombia Huila 250 g,UN,CAFE,S,3.00,9142.57,0.00,27427.71,4014.00,12042.00,15385.71,0.56,
2025-04-23,2025-04,FAC 0003-00041572,FAC,false,C9001,CONSUMIDOR FINAL,Local,CABA,CAP-FILTRO-100,CAP-FILTRO-100,false,,Filtros de papel x 100,UN,ACCESORIOS,S,1.00,3415.88,0.00,3415.88,2028.00,2028.00,1387.88,0.41,
2025-06-03,2025-06,FAC 0003-00042116,FAC,false,C0120,Tostado Chacarita,Mayorista,CABA,CAF-BLEND-1K,CAF-BLEND-1K,false,,Blend Casa 1 kg,UN,CAFE,S,10.00,20069.06,32.00,136469.59,10926.00,109260.00,27209.59,0.20,R. Ibarra
2025-02-15,2025-02,FAC 0003-00040744,FAC,false,C9001,CONSUMIDOR FINAL,Local,CABA,CAF-COLOM-250,CAF-COLOM-250,false,,Colombia Huila 250 g,UN,CAFE,S,2.00,8380.40,0.00,16760.80,3679.00,7358.00,9402.80,0.56,
2025-05-21,2025-05,FAC 0003-00042050,FAC,false,C9001,CONSUMIDOR FINAL,Local,CABA,CAF-ETIOP-250,CAF-ETIOP-250,false,,Etiopia Yirgacheffe 250 g,UN,CAFE,S,2.00,10363.99,0.00,20727.99,4473.00,8946.00,11781.99,0.57,
2025-05-07,2025-05,FAC 0003-00041717,FAC,false,C9002,VENTA ONLINE,Ecommerce,,CAF-COLOM-250,CAF-COLOM-250,false,,Colombia Huila 250 g,UN,CAFE,S,1.00,8945.76,0.00,8945.76,3927.00,3927.00,5018.76,0.56,
2025-02-28,2025-02,FAC 0003-00040439,FAC,false,C0113,Bar Recoleta II,Mayorista,CABA,CAF-BLEND-1K,CAF-BLEND-1K,false,,Blend Casa 1 kg,UN,CAFE,S,8.00,18396.00,30.00,103017.60,10016.00,80128.00,22889.60,0.22,M. Paz
2025-01-13,2025-01,FAC 0003-00040096,FAC,false,C9002,VENTA ONLINE,Ecommerce,,CAF-COLOM-250,CAF-COLOM-250,false,,Colombia Huila 250 g,UN,CAFE,S,3.00,8200.00,0.00,24600.00,3600.00,10800.00,13800.00,0.56,
2025-03-26,2025-03,FAC 0003-00041115,FAC,false,C9002,VENTA ONLINE,Ecommerce,,CAF-BLEND-250,CAF-BLEND-250,false,,Blend Casa 250 g,UN,CAFE,S,1.00,5849.11,0.00,5849.11,2674.00,2674.00,3175.11,0.54,
2025-03-06,2025-03,FAC 0003-00040889,FAC,false,C9002,VENTA ONLINE,Ecommerce,,CAF-DESCA-250,CAF-DESCA-250,false,,Descafeinado 250 g,UN,CAFE,S,1.00,7729.18,0.00,7729.18,3656.00,3656.00,4073.18,0.53,
2025-05-16,2025-05,FAC 0003-00041681,FAC,false,C0126,Panaderia Parque Chas,Mayorista,CABA,CAF-BRAS-1K,CAF-BRAS-1K,false,,Brasil Cerrado 1 kg,UN,CAFE,S,4.00,18546.10,32.00,50445.38,10146.00,40584.00,9861.38,0.20,
2025-01-21,2025-01,FAC 0003-00040143,FAC,false,C9002,VENTA ONLINE,Ecommerce,,CAF-BLEND-250,CAF-BLEND-250,false,,Blend Casa 250 g,UN,CAFE,S,2.00,5600.00,0.00,11200.00,2560.00,5120.00,6080.00,0.54,
2025-01-25,2025-01,FAC 0003-00040107,FAC,false,C9002,VENTA ONLINE,Ecommerce,,CAF-DESCA-250,CAF-DESCA-250,false,,Descafeinado 250 g,UN,CAFE,S,1.00,7400.00,0.00,7400.00,3500.00,3500.00,3900.00,0.53,
2025-04-10,2025-04,FAC 0003-00041303,FAC,false,C9002,VENTA ONLINE,Ecommerce,,CAF-ETIOP-250,CAF-ETIOP-250,false,,Etiopia Yirgacheffe 250 g,UN,CAFE,S,3.00,10140.90,0.00,30422.69,4377.00,13131.00,17291.69,0.57,
2025-06-07,2025-06,FAC 0003-00042099,FAC,false,C0108,Coffee Lab Colegiales,Mayorista,CABA,CAF-BLEND-1K,CAF-BLEND-1K,false,,Blend Casa 1 kg,UN,CAFE,S,3.00,20069.06,32.00,40940.88,10926.00,32778.00,8162.88,0.20,
2025-01-04,2025-01,FAC 0003-00040038,FAC,false,C0125,Usina Flores II,Mayorista,CABA,CAF-ETIOP-250,CAF-ETIOP-250,false,,Etiopia Yirgacheffe 250 g,UN,CAFE,S,12.00,9500.00,32.00,77520.00,4100.00,49200.00,28320.00,0.37,R. Ibarra
2025-02-26,2025-02,FAC 0003-00040559,FAC,false,C9002,VENTA ONLINE,Ecommerce,,CAF-COLOM-250,CAF-COLOM-250,false,,Colombia Huila 250 g,UN,CAFE,S,3.00,8380.40,0.00,25141.20,3679.00,11037.00,14104.20,0.56,
2025-02-14,2025-02,FAC 0003-00040446,FAC,false,C0120,Tostado Chacarita,Mayorista,CABA,CAF-BLEND-1K,CAF-BLEND-1K,false,,Blend Casa 1 kg,UN,CAFE,S,6.00,18396.00,32.00,75055.68,10016.00,60096.00,14959.68,0.20,
2025-06-13,2025-06,FAC 0003-00042306,FAC,false,C9002,VENTA ONLINE,Ecommerce,,CAF-ETIOP-250,CAF-ETIOP-250,false,,Etiopia Yirgacheffe 250 g,UN,CAFE,S,3.00,10592.00,0.00,31776.01,4571.00,13713.00,18063.01,0.57,
2025-01-24,2025-01,FAC 0003-00040109,FAC,false,C9002,VENTA ONLINE,Ecommerce,,CAF-ETIOP-250,CAF-ETIOP-250,false,,Etiopia Yirgacheffe 250 g,UN,CAFE,S,1.00,9500.00,0.00,9500.00,4100.00,4100.00,5400.00,0.57,
2025-05-04,2025-05,FAC 0003-00041751,FAC,false,C9002,VENTA ONLINE,Ecommerce,,CAF-BLEND-250,CAF-BLEND-250,false,,Blend Casa 250 g,UN,CAFE,S,1.00,6109.30,0.00,6109.30,2793.00,2793.00,3316.30,0.54,
2025-01-16,2025-01,FAC 0003-00040014,FAC,false,C0103,Coffee Lab Belgrano II,Mayorista,CABA,CAF-BRAS-1K,CAF-BRAS-1K,false,,Brasil Cerrado 1 kg,UN,CAFE,S,3.00,17000.00,35.00,33150.00,9300.00,27900.00,5250.00,0.16,R. Ibarra
2025-05-02,2025-05,FAC 0003-00041911,FAC,false,C9002,VENTA ONLINE,Ecommerce,,CAF-CAPS-10,CAF-CAPS-10,false,,Capsulas compatibles x10,UN,CAFE,S,1.00,7527.53,0.00,7527.53,3600.00,3600.00,3927.53,0.52,
2025-03-17,2025-03,FAC 0003-00040874,FAC,false,C0129,Bar San Telmo II,Mayorista,CABA,CAF-BLEND-1K,CAF-BLEND-1K,false,,Blend Casa 1 kg,UN,CAFE,S,9.00,18800.71,32.00,115060.36,10236.00,92124.00,22936.36,0.20,M. Paz
2025-05-14,2025-05,FAC 0003-00041728,FAC,false,C9002,VENTA ONLINE,Ecommerce,,CAF-CAPS-10,CAF-CAPS-10,false,,Capsulas compatibles x10,UN,CAFE,S,2.00,7527.53,0.00,15055.07,3600.00,7200.00,7855.07,0.52,
2025-02-18,2025-02,FAC 0003-00040624,FAC,false,C9002,VENTA ONLINE,Ecommerce,,CAF-BLEND-250,CAF-BLEND-250,false,,Blend Casa 250 g,UN,CAFE,S,2.00,5723.20,0.00,11446.40,2616.00,5232.00,6214.40,0.54,
2025-01-26,2025-01,FAC 0003-00040061,FAC,false,C9002,VENTA ONLINE,Ecommerce,,CAF-ETIOP-250,CAF-ETIOP-250,false,,Etiopia Yirgacheffe 250 g,UN,CAFE,S,1.00,9500.00,0.00,9500.00,4100.00,4100.00,5400.00,0.57,
2025-04-16,2025-04,FAC 0003-00041509,FAC,false,C9002,VENTA ONLINE,Ecommerce,,CAF-COLOM-250,CAF-COLOM-250,false,,Colombia Huila 250 g,UN,CAFE,S,1.00,8753.19,0.00,8753.19,3843.00,3843.00,4910.19,0.56,
2025-01-16,2025-01,FAC 0003-00040334,FAC,false,C9001,CONSUMIDOR FINAL,Local,CABA,CAF-BLEND-1K,CAF-BLEND-1K,false,,Blend Casa 1 kg,UN,CAFE,S,2.00,18000.00,0.00,36000.00,9800.00,19600.00,16400.00,0.46,
2025-04-03,2025-04,FAC 0003-00041245,FAC,false,C0001,GRANOS DEL SUR S.A.,Distribuidor,Avellaneda,CAF-BLEND-CJ6,CAF-BLEND-CJ6,false,,Blend Casa CAJA X 6 (1kg c/u),CAJA X6,CAFE,S,9.00,108881.19,40.00,587958.43,62767.00,564903.00,23055.43,0.04,M. Paz
2025-04-09,2025-04,FAC 0003-00041625,FAC,false,C9001,CONSUMIDOR FINAL,Local,CABA,CAF-BLEND-250,CAF-BLEND-250,false,,Blend Casa 250 g,UN,CAFE,S,1.00,5977.79,0.00,5977.79,2733.00,2733.00,3244.79,0.54,
2025-06-13,2025-06,FAC 0003-00042115,FAC,false,C0119,Coffee Lab Saavedra II,Mayorista,CABA,CAP-FILTRO-100,CAP-FILTRO-100,false,,Filtros de papel x 100,UN,ACCESORIOS,S,6.00,3567.83,35.00,13914.55,2118.00,12708.00,1206.55,0.09,
2025-04-05,2025-04,FAC 0003-00041284,FAC,false,C0137,Panaderia Villa Urquiza II,Mayorista,CABA,CAF-BRAS-1K,CAF-BRAS-1K,false,,Brasil Cerrado 1 kg,UN,CAFE,S,3.00,18146.87,30.00,38108.42,9927.00,29781.00,8327.42,0.22,M. Paz
2025-02-02,2025-02,FAC 0003-00040584,FAC,false,C9002,VENTA ONLINE,Ecommerce,,CAF-COLOM-250,CAF-COLOM-250,false,,Colombia Huila 250 g,UN,CAFE,S,1.00,8380.40,0.00,8380.40,3679.00,3679.00,4701.40,0.56,
2025-03-10,2025-03,FAC 0003-00041192,FAC,false,C9001,CONSUMIDOR FINAL,Local,CABA,CAF-ETIOP-250,CAF-ETIOP-250,false,,Etiopia Yirgacheffe 250 g,UN,CAFE,S,1.00,9922.60,0.00,9922.60,4282.00,4282.00,5640.60,0.57,
2025-05-05,2025-05,FAC 0003-00041662,FAC,false,C0109,Usina Colegiales II,Mayorista,CABA,CAF-BRAS-1K,CAF-BRAS-1K,false,,Brasil Cerrado 1 kg,UN,CAFE,S,4.00,18546.10,32.00,50445.38,10146.00,40584.00,9861.38,0.20,
2025-06-05,2025-06,FAC 0003-00042206,FAC,false,C9002,VENTA ONLINE,Ecommerce,,CAF-ETIOP-250,CAF-ETIOP-250,false,,Etiopia Yirgacheffe 250 g,UN,CAFE,S,3.00,10592.00,0.00,31776.01,4571.00,13713.00,18063.01,0.57,
2025-06-17,2025-06,NC 0003-00001239,NC,true,C0109,Usina Colegiales II,Mayorista,CABA,CAF-BRAS-1K,CAF-BRAS-1K,false,,Brasil Cerrado 1 kg,UN,CAFE,S,-4.00,18954.11,32.00,-51555.18,10369.00,-41476.00,-10079.18,,
2025-01-01,2025-01,FAC 0003-00040200,FAC,false,C9002,VENTA ONLINE,Ecommerce,,CAP-TAZA,CAP-TAZA,false,,Taza ceramica logo,UN,ACCESORIOS,S,2.00,8900.00,0.00,17800.00,4200.00,8400.00,9400.00,0.53,
2025-06-02,2025-06,FAC 0003-00042106,FAC,false,C0112,La Ventanita de Recoleta,Mayorista,CABA,CAF-BRAS-1K,CAF-BRAS-1K,false,,Brasil Cerrado 1 kg,UN,CAFE,S,8.00,18954.11,35.00,98561.37,10369.00,82952.00,15609.37,0.16,
2025-03-07,2025-03,FAC 0003-00040949,FAC,false,C9002,VENTA ONLINE,Ecommerce,,CAF-COLOM-250,CAF-COLOM-250,false,,Colombia Huila 250 g,UN,CAFE,S,3.00,8564.77,0.00,25694.31,3760.00,11280.00,14414.31,0.56,
2025-06-23,2025-06,FAC 0003-00042367,FAC,false,C9002,VENTA ONLINE,Ecommerce,,CAF-BLEND-250,CAF-BLEND-250,false,,Blend Casa 250 g,UN,CAFE,S,3.00,6243.71,0.00,18731.12,2854.00,8562.00,10169.12,0.54,
2025-06-23,2025-06,FAC 0003-00042353,FAC,false,C9002,VENTA ONLINE,Ecommerce,,CAF-COLOM-250,CAF-COLOM-250,false,,Colombia Huila 250 g,UN,CAFE,S,1.00,9142.57,0.00,9142.57,4014.00,4014.00,5128.57,0.56,
2025-01-15,2025-01,FAC 0003-00040140,FAC,false,C9002,VENTA ONLINE,Ecommerce,,CAF-CAPS-10,CAF-CAPS-10,false,,Capsulas compatibles x10,UN,CAFE,S,3.00,6900.00,0.00,20700.00,3300.00,9900.00,10800.00,0.52,
2025-01-08,2025-01,FAC 0003-00040380,FAC,false,C9001,CONSUMIDOR FINAL,Local,CABA,CAF-ETIOP-250,CAF-ETIOP-250,false,,Etiopia Yirgacheffe 250 g,UN,CAFE,S,1.00,9500.00,0.00,9500.00,4100.00,4100.00,5400.00,0.57,
2025-04-06,2025-04,FAC 0003-00041305,FAC,false,C9002,VENTA ONLINE,Ecommerce,,CAF-COLOM-250,CAF-COLOM-250,false,,Colombia Huila 250 g,UN,CAFE,S,2.00,8753.19,0.00,17506.39,3843.00,7686.00,9820.39,0.56,
2025-06-18,2025-06,FAC 0003-00042350,FAC,false,C9002,VENTA ONLINE,Ecommerce,,CAF-COLOM-250,CAF-COLOM-250,false,,Colombia Huila 250 g,UN,CAFE,S,3.00,9142.57,0.00,27427.71,4014.00,12042.00,15385.71,0.56,
2025-06-17,2025-06,FAC 0003-00042163,FAC,false,C9002,VENTA ONLINE,Ecommerce,,CAP-FILTRO-100,CAP-FILTRO-100,false,,Filtros de papel x 100,UN,ACCESORIOS,S,2.00,3567.83,0.00,7135.67,2118.00,4236.00,2899.67,0.41,
2025-01-01,2025-01,FAC 0003-00040160,FAC,false,C9002,VENTA ONLINE,Ecommerce,,CAF-BRAS-250,CAF-BRAS-250,false,,Brasil Cerrado 250 g,UN,CAFE,S,2.00,5300.00,0.00,10600.00,2430.00,4860.00,5740.00,0.54,
2025-03-19,2025-03,FAC 0003-00041227,FAC,false,C9001,CONSUMIDOR FINAL,Local,CABA,CAF-BLEND-250,CAF-BLEND-250,false,,Blend Casa 250 g,UN,CAFE,S,1.00,5849.11,0.00,5849.11,2674.00,2674.00,3175.11,0.54,
2025-04-24,2025-04,FAC 0003-00041583,FAC,false,C9001,CONSUMIDOR FINAL,Local,CABA,CAF-BLEND-250,CAF-BLEND-250,false,,Blend Casa 250 g,UN,CAFE,S,2.00,5977.79,0.00,11955.58,2733.00,5466.00,6489.58,0.54,
2025-03-06,2025-03,FAC 0003-00041170,FAC,false,C9001,CONSUMIDOR FINAL,Local,CABA,CAF-BLEND-1K,CAF-BLEND-1K,false,,Blend Casa 1 kg,UN,CAFE,S,1.00,18800.71,0.00,18800.71,10236.00,10236.00,8564.71,0.46,
2025-01-01,2025-01,FAC 0003-00040027,FAC,false,C0113,Bar Recoleta II,Mayorista,CABA,CAF-BLEND-1K,CAF-BLEND-1K,false,,Blend Casa 1 kg,UN,CAFE,S,4.00,18000.00,30.00,50400.00,9800.00,39200.00,11200.00,0.22,M. Paz
2025-01-09,2025-01,FAC 0003-00040238,FAC,false,C9002,VENTA ONLINE,Ecommerce,,CAF-DESCA-250,CAF-DESCA-250,false,,Descafeinado 250 g,UN,CAFE,S,2.00,7400.00,0.00,14800.00,3500.00,7000.00,7800.00,0.53,
2025-03-18,2025-03,FAC 0003-00040876,FAC,false,C0130,Usina Coghlan,Mayorista,CABA,CAF-BLEND-1K,CAF-BLEND-1K,false,,Blend Casa 1 kg,UN,CAFE,S,9.00,18800.71,30.00,118444.49,10236.00,92124.00,26320.49,0.22,R. Ibarra
2025-03-06,2025-03,FAC 0003-00041052,FAC,false,C9002,VENTA ONLINE,Ecommerce,,CAF-ETIOP-250,CAF-ETIOP-250,false,,Etiopia Yirgacheffe 250 g,UN,CAFE,S,1.00,9922.60,0.00,9922.60,4282.00,4282.00,5640.60,0.57,
2025-04-12,2025-04,FAC 0003-00041562,FAC,false,C9001,CONSUMIDOR FINAL,Local,CABA,CAF-COLOM-250,CAF-COLOM-250,false,,Colombia Huila 250 g,UN,CAFE,S,2.00,8753.19,0.00,17506.39,3843.00,7686.00,9820.39,0.56,
2025-02-15,2025-02,FAC 0003-00040620,FAC,false,C9002,VENTA ONLINE,Ecommerce,,CAF-BLEND-250,CAF-BLEND-250,false,,Blend Casa 250 g,UN,CAFE,S,1.00,5723.20,0.00,5723.20,2616.00,2616.00,3107.20,0.54,
2025-04-21,2025-04,FAC 0003-00041357,FAC,false,C9002,VENTA ONLINE,Ecommerce,,CAP-TAZA,CAP-TAZA,false,,Taza ceramica logo,UN,ACCESORIOS,S,3.00,9500.42,0.00,28501.25,4483.00,13449.00,15052.25,0.53,
2025-06-09,2025-06,FAC 0003-00042468,FAC,false,C9001,CONSUMIDOR FINAL,Local,CABA,CAF-BLEND-1K,CAF-BLEND-1K,false,,Blend Casa 1 kg,UN,CAFE,S,1.00,20069.06,0.00,20069.06,10926.00,10926.00,9143.06,0.46,
2025-04-24,2025-04,FAC 0003-00041493,FAC,false,C9002,VENTA ONLINE,Ecommerce,,CAF-BRAS-250,CAF-BRAS-250,false,,Brasil Cerrado 250 g,UN,CAFE,S,1.00,5657.55,0.00,5657.55,2594.00,2594.00,3063.55,0.54,
2025-02-12,2025-02,FAC 0003-00040630,FAC,false,C9002,VENTA ONLINE,Ecommerce,,CAF-COLOM-250,CAF-COLOM-250,false,,Colombia Huila 250 g,UN,CAFE,S,3.00,8380.40,0.00,25141.20,3679.00,11037.00,14104.20,0.56,
2025-01-19,2025-01,FAC 0003-00040100,FAC,false,C9002,VENTA ONLINE,Ecommerce,,CAF-ETIOP-250,CAF-ETIOP-250,false,,Etiopia Yirgacheffe 250 g,UN,CAFE,S,2.00,9500.00,0.00,19000.00,4100.00,8200.00,10800.00,0.57,
2025-05-13,2025-05,FAC 0003-00041700,FAC,false,C9002,VENTA ONLINE,Ecommerce,,CAF-COLOM-250,CAF-COLOM-250,false,,Colombia Huila 250 g,UN,CAFE,S,2.00,8945.76,0.00,17891.53,3927.00,7854.00,10037.53,0.56,
2025-02-18,2025-02,FAC 0003-00040493,FAC,false,C9002,VENTA ONLINE,Ecommerce,,CAF-BRAS-250,CAF-BRAS-250,false,,Brasil Cerrado 250 g,UN,CAFE,S,2.00,5416.60,0.00,10833.20,2483.00,4966.00,5867.20,0.54,
2025-05-11,2025-05,FAC 0003-00041872,FAC,false,C9002,VENTA ONLINE,Ecommerce,,CAF-BLEND-250,CAF-BLEND-250,false,,Blend Casa 250 g,UN,CAFE,S,2.00,6109.30,0.00,12218.60,2793.00,5586.00,6632.60,0.54,
2025-05-08,2025-05,FAC 0003-00041746,FAC,false,C9002,VENTA ONLINE,Ecommerce,,CAF-BRAS-250,CAF-BRAS-250,false,,Brasil Cerrado 250 g,UN,CAFE,S,1.00,5782.02,0.00,5782.02,2651.00,2651.00,3131.02,0.54,
2025-05-14,2025-05,FAC 0003-00041728,FAC,false,C9002,VENTA ONLINE,Ecommerce,,CAF-BLEND-250,CAF-BLEND-250,false,,Blend Casa 250 g,UN,CAFE,S,1.00,6109.30,0.00,6109.30,2793.00,2793.00,3316.30,0.54,
2025-06-04,2025-06,FAC 0003-00042372,FAC,false,C9002,VENTA ONLINE,Ecommerce,,CAP-FILTRO-100,CAP-FILTRO-100,false,,Filtros de papel x 100,UN,ACCESORIOS,S,2.00,3567.83,0.00,7135.67,2118.00,4236.00,2899.67,0.41,
2025-02-12,2025-02,FAC 0003-00040605,FAC,false,C9002,VENTA ONLINE,Ecommerce,,CAF-ETIOP-250,CAF-ETIOP-250,false,,Etiopia Yirgacheffe 250 g,UN,CAFE,S,3.00,9709.00,0.00,29127.00,4190.00,12570.00,16557.00,0.57,
2025-04-14,2025-04,FAC 0003-00041360,FAC,false,C9002,VENTA ONLINE,Ecommerce,,CAF-COLOM-250,CAF-COLOM-250,false,,Colombia Huila 250 g,UN,CAFE,S,2.00,8753.19,0.00,17506.39,3843.00,7686.00,9820.39,0.56,
2025-01-13,2025-01,FAC 0003-00040154,FAC,false,C9002,VENTA ONLINE,Ecommerce,,CAF-CAPS-10,CAF-CAPS-10,false,,Capsulas compatibles x10,UN,CAFE,S,2.00,6900.00,0.00,13800.00,3300.00,6600.00,7200.00,0.52,
2025-02-20,2025-02,FAC 0003-00040547,FAC,false,C9002,VENTA ONLINE,Ecommerce,,CAF-BRAS-250,CAF-BRAS-250,false,,Brasil Cerrado 250 g,UN,CAFE,S,2.00,5416.60,0.00,10833.20,2483.00,4966.00,5867.20,0.54,
2025-03-27,2025-03,FAC 0003-00040959,FAC,false,C9002,VENTA ONLINE,Ecommerce,,CAF-ETIOP-250,CAF-ETIOP-250,false,,Etiopia Yirgacheffe 250 g,UN,CAFE,S,3.00,9922.60,0.00,29767.79,4282.00,12846.00,16921.79,0.57,
2025-03-14,2025-03,FAC 0003-00040930,FAC,false,C9002,VENTA ONLINE,Ecommerce,,CAF-BLEND-250,CAF-BLEND-250,false,,Blend Casa 250 g,UN,CAFE,S,1.00,5849.11,0.00,5849.11,2674.00,2674.00,3175.11,0.54,
2025-04-20,2025-04,FAC 0003-00041249,FAC,false,C0104,Tostado Villa Crespo,Mayorista,CABA,CAF-ETIOP-250,CAF-ETIOP-250,false,,Etiopia Yirgacheffe 250 g,UN,CAFE,S,8.00,10140.90,35.00,52732.65,4377.00,35016.00,17716.65,0.34,R. Ibarra
2025-02-16,2025-02,FAC 0003-00040661,FAC,false,C9002,VENTA ONLINE,Ecommerce,,CAF-BLEND-250,CAF-BLEND-250,false,,Blend Casa 250 g,UN,CAFE,S,2.00,5723.20,0.00,11446.40,2616.00,5232.00,6214.40,0.54,
2025-03-25,2025-03,FAC 0003-00040950,FAC,false,C9002,VENTA ONLINE,Ecommerce,,CAF-ETIOP-250,CAF-ETIOP-250,false,,Etiopia Yirgacheffe 250 g,UN,CAFE,S,1.00,9922.60,0.00,9922.60,4282.00,4282.00,5640.60,0.57,
2025-03-27,2025-03,FAC 0003-00041101,FAC,false,C9002,VENTA ONLINE,Ecommerce,,CAF-BRAS-250,CAF-BRAS-250,false,,Brasil Cerrado 250 g,UN,CAFE,S,1.00,5535.77,0.00,5535.77,2538.00,2538.00,2997.77,0.54,
2025-05-03,2025-05,FAC 0003-00042071,FAC,false,C9001,CONSUMIDOR FINAL,Local,CABA,CAF-BLEND-1K,CAF-BLEND-1K,false,,Blend Casa 1 kg,UN,CAFE,S,1.00,19637.04,0.00,19637.04,10691.00,10691.00,8946.04,0.46,
2025-01-26,2025-01,FAC 0003-00040340,FAC,false,C9001,CONSUMIDOR FINAL,Local,CABA,CAF-BLEND-250,CAF-BLEND-250,false,,Blend Casa 250 g,UN,CAFE,S,1.00,5600.00,0.00,5600.00,2560.00,2560.00,3040.00,0.54,
2025-04-20,2025-04,FAC 0003-00041331,FAC,false,C9002,VENTA ONLINE,Ecommerce,,CAF-COLOM-250,CAF-COLOM-250,false,,Colombia Huila 250 g,UN,CAFE,S,1.00,8753.19,0.00,8753.19,3843.00,3843.00,4910.19,0.56,
2025-02-11,2025-02,FAC 0003-00040529,FAC,false,C9002,VENTA ONLINE,Ecommerce,,CAF-ETIOP-250,CAF-ETIOP-250,false,,Etiopia Yirgacheffe 250 g,UN,CAFE,S,1.00,9709.00,0.00,9709.00,4190.00,4190.00,5519.00,0.57,
2025-04-21,2025-04,FAC 0003-00041506,FAC,false,C9002,VENTA ONLINE,Ecommerce,,CAF-ETIOP-250,CAF-ETIOP-250,false,,Etiopia Yirgacheffe 250 g,UN,CAFE,S,2.00,10140.90,0.00,20281.79,4377.00,8754.00,11527.79,0.57,
2025-02-19,2025-02,FAC 0003-00040608,FAC,false,C9002,VENTA ONLINE,Ecommerce,,CAF-COLOM-250,CAF-COLOM-250,false,,Colombia Huila 250 g,UN,CAFE,S,2.00,8380.40,0.00,16760.80,3679.00,7358.00,9402.80,0.56,
2025-04-13,2025-04,FAC 0003-00041254,FAC,false,C0108,Coffee Lab Colegiales,Mayorista,CABA,CAF-BLEND-1K,CAF-BLEND-1K,false,,Blend Casa 1 kg,UN,CAFE,S,6.00,19214.33,32.00,78394.46,10461.00,62766.00,15628.46,0.20,R. Ibarra
2025-03-17,2025-03,FAC 0003-00040862,FAC,false,C0117,El Almacen de Caballito II,Mayorista,CABA,CAP-FILTRO-100,CAP-FILTRO-100,false,,Filtros de papel x 100,UN,ACCESORIOS,S,6.00,3342.35,32.00,13636.78,1985.00,11910.00,1726.78,0.13,
2025-06-07,2025-06,FAC 0003-00042238,FAC,false,C9002,VENTA ONLINE,Ecommerce,,CAF-ETIOP-250,CAF-ETIOP-250,false,,Etiopia Yirgacheffe 250 g,UN,CAFE,S,1.00,10592.00,0.00,10592.00,4571.00,4571.00,6021.00,0.57,
2025-04-15,2025-04,FAC 0003-00041544,FAC,false,C9001,CONSUMIDOR FINAL,Local,CABA,CAF-BLEND-1K,CAF-BLEND-1K,false,,Blend Casa 1 kg,UN,CAFE,S,2.00,19214.33,0.00,38428.66,10461.00,20922.00,17506.66,0.46,
2025-03-28,2025-03,FAC 0003-00040899,FAC,false,C9002,VENTA ONLINE,Ecommerce,,CAF-BLEND-250,CAF-BLEND-250,false,,Blend Casa 250 g,UN,CAFE,S,2.00,5849.11,0.00,11698.22,2674.00,5348.00,6350.22,0.54,
2025-01-26,2025-01,FAC 0003-00040103,FAC,false,C9002,VENTA ONLINE,Ecommerce,,CAF-ETIOP-250,CAF-ETIOP-250,false,,Etiopia Yirgacheffe 250 g,UN,CAFE,S,3.00,9500.00,0.00,28500.00,4100.00,12300.00,16200.00,0.57,
2025-05-11,2025-05,FAC 0003-00041657,FAC,false,C0106,El Almacen de Nunez,Mayorista,CABA,CAP-FILTRO-100,CAP-FILTRO-100,false,,Filtros de papel x 100,UN,ACCESORIOS,S,4.00,3491.03,30.00,9774.88,2073.00,8292.00,1482.88,0.15,
2025-05-27,2025-05,FAC 0003-00041796,FAC,false,C9002,VENTA ONLINE,Ecommerce,,CAF-ETIOP-250,CAF-ETIOP-250,false,,Etiopia Yirgacheffe 250 g,UN,CAFE,S,1.00,10363.99,0.00,10363.99,4473.00,4473.00,5890.99,0.57,
2025-04-28,2025-04,FAC 0003-00041339,FAC,false,C9002,VENTA ONLINE,Ecommerce,,CAF-CAPS-10,CAF-CAPS-10,false,,Capsulas compatibles x10,UN,CAFE,S,2.00,7365.49,0.00,14730.98,3523.00,7046.00,7684.98,0.52,
2025-01-27,2025-01,FAC 0003-00040338,FAC,false,C9001,CONSUMIDOR FINAL,Local,CABA,CAF-BLEND-250,CAF-BLEND-250,false,,Blend Casa 250 g,UN,CAFE,S,2.00,5600.00,0.00,11200.00,2560.00,5120.00,6080.00,0.54,
2025-06-23,2025-06,FAC 0003-00042247,FAC,false,C9002,VENTA ONLINE,Ecommerce,,CAF-BLEND-250,CAF-BLEND-250,false,,Blend Casa 250 g,UN,CAFE,S,1.00,6243.71,0.00,6243.71,2854.00,2854.00,3389.71,0.54,
2025-02-27,2025-02,FAC 0003-00040821,FAC,false,C9001,CONSUMIDOR FINAL,Local,CABA,CAF-COLOM-250,CAF-COLOM-250,false,,Colombia Huila 250 g,UN,CAFE,S,2.00,8380.40,0.00,16760.80,3679.00,7358.00,9402.80,0.56,
2025-05-04,2025-05,FAC 0003-00041805,FAC,false,C9002,VENTA ONLINE,Ecommerce,,CAF-DESCA-250,CAF-DESCA-250,false,,Descafeinado 250 g,UN,CAFE,S,1.00,8073.01,0.00,8073.01,3818.00,3818.00,4255.01,0.53,
2025-06-11,2025-06,FAC 0003-00042126,FAC,false,C0129,Bar San Telmo II,Mayorista,CABA,CAF-BLEND-1K,CAF-BLEND-1K,false,,Blend Casa 1 kg,UN,CAFE,S,8.00,20069.06,32.00,109175.67,10926.00,87408.00,21767.67,0.20,M. Paz
2025-05-21,2025-05,FAC 0003-00041974,FAC,false,C9001,CONSUMIDOR FINAL,Local,CABA,CAF-BLEND-250,CAF-BLEND-250,false,,Blend Casa 250 g,UN,CAFE,S,2.00,6109.30,0.00,12218.60,2793.00,5586.00,6632.60,0.54,
2025-03-13,2025-03,FAC 0003-00040982,FAC,false,C9002,VENTA ONLINE,Ecommerce,,CAF-BLEND-250,CAF-BLEND-250,false,,Blend Casa 250 g,UN,CAFE,S,1.00,5849.11,0.00,5849.11,2674.00,2674.00,3175.11,0.54,
2025-01-05,2025-01,FAC 0003-00040216,FAC,false,C9002,VENTA ONLINE,Ecommerce,,CAF-COLOM-250,CAF-COLOM-250,false,,Colombia Huila 250 g,UN,CAFE,S,1.00,8200.00,0.00,8200.00,3600.00,3600.00,4600.00,0.56,
2025-03-13,2025-03,FAC 0003-00040865,FAC,false,C0119,Coffee Lab Saavedra II,Mayorista,CABA,CAF-BLEND-1K,CAF-BLEND-1K,false,,Blend Casa 1 kg,UN,CAFE,S,8.00,18800.71,35.00,97763.70,10236.00,81888.00,15875.70,0.16,
2025-01-07,2025-01,FAC 0003-00040104,FAC,false,C9002,VENTA ONLINE,Ecommerce,,CAF-ETIOP-250,CAF-ETIOP-250,false,,Etiopia Yirgacheffe 250 g,UN,CAFE,S,3.00,9500.00,0.00,28500.00,4100.00,12300.00,16200.00,0.57,
2025-06-26,2025-06,FAC 0003-00042231,FAC,false,C9002,VENTA ONLINE,Ecommerce,,CAF-BRAS-250,CAF-BRAS-250,false,,Brasil Cerrado 250 g,UN,CAFE,S,1.00,5909.22,0.00,5909.22,2709.00,2709.00,3200.22,0.54,
2025-02-01,2025-02,FAC 0003-00040565,FAC,false,C9002,VENTA ONLINE,Ecommerce,,CAF-BLEND-250,CAF-BLEND-250,false,,Blend Casa 250 g,UN,CAFE,S,2.00,5723.20,0.00,11446.40,2616.00,5232.00,6214.40,0.54,
2025-05-08,2025-05,FAC 0003-00041992,FAC,false,C9001,CONSUMIDOR FINAL,Local,CABA,CAF-BLEND-1K,CAF-BLEND-1K,false,,Blend Casa 1 kg,UN,CAFE,S,1.00,19637.04,0.00,19637.04,10691.00,10691.00,8946.04,0.46,
2025-05-07,2025-05,FAC 0003-00041685,FAC,false,C0129,Bar San Telmo II,Mayorista,CABA,CAF-BLEND-1K,CAF-BLEND-1K,false,,Blend Casa 1 kg,UN,CAFE,S,6.00,19637.04,32.00,80119.13,10691.00,64146.00,15973.13,0.20,M. Paz
2025-02-05,2025-02,FAC 0003-00040455,FAC,false,C0127,Cafe Parque Chas II,Mayorista,CABA,CAF-BLEND-1K,CAF-BLEND-1K,false,,Blend Casa 1 kg,UN,CAFE,S,7.00,18396.00,32.00,87564.96,10016.00,70112.00,17452.96,0.20,R. Ibarra
2025-04-13,2025-04,FAC 0003-00041254,FAC,false,C0108,Coffee Lab Colegiales,Mayorista,CABA,CAF-BRAS-1K,CAF-BRAS-1K,false,,Brasil Cerrado 1 kg,UN,CAFE,S,7.00,18146.87,32.00,86379.08,9927.00,69489.00,16890.08,0.20,R. Ibarra
2025-06-12,2025-06,FAC 0003-00042462,FAC,false,C9001,CONSUMIDOR FINAL,Local,CABA,CAF-BLEND-1K,CAF-BLEND-1K,false,,Blend Casa 1 kg,UN,CAFE,S,2.00,20069.06,0.00,40138.12,10926.00,21852.00,18286.12,0.46,
2025-01-07,2025-01,FAC 0003-00040145,FAC,false,C9002,VENTA ONLINE,Ecommerce,,CAF-DESCA-250,CAF-DESCA-250,false,,Descafeinado 250 g,UN,CAFE,S,1.00,7400.00,0.00,7400.00,3500.00,3500.00,3900.00,0.53,
2025-01-17,2025-01,FAC 0003-00040184,FAC,false,C9002,VENTA ONLINE,Ecommerce,,CAF-CAPS-10,CAF-CAPS-10,false,,Capsulas compatibles x10,UN,CAFE,S,1.00,6900.00,0.00,6900.00,3300.00,3300.00,3600.00,0.52,
2025-06-25,2025-06,FAC 0003-00042201,FAC,false,C9002,VENTA ONLINE,Ecommerce,,CAF-DESCA-250,CAF-DESCA-250,false,,Descafeinado 250 g,UN,CAFE,S,1.00,8250.61,0.00,8250.61,3902.00,3902.00,4348.61,0.53,
2025-05-02,2025-05,FAC 0003-00041873,FAC,false,C9002,VENTA ONLINE,Ecommerce,,CAF-BRAS-250,CAF-BRAS-250,false,,Brasil Cerrado 250 g,UN,CAFE,S,2.00,5782.02,0.00,11564.04,2651.00,5302.00,6262.04,0.54,
2025-04-14,2025-04,FAC 0003-00041477,FAC,false,C9002,VENTA ONLINE,Ecommerce,,CAP-TAZA,CAP-TAZA,false,,Taza ceramica logo,UN,ACCESORIOS,S,1.00,9500.42,0.00,9500.42,4483.00,4483.00,5017.42,0.53,
2025-04-24,2025-04,FAC 0003-00041451,FAC,false,C9002,VENTA ONLINE,Ecommerce,,CAF-CAPS-10,CAF-CAPS-10,false,,Capsulas compatibles x10,UN,CAFE,S,3.00,7365.49,0.00,22096.48,3523.00,10569.00,11527.48,0.52,
2025-01-01,2025-01,FAC 0003-00040037,FAC,false,C0124,Coffee Lab Flores,Mayorista,CABA,CAF-BRAS-1K,CAF-BRAS-1K,false,,Brasil Cerrado 1 kg,UN,CAFE,S,7.00,17000.00,35.00,77350.00,9300.00,65100.00,12250.00,0.16,
2025-06-11,2025-06,FAC 0003-00042162,FAC,false,C9002,VENTA ONLINE,Ecommerce,,CAF-ETIOP-250,CAF-ETIOP-250,false,,Etiopia Yirgacheffe 250 g,UN,CAFE,S,3.00,10592.00,0.00,31776.01,4571.00,13713.00,18063.01,0.57,
2025-01-01,2025-01,FAC 0003-00040237,FAC,false,C9002,VENTA ONLINE,Ecommerce,,CAF-ETIOP-250,CAF-ETIOP-250,false,,Etiopia Yirgacheffe 250 g,UN,CAFE,S,1.00,9500.00,0.00,9500.00,4100.00,4100.00,5400.00,0.57,
2025-05-16,2025-05,FAC 0003-00041681,FAC,false,C0126,Panaderia Parque Chas,Mayorista,CABA,CAP-FILTRO-100,CAP-FILTRO-100,false,,Filtros de papel x 100,UN,ACCESORIOS,S,2.00,3491.03,32.00,4747.80,2073.00,4146.00,601.80,0.13,
2025-05-21,2025-05,FAC 0003-00041713,FAC,false,C9002,VENTA ONLINE,Ecommerce,,CAF-ETIOP-250,CAF-ETIOP-250,false,,Etiopia Yirgacheffe 250 g,UN,CAFE,S,2.00,10363.99,0.00,20727.99,4473.00,8946.00,11781.99,0.57,
2025-05-22,2025-05,FAC 0003-00041709,FAC,false,C9002,VENTA ONLINE,Ecommerce,,CAF-ETIOP-250,CAF-ETIOP-250,false,,Etiopia Yirgacheffe 250 g,UN,CAFE,S,3.00,10363.99,0.00,31091.98,4473.00,13419.00,17672.98,0.57,
2025-06-07,2025-06,FAC 0003-00042301,FAC,false,C9002,VENTA ONLINE,Ecommerce,,CAF-COLOM-250,CAF-COLOM-250,false,,Colombia Huila 250 g,UN,CAFE,S,1.00,9142.57,0.00,9142.57,4014.00,4014.00,5128.57,0.56,
2025-06-26,2025-06,FAC 0003-00042239,FAC,false,C9002,VENTA ONLINE,Ecommerce,,CAF-DESCA-250,CAF-DESCA-250,false,,Descafeinado 250 g,UN,CAFE,S,2.00,8250.61,0.00,16501.23,3902.00,7804.00,8697.23,0.53,
2025-02-14,2025-02,FAC 0003-00040526,FAC,false,C9002,VENTA ONLINE,Ecommerce,,CAF-COLOM-250,CAF-COLOM-250,false,,Colombia Huila 250 g,UN,CAFE,S,2.00,8380.40,0.00,16760.80,3679.00,7358.00,9402.80,0.56,
2025-03-02,2025-03,FAC 0003-00040917,FAC,false,C9002,VENTA ONLINE,Ecommerce,,CAP-FILTRO-100,CAP-FILTRO-100,false,,Filtros de papel x 100,UN,ACCESORIOS,S,1.00,3342.35,0.00,3342.35,1985.00,1985.00,1357.35,0.41,
2025-02-04,2025-02,FAC 0003-00040421,FAC,false,C0001,GRANOS DEL SUR S.A.,Distribuidor,Avellaneda,BLEND1K,CAF-BLEND-1K,true,Codigo viejo informado en ventas; corresponde a Blend Casa 1 kg.,Blend Casa 1 kg,UN,CAFE,S,31.00,18396.00,40.00,342165.60,10016.00,310496.00,31669.60,0.09,M. Paz
2025-04-27,2025-04,FAC 0003-00041568,FAC,false,C9001,CONSUMIDOR FINAL,Local,CABA,CAF-COLOM-250,CAF-COLOM-250,false,,Colombia Huila 250 g,UN,CAFE,S,2.00,8753.19,0.00,17506.39,3843.00,7686.00,9820.39,0.56,
2025-03-27,2025-03,FAC 0003-00040915,FAC,false,C9002,VENTA ONLINE,Ecommerce,,CAF-BRAS-250,CAF-BRAS-250,false,,Brasil Cerrado 250 g,UN,CAFE,S,1.00,5535.77,0.00,5535.77,2538.00,2538.00,2997.77,0.54,
2025-05-28,2025-05,FAC 0003-00041897,FAC,false,C9002,VENTA ONLINE,Ecommerce,,CAF-COLOM-250,CAF-COLOM-250,false,,Colombia Huila 250 g,UN,CAFE,S,2.00,8945.76,0.00,17891.53,3927.00,7854.00,10037.53,0.56,
2025-04-01,2025-04,FAC 0003-00041437,FAC,false,C9002,VENTA ONLINE,Ecommerce,,CAF-COLOM-250,CAF-COLOM-250,false,,Colombia Huila 250 g,UN,CAFE,S,1.00,8753.19,0.00,8753.19,3843.00,3843.00,4910.19,0.56,
2025-03-22,2025-03,FAC 0003-00041013,FAC,false,C9002,VENTA ONLINE,Ecommerce,,CAF-BLEND-250,CAF-BLEND-250,false,,Blend Casa 250 g,UN,CAFE,S,1.00,5849.11,0.00,5849.11,2674.00,2674.00,3175.11,0.54,
2025-03-19,2025-03,FAC 0003-00041044,FAC,false,C9002,VENTA ONLINE,Ecommerce,,CAF-ETIOP-250,CAF-ETIOP-250,false,,Etiopia Yirgacheffe 250 g,UN,CAFE,S,2.00,9922.60,0.00,19845.20,4282.00,8564.00,11281.20,0.57,
2025-02-14,2025-02,FAC 0003-00040446,FAC,false,C0120,Tostado Chacarita,Mayorista,CABA,CAF-BRAS-1K,CAF-BRAS-1K,false,,Brasil Cerrado 1 kg,UN,CAFE,S,7.00,17374.00,32.00,82700.24,9505.00,66535.00,16165.24,0.20,
2025-06-12,2025-06,FAC 0003-00042213,FAC,false,C9002,VENTA ONLINE,Ecommerce,,CAF-BLEND-250,CAF-BLEND-250,false,,Blend Casa 250 g,UN,CAFE,S,2.00,6243.71,0.00,12487.41,2854.00,5708.00,6779.41,0.54,
2025-05-26,2025-05,FAC 0003-00041839,FAC,false,C9002,VENTA ONLINE,Ecommerce,,CAF-ETIOP-250,CAF-ETIOP-250,false,,Etiopia Yirgacheffe 250 g,UN,CAFE,S,3.00,10363.99,0.00,31091.98,4473.00,13419.00,17672.98,0.57,
2025-03-25,2025-03,FAC 0003-00041025,FAC,false,C9002,VENTA ONLINE,Ecommerce,,CAP-FILTRO-100,CAP-FILTRO-100,false,,Filtros de papel x 100,UN,ACCESORIOS,S,1.00,3342.35,0.00,3342.35,1985.00,1985.00,1357.35,0.41,
2025-01-18,2025-01,FAC 0003-00040233,FAC,false,C9002,VENTA ONLINE,Ecommerce,,CAF-BRAS-250,CAF-BRAS-250,false,,Brasil Cerrado 250 g,UN,CAFE,S,1.00,5300.00,0.00,5300.00,2430.00,2430.00,2870.00,0.54,
2025-04-15,2025-04,FAC 0003-00041307,FAC,false,C9002,VENTA ONLINE,Ecommerce,,CAF-ETIOP-250,CAF-ETIOP-250,false,,Etiopia Yirgacheffe 250 g,UN,CAFE,S,2.00,10140.90,0.00,20281.79,4377.00,8754.00,11527.79,0.57,
2025-06-01,2025-06,FAC 0003-00042340,FAC,false,C9002,VENTA ONLINE,Ecommerce,,CAF-CAPS-10,CAF-CAPS-10,false,,Capsulas compatibles x10,UN,CAFE,S,1.00,7693.14,0.00,7693.14,3679.00,3679.00,4014.14,0.52,
2025-05-13,2025-05,FAC 0003-00041799,FAC,false,C9002,VENTA ONLINE,Ecommerce,,CAF-COLOM-250,CAF-COLOM-250,false,,Colombia Huila 250 g,UN,CAFE,S,3.00,8945.76,0.00,26837.29,3927.00,11781.00,15056.29,0.56,
2025-01-03,2025-01,FAC 0003-00040393,FAC,false,C9001,CONSUMIDOR FINAL,Local,CABA,CAF-COLOM-250,CAF-COLOM-250,false,,Colombia Huila 250 g,UN,CAFE,S,2.00,8200.00,0.00,16400.00,3600.00,7200.00,9200.00,0.56,
2025-03-13,2025-03,FAC 0003-00041056,FAC,false,C9002,VENTA ONLINE,Ecommerce,,CAF-COLOM-250,CAF-COLOM-250,false,,Colombia Huila 250 g,UN,CAFE,S,1.00,8564.77,0.00,8564.77,3760.00,3760.00,4804.77,0.56,
2025-04-03,2025-04,FAC 0003-00041446,FAC,false,C9002,VENTA ONLINE,Ecommerce,,CAF-CAPS-10,CAF-CAPS-10,false,,Capsulas compatibles x10,UN,CAFE,S,2.00,7365.49,0.00,14730.98,3523.00,7046.00,7684.98,0.52,
2025-05-11,2025-05,FAC 0003-00041959,FAC,false,C9001,CONSUMIDOR FINAL,Local,CABA,CAF-BLEND-250,CAF-BLEND-250,false,,Blend Casa 250 g,UN,CAFE,S,2.00,6109.30,0.00,12218.60,2793.00,5586.00,6632.60,0.54,
2025-02-22,2025-02,FAC 0003-00040749,FAC,false,C9001,CONSUMIDOR FINAL,Local,CABA,CAF-BLEND-250,CAF-BLEND-250,false,,Blend Casa 250 g,UN,CAFE,S,1.00,5723.20,0.00,5723.20,2616.00,2616.00,3107.20,0.54,
2025-06-12,2025-06,FAC 0003-00042242,FAC,false,C9002,VENTA ONLINE,Ecommerce,,CAF-COLOM-250,CAF-COLOM-250,false,,Colombia Huila 250 g,UN,CAFE,S,2.00,9142.57,0.00,18285.14,4014.00,8028.00,10257.14,0.56,
2025-03-23,2025-03,FAC 0003-00041003,FAC,false,C9002,VENTA ONLINE,Ecommerce,,CAF-ETIOP-250,CAF-ETIOP-250,false,,Etiopia Yirgacheffe 250 g,UN,CAFE,S,3.00,9922.60,0.00,29767.79,4282.00,12846.00,16921.79,0.57,
2025-06-23,2025-06,FAC 0003-00042274,FAC,false,C9002,VENTA ONLINE,Ecommerce,,CAF-ETIOP-250,CAF-ETIOP-250,false,,Etiopia Yirgacheffe 250 g,UN,CAFE,S,1.00,10592.00,0.00,10592.00,4571.00,4571.00,6021.00,0.57,
2025-04-10,2025-04,FAC 0003-00041410,FAC,false,C9002,VENTA ONLINE,Ecommerce,,CAF-DESCA-250,CAF-DESCA-250,false,,Descafeinado 250 g,UN,CAFE,S,3.00,7899.22,0.00,23697.67,3736.00,11208.00,12489.67,0.53,
2025-01-05,2025-01,FAC 0003-00040047,FAC,false,C0133,El Almacen de Barracas II,Mayorista,CABA,CAF-ETIOP-250,CAF-ETIOP-250,false,,Etiopia Yirgacheffe 250 g,UN,CAFE,S,11.00,9500.00,35.00,67925.00,4100.00,45100.00,22825.00,0.34,M. Paz
2025-01-20,2025-01,FAC 0003-00040347,FAC,false,C9001,CONSUMIDOR FINAL,Local,CABA,CAF-COLOM-250,CAF-COLOM-250,false,,Colombia Huila 250 g,UN,CAFE,S,1.00,8200.00,0.00,8200.00,3600.00,3600.00,4600.00,0.56,
2025-04-11,2025-04,FAC 0003-00041489,FAC,false,C9002,VENTA ONLINE,Ecommerce,,CAF-COLOM-250,CAF-COLOM-250,false,,Colombia Huila 250 g,UN,CAFE,S,2.00,8753.19,0.00,17506.39,3843.00,7686.00,9820.39,0.56,
2025-05-15,2025-05,FAC 0003-00041771,FAC,false,C9002,VENTA ONLINE,Ecommerce,,CAF-COLOM-250,CAF-COLOM-250,false,,Colombia Huila 250 g,UN,CAFE,S,2.00,8945.76,0.00,17891.53,3927.00,7854.00,10037.53,0.56,
2025-01-01,2025-01,FAC 0003-00040136,FAC,false,C9002,VENTA ONLINE,Ecommerce,,CAF-COLOM-250,CAF-COLOM-250,false,,Colombia Huila 250 g,UN,CAFE,S,1.00,8200.00,0.00,8200.00,3600.00,3600.00,4600.00,0.56,
2025-02-07,2025-02,FAC 0003-00040752,FAC,false,C9001,CONSUMIDOR FINAL,Local,CABA,CAF-BLEND-250,CAF-BLEND-250,false,,Blend Casa 250 g,UN,CAFE,S,2.00,5723.20,0.00,11446.40,2616.00,5232.00,6214.40,0.54,
2025-04-25,2025-04,FAC 0003-00041276,FAC,false,C0129,Bar San Telmo II,Mayorista,CABA,CAP-FILTRO-100,CAP-FILTRO-100,false,,Filtros de papel x 100,UN,ACCESORIOS,S,5.00,3415.88,32.00,11613.99,2028.00,10140.00,1473.99,0.13,
2025-02-07,2025-02,FAC 0003-00040466,FAC,false,C0134,Bar Agronomia,Mayorista,CABA,CAF-BRAS-1K,CAF-BRAS-1K,false,,Brasil Cerrado 1 kg,UN,CAFE,S,4.00,17374.00,35.00,45172.40,9505.00,38020.00,7152.40,0.16,R. Ibarra
2025-04-07,2025-04,FAC 0003-00041616,FAC,false,C9001,CONSUMIDOR FINAL,Local,CABA,CAF-COLOM-250,CAF-COLOM-250,false,,Colombia Huila 250 g,UN,CAFE,S,2.00,8753.19,0.00,17506.39,3843.00,7686.00,9820.39,0.56,
2025-03-25,2025-03,FAC 0003-00041210,FAC,false,C9001,CONSUMIDOR FINAL,Local,CABA,CAF-COLOM-250,CAF-COLOM-250,false,,Colombia Huila 250 g,UN,CAFE,S,1.00,8564.77,0.00,8564.77,3760.00,3760.00,4804.77,0.56,
2025-06-21,2025-06,FAC 0003-00042482,FAC,false,C9001,CONSUMIDOR FINAL,Local,CABA,CAF-BLEND-1K,CAF-BLEND-1K,false,,Blend Casa 1 kg,UN,CAFE,S,1.00,20069.06,0.00,20069.06,10926.00,10926.00,9143.06,0.46,
2025-06-01,2025-06,FAC 0003-00042181,FAC,false,C9002,VENTA ONLINE,Ecommerce,,CAF-BLEND-250,CAF-BLEND-250,false,,Blend Casa 250 g,UN,CAFE,S,2.00,6243.71,0.00,12487.41,2854.00,5708.00,6779.41,0.54,
2025-04-12,2025-04,FAC 0003-00041240,FAC,false,C0001,GRANOS DEL SUR S.A.,Distribuidor,Avellaneda,CAF-BLEND-1K,CAF-BLEND-1K,false,,Blend Casa 1 kg,UN,CAFE,S,50.00,19214.33,40.00,576429.83,10461.00,523050.00,53379.83,0.09,
2025-01-17,2025-01,FAC 0003-00040184,FAC,false,C9002,VENTA ONLINE,Ecommerce,,CAP-TAZA,CAP-TAZA,false,,Taza ceramica logo,UN,ACCESORIOS,S,2.00,8900.00,0.00,17800.00,4200.00,8400.00,9400.00,0.53,
2025-02-25,2025-02,FAC 0003-00040483,FAC,false,C9002,VENTA ONLINE,Ecommerce,,CAF-ETIOP-250,CAF-ETIOP-250,false,,Etiopia Yirgacheffe 250 g,UN,CAFE,S,2.00,9709.00,0.00,19418.00,4190.00,8380.00,11038.00,0.57,
2025-01-18,2025-01,FAC 0003-00040009,FAC,false,C0001,GRANOS DEL SUR S.A.,Distribuidor,Avellaneda,CAF-BLEND-1K,CAF-BLEND-1K,false,,Blend Casa 1 kg,UN,CAFE,S,34.00,18000.00,40.00,367200.00,9800.00,333200.00,34000.00,0.09,M. Paz
2025-02-18,2025-02,FAC 0003-00040425,FAC,false,C0101,El Almacen de Palermo II,Mayorista,CABA,CAF-BRAS-1K,CAF-BRAS-1K,false,,Brasil Cerrado 1 kg,UN,CAFE,S,6.00,17374.00,35.00,67758.60,9505.00,57030.00,10728.60,0.16,M. Paz
2025-06-18,2025-06,FAC 0003-00042344,FAC,false,C9002,VENTA ONLINE,Ecommerce,,CAF-BLEND-250,CAF-BLEND-250,false,,Blend Casa 250 g,UN,CAFE,S,3.00,6243.71,0.00,18731.12,2854.00,8562.00,10169.12,0.54,
2025-05-24,2025-05,FAC 0003-00041787,FAC,false,C9002,VENTA ONLINE,Ecommerce,,CAF-BRAS-250,CAF-BRAS-250,false,,Brasil Cerrado 250 g,UN,CAFE,S,3.00,5782.02,0.00,17346.05,2651.00,7953.00,9393.05,0.54,
2025-05-15,2025-05,FAC 0003-00041812,FAC,false,C9002,VENTA ONLINE,Ecommerce,,CAF-ETIOP-250,CAF-ETIOP-250,false,,Etiopia Yirgacheffe 250 g,UN,CAFE,S,3.00,10363.99,0.00,31091.98,4473.00,13419.00,17672.98,0.57,
2025-05-16,2025-05,FAC 0003-00041979,FAC,false,C9001,CONSUMIDOR FINAL,Local,CABA,CAF-BLEND-1K,CAF-BLEND-1K,false,,Blend Casa 1 kg,UN,CAFE,S,2.00,19637.04,0.00,39274.09,10691.00,21382.00,17892.09,0.46,
2025-06-02,2025-06,FAC 0003-00042304,FAC,false,C9002,VENTA ONLINE,Ecommerce,,CAF-ETIOP-250,CAF-ETIOP-250,false,,Etiopia Yirgacheffe 250 g,UN,CAFE,S,3.00,10592.00,0.00,31776.01,4571.00,13713.00,18063.01,0.57,
2025-03-14,2025-03,FAC 0003-00040958,FAC,false,C9002,VENTA ONLINE,Ecommerce,,CAF-COLOM-250,CAF-COLOM-250,false,,Colombia Huila 250 g,UN,CAFE,S,1.00,8564.77,0.00,8564.77,3760.00,3760.00,4804.77,0.56,
2025-06-01,2025-06,FAC 0003-00042424,FAC,false,C9001,CONSUMIDOR FINAL,Local,CABA,CAF-ETIOP-250,CAF-ETIOP-250,false,,Etiopia Yirgacheffe 250 g,UN,CAFE,S,1.00,10592.00,0.00,10592.00,4571.00,4571.00,6021.00,0.57,
2025-04-20,2025-04,FAC 0003-00041519,FAC,false,C9002,VENTA ONLINE,Ecommerce,,CAP-TAZA,CAP-TAZA,false,,Taza ceramica logo,UN,ACCESORIOS,S,1.00,9500.42,0.00,9500.42,4483.00,4483.00,5017.42,0.53,
2025-06-05,2025-06,FAC 0003-00042302,FAC,false,C9002,VENTA ONLINE,Ecommerce,,CAF-BLEND-250,CAF-BLEND-250,false,,Blend Casa 250 g,UN,CAFE,S,3.00,6243.71,0.00,18731.12,2854.00,8562.00,10169.12,0.54,
2025-04-20,2025-04,NC 0003-00001224,NC,true,C0001,GRANOS DEL SUR S.A.,Distribuidor,Avellaneda,CAF-BLEND-1K,CAF-BLEND-1K,false,,Blend Casa 1 kg,UN,CAFE,S,-13.00,19214.33,40.00,-149871.76,10461.00,-135993.00,-13878.76,,
2025-02-09,2025-02,FAC 0003-00040530,FAC,false,C9002,VENTA ONLINE,Ecommerce,,CAF-BRAS-250,CAF-BRAS-250,false,,Brasil Cerrado 250 g,UN,CAFE,S,2.00,5416.60,0.00,10833.20,2483.00,4966.00,5867.20,0.54,
2025-03-16,2025-03,FAC 0003-00041177,FAC,false,C9001,CONSUMIDOR FINAL,Local,CABA,CAF-BLEND-250,CAF-BLEND-250,false,,Blend Casa 250 g,UN,CAFE,S,2.00,5849.11,0.00,11698.22,2674.00,5348.00,6350.22,0.54,
2025-06-17,2025-06,FAC 0003-00042222,FAC,false,C9002,VENTA ONLINE,Ecommerce,,CAF-BRAS-250,CAF-BRAS-250,false,,Brasil Cerrado 250 g,UN,CAFE,S,3.00,5909.22,0.00,17727.67,2709.00,8127.00,9600.67,0.54,
2025-05-12,2025-05,FAC 0003-00041649,FAC,false,C0001,GRANOS DEL SUR S.A.,Distribuidor,Avellaneda,CAF-BLEND-1K,CAF-BLEND-1K,false,,Blend Casa 1 kg,UN,CAFE,S,44.00,19637.04,40.00,518417.93,10691.00,470404.00,48013.93,0.09,R. Ibarra
2025-05-01,2025-05,FAC 0003-00041738,FAC,false,C9002,VENTA ONLINE,Ecommerce,,CAF-ETIOP-250,CAF-ETIOP-250,false,,Etiopia Yirgacheffe 250 g,UN,CAFE,S,2.00,10363.99,0.00,20727.99,4473.00,8946.00,11781.99,0.57,
2025-02-04,2025-02,FAC 0003-00040601,FAC,false,C9002,VENTA ONLINE,Ecommerce,,CAF-BRAS-250,CAF-BRAS-250,false,,Brasil Cerrado 250 g,UN,CAFE,S,1.00,5416.60,0.00,5416.60,2483.00,2483.00,2933.60,0.54,
2025-05-21,2025-05,FAC 0003-00041888,FAC,false,C9002,VENTA ONLINE,Ecommerce,,CAF-ETIOP-250,CAF-ETIOP-250,false,,Etiopia Yirgacheffe 250 g,UN,CAFE,S,3.00,10363.99,0.00,31091.98,4473.00,13419.00,17672.98,0.57,
2025-01-20,2025-01,FAC 0003-00040123,FAC,false,C9002,VENTA ONLINE,Ecommerce,,CAF-BRAS-250,CAF-BRAS-250,false,,Brasil Cerrado 250 g,UN,CAFE,S,1.00,5300.00,0.00,5300.00,2430.00,2430.00,2870.00,0.54,
2025-03-18,2025-03,FAC 0003-00041035,FAC,false,C9002,VENTA ONLINE,Ecommerce,,CAF-COLOM-250,CAF-COLOM-250,false,,Colombia Huila 250 g,UN,CAFE,S,1.00,8564.77,0.00,8564.77,3760.00,3760.00,4804.77,0.56,
2025-01-23,2025-01,FAC 0003-00040409,FAC,false,C9001,CONSUMIDOR FINAL,Local,CABA,CAF-BLEND-250,CAF-BLEND-250,false,,Blend Casa 250 g,UN,CAFE,S,1.00,5600.00,0.00,5600.00,2560.00,2560.00,3040.00,0.54,
2025-05-09,2025-05,FAC 0003-00041903,FAC,false,C9002,VENTA ONLINE,Ecommerce,,CAF-ETIOP-250,CAF-ETIOP-250,false,,Etiopia Yirgacheffe 250 g,UN,CAFE,S,2.00,10363.99,0.00,20727.99,4473.00,8946.00,11781.99,0.57,
2025-06-09,2025-06,FAC 0003-00042406,FAC,false,C9001,CONSUMIDOR FINAL,Local,CABA,CAF-BLEND-250,CAF-BLEND-250,false,,Blend Casa 250 g,UN,CAFE,S,1.00,6243.71,0.00,6243.71,2854.00,2854.00,3389.71,0.54,
2025-03-22,2025-03,FAC 0003-00041016,FAC,false,C9002,VENTA ONLINE,Ecommerce,,CAF-CAPS-10,CAF-CAPS-10,false,,Capsulas compatibles x10,UN,CAFE,S,2.00,7206.94,0.00,14413.88,3447.00,6894.00,7519.88,0.52,
2025-04-16,2025-04,FAC 0003-00041476,FAC,false,C9002,VENTA ONLINE,Ecommerce,,CAF-BLEND-250,CAF-BLEND-250,false,,Blend Casa 250 g,UN,CAFE,S,2.00,5977.79,0.00,11955.58,2733.00,5466.00,6489.58,0.54,
2025-02-23,2025-02,FAC 0003-00040628,FAC,false,C9002,VENTA ONLINE,Ecommerce,,CAF-COLOM-250,CAF-COLOM-250,false,,Colombia Huila 250 g,UN,CAFE,S,1.00,8380.40,0.00,8380.40,3679.00,3679.00,4701.40,0.56,
2025-03-16,2025-03,FAC 0003-00040886,FAC,false,C0137,Panaderia Villa Urquiza II,Mayorista,CABA,CAF-BLEND-1K,CAF-BLEND-1K,false,,Blend Casa 1 kg,UN,CAFE,S,4.00,18800.71,30.00,52641.99,10236.00,40944.00,11697.99,0.22,R. Ibarra
2025-02-08,2025-02,FAC 0003-00040712,FAC,false,C9001,CONSUMIDOR FINAL,Local,CABA,CAP-FILTRO-100,CAP-FILTRO-100,false,,Filtros de papel x 100,UN,ACCESORIOS,S,1.00,3270.40,0.00,3270.40,1942.00,1942.00,1328.40,0.41,
2025-06-19,2025-06,FAC 0003-00042236,FAC,false,C9002,VENTA ONLINE,Ecommerce,,CAF-ETIOP-250,CAF-ETIOP-250,false,,Etiopia Yirgacheffe 250 g,UN,CAFE,S,1.00,10592.00,0.00,10592.00,4571.00,4571.00,6021.00,0.57,
2025-04-17,2025-04,FAC 0003-00041278,FAC,false,C0131,Tostado Coghlan II,Mayorista,CABA,CAF-BLEND-1K,CAF-BLEND-1K,false,,Blend Casa 1 kg,UN,CAFE,S,9.00,19214.33,35.00,112403.82,10461.00,94149.00,18254.82,0.16,R. Ibarra
2025-02-04,2025-02,FAC 0003-00040594,FAC,false,C9002,VENTA ONLINE,Ecommerce,,CAF-COLOM-250,CAF-COLOM-250,false,,Colombia Huila 250 g,UN,CAFE,S,3.00,8380.40,0.00,25141.20,3679.00,11037.00,14104.20,0.56,
2025-02-28,2025-02,FAC 0003-00040686,FAC,false,C9002,VENTA ONLINE,Ecommerce,,CAP-TAZA,CAP-TAZA,false,,Taza ceramica logo,UN,ACCESORIOS,S,1.00,9095.80,0.00,9095.80,4292.00,4292.00,4803.80,0.53,
2025-01-07,2025-01,FAC 0003-00040007,FAC,false,C0001,GRANOS DEL SUR S.A.,Distribuidor,Avellaneda,CAF-BRAS-1K,CAF-BRAS-1K,false,,Brasil Cerrado 1 kg,UN,CAFE,S,16.00,17000.00,40.00,163200.00,9300.00,148800.00,14400.00,0.09,R. Ibarra
2025-04-13,2025-04,FAC 0003-00041462,FAC,false,C9002,VENTA ONLINE,Ecommerce,,CAF-COLOM-250,CAF-COLOM-250,false,,Colombia Huila 250 g,UN,CAFE,S,2.00,8753.19,0.00,17506.39,3843.00,7686.00,9820.39,0.56,
2025-01-07,2025-01,FAC 0003-00040152,FAC,false,C9002,VENTA ONLINE,Ecommerce,,CAF-CAPS-10,CAF-CAPS-10,false,,Capsulas compatibles x10,UN,CAFE,S,2.00,6900.00,0.00,13800.00,3300.00,6600.00,7200.00,0.52,
2025-05-28,2025-05,FAC 0003-00041906,FAC,false,C9002,VENTA ONLINE,Ecommerce,,CAF-COLOM-250,CAF-COLOM-250,false,,Colombia Huila 250 g,UN,CAFE,S,3.00,8945.76,0.00,26837.29,3927.00,11781.00,15056.29,0.56,
2025-02-12,2025-02,FAC 0003-00040450,FAC,false,C0123,La Ventanita de Almagro II,Mayorista,CABA,CAF-BRAS-1K,CAF-BRAS-1K,false,,Brasil Cerrado 1 kg,UN,CAFE,S,2.00,17374.00,35.00,22586.20,9505.00,19010.00,3576.20,0.16,
2025-04-23,2025-04,FAC 0003-00041458,FAC,false,C9002,VENTA ONLINE,Ecommerce,,CAF-ETIOP-250,CAF-ETIOP-250,false,,Etiopia Yirgacheffe 250 g,UN,CAFE,S,2.00,10140.90,0.00,20281.79,4377.00,8754.00,11527.79,0.57,
2025-03-06,2025-03,FAC 0003-00041062,FAC,false,C9002,VENTA ONLINE,Ecommerce,,CAF-DESCA-250,CAF-DESCA-250,false,,Descafeinado 250 g,UN,CAFE,S,3.00,7729.18,0.00,23187.54,3656.00,10968.00,12219.54,0.53,
2025-03-19,2025-03,FAC 0003-00040869,FAC,false,C0124,Coffee Lab Flores,Mayorista,CABA,CAF-BRAS-1K,CAF-BRAS-1K,false,,Brasil Cerrado 1 kg,UN,CAFE,S,4.00,17756.23,35.00,46166.19,9714.00,38856.00,7310.19,0.16,M. Paz
2025-04-04,2025-04,FAC 0003-00041329,FAC,false,C9002,VENTA ONLINE,Ecommerce,,CAF-ETIOP-250,CAF-ETIOP-250,false,,Etiopia Yirgacheffe 250 g,UN,CAFE,S,3.00,10140.90,0.00,30422.69,4377.00,13131.00,17291.69,0.57,
2025-01-20,2025-01,FAC 0003-00040031,FAC,false,C0118,Bar Saavedra,Mayorista,CABA,CAF-ETIOP-250,CAF-ETIOP-250,false,,Etiopia Yirgacheffe 250 g,UN,CAFE,S,5.00,9500.00,32.00,32300.00,4100.00,20500.00,11800.00,0.37,R. Ibarra
2025-01-04,2025-01,FAC 0003-00040370,FAC,false,C9001,CONSUMIDOR FINAL,Local,CABA,CAF-COLOM-250,CAF-COLOM-250,false,,Colombia Huila 250 g,UN,CAFE,S,1.00,8200.00,0.00,8200.00,3600.00,3600.00,4600.00,0.56,
2025-06-24,2025-06,FAC 0003-00042139,FAC,false,C0138,El Almacen de Constitucion,Mayorista,CABA,CAF-BRAS-1K,CAF-BRAS-1K,false,,Brasil Cerrado 1 kg,UN,CAFE,S,4.00,18954.11,30.00,53071.51,10369.00,41476.00,11595.51,0.22,R. Ibarra
2025-02-18,2025-02,FAC 0003-00040783,FAC,false,C9001,CONSUMIDOR FINAL,Local,CABA,CAF-BLEND-1K,CAF-BLEND-1K,false,,Blend Casa 1 kg,UN,CAFE,S,2.00,18396.00,0.00,36792.00,10016.00,20032.00,16760.00,0.46,
2025-01-17,2025-01,FAC 0003-00040070,FAC,false,C9002,VENTA ONLINE,Ecommerce,,CAF-BLEND-250,CAF-BLEND-250,false,,Blend Casa 250 g,UN,CAFE,S,3.00,5600.00,0.00,16800.00,2560.00,7680.00,9120.00,0.54,
2025-03-09,2025-03,FAC 0003-00040911,FAC,false,C9002,VENTA ONLINE,Ecommerce,,CAF-COLOM-250,CAF-COLOM-250,false,,Colombia Huila 250 g,UN,CAFE,S,3.00,8564.77,0.00,25694.31,3760.00,11280.00,14414.31,0.56,
2025-02-12,2025-02,FAC 0003-00040739,FAC,false,C9001,CONSUMIDOR FINAL,Local,CABA,CAF-BLEND-250,CAF-BLEND-250,false,,Blend Casa 250 g,UN,CAFE,S,2.00,5723.20,0.00,11446.40,2616.00,5232.00,6214.40,0.54,
2025-02-23,2025-02,FAC 0003-00040618,FAC,false,C9002,VENTA ONLINE,Ecommerce,,CAF-COLOM-250,CAF-COLOM-250,false,,Colombia Huila 250 g,UN,CAFE,S,3.00,8380.40,0.00,25141.20,3679.00,11037.00,14104.20,0.56,
2025-05-13,2025-05,FAC 0003-00041891,FAC,false,C9002,VENTA ONLINE,Ecommerce,,CAF-ETIOP-250,CAF-ETIOP-250,false,,Etiopia Yirgacheffe 250 g,UN,CAFE,S,1.00,10363.99,0.00,10363.99,4473.00,4473.00,5890.99,0.57,
2025-04-04,2025-04,FAC 0003-00041464,FAC,false,C9002,VENTA ONLINE,Ecommerce,,CAF-ETIOP-250,CAF-ETIOP-250,false,,Etiopia Yirgacheffe 250 g,UN,CAFE,S,3.00,10140.90,0.00,30422.69,4377.00,13131.00,17291.69,0.57,
2025-01-01,2025-01,FAC 0003-00040377,FAC,false,C9001,CONSUMIDOR FINAL,Local,CABA,CAF-BLEND-1K,CAF-BLEND-1K,false,,Blend Casa 1 kg,UN,CAFE,S,1.00,18000.00,0.00,18000.00,9800.00,9800.00,8200.00,0.46,
2025-04-20,2025-04,FAC 0003-00041420,FAC,false,C9002,VENTA ONLINE,Ecommerce,,CAF-ETIOP-250,CAF-ETIOP-250,false,,Etiopia Yirgacheffe 250 g,UN,CAFE,S,3.00,10140.90,0.00,30422.69,4377.00,13131.00,17291.69,0.57,
2025-02-16,2025-02,FAC 0003-00040826,FAC,false,C9001,CONSUMIDOR FINAL,Local,CABA,CAF-BLEND-1K,CAF-BLEND-1K,false,,Blend Casa 1 kg,UN,CAFE,S,2.00,18396.00,0.00,36792.00,10016.00,20032.00,16760.00,0.46,
2025-04-10,2025-04,FAC 0003-00041455,FAC,false,C9002,VENTA ONLINE,Ecommerce,,CAP-FILTRO-100,CAP-FILTRO-100,false,,Filtros de papel x 100,UN,ACCESORIOS,S,2.00,3415.88,0.00,6831.76,2028.00,4056.00,2775.76,0.41,
2025-01-04,2025-01,FAC 0003-00040213,FAC,false,C9002,VENTA ONLINE,Ecommerce,,CAF-DESCA-250,CAF-DESCA-250,false,,Descafeinado 250 g,UN,CAFE,S,2.00,7400.00,0.00,14800.00,3500.00,7000.00,7800.00,0.53,
2025-02-07,2025-02,FAC 0003-00040756,FAC,false,C9001,CONSUMIDOR FINAL,Local,CABA,CAF-ETIOP-250,CAF-ETIOP-250,false,,Etiopia Yirgacheffe 250 g,UN,CAFE,S,1.00,9709.00,0.00,9709.00,4190.00,4190.00,5519.00,0.57,
2025-06-21,2025-06,FAC 0003-00042312,FAC,false,C9002,VENTA ONLINE,Ecommerce,,CAF-ETIOP-250,CAF-ETIOP-250,false,,Etiopia Yirgacheffe 250 g,UN,CAFE,S,3.00,10592.00,0.00,31776.01,4571.00,13713.00,18063.01,0.57,
2025-01-21,2025-01,FAC 0003-00040143,FAC,false,C9002,VENTA ONLINE,Ecommerce,,CAF-ETIOP-250,CAF-ETIOP-250,false,,Etiopia Yirgacheffe 250 g,UN,CAFE,S,1.00,9500.00,0.00,9500.00,4100.00,4100.00,5400.00,0.57,
2025-01-12,2025-01,FAC 0003-00040133,FAC,false,C9002,VENTA ONLINE,Ecommerce,,CAF-CAPS-10,CAF-CAPS-10,false,,Capsulas compatibles x10,UN,CAFE,S,3.00,6900.00,0.00,20700.00,3300.00,9900.00,10800.00,0.52,
2025-03-28,2025-03,FAC 0003-00040924,FAC,false,C9002,VENTA ONLINE,Ecommerce,,CAP-TAZA,CAP-TAZA,false,,Taza ceramica logo,UN,ACCESORIOS,S,3.00,9295.91,0.00,27887.72,4387.00,13161.00,14726.72,0.53,
2025-04-09,2025-04,FAC 0003-00041353,FAC,false,C9002,VENTA ONLINE,Ecommerce,,CAF-ETIOP-250,CAF-ETIOP-250,false,,Etiopia Yirgacheffe 250 g,UN,CAFE,S,1.00,10140.90,0.00,10140.90,4377.00,4377.00,5763.90,0.57,
2025-06-07,2025-06,FAC 0003-00042404,FAC,false,C9001,CONSUMIDOR FINAL,Local,CABA,CAF-COLOM-250,CAF-COLOM-250,false,,Colombia Huila 250 g,UN,CAFE,S,1.00,9142.57,0.00,9142.57,4014.00,4014.00,5128.57,0.56,
2025-04-07,2025-04,FAC 0003-00041465,FAC,false,C9002,VENTA ONLINE,Ecommerce,,CAF-ETIOP-250,CAF-ETIOP-250,false,,Etiopia Yirgacheffe 250 g,UN,CAFE,S,3.00,10140.90,0.00,30422.69,4377.00,13131.00,17291.69,0.57,
2025-05-02,2025-05,FAC 0003-00041682,FAC,false,C0127,Cafe Parque Chas II,Mayorista,CABA,CAF-BRAS-1K,CAF-BRAS-1K,false,,Brasil Cerrado 1 kg,UN,CAFE,S,4.00,18546.10,32.00,50445.38,10146.00,40584.00,9861.38,0.20,
2025-04-13,2025-04,FAC 0003-00041254,FAC,false,C0108,Coffee Lab Colegiales,Mayorista,CABA,CAP-FILTRO-100,CAP-FILTRO-100,false,,Filtros de papel x 100,UN,ACCESORIOS,S,6.00,3415.88,32.00,13936.79,2028.00,12168.00,1768.79,0.13,R. Ibarra
2025-06-12,2025-06,FAC 0003-00042293,FAC,false,C9002,VENTA ONLINE,Ecommerce,,CAF-CAPS-10,CAF-CAPS-10,false,,Capsulas compatibles x10,UN,CAFE,S,1.00,7693.14,0.00,7693.14,3679.00,3679.00,4014.14,0.52,
2025-06-01,2025-06,FAC 0003-00042161,FAC,false,C9002,VENTA ONLINE,Ecommerce,,CAF-COLOM-250,CAF-COLOM-250,false,,Colombia Huila 250 g,UN,CAFE,S,2.00,9142.57,0.00,18285.14,4014.00,8028.00,10257.14,0.56,
2025-04-01,2025-04,FAC 0003-00041492,FAC,false,C9002,VENTA ONLINE,Ecommerce,,CAF-ETIOP-250,CAF-ETIOP-250,false,,Etiopia Yirgacheffe 250 g,UN,CAFE,S,3.00,10140.90,0.00,30422.69,4377.00,13131.00,17291.69,0.57,
2025-04-14,2025-04,FAC 0003-00041501,FAC,false,C9002,VENTA ONLINE,Ecommerce,,CAF-ETIOP-250,CAF-ETIOP-250,false,,Etiopia Yirgacheffe 250 g,UN,CAFE,S,2.00,10140.90,0.00,20281.79,4377.00,8754.00,11527.79,0.57,
2025-05-09,2025-05,FAC 0003-00041644,FAC,false,C0001,GRANOS DEL SUR S.A.,Distribuidor,Avellaneda,CAF-BLEND-CJ6,CAF-BLEND-CJ6,false,,Blend Casa CAJA X 6 (1kg c/u),CAJA X6,CAFE,S,4.00,111276.58,40.00,267063.78,64148.00,256592.00,10471.78,0.04,M. Paz
2025-05-18,2025-05,FAC 0003-00041711,FAC,false,C9002,VENTA ONLINE,Ecommerce,,CAF-ETIOP-250,CAF-ETIOP-250,false,,Etiopia Yirgacheffe 250 g,UN,CAFE,S,3.00,10363.99,0.00,31091.98,4473.00,13419.00,17672.98,0.57,
2025-02-13,2025-02,FAC 0003-00040613,FAC,false,C9002,VENTA ONLINE,Ecommerce,,CAF-ETIOP-250,CAF-ETIOP-250,false,,Etiopia Yirgacheffe 250 g,UN,CAFE,S,2.00,9709.00,0.00,19418.00,4190.00,8380.00,11038.00,0.57,
2025-01-06,2025-01,FAC 0003-00040236,FAC,false,C9002,VENTA ONLINE,Ecommerce,,CAF-DESCA-250,CAF-DESCA-250,false,,Descafeinado 250 g,UN,CAFE,S,1.00,7400.00,0.00,7400.00,3500.00,3500.00,3900.00,0.53,
2025-03-07,2025-03,FAC 0003-00040885,FAC,false,C0136,Tostado Villa Urquiza,Mayorista,CABA,CAF-BLEND-1K,CAF-BLEND-1K,false,,Blend Casa 1 kg,UN,CAFE,S,6.00,18800.71,35.00,73322.78,10236.00,61416.00,11906.78,0.16,
2025-01-18,2025-01,FAC 0003-00040203,FAC,false,C9002,VENTA ONLINE,Ecommerce,,CAF-ETIOP-250,CAF-ETIOP-250,false,,Etiopia Yirgacheffe 250 g,UN,CAFE,S,1.00,9500.00,0.00,9500.00,4100.00,4100.00,5400.00,0.57,
2025-06-17,2025-06,FAC 0003-00042433,FAC,false,C9001,CONSUMIDOR FINAL,Local,CABA,CAF-COLOM-250,CAF-COLOM-250,false,,Colombia Huila 250 g,UN,CAFE,S,1.00,9142.57,0.00,9142.57,4014.00,4014.00,5128.57,0.56,
2025-05-12,2025-05,FAC 0003-00041649,FAC,false,C0001,GRANOS DEL SUR S.A.,Distribuidor,Avellaneda,CAF-BLEND-CJ6,CAF-BLEND-CJ6,false,,Blend Casa CAJA X 6 (1kg c/u),CAJA X6,CAFE,S,11.00,111276.58,40.00,734425.40,64148.00,705628.00,28797.40,0.04,R. Ibarra
2025-04-25,2025-04,FAC 0003-00041593,FAC,false,C9001,CONSUMIDOR FINAL,Local,CABA,CAF-ETIOP-250,CAF-ETIOP-250,false,,Etiopia Yirgacheffe 250 g,UN,CAFE,S,1.00,10140.90,0.00,10140.90,4377.00,4377.00,5763.90,0.57,
2025-05-07,2025-05,FAC 0003-00041774,FAC,false,C9002,VENTA ONLINE,Ecommerce,,CAF-DESCA-250,CAF-DESCA-250,false,,Descafeinado 250 g,UN,CAFE,S,1.00,8073.01,0.00,8073.01,3818.00,3818.00,4255.01,0.53,
2025-04-25,2025-04,FAC 0003-00041363,FAC,false,C9002,VENTA ONLINE,Ecommerce,,CAF-BLEND-250,CAF-BLEND-250,false,,Blend Casa 250 g,UN,CAFE,S,3.00,5977.79,0.00,17933.37,2733.00,8199.00,9734.37,0.54,
2025-01-21,2025-01,FAC 0003-00040005,FAC,false,C0001,GRANOS DEL SUR S.A.,Distribuidor,Avellaneda,CAF-BRAS-1K,CAF-BRAS-1K,false,,Brasil Cerrado 1 kg,UN,CAFE,S,18.00,17000.00,40.00,183600.00,9300.00,167400.00,16200.00,0.09,
2025-01-12,2025-01,FAC 0003-00040072,FAC,false,C9002,VENTA ONLINE,Ecommerce,,CAF-BRAS-250,CAF-BRAS-250,false,,Brasil Cerrado 250 g,UN,CAFE,S,1.00,5300.00,0.00,5300.00,2430.00,2430.00,2870.00,0.54,
2025-02-06,2025-02,FAC 0003-00040437,FAC,false,C0112,La Ventanita de Recoleta,Mayorista,CABA,CAP-FILTRO-100,CAP-FILTRO-100,false,,Filtros de papel x 100,UN,ACCESORIOS,S,6.00,3270.40,35.00,12754.56,1942.00,11652.00,1102.56,0.09,
2025-02-23,2025-02,FAC 0003-00040513,FAC,false,C9002,VENTA ONLINE,Ecommerce,,CAF-BLEND-250,CAF-BLEND-250,false,,Blend Casa 250 g,UN,CAFE,S,1.00,5723.20,0.00,5723.20,2616.00,2616.00,3107.20,0.54,
2025-01-11,2025-01,NC 0003-00001208,NC,true,C0118,Bar Saavedra,Mayorista,CABA,CAF-BRAS-1K,CAF-BRAS-1K,false,,Brasil Cerrado 1 kg,UN,CAFE,S,-1.00,17000.00,32.00,-11560.00,9300.00,-9300.00,-2260.00,,
2025-06-03,2025-06,FAC 0003-00042145,FAC,false,C9002,VENTA ONLINE,Ecommerce,,CAF-COLOM-250,CAF-COLOM-250,false,,Colombia Huila 250 g,UN,CAFE,S,3.00,9142.57,0.00,27427.71,4014.00,12042.00,15385.71,0.56,
2025-01-11,2025-01,FAC 0003-00040287,FAC,false,C9001,CONSUMIDOR FINAL,Local,CABA,CAF-BLEND-250,CAF-BLEND-250,false,,Blend Casa 250 g,UN,CAFE,S,2.00,5600.00,0.00,11200.00,2560.00,5120.00,6080.00,0.54,
2025-03-02,2025-03,FAC 0003-00041193,FAC,false,C9001,CONSUMIDOR FINAL,Local,CABA,CAF-ETIOP-250,CAF-ETIOP-250,false,,Etiopia Yirgacheffe 250 g,UN,CAFE,S,1.00,9922.60,0.00,9922.60,4282.00,4282.00,5640.60,0.57,
2025-03-24,2025-03,FAC 0003-00041075,FAC,false,C9002,VENTA ONLINE,Ecommerce,,CAF-ETIOP-250,CAF-ETIOP-250,false,,Etiopia Yirgacheffe 250 g,UN,CAFE,S,3.00,9922.60,0.00,29767.79,4282.00,12846.00,16921.79,0.57,
2025-01-19,2025-01,FAC 0003-00040044,FAC,false,C0130,Usina Coghlan,Mayorista,CABA,CAP-FILTRO-100,CAP-FILTRO-100,false,,Filtros de papel x 100,UN,ACCESORIOS,S,5.00,3200.00,30.00,11200.00,1900.00,9500.00,1700.00,0.15,R. Ibarra
2025-06-03,2025-06,FAC 0003-00042380,FAC,false,C9002,VENTA ONLINE,Ecommerce,,CAF-ETIOP-250,CAF-ETIOP-250,false,,Etiopia Yirgacheffe 250 g,UN,CAFE,S,2.00,10592.00,0.00,21184.01,4571.00,9142.00,12042.01,0.57,
2025-02-21,2025-02,FAC 0003-00040523,FAC,false,C9002,VENTA ONLINE,Ecommerce,,CAF-ETIOP-250,CAF-ETIOP-250,false,,Etiopia Yirgacheffe 250 g,UN,CAFE,S,1.00,9709.00,0.00,9709.00,4190.00,4190.00,5519.00,0.57,
2025-05-10,2025-05,FAC 0003-00041896,FAC,false,C9002,VENTA ONLINE,Ecommerce,,CAF-BRAS-250,CAF-BRAS-250,false,,Brasil Cerrado 250 g,UN,CAFE,S,1.00,5782.02,0.00,5782.02,2651.00,2651.00,3131.02,0.54,
2025-02-26,2025-02,FAC 0003-00040790,FAC,false,C9001,CONSUMIDOR FINAL,Local,CABA,CAF-BLEND-250,CAF-BLEND-250,false,,Blend Casa 250 g,UN,CAFE,S,1.00,5723.20,0.00,5723.20,2616.00,2616.00,3107.20,0.54,
2025-02-01,2025-02,FAC 0003-00040556,FAC,false,C9002,VENTA ONLINE,Ecommerce,,CAF-COLOM-250,CAF-COLOM-250,false,,Colombia Huila 250 g,UN,CAFE,S,3.00,8380.40,0.00,25141.20,3679.00,11037.00,14104.20,0.56,
2025-06-26,2025-06,FAC 0003-00042283,FAC,false,C9002,VENTA ONLINE,Ecommerce,,CAF-COLOM-250,CAF-COLOM-250,false,,Colombia Huila 250 g,UN,CAFE,S,2.00,9142.57,0.00,18285.14,4014.00,8028.00,10257.14,0.56,
2025-05-27,2025-05,FAC 0003-00041730,FAC,false,C9002,VENTA ONLINE,Ecommerce,,CAP-TAZA,CAP-TAZA,false,,Taza ceramica logo,UN,ACCESORIOS,S,3.00,9709.43,0.00,29128.28,4582.00,13746.00,15382.28,0.53,
2025-01-01,2025-01,FAC 0003-00040037,FAC,false,C0124,Coffee Lab Flores,Mayorista,CABA,CAF-BLEND-1K,CAF-BLEND-1K,false,,Blend Casa 1 kg,UN,CAFE,S,3.00,18000.00,35.00,35100.00,9800.00,29400.00,5700.00,0.16,
2025-01-15,2025-01,FAC 0003-00040101,FAC,false,C9002,VENTA ONLINE,Ecommerce,,CAF-ETIOP-250,CAF-ETIOP-250,false,,Etiopia Yirgacheffe 250 g,UN,CAFE,S,1.00,9500.00,0.00,9500.00,4100.00,4100.00,5400.00,0.57,
2025-02-27,2025-02,NC 0003-00001211,NC,true,C0001,GRANOS DEL SUR S.A.,Distribuidor,Avellaneda,CAF-BLEND-1K,CAF-BLEND-1K,false,,Blend Casa 1 kg,UN,CAFE,S,-12.00,18396.00,40.00,-132451.20,10016.00,-120192.00,-12259.20,,
2025-02-20,2025-02,FAC 0003-00040724,FAC,false,C9001,CONSUMIDOR FINAL,Local,CABA,CAF-ETIOP-250,CAF-ETIOP-250,false,,Etiopia Yirgacheffe 250 g,UN,CAFE,S,2.00,9709.00,0.00,19418.00,4190.00,8380.00,11038.00,0.57,
2025-04-05,2025-04,FAC 0003-00041454,FAC,false,C9002,VENTA ONLINE,Ecommerce,,CAF-COLOM-250,CAF-COLOM-250,false,,Colombia Huila 250 g,UN,CAFE,S,1.00,8753.19,0.00,8753.19,3843.00,3843.00,4910.19,0.56,
2025-01-09,2025-01,FAC 0003-00040176,FAC,false,C9002,VENTA ONLINE,Ecommerce,,CAF-CAPS-10,CAF-CAPS-10,false,,Capsulas compatibles x10,UN,CAFE,S,2.00,6900.00,0.00,13800.00,3300.00,6600.00,7200.00,0.52,
2025-03-13,2025-03,FAC 0003-00040856,FAC,false,C0110,Panaderia Devoto,Mayorista,CABA,CAF-BLEND-1K,CAF-BLEND-1K,false,,Blend Casa 1 kg,UN,CAFE,S,3.00,18800.71,35.00,36661.39,10236.00,30708.00,5953.39,0.16,R. Ibarra
2025-04-09,2025-04,FAC 0003-00041500,FAC,false,C9002,VENTA ONLINE,Ecommerce,,CAF-BRAS-250,CAF-BRAS-250,false,,Brasil Cerrado 250 g,UN,CAFE,S,1.00,5657.55,0.00,5657.55,2594.00,2594.00,3063.55,0.54,
2025-03-04,2025-03,FAC 0003-00041093,FAC,false,C9002,VENTA ONLINE,Ecommerce,,CAF-BRAS-250,CAF-BRAS-250,false,,Brasil Cerrado 250 g,UN,CAFE,S,1.00,5535.77,0.00,5535.77,2538.00,2538.00,2997.77,0.54,
2025-03-07,2025-03,FAC 0003-00041165,FAC,false,C9001,CONSUMIDOR FINAL,Local,CABA,CAF-BLEND-1K,CAF-BLEND-1K,false,,Blend Casa 1 kg,UN,CAFE,S,1.00,18800.71,0.00,18800.71,10236.00,10236.00,8564.71,0.46,
2025-02-13,2025-02,FAC 0003-00040753,FAC,false,C9001,CONSUMIDOR FINAL,Local,CABA,CAF-BLEND-250,CAF-BLEND-250,false,,Blend Casa 250 g,UN,CAFE,S,1.00,5723.20,0.00,5723.20,2616.00,2616.00,3107.20,0.54,
2025-05-26,2025-05,FAC 0003-00041968,FAC,false,C9001,CONSUMIDOR FINAL,Local,CABA,CAF-BLEND-250,CAF-BLEND-250,false,,Blend Casa 250 g,UN,CAFE,S,1.00,6109.30,0.00,6109.30,2793.00,2793.00,3316.30,0.54,
2025-01-12,2025-01,FAC 0003-00040133,FAC,false,C9002,VENTA ONLINE,Ecommerce,,CAF-COLOM-250,CAF-COLOM-250,false,,Colombia Huila 250 g,UN,CAFE,S,2.00,8200.00,0.00,16400.00,3600.00,7200.00,9200.00,0.56,
2025-06-01,2025-06,FAC 0003-00042103,FAC,false,C0110,Panaderia Devoto,Mayorista,CABA,CAF-BLEND-1K,CAF-BLEND-1K,false,,Blend Casa 1 kg,UN,CAFE,S,4.00,20069.06,35.00,52179.55,10926.00,43704.00,8475.55,0.16,M. Paz
2025-02-28,2025-02,NC 0003-00001216,NC,true,C0102,Bar Belgrano,Mayorista,CABA,CAF-BRAS-1K,CAF-BRAS-1K,false,,Brasil Cerrado 1 kg,UN,CAFE,S,-5.00,17374.00,35.00,-56465.50,9505.00,-47525.00,-8940.50,,
2025-02-25,2025-02,FAC 0003-00040611,FAC,false,C9002,VENTA ONLINE,Ecommerce,,CAF-BRAS-250,CAF-BRAS-250,false,,Brasil Cerrado 250 g,UN,CAFE,S,1.00,5416.60,0.00,5416.60,2483.00,2483.00,2933.60,0.54,
2025-06-18,2025-06,FAC 0003-00042427,FAC,false,C9001,CONSUMIDOR FINAL,Local,CABA,CAP-FILTRO-100,CAP-FILTRO-100,false,,Filtros de papel x 100,UN,ACCESORIOS,S,1.00,3567.83,0.00,3567.83,2118.00,2118.00,1449.83,0.41,
2025-05-12,2025-05,FAC 0003-00041892,FAC,false,C9002,VENTA ONLINE,Ecommerce,,CAF-CAPS-10,CAF-CAPS-10,false,,Capsulas compatibles x10,UN,CAFE,S,3.00,7527.53,0.00,22582.60,3600.00,10800.00,11782.60,0.52,
2025-03-17,2025-03,FAC 0003-00041158,FAC,false,C9001,CONSUMIDOR FINAL,Local,CABA,CAF-BLEND-1K,CAF-BLEND-1K,false,,Blend Casa 1 kg,UN,CAFE,S,2.00,18800.71,0.00,37601.42,10236.00,20472.00,17129.42,0.46,
2025-05-02,2025-05,FAC 0003-00042030,FAC,false,C9001,CONSUMIDOR FINAL,Local,CABA,CAF-BLEND-250,CAF-BLEND-250,false,,Blend Casa 250 g,UN,CAFE,S,2.00,6109.30,0.00,12218.60,2793.00,5586.00,6632.60,0.54,
2025-05-14,2025-05,FAC 0003-00041870,FAC,false,C9002,VENTA ONLINE,Ecommerce,,CAF-BLEND-250,CAF-BLEND-250,false,,Blend Casa 250 g,UN,CAFE,S,1.00,6109.30,0.00,6109.30,2793.00,2793.00,3316.30,0.54,
2025-05-18,2025-05,FAC 0003-00041741,FAC,false,C9002,VENTA ONLINE,Ecommerce,,CAP-FILTRO-100,CAP-FILTRO-100,false,,Filtros de papel x 100,UN,ACCESORIOS,S,3.00,3491.03,0.00,10473.09,2073.00,6219.00,4254.09,0.41,
2025-02-16,2025-02,FAC 0003-00040626,FAC,false,C9002,VENTA ONLINE,Ecommerce,,CAF-DESCA-250,CAF-DESCA-250,false,,Descafeinado 250 g,UN,CAFE,S,1.00,7562.80,0.00,7562.80,3577.00,3577.00,3985.80,0.53,
2025-06-20,2025-06,FAC 0003-00042417,FAC,false,C9001,CONSUMIDOR FINAL,Local,CABA,CAF-ETIOP-250,CAF-ETIOP-250,false,,Etiopia Yirgacheffe 250 g,UN,CAFE,S,1.00,10592.00,0.00,10592.00,4571.00,4571.00,6021.00,0.57,
2025-05-28,2025-05,FAC 0003-00041797,FAC,false,C9002,VENTA ONLINE,Ecommerce,,CAF-COLOM-250,CAF-COLOM-250,false,,Colombia Huila 250 g,UN,CAFE,S,2.00,8945.76,0.00,17891.53,3927.00,7854.00,10037.53,0.56,
2025-06-01,2025-06,FAC 0003-00042090,FAC,false,C0101,El Almacen de Palermo II,Mayorista,CABA,CAF-BRAS-1K,CAF-BRAS-1K,false,,Brasil Cerrado 1 kg,UN,CAFE,S,8.00,18954.11,35.00,98561.37,10369.00,82952.00,15609.37,0.16,
2025-04-01,2025-04,FAC 0003-00041567,FAC,false,C9001,CONSUMIDOR FINAL,Local,CABA,CAF-BLEND-1K,CAF-BLEND-1K,false,,Blend Casa 1 kg,UN,CAFE,S,2.00,19214.33,0.00,38428.66,10461.00,20922.00,17506.66,0.46,
2025-01-08,2025-01,FAC 0003-00040019,FAC,false,C0107,La Ventanita de Nunez II,Mayorista,CABA,CAF-BRAS-1K,CAF-BRAS-1K,false,,Brasil Cerrado 1 kg,UN,CAFE,S,6.00,17000.00,35.00,66300.00,9300.00,55800.00,10500.00,0.16,M. Paz
2025-01-25,2025-01,FAC 0003-00040273,FAC,false,C9001,CONSUMIDOR FINAL,Local,CABA,CAF-ETIOP-250,CAF-ETIOP-250,false,,Etiopia Yirgacheffe 250 g,UN,CAFE,S,1.00,9500.00,0.00,9500.00,4100.00,4100.00,5400.00,0.57,
2025-01-10,2025-01,FAC 0003-00040256,FAC,false,C9002,VENTA ONLINE,Ecommerce,,CAP-FILTRO-100,CAP-FILTRO-100,false,,Filtros de papel x 100,UN,ACCESORIOS,S,1.00,3200.00,0.00,3200.00,1900.00,1900.00,1300.00,0.41,
2025-03-16,2025-03,FAC 0003-00041001,FAC,false,C9002,VENTA ONLINE,Ecommerce,,CAF-BLEND-250,CAF-BLEND-250,false,,Blend Casa 250 g,UN,CAFE,S,3.00,5849.11,0.00,17547.33,2674.00,8022.00,9525.33,0.54,
2025-05-18,2025-05,FAC 0003-00041696,FAC,false,C0138,El Almacen de Constitucion,Mayorista,CABA,CAF-BLEND-1K,CAF-BLEND-1K,false,,Blend Casa 1 kg,UN,CAFE,S,8.00,19637.04,30.00,109967.44,10691.00,85528.00,24439.44,0.22,
2025-03-16,2025-03,FAC 0003-00040918,FAC,false,C9002,VENTA ONLINE,Ecommerce,,CAF-CAPS-10,CAF-CAPS-10,false,,Capsulas compatibles x10,UN,CAFE,S,3.00,7206.94,0.00,21620.82,3447.00,10341.00,11279.82,0.52,
2025-03-07,2025-03,FAC 0003-00041067,FAC,false,C9002,VENTA ONLINE,Ecommerce,,CAF-COLOM-250,CAF-COLOM-250,false,,Colombia Huila 250 g,UN,CAFE,S,3.00,8564.77,0.00,25694.31,3760.00,11280.00,14414.31,0.56,
2025-03-08,2025-03,FAC 0003-00041096,FAC,false,C9002,VENTA ONLINE,Ecommerce,,CAF-ETIOP-250,CAF-ETIOP-250,false,,Etiopia Yirgacheffe 250 g,UN,CAFE,S,1.00,9922.60,0.00,9922.60,4282.00,4282.00,5640.60,0.57,
2025-05-04,2025-05,FAC 0003-00041858,FAC,false,C9002,VENTA ONLINE,Ecommerce,,CAP-FILTRO-100,CAP-FILTRO-100,false,,Filtros de papel x 100,UN,ACCESORIOS,S,3.00,3491.03,0.00,10473.09,2073.00,6219.00,4254.09,0.41,
2025-01-08,2025-01,FAC 0003-00040032,FAC,false,C0120,Tostado Chacarita,Mayorista,CABA,CAF-BLEND-1K,CAF-BLEND-1K,false,,Blend Casa 1 kg,UN,CAFE,S,10.00,18000.00,32.00,122400.00,9800.00,98000.00,24400.00,0.20,M. Paz
2025-01-01,2025-01,FAC 0003-00040404,FAC,false,C9001,CONSUMIDOR FINAL,Local,CABA,CAF-COLOM-250,CAF-COLOM-250,false,,Colombia Huila 250 g,UN,CAFE,S,2.00,8200.00,0.00,16400.00,3600.00,7200.00,9200.00,0.56,
2025-01-14,2025-01,FAC 0003-00040322,FAC,false,C9001,CONSUMIDOR FINAL,Local,CABA,CAF-COLOM-250,CAF-COLOM-250,false,,Colombia Huila 250 g,UN,CAFE,S,1.00,8200.00,0.00,8200.00,3600.00,3600.00,4600.00,0.56,
2025-02-08,2025-02,FAC 0003-00040633,FAC,false,C9002,VENTA ONLINE,Ecommerce,,CAP-TAZA,CAP-TAZA,false,,Taza ceramica logo,UN,ACCESORIOS,S,2.00,9095.80,0.00,18191.60,4292.00,8584.00,9607.60,0.53,
2025-06-25,2025-06,FAC 0003-00042174,FAC,false,C9002,VENTA ONLINE,Ecommerce,,CAP-TAZA,CAP-TAZA,false,,Taza ceramica logo,UN,ACCESORIOS,S,1.00,9923.03,0.00,9923.03,4683.00,4683.00,5240.03,0.53,
2025-05-24,2025-05,FAC 0003-00041935,FAC,false,C9002,VENTA ONLINE,Ecommerce,,CAF-BRAS-250,CAF-BRAS-250,false,,Brasil Cerrado 250 g,UN,CAFE,S,1.00,5782.02,0.00,5782.02,2651.00,2651.00,3131.02,0.54,
2025-01-08,2025-01,FAC 0003-00040346,FAC,false,C9001,CONSUMIDOR FINAL,Local,CABA,CAF-ETIOP-250,CAF-ETIOP-250,false,,Etiopia Yirgacheffe 250 g,UN,CAFE,S,1.00,9500.00,0.00,9500.00,4100.00,4100.00,5400.00,0.57,
2025-04-07,2025-04,FAC 0003-00041504,FAC,false,C9002,VENTA ONLINE,Ecommerce,,CAF-BLEND-250,CAF-BLEND-250,false,,Blend Casa 250 g,UN,CAFE,S,1.00,5977.79,0.00,5977.79,2733.00,2733.00,3244.79,0.54,
2025-03-02,2025-03,FAC 0003-00041106,FAC,false,C9002,VENTA ONLINE,Ecommerce,,CAF-BLEND-250,CAF-BLEND-250,false,,Blend Casa 250 g,UN,CAFE,S,1.00,5849.11,0.00,5849.11,2674.00,2674.00,3175.11,0.54,
2025-03-17,2025-03,FAC 0003-00040849,FAC,false,C0103,Coffee Lab Belgrano II,Mayorista,CABA,CAP-FILTRO-100,CAP-FILTRO-100,false,,Filtros de papel x 100,UN,ACCESORIOS,S,4.00,3342.35,35.00,8690.11,1985.00,7940.00,750.11,0.09,M. Paz
2025-01-14,2025-01,FAC 0003-00040254,FAC,false,C9002,VENTA ONLINE,Ecommerce,,CAF-CAPS-10,CAF-CAPS-10,false,,Capsulas compatibles x10,UN,CAFE,S,3.00,6900.00,0.00,20700.00,3300.00,9900.00,10800.00,0.52,
2025-01-03,2025-01,FAC 0003-00040004,FAC,false,C0001,GRANOS DEL SUR S.A.,Distribuidor,Avellaneda,CAF-BLEND-1K,CAF-BLEND-1K,false,,Blend Casa 1 kg,UN,CAFE,S,60.00,18000.00,40.00,648000.00,9800.00,588000.00,60000.00,0.09,R. Ibarra
2025-01-03,2025-01,FAC 0003-00040004,FAC,false,C0001,GRANOS DEL SUR S.A.,Distribuidor,Avellaneda,CAF-BLEND-CJ6,CAF-BLEND-CJ6,false,,Blend Casa CAJA X 6 (1kg c/u),CAJA X6,CAFE,S,12.00,102000.00,40.00,734400.00,58800.00,705600.00,28800.00,0.04,R. Ibarra
2025-02-23,2025-02,FAC 0003-00040679,FAC,false,C9002,VENTA ONLINE,Ecommerce,,CAF-ETIOP-250,CAF-ETIOP-250,false,,Etiopia Yirgacheffe 250 g,UN,CAFE,S,2.00,9709.00,0.00,19418.00,4190.00,8380.00,11038.00,0.57,
2025-02-20,2025-02,FAC 0003-00040545,FAC,false,C9002,VENTA ONLINE,Ecommerce,,CAF-ETIOP-250,CAF-ETIOP-250,false,,Etiopia Yirgacheffe 250 g,UN,CAFE,S,3.00,9709.00,0.00,29127.00,4190.00,12570.00,16557.00,0.57,
2025-06-12,2025-06,FAC 0003-00042232,FAC,false,C9002,VENTA ONLINE,Ecommerce,,CAF-ETIOP-250,CAF-ETIOP-250,false,,Etiopia Yirgacheffe 250 g,UN,CAFE,S,3.00,10592.00,0.00,31776.01,4571.00,13713.00,18063.01,0.57,
2025-05-07,2025-05,FAC 0003-00041966,FAC,false,C9001,CONSUMIDOR FINAL,Local,CABA,CAF-BLEND-250,CAF-BLEND-250,false,,Blend Casa 250 g,UN,CAFE,S,1.00,6109.30,0.00,6109.30,2793.00,2793.00,3316.30,0.54,
2025-03-22,2025-03,FAC 0003-00041069,FAC,false,C9002,VENTA ONLINE,Ecommerce,,CAF-COLOM-250,CAF-COLOM-250,false,,Colombia Huila 250 g,UN,CAFE,S,2.00,8564.77,0.00,17129.54,3760.00,7520.00,9609.54,0.56,
2025-01-26,2025-01,FAC 0003-00040051,FAC,false,C0138,El Almacen de Constitucion,Mayorista,CABA,CAP-FILTRO-100,CAP-FILTRO-100,false,,Filtros de papel x 100,UN,ACCESORIOS,S,4.00,3200.00,30.00,8960.00,1900.00,7600.00,1360.00,0.15,M. Paz
2025-03-07,2025-03,FAC 0003-00041119,FAC,false,C9001,CONSUMIDOR FINAL,Local,CABA,CAF-BLEND-1K,CAF-BLEND-1K,false,,Blend Casa 1 kg,UN,CAFE,S,1.00,18800.71,0.00,18800.71,10236.00,10236.00,8564.71,0.46,
2025-06-18,2025-06,FAC 0003-00042220,FAC,false,C9002,VENTA ONLINE,Ecommerce,,CAF-BRAS-250,CAF-BRAS-250,false,,Brasil Cerrado 250 g,UN,CAFE,S,1.00,5909.22,0.00,5909.22,2709.00,2709.00,3200.22,0.54,
2025-05-19,2025-05,FAC 0003-00042012,FAC,false,C9001,CONSUMIDOR FINAL,Local,CABA,CAF-ETIOP-250,CAF-ETIOP-250,false,,Etiopia Yirgacheffe 250 g,UN,CAFE,S,2.00,10363.99,0.00,20727.99,4473.00,8946.00,11781.99,0.57,
2025-04-01,2025-04,FAC 0003-00041286,FAC,false,C0139,La Ventanita de Constitucion II,Mayorista,CABA,CAF-BLEND-1K,CAF-BLEND-1K,false,,Blend Casa 1 kg,UN,CAFE,S,4.00,19214.33,30.00,53800.12,10461.00,41844.00,11956.12,0.22,
2025-02-10,2025-02,FAC 0003-00040660,FAC,false,C9002,VENTA ONLINE,Ecommerce,,CAF-ETIOP-250,CAF-ETIOP-250,false,,Etiopia Yirgacheffe 250 g,UN,CAFE,S,2.00,9709.00,0.00,19418.00,4190.00,8380.00,11038.00,0.57,
2025-01-18,2025-01,FAC 0003-00040203,FAC,false,C9002,VENTA ONLINE,Ecommerce,,CAP-TAZA,CAP-TAZA,false,,Taza ceramica logo,UN,ACCESORIOS,S,3.00,8900.00,0.00,26700.00,4200.00,12600.00,14100.00,0.53,
2025-02-01,2025-02,FAC 0003-00040582,FAC,false,C9002,VENTA ONLINE,Ecommerce,,CAF-BLEND-250,CAF-BLEND-250,false,,Blend Casa 250 g,UN,CAFE,S,1.00,5723.20,0.00,5723.20,2616.00,2616.00,3107.20,0.54,
2025-03-03,2025-03,FAC 0003-00041030,FAC,false,C9002,VENTA ONLINE,Ecommerce,,CAF-ETIOP-250,CAF-ETIOP-250,false,,Etiopia Yirgacheffe 250 g,UN,CAFE,S,1.00,9922.60,0.00,9922.60,4282.00,4282.00,5640.60,0.57,
2025-06-19,2025-06,FAC 0003-00042449,FAC,false,C9001,CONSUMIDOR FINAL,Local,CABA,CAF-BLEND-1K,CAF-BLEND-1K,false,,Blend Casa 1 kg,UN,CAFE,S,1.00,20069.06,0.00,20069.06,10926.00,10926.00,9143.06,0.46,
2025-04-14,2025-04,FAC 0003-00041620,FAC,false,C9001,CONSUMIDOR FINAL,Local,CABA,CAF-ETIOP-250,CAF-ETIOP-250,false,,Etiopia Yirgacheffe 250 g,UN,CAFE,S,2.00,10140.90,0.00,20281.79,4377.00,8754.00,11527.79,0.57,
2025-03-18,2025-03,FAC 0003-00040923,FAC,false,C9002,VENTA ONLINE,Ecommerce,,CAF-BRAS-250,CAF-BRAS-250,false,,Brasil Cerrado 250 g,UN,CAFE,S,3.00,5535.77,0.00,16607.30,2538.00,7614.00,8993.30,0.54,
2025-05-23,2025-05,FAC 0003-00042068,FAC,false,C9001,CONSUMIDOR FINAL,Local,CABA,CAP-FILTRO-100,CAP-FILTRO-100,false,,Filtros de papel x 100,UN,ACCESORIOS,S,1.00,3491.03,0.00,3491.03,2073.00,2073.00,1418.03,0.41,
2025-03-25,2025-03,FAC 0003-00041050,FAC,false,C9002,VENTA ONLINE,Ecommerce,,CAF-COLOM-250,CAF-COLOM-250,false,,Colombia Huila 250 g,UN,CAFE,S,1.00,8564.77,0.00,8564.77,3760.00,3760.00,4804.77,0.56,
2025-02-06,2025-02,FAC 0003-00040657,FAC,false,C9002,VENTA ONLINE,Ecommerce,,CAF-BRAS-250,CAF-BRAS-250,false,,Brasil Cerrado 250 g,UN,CAFE,S,2.00,5416.60,0.00,10833.20,2483.00,4966.00,5867.20,0.54,
2025-04-17,2025-04,FAC 0003-00041603,FAC,false,C9001,CONSUMIDOR FINAL,Local,CABA,CAF-COLOM-250,CAF-COLOM-250,false,,Colombia Huila 250 g,UN,CAFE,S,2.00,8753.19,0.00,17506.39,3843.00,7686.00,9820.39,0.56,
2025-02-15,2025-02,FAC 0003-00040452,FAC,false,C0124,Coffee Lab Flores,Mayorista,CABA,CAF-BLEND-1K,CAF-BLEND-1K,false,,Blend Casa 1 kg,UN,CAFE,S,10.00,18396.00,35.00,119574.00,10016.00,100160.00,19414.00,0.16,R. Ibarra
2025-05-07,2025-05,FAC 0003-00042016,FAC,false,C9001,CONSUMIDOR FINAL,Local,CABA,CAF-COLOM-250,CAF-COLOM-250,false,,Colombia Huila 250 g,UN,CAFE,S,1.00,8945.76,0.00,8945.76,3927.00,3927.00,5018.76,0.56,
2025-06-16,2025-06,FAC 0003-00042310,FAC,false,C9002,VENTA ONLINE,Ecommerce,,CAF-COLOM-250,CAF-COLOM-250,false,,Colombia Huila 250 g,UN,CAFE,S,2.00,9142.57,0.00,18285.14,4014.00,8028.00,10257.14,0.56,
2025-02-03,2025-02,FAC 0003-00040566,FAC,false,C9002,VENTA ONLINE,Ecommerce,,CAF-COLOM-250,CAF-COLOM-250,false,,Colombia Huila 250 g,UN,CAFE,S,2.00,8380.40,0.00,16760.80,3679.00,7358.00,9402.80,0.56,
2025-01-18,2025-01,FAC 0003-00040239,FAC,false,C9002,VENTA ONLINE,Ecommerce,,CAF-DESCA-250,CAF-DESCA-250,false,,Descafeinado 250 g,UN,CAFE,S,1.00,7400.00,0.00,7400.00,3500.00,3500.00,3900.00,0.53,
2025-06-04,2025-06,FAC 0003-00042338,FAC,false,C9002,VENTA ONLINE,Ecommerce,,CAF-ETIOP-250,CAF-ETIOP-250,false,,Etiopia Yirgacheffe 250 g,UN,CAFE,S,1.00,10592.00,0.00,10592.00,4571.00,4571.00,6021.00,0.57,
2025-01-10,2025-01,FAC 0003-00040086,FAC,false,C9002,VENTA ONLINE,Ecommerce,,CAF-ETIOP-250,CAF-ETIOP-250,false,,Etiopia Yirgacheffe 250 g,UN,CAFE,S,2.00,9500.00,0.00,19000.00,4100.00,8200.00,10800.00,0.57,
2025-06-26,2025-06,FAC 0003-00042327,FAC,false,C9002,VENTA ONLINE,Ecommerce,,CAF-ETIOP-250,CAF-ETIOP-250,false,,Etiopia Yirgacheffe 250 g,UN,CAFE,S,1.00,10592.00,0.00,10592.00,4571.00,4571.00,6021.00,0.57,
2025-05-26,2025-05,FAC 0003-00041817,FAC,false,C9002,VENTA ONLINE,Ecommerce,,CAF-BLEND-250,CAF-BLEND-250,false,,Blend Casa 250 g,UN,CAFE,S,2.00,6109.30,0.00,12218.60,2793.00,5586.00,6632.60,0.54,
2025-05-21,2025-05,FAC 0003-00041962,FAC,false,C9001,CONSUMIDOR FINAL,Local,CABA,CAP-FILTRO-100,CAP-FILTRO-100,false,,Filtros de papel x 100,UN,ACCESORIOS,S,2.00,3491.03,0.00,6982.06,2073.00,4146.00,2836.06,0.41,
2025-06-07,2025-06,FAC 0003-00042321,FAC,false,C9002,VENTA ONLINE,Ecommerce,,CAF-COLOM-250,CAF-COLOM-250,false,,Colombia Huila 250 g,UN,CAFE,S,2.00,9142.57,0.00,18285.14,4014.00,8028.00,10257.14,0.56,
2025-01-06,2025-01,FAC 0003-00040175,FAC,false,C9002,VENTA ONLINE,Ecommerce,,CAF-COLOM-250,CAF-COLOM-250,false,,Colombia Huila 250 g,UN,CAFE,S,3.00,8200.00,0.00,24600.00,3600.00,10800.00,13800.00,0.56,
2025-01-15,2025-01,FAC 0003-00040406,FAC,false,C9001,CONSUMIDOR FINAL,Local,CABA,CAF-COLOM-250,CAF-COLOM-250,false,,Colombia Huila 250 g,UN,CAFE,S,1.00,8200.00,0.00,8200.00,3600.00,3600.00,4600.00,0.56,
2025-03-19,2025-03,FAC 0003-00040869,FAC,false,C0124,Coffee Lab Flores,Mayorista,CABA,CAP-FILTRO-100,CAP-FILTRO-100,false,,Filtros de papel x 100,UN,ACCESORIOS,S,4.00,3342.35,35.00,8690.11,1985.00,7940.00,750.11,0.09,M. Paz
2025-03-26,2025-03,FAC 0003-00040838,FAC,false,C0001,GRANOS DEL SUR S.A.,Distribuidor,Avellaneda,CAF-BLEND-CJ6,CAF-BLEND-CJ6,false,,Blend Casa CAJA X 6 (1kg c/u),CAJA X6,CAFE,S,4.00,106537.37,40.00,255689.68,61416.00,245664.00,10025.68,0.04,
2025-02-26,2025-02,FAC 0003-00040770,FAC,false,C9001,CONSUMIDOR FINAL,Local,CABA,CAF-BLEND-1K,CAF-BLEND-1K,false,,Blend Casa 1 kg,UN,CAFE,S,2.00,18396.00,0.00,36792.00,10016.00,20032.00,16760.00,0.46,
2025-05-25,2025-05,FAC 0003-00041895,FAC,false,C9002,VENTA ONLINE,Ecommerce,,CAP-TAZA,CAP-TAZA,false,,Taza ceramica logo,UN,ACCESORIOS,S,3.00,9709.43,0.00,29128.28,4582.00,13746.00,15382.28,0.53,
2025-02-17,2025-02,FAC 0003-00040634,FAC,false,C9002,VENTA ONLINE,Ecommerce,,CAF-BLEND-250,CAF-BLEND-250,false,,Blend Casa 250 g,UN,CAFE,S,2.00,5723.20,0.00,11446.40,2616.00,5232.00,6214.40,0.54,
2025-01-11,2025-01,FAC 0003-00040342,FAC,false,C9001,CONSUMIDOR FINAL,Local,CABA,CAF-BLEND-1K,CAF-BLEND-1K,false,,Blend Casa 1 kg,UN,CAFE,S,1.00,18000.00,0.00,18000.00,9800.00,9800.00,8200.00,0.46,
2025-05-11,2025-05,FAC 0003-00041829,FAC,false,C9002,VENTA ONLINE,Ecommerce,,CAF-ETIOP-250,CAF-ETIOP-250,false,,Etiopia Yirgacheffe 250 g,UN,CAFE,S,2.00,10363.99,0.00,20727.99,4473.00,8946.00,11781.99,0.57,
2025-02-16,2025-02,FAC 0003-00040531,FAC,false,C9002,VENTA ONLINE,Ecommerce,,CAF-COLOM-250,CAF-COLOM-250,false,,Colombia Huila 250 g,UN,CAFE,S,2.00,8380.40,0.00,16760.80,3679.00,7358.00,9402.80,0.56,
2025-05-20,2025-05,FAC 0003-00041779,FAC,false,C9002,VENTA ONLINE,Ecommerce,,CAF-CAPS-10,CAF-CAPS-10,false,,Capsulas compatibles x10,UN,CAFE,S,3.00,7527.53,0.00,22582.60,3600.00,10800.00,11782.60,0.52,
2025-06-15,2025-06,FAC 0003-00042354,FAC,false,C9002,VENTA ONLINE,Ecommerce,,CAF-COLOM-250,CAF-COLOM-250,false,,Colombia Huila 250 g,UN,CAFE,S,2.00,9142.57,0.00,18285.14,4014.00,8028.00,10257.14,0.56,
2025-01-17,2025-01,FAC 0003-00040015,FAC,false,C0104,Tostado Villa Crespo,Mayorista,CABA,CAF-BLEND-1K,CAF-BLEND-1K,false,,Blend Casa 1 kg,UN,CAFE,S,8.00,18000.00,35.00,93600.00,9800.00,78400.00,15200.00,0.16,M. Paz
2025-03-13,2025-03,FAC 0003-00041104,FAC,false,C9002,VENTA ONLINE,Ecommerce,,CAF-ETIOP-250,CAF-ETIOP-250,false,,Etiopia Yirgacheffe 250 g,UN,CAFE,S,2.00,9922.60,0.00,19845.20,4282.00,8564.00,11281.20,0.57,
2025-06-13,2025-06,FAC 0003-00042115,FAC,false,C0119,Coffee Lab Saavedra II,Mayorista,CABA,CAF-BRAS-1K,CAF-BRAS-1K,false,,Brasil Cerrado 1 kg,UN,CAFE,S,4.00,18954.11,35.00,49280.69,10369.00,41476.00,7804.69,0.16,
2025-02-23,2025-02,FAC 0003-00040550,FAC,false,C9002,VENTA ONLINE,Ecommerce,,CAF-ETIOP-250,CAF-ETIOP-250,false,,Etiopia Yirgacheffe 250 g,UN,CAFE,S,3.00,9709.00,0.00,29127.00,4190.00,12570.00,16557.00,0.57,
2025-02-19,2025-02,FAC 0003-00040683,FAC,false,C9002,VENTA ONLINE,Ecommerce,,CAF-BLEND-250,CAF-BLEND-250,false,,Blend Casa 250 g,UN,CAFE,S,2.00,5723.20,0.00,11446.40,2616.00,5232.00,6214.40,0.54,
2025-03-26,2025-03,FAC 0003-00041147,FAC,false,C9001,CONSUMIDOR FINAL,Local,CABA,CAF-BLEND-1K,CAF-BLEND-1K,false,,Blend Casa 1 kg,UN,CAFE,S,1.00,18800.71,0.00,18800.71,10236.00,10236.00,8564.71,0.46,
2025-05-18,2025-05,FAC 0003-00041942,FAC,false,C9002,VENTA ONLINE,Ecommerce,,CAP-TAZA,CAP-TAZA,false,,Taza ceramica logo,UN,ACCESORIOS,S,2.00,9709.43,0.00,19418.85,4582.00,9164.00,10254.85,0.53,
2025-03-10,2025-03,FAC 0003-00040965,FAC,false,C9002,VENTA ONLINE,Ecommerce,,CAF-COLOM-250,CAF-COLOM-250,false,,Colombia Huila 250 g,UN,CAFE,S,3.00,8564.77,0.00,25694.31,3760.00,11280.00,14414.31,0.56,
2025-02-20,2025-02,FAC 0003-00040463,FAC,false,C0132,Cafe Barracas,Mayorista,CABA,CAF-BLEND-1K,CAF-BLEND-1K,false,,Blend Casa 1 kg,UN,CAFE,S,8.00,18396.00,35.00,95659.20,10016.00,80128.00,15531.20,0.16,
2025-03-10,2025-03,FAC 0003-00041219,FAC,false,C9001,CONSUMIDOR FINAL,Local,CABA,CAF-BLEND-1K,CAF-BLEND-1K,false,,Blend Casa 1 kg,UN,CAFE,S,2.00,18800.71,0.00,37601.42,10236.00,20472.00,17129.42,0.46,
2025-02-06,2025-02,FAC 0003-00040766,FAC,false,C9001,CONSUMIDOR FINAL,Local,CABA,CAF-COLOM-250,CAF-COLOM-250,false,,Colombia Huila 250 g,UN,CAFE,S,1.00,8380.40,0.00,8380.40,3679.00,3679.00,4701.40,0.56,
2025-01-28,2025-01,FAC 0003-00040314,FAC,false,C9001,CONSUMIDOR FINAL,Local,CABA,CAF-BLEND-250,CAF-BLEND-250,false,,Blend Casa 250 g,UN,CAFE,S,2.00,5600.00,0.00,11200.00,2560.00,5120.00,6080.00,0.54,
2025-04-21,2025-04,FAC 0003-00041357,FAC,false,C9002,VENTA ONLINE,Ecommerce,,CAF-BRAS-250,CAF-BRAS-250,false,,Brasil Cerrado 250 g,UN,CAFE,S,3.00,5657.55,0.00,16972.66,2594.00,7782.00,9190.66,0.54,
2025-03-15,2025-03,FAC 0003-00041046,FAC,false,C9002,VENTA ONLINE,Ecommerce,,CAF-COLOM-250,CAF-COLOM-250,false,,Colombia Huila 250 g,UN,CAFE,S,2.00,8564.77,0.00,17129.54,3760.00,7520.00,9609.54,0.56,
2025-01-23,2025-01,FAC 0003-00040084,FAC,false,C9002,VENTA ONLINE,Ecommerce,,CAF-BRAS-250,CAF-BRAS-250,false,,Brasil Cerrado 250 g,UN,CAFE,S,3.00,5300.00,0.00,15900.00,2430.00,7290.00,8610.00,0.54,
2025-02-02,2025-02,FAC 0003-00040607,FAC,false,C9002,VENTA ONLINE,Ecommerce,,CAF-COLOM-250,CAF-COLOM-250,false,,Colombia Huila 250 g,UN,CAFE,S,2.00,8380.40,0.00,16760.80,3679.00,7358.00,9402.80,0.56,
2025-01-01,2025-01,FAC 0003-00040278,FAC,false,C9001,CONSUMIDOR FINAL,Local,CABA,CAF-ETIOP-250,CAF-ETIOP-250,false,,Etiopia Yirgacheffe 250 g,UN,CAFE,S,2.00,9500.00,0.00,19000.00,4100.00,8200.00,10800.00,0.57,
2025-06-08,2025-06,FAC 0003-00042202,FAC,false,C9002,VENTA ONLINE,Ecommerce,,CAF-BLEND-250,CAF-BLEND-250,false,,Blend Casa 250 g,UN,CAFE,S,3.00,6243.71,0.00,18731.12,2854.00,8562.00,10169.12,0.54,
2025-04-03,2025-04,FAC 0003-00041409,FAC,false,C9002,VENTA ONLINE,Ecommerce,,CAF-BLEND-250,CAF-BLEND-250,false,,Blend Casa 250 g,UN,CAFE,S,3.00,5977.79,0.00,17933.37,2733.00,8199.00,9734.37,0.54,
2025-02-27,2025-02,FAC 0003-00040658,FAC,false,C9002,VENTA ONLINE,Ecommerce,,CAF-ETIOP-250,CAF-ETIOP-250,false,,Etiopia Yirgacheffe 250 g,UN,CAFE,S,1.00,9709.00,0.00,9709.00,4190.00,4190.00,5519.00,0.57,
2025-04-24,2025-04,FAC 0003-00041392,FAC,false,C9002,VENTA ONLINE,Ecommerce,,CAF-DESCA-250,CAF-DESCA-250,false,,Descafeinado 250 g,UN,CAFE,S,2.00,7899.22,0.00,15798.45,3736.00,7472.00,8326.45,0.53,
2025-02-13,2025-02,FAC 0003-00040508,FAC,false,C9002,VENTA ONLINE,Ecommerce,,CAF-ETIOP-250,CAF-ETIOP-250,false,,Etiopia Yirgacheffe 250 g,UN,CAFE,S,1.00,9709.00,0.00,9709.00,4190.00,4190.00,5519.00,0.57,
2025-03-14,2025-03,NC 0003-00001220,NC,true,C0113,Bar Recoleta II,Mayorista,CABA,CAF-BRAS-1K,CAF-BRAS-1K,false,,Brasil Cerrado 1 kg,UN,CAFE,S,-5.00,17756.23,30.00,-62146.80,9714.00,-48570.00,-13576.80,,
2025-05-19,2025-05,FAC 0003-00041947,FAC,false,C9001,CONSUMIDOR FINAL,Local,CABA,CAF-COLOM-250,CAF-COLOM-250,false,,Colombia Huila 250 g,UN,CAFE,S,2.00,8945.76,0.00,17891.53,3927.00,7854.00,10037.53,0.56,
2025-04-20,2025-04,FAC 0003-00041328,FAC,false,C9002,VENTA ONLINE,Ecommerce,,CAF-COLOM-250,CAF-COLOM-250,false,,Colombia Huila 250 g,UN,CAFE,S,3.00,8753.19,0.00,26259.58,3843.00,11529.00,14730.58,0.56,
2025-05-10,2025-05,FAC 0003-00041876,FAC,false,C9002,VENTA ONLINE,Ecommerce,,CAF-ETIOP-250,CAF-ETIOP-250,false,,Etiopia Yirgacheffe 250 g,UN,CAFE,S,2.00,10363.99,0.00,20727.99,4473.00,8946.00,11781.99,0.57,
2025-01-10,2025-01,FAC 0003-00040067,FAC,false,C9002,VENTA ONLINE,Ecommerce,,CAF-BRAS-250,CAF-BRAS-250,false,,Brasil Cerrado 250 g,UN,CAFE,S,2.00,5300.00,0.00,10600.00,2430.00,4860.00,5740.00,0.54,
2025-03-27,2025-03,FAC 0003-00040861,FAC,false,C0116,Cafe Caballito,Mayorista,CABA,CAF-BLEND-1K,CAF-BLEND-1K,false,,Blend Casa 1 kg,UN,CAFE,S,5.00,18800.71,32.00,63922.42,10236.00,51180.00,12742.42,0.20,
2025-06-09,2025-06,FAC 0003-00042296,FAC,false,C9002,VENTA ONLINE,Ecommerce,,CAF-BLEND-250,CAF-BLEND-250,false,,Blend Casa 250 g,UN,CAFE,S,1.00,6243.71,0.00,6243.71,2854.00,2854.00,3389.71,0.54,
2025-06-12,2025-06,FAC 0003-00042278,FAC,false,C9002,VENTA ONLINE,Ecommerce,,CAF-DESCA-250,CAF-DESCA-250,false,,Descafeinado 250 g,UN,CAFE,S,3.00,8250.61,0.00,24751.84,3902.00,11706.00,13045.84,0.53,
2025-01-27,2025-01,FAC 0003-00040298,FAC,false,C9001,CONSUMIDOR FINAL,Local,CABA,CAP-FILTRO-100,CAP-FILTRO-100,false,,Filtros de papel x 100,UN,ACCESORIOS,S,2.00,3200.00,0.00,6400.00,1900.00,3800.00,2600.00,0.41,
2025-04-05,2025-04,FAC 0003-00041239,FAC,false,C0001,GRANOS DEL SUR S.A.,Distribuidor,Avellaneda,BLEND1K,CAF-BLEND-1K,true,Codigo viejo informado en ventas; corresponde a Blend Casa 1 kg.,Blend Casa 1 kg,UN,CAFE,S,41.00,19214.33,40.00,472672.46,10461.00,428901.00,43771.46,0.09,
2025-06-14,2025-06,FAC 0003-00042484,FAC,false,C9001,CONSUMIDOR FINAL,Local,CABA,CAP-FILTRO-100,CAP-FILTRO-100,false,,Filtros de papel x 100,UN,ACCESORIOS,S,2.00,3567.83,0.00,7135.67,2118.00,4236.00,2899.67,0.41,
2025-02-25,2025-02,FAC 0003-00040820,FAC,false,C9001,CONSUMIDOR FINAL,Local,CABA,CAF-ETIOP-250,CAF-ETIOP-250,false,,Etiopia Yirgacheffe 250 g,UN,CAFE,S,1.00,9709.00,0.00,9709.00,4190.00,4190.00,5519.00,0.57,
2025-04-15,2025-04,NC 0003-00001227,NC,true,C0001,GRANOS DEL SUR S.A.,Distribuidor,Avellaneda,CAF-BLEND-1K,CAF-BLEND-1K,false,,Blend Casa 1 kg,UN,CAFE,S,-9.00,19214.33,40.00,-103757.37,10461.00,-94149.00,-9608.37,,
2025-05-02,2025-05,FAC 0003-00041842,FAC,false,C9002,VENTA ONLINE,Ecommerce,,CAF-BLEND-250,CAF-BLEND-250,false,,Blend Casa 250 g,UN,CAFE,S,1.00,6109.30,0.00,6109.30,2793.00,2793.00,3316.30,0.54,
2025-03-24,2025-03,FAC 0003-00040836,FAC,false,C0001,GRANOS DEL SUR S.A.,Distribuidor,Avellaneda,CAF-BRAS-1K,CAF-BRAS-1K,false,,Brasil Cerrado 1 kg,UN,CAFE,S,16.00,17756.23,40.00,170459.79,9714.00,155424.00,15035.79,0.09,
2025-02-22,2025-02,FAC 0003-00040577,FAC,false,C9002,VENTA ONLINE,Ecommerce,,CAF-ETIOP-250,CAF-ETIOP-250,false,,Etiopia Yirgacheffe 250 g,UN,CAFE,S,2.00,9709.00,0.00,19418.00,4190.00,8380.00,11038.00,0.57,
2025-05-01,2025-05,FAC 0003-00041720,FAC,false,C9002,VENTA ONLINE,Ecommerce,,CAF-ETIOP-250,CAF-ETIOP-250,false,,Etiopia Yirgacheffe 250 g,UN,CAFE,S,3.00,10363.99,0.00,31091.98,4473.00,13419.00,17672.98,0.57,
2025-01-27,2025-01,FAC 0003-00040144,FAC,false,C9002,VENTA ONLINE,Ecommerce,,CAF-DESCA-250,CAF-DESCA-250,false,,Descafeinado 250 g,UN,CAFE,S,2.00,7400.00,0.00,14800.00,3500.00,7000.00,7800.00,0.53,
2025-06-03,2025-06,FAC 0003-00042285,FAC,false,C9002,VENTA ONLINE,Ecommerce,,CAF-BLEND-250,CAF-BLEND-250,false,,Blend Casa 250 g,UN,CAFE,S,1.00,6243.71,0.00,6243.71,2854.00,2854.00,3389.71,0.54,
2025-06-13,2025-06,FAC 0003-00042102,FAC,false,C0109,Usina Colegiales II,Mayorista,CABA,CAF-BRAS-1K,CAF-BRAS-1K,false,,Brasil Cerrado 1 kg,UN,CAFE,S,8.00,18954.11,32.00,103110.36,10369.00,82952.00,20158.36,0.20,M. Paz
2025-01-18,2025-01,FAC 0003-00040368,FAC,false,C9001,CONSUMIDOR FINAL,Local,CABA,CAF-BLEND-1K,CAF-BLEND-1K,false,,Blend Casa 1 kg,UN,CAFE,S,1.00,18000.00,0.00,18000.00,9800.00,9800.00,8200.00,0.46,
2025-06-10,2025-06,FAC 0003-00042200,FAC,false,C9002,VENTA ONLINE,Ecommerce,,CAF-CAPS-10,CAF-CAPS-10,false,,Capsulas compatibles x10,UN,CAFE,S,3.00,7693.14,0.00,23079.42,3679.00,11037.00,12042.42,0.52,
2025-02-10,2025-02,FAC 0003-00040536,FAC,false,C9002,VENTA ONLINE,Ecommerce,,CAP-FILTRO-100,CAP-FILTRO-100,false,,Filtros de papel x 100,UN,ACCESORIOS,S,1.00,3270.40,0.00,3270.40,1942.00,1942.00,1328.40,0.41,
2025-05-15,2025-05,FAC 0003-00041771,FAC,false,C9002,VENTA ONLINE,Ecommerce,,CAF-BLEND-250,CAF-BLEND-250,false,,Blend Casa 250 g,UN,CAFE,S,1.00,6109.30,0.00,6109.30,2793.00,2793.00,3316.30,0.54,
2025-03-20,2025-03,FAC 0003-00041037,FAC,false,C9002,VENTA ONLINE,Ecommerce,,CAF-ETIOP-250,CAF-ETIOP-250,false,,Etiopia Yirgacheffe 250 g,UN,CAFE,S,3.00,9922.60,0.00,29767.79,4282.00,12846.00,16921.79,0.57,
2025-05-24,2025-05,FAC 0003-00041818,FAC,false,C9002,VENTA ONLINE,Ecommerce,,CAF-DESCA-250,CAF-DESCA-250,false,,Descafeinado 250 g,UN,CAFE,S,3.00,8073.01,0.00,24219.02,3818.00,11454.00,12765.02,0.53,
2025-05-20,2025-05,FAC 0003-00042041,FAC,false,C9001,CONSUMIDOR FINAL,Local,CABA,CAP-FILTRO-100,CAP-FILTRO-100,false,,Filtros de papel x 100,UN,ACCESORIOS,S,2.00,3491.03,0.00,6982.06,2073.00,4146.00,2836.06,0.41,
2025-01-19,2025-01,FAC 0003-00040044,FAC,false,C0130,Usina Coghlan,Mayorista,CABA,CAF-BRAS-1K,CAF-BRAS-1K,false,,Brasil Cerrado 1 kg,UN,CAFE,S,5.00,17000.00,30.00,59500.00,9300.00,46500.00,13000.00,0.22,R. Ibarra
2025-05-16,2025-05,FAC 0003-00042026,FAC,false,C9001,CONSUMIDOR FINAL,Local,CABA,CAF-BLEND-1K,CAF-BLEND-1K,false,,Blend Casa 1 kg,UN,CAFE,S,2.00,19637.04,0.00,39274.09,10691.00,21382.00,17892.09,0.46,
2025-06-20,2025-06,FAC 0003-00042189,FAC,false,C9002,VENTA ONLINE,Ecommerce,,CAF-ETIOP-250,CAF-ETIOP-250,false,,Etiopia Yirgacheffe 250 g,UN,CAFE,S,3.00,10592.00,0.00,31776.01,4571.00,13713.00,18063.01,0.57,
2025-01-14,2025-01,FAC 0003-00040254,FAC,false,C9002,VENTA ONLINE,Ecommerce,,CAF-BLEND-250,CAF-BLEND-250,false,,Blend Casa 250 g,UN,CAFE,S,1.00,5600.00,0.00,5600.00,2560.00,2560.00,3040.00,0.54,
2025-02-25,2025-02,FAC 0003-00040611,FAC,false,C9002,VENTA ONLINE,Ecommerce,,CAF-ETIOP-250,CAF-ETIOP-250,false,,Etiopia Yirgacheffe 250 g,UN,CAFE,S,3.00,9709.00,0.00,29127.00,4190.00,12570.00,16557.00,0.57,
2025-01-08,2025-01,FAC 0003-00040019,FAC,false,C0107,La Ventanita de Nunez II,Mayorista,CABA,CAF-BLEND-1K,CAF-BLEND-1K,false,,Blend Casa 1 kg,UN,CAFE,S,3.00,18000.00,35.00,35100.00,9800.00,29400.00,5700.00,0.16,M. Paz
2025-06-09,2025-06,FAC 0003-00042397,FAC,false,C9002,VENTA ONLINE,Ecommerce,,CAF-COLOM-250,CAF-COLOM-250,false,,Colombia Huila 250 g,UN,CAFE,S,1.00,9142.57,0.00,9142.57,4014.00,4014.00,5128.57,0.56,
2025-02-06,2025-02,FAC 0003-00040472,FAC,false,C0138,El Almacen de Constitucion,Mayorista,CABA,CAP-FILTRO-100,CAP-FILTRO-100,false,,Filtros de papel x 100,UN,ACCESORIOS,S,4.00,3270.40,30.00,9157.12,1942.00,7768.00,1389.12,0.15,R. Ibarra
2025-04-03,2025-04,FAC 0003-00041459,FAC,false,C9002,VENTA ONLINE,Ecommerce,,CAF-BLEND-250,CAF-BLEND-250,false,,Blend Casa 250 g,UN,CAFE,S,3.00,5977.79,0.00,17933.37,2733.00,8199.00,9734.37,0.54,
2025-02-28,2025-02,FAC 0003-00040651,FAC,false,C9002,VENTA ONLINE,Ecommerce,,CAF-BRAS-250,CAF-BRAS-250,false,,Brasil Cerrado 250 g,UN,CAFE,S,2.00,5416.60,0.00,10833.20,2483.00,4966.00,5867.20,0.54,
2025-05-10,2025-05,FAC 0003-00041921,FAC,false,C9002,VENTA ONLINE,Ecommerce,,CAF-ETIOP-250,CAF-ETIOP-250,false,,Etiopia Yirgacheffe 250 g,UN,CAFE,S,2.00,10363.99,0.00,20727.99,4473.00,8946.00,11781.99,0.57,
2025-06-19,2025-06,FAC 0003-00042319,FAC,false,C9002,VENTA ONLINE,Ecommerce,,CAF-ETIOP-250,CAF-ETIOP-250,false,,Etiopia Yirgacheffe 250 g,UN,CAFE,S,2.00,10592.00,0.00,21184.01,4571.00,9142.00,12042.01,0.57,
2025-01-14,2025-01,FAC 0003-00040113,FAC,false,C9002,VENTA ONLINE,Ecommerce,,CAF-ETIOP-250,CAF-ETIOP-250,false,,Etiopia Yirgacheffe 250 g,UN,CAFE,S,1.00,9500.00,0.00,9500.00,4100.00,4100.00,5400.00,0.57,
2025-04-03,2025-04,FAC 0003-00041272,FAC,false,C0126,Panaderia Parque Chas,Mayorista,CABA,CAF-BLEND-1K,CAF-BLEND-1K,false,,Blend Casa 1 kg,UN,CAFE,S,8.00,19214.33,32.00,104525.94,10461.00,83688.00,20837.94,0.20,R. Ibarra
2025-03-22,2025-03,FAC 0003-00040922,FAC,false,C9002,VENTA ONLINE,Ecommerce,,CAF-ETIOP-250,CAF-ETIOP-250,false,,Etiopia Yirgacheffe 250 g,UN,CAFE,S,3.00,9922.60,0.00,29767.79,4282.00,12846.00,16921.79,0.57,
2025-03-11,2025-03,FAC 0003-00041174,FAC,false,C9001,CONSUMIDOR FINAL,Local,CABA,CAF-BLEND-250,CAF-BLEND-250,false,,Blend Casa 250 g,UN,CAFE,S,1.00,5849.11,0.00,5849.11,2674.00,2674.00,3175.11,0.54,
2025-05-19,2025-05,FAC 0003-00041836,FAC,false,C9002,VENTA ONLINE,Ecommerce,,CAF-COLOM-250,CAF-COLOM-250,false,,Colombia Huila 250 g,UN,CAFE,S,3.00,8945.76,0.00,26837.29,3927.00,11781.00,15056.29,0.56,
2025-05-26,2025-05,FAC 0003-00041801,FAC,false,C9002,VENTA ONLINE,Ecommerce,,CAF-BRAS-250,CAF-BRAS-250,false,,Brasil Cerrado 250 g,UN,CAFE,S,2.00,5782.02,0.00,11564.04,2651.00,5302.00,6262.04,0.54,
2025-05-26,2025-05,FAC 0003-00041794,FAC,false,C9002,VENTA ONLINE,Ecommerce,,CAF-ETIOP-250,CAF-ETIOP-250,false,,Etiopia Yirgacheffe 250 g,UN,CAFE,S,3.00,10363.99,0.00,31091.98,4473.00,13419.00,17672.98,0.57,
2025-06-27,2025-06,FAC 0003-00042320,FAC,false,C9002,VENTA ONLINE,Ecommerce,,CAF-COLOM-250,CAF-COLOM-250,false,,Colombia Huila 250 g,UN,CAFE,S,3.00,9142.57,0.00,27427.71,4014.00,12042.00,15385.71,0.56,
2025-03-08,2025-03,FAC 0003-00040866,FAC,false,C0120,Tostado Chacarita,Mayorista,CABA,CAF-BRAS-1K,CAF-BRAS-1K,false,,Brasil Cerrado 1 kg,UN,CAFE,S,3.00,17756.23,32.00,36222.71,9714.00,29142.00,7080.71,0.20,
2025-04-13,2025-04,FAC 0003-00041626,FAC,false,C9001,CONSUMIDOR FINAL,Local,CABA,CAF-BLEND-1K,CAF-BLEND-1K,false,,Blend Casa 1 kg,UN,CAFE,S,2.00,19214.33,0.00,38428.66,10461.00,20922.00,17506.66,0.46,
2025-01-22,2025-01,FAC 0003-00040168,FAC,false,C9002,VENTA ONLINE,Ecommerce,,CAF-BRAS-250,CAF-BRAS-250,false,,Brasil Cerrado 250 g,UN,CAFE,S,2.00,5300.00,0.00,10600.00,2430.00,4860.00,5740.00,0.54,
2025-02-05,2025-02,FAC 0003-00040590,FAC,false,C9002,VENTA ONLINE,Ecommerce,,CAF-ETIOP-250,CAF-ETIOP-250,false,,Etiopia Yirgacheffe 250 g,UN,CAFE,S,3.00,9709.00,0.00,29127.00,4190.00,12570.00,16557.00,0.57,
2025-04-05,2025-04,FAC 0003-00041472,FAC,false,C9002,VENTA ONLINE,Ecommerce,,CAF-BRAS-250,CAF-BRAS-250,false,,Brasil Cerrado 250 g,UN,CAFE,S,3.00,5657.55,0.00,16972.66,2594.00,7782.00,9190.66,0.54,
2025-02-01,2025-02,FAC 0003-00040484,FAC,false,C9002,VENTA ONLINE,Ecommerce,,CAF-ETIOP-250,CAF-ETIOP-250,false,,Etiopia Yirgacheffe 250 g,UN,CAFE,S,1.00,9709.00,0.00,9709.00,4190.00,4190.00,5519.00,0.57,
2025-06-19,2025-06,FAC 0003-00042324,FAC,false,C9002,VENTA ONLINE,Ecommerce,,CAF-CAPS-10,CAF-CAPS-10,false,,Capsulas compatibles x10,UN,CAFE,S,3.00,7693.14,0.00,23079.42,3679.00,11037.00,12042.42,0.52,
2025-02-08,2025-02,FAC 0003-00040791,FAC,false,C9001,CONSUMIDOR FINAL,Local,CABA,CAP-FILTRO-100,CAP-FILTRO-100,false,,Filtros de papel x 100,UN,ACCESORIOS,S,1.00,3270.40,0.00,3270.40,1942.00,1942.00,1328.40,0.41,
2025-05-01,2025-05,FAC 0003-00041792,FAC,false,C9002,VENTA ONLINE,Ecommerce,,CAF-ETIOP-250,CAF-ETIOP-250,false,,Etiopia Yirgacheffe 250 g,UN,CAFE,S,2.00,10363.99,0.00,20727.99,4473.00,8946.00,11781.99,0.57,
2025-01-07,2025-01,FAC 0003-00040245,FAC,false,C9002,VENTA ONLINE,Ecommerce,,CAF-BLEND-250,CAF-BLEND-250,false,,Blend Casa 250 g,UN,CAFE,S,2.00,5600.00,0.00,11200.00,2560.00,5120.00,6080.00,0.54,
2025-04-07,2025-04,FAC 0003-00041445,FAC,false,C9002,VENTA ONLINE,Ecommerce,,CAF-COLOM-250,CAF-COLOM-250,false,,Colombia Huila 250 g,UN,CAFE,S,3.00,8753.19,0.00,26259.58,3843.00,11529.00,14730.58,0.56,
2025-02-04,2025-02,FAC 0003-00040793,FAC,false,C9001,CONSUMIDOR FINAL,Local,CABA,CAF-ETIOP-250,CAF-ETIOP-250,false,,Etiopia Yirgacheffe 250 g,UN,CAFE,S,1.00,9709.00,0.00,9709.00,4190.00,4190.00,5519.00,0.57,
2025-03-25,2025-03,FAC 0003-00041021,FAC,false,C9002,VENTA ONLINE,Ecommerce,,CAF-DESCA-250,CAF-DESCA-250,false,,Descafeinado 250 g,UN,CAFE,S,3.00,7729.18,0.00,23187.54,3656.00,10968.00,12219.54,0.53,
2025-03-17,2025-03,FAC 0003-00040849,FAC,false,C0103,Coffee Lab Belgrano II,Mayorista,CABA,CAF-BLEND-1K,CAF-BLEND-1K,false,,Blend Casa 1 kg,UN,CAFE,S,5.00,18800.71,35.00,61102.31,10236.00,51180.00,9922.31,0.16,M. Paz
2025-06-25,2025-06,FAC 0003-00042292,FAC,false,C9002,VENTA ONLINE,Ecommerce,,CAF-COLOM-250,CAF-COLOM-250,false,,Colombia Huila 250 g,UN,CAFE,S,1.00,9142.57,0.00,9142.57,4014.00,4014.00,5128.57,0.56,
2025-06-16,2025-06,FAC 0003-00042107,FAC,false,C0113,Bar Recoleta II,Mayorista,CABA,CAF-BRAS-1K,CAF-BRAS-1K,false,,Brasil Cerrado 1 kg,UN,CAFE,S,7.00,18954.11,30.00,92875.14,10369.00,72583.00,20292.14,0.22,
2025-03-15,2025-03,FAC 0003-00040920,FAC,false,C9002,VENTA ONLINE,Ecommerce,,CAF-COLOM-250,CAF-COLOM-250,false,,Colombia Huila 250 g,UN,CAFE,S,3.00,8564.77,0.00,25694.31,3760.00,11280.00,14414.31,0.56,
2025-02-14,2025-02,FAC 0003-00040690,FAC,false,C9002,VENTA ONLINE,Ecommerce,,CAF-BRAS-250,CAF-BRAS-250,false,,Brasil Cerrado 250 g,UN,CAFE,S,3.00,5416.60,0.00,16249.80,2483.00,7449.00,8800.80,0.54,
2025-03-28,2025-03,FAC 0003-00041231,FAC,false,C9001,CONSUMIDOR FINAL,Local,CABA,CAF-COLOM-250,CAF-COLOM-250,false,,Colombia Huila 250 g,UN,CAFE,S,2.00,8564.77,0.00,17129.54,3760.00,7520.00,9609.54,0.56,
2025-02-19,2025-02,FAC 0003-00040697,FAC,false,C9001,CONSUMIDOR FINAL,Local,CABA,CAF-BLEND-1K,CAF-BLEND-1K,false,,Blend Casa 1 kg,UN,CAFE,S,2.00,18396.00,0.00,36792.00,10016.00,20032.00,16760.00,0.46,
2025-02-25,2025-02,FAC 0003-00040767,FAC,false,C9001,CONSUMIDOR FINAL,Local,CABA,CAF-BLEND-250,CAF-BLEND-250,false,,Blend Casa 250 g,UN,CAFE,S,1.00,5723.20,0.00,5723.20,2616.00,2616.00,3107.20,0.54,
2025-06-11,2025-06,FAC 0003-00042118,FAC,false,C0122,El Almacen de Almagro,Mayorista,CABA,CAF-BRAS-1K,CAF-BRAS-1K,false,,Brasil Cerrado 1 kg,UN,CAFE,S,4.00,18954.11,32.00,51555.18,10369.00,41476.00,10079.18,0.20,M. Paz
2025-02-18,2025-02,FAC 0003-00040563,FAC,false,C9002,VENTA ONLINE,Ecommerce,,CAF-BLEND-250,CAF-BLEND-250,false,,Blend Casa 250 g,UN,CAFE,S,3.00,5723.20,0.00,17169.60,2616.00,7848.00,9321.60,0.54,
2025-05-21,2025-05,FAC 0003-00041647,FAC,false,C0001,GRANOS DEL SUR S.A.,Distribuidor,Avellaneda,CAF-BLEND-CJ6,CAF-BLEND-CJ6,false,,Blend Casa CAJA X 6 (1kg c/u),CAJA X6,CAFE,S,6.00,111276.58,40.00,400595.67,64148.00,384888.00,15707.67,0.04,R. Ibarra
2025-06-10,2025-06,FAC 0003-00042457,FAC,false,C9001,CONSUMIDOR FINAL,Local,CABA,CAF-ETIOP-250,CAF-ETIOP-250,false,,Etiopia Yirgacheffe 250 g,UN,CAFE,S,1.00,10592.00,0.00,10592.00,4571.00,4571.00,6021.00,0.57,
2025-06-26,2025-06,FAC 0003-00042088,FAC,false,C0001,GRANOS DEL SUR S.A.,Distribuidor,Avellaneda,CAF-BLEND-CJ6,CAF-BLEND-CJ6,false,,Blend Casa CAJA X 6 (1kg c/u),CAJA X6,CAFE,S,7.00,113724.66,40.00,477643.58,65559.00,458913.00,18730.58,0.04,R. Ibarra
2025-06-14,2025-06,FAC 0003-00042510,FAC,false,C9001,CONSUMIDOR FINAL,Local,CABA,CAF-COLOM-250,CAF-COLOM-250,false,,Colombia Huila 250 g,UN,CAFE,S,1.00,9142.57,0.00,9142.57,4014.00,4014.00,5128.57,0.56,
2025-03-24,2025-03,FAC 0003-00040864,FAC,false,C0119,Coffee Lab Saavedra II,Mayorista,CABA,CAP-FILTRO-100,CAP-FILTRO-100,false,,Filtros de papel x 100,UN,ACCESORIOS,S,4.00,3342.35,35.00,8690.11,1985.00,7940.00,750.11,0.09,M. Paz
2025-03-08,2025-03,FAC 0003-00041011,FAC,false,C9002,VENTA ONLINE,Ecommerce,,CAF-COLOM-250,CAF-COLOM-250,false,,Colombia Huila 250 g,UN,CAFE,S,2.00,8564.77,0.00,17129.54,3760.00,7520.00,9609.54,0.56,
2025-05-22,2025-05,FAC 0003-00041917,FAC,false,C9002,VENTA ONLINE,Ecommerce,,CAP-FILTRO-100,CAP-FILTRO-100,false,,Filtros de papel x 100,UN,ACCESORIOS,S,2.00,3491.03,0.00,6982.06,2073.00,4146.00,2836.06,0.41,
2025-05-06,2025-05,FAC 0003-00041722,FAC,false,C9002,VENTA ONLINE,Ecommerce,,CAF-BRAS-250,CAF-BRAS-250,false,,Brasil Cerrado 250 g,UN,CAFE,S,3.00,5782.02,0.00,17346.05,2651.00,7953.00,9393.05,0.54,
2025-04-28,2025-04,FAC 0003-00041257,FAC,false,C0110,Panaderia Devoto,Mayorista,CABA,CAF-BLEND-1K,CAF-BLEND-1K,false,,Blend Casa 1 kg,UN,CAFE,S,5.00,19214.33,35.00,62446.56,10461.00,52305.00,10141.56,0.16,
2025-04-01,2025-04,FAC 0003-00041241,FAC,false,C0001,GRANOS DEL SUR S.A.,Distribuidor,Avellaneda,BLEND1K,CAF-BLEND-1K,true,Codigo viejo informado en ventas; corresponde a Blend Casa 1 kg.,Blend Casa 1 kg,UN,CAFE,S,46.00,19214.33,40.00,530315.44,10461.00,481206.00,49109.44,0.09,M. Paz
2025-02-18,2025-02,FAC 0003-00040467,FAC,false,C0136,Tostado Villa Urquiza,Mayorista,CABA,CAF-BLEND-1K,CAF-BLEND-1K,false,,Blend Casa 1 kg,UN,CAFE,S,4.00,18396.00,35.00,47829.60,10016.00,40064.00,7765.60,0.16,M. Paz
2025-04-05,2025-04,FAC 0003-00041618,FAC,false,C9001,CONSUMIDOR FINAL,Local,CABA,CAF-BLEND-1K,CAF-BLEND-1K,false,,Blend Casa 1 kg,UN,CAFE,S,1.00,19214.33,0.00,19214.33,10461.00,10461.00,8753.33,0.46,
2025-03-08,2025-03,FAC 0003-00040835,FAC,false,C0001,GRANOS DEL SUR S.A.,Distribuidor,Avellaneda,CAF-BLEND-1K,CAF-BLEND-1K,false,,Blend Casa 1 kg,UN,CAFE,S,35.00,18800.71,40.00,394814.95,10236.00,358260.00,36554.95,0.09,
2025-05-21,2025-05,FAC 0003-00041888,FAC,false,C9002,VENTA ONLINE,Ecommerce,,CAF-DESCA-250,CAF-DESCA-250,false,,Descafeinado 250 g,UN,CAFE,S,1.00,8073.01,0.00,8073.01,3818.00,3818.00,4255.01,0.53,
2025-05-11,2025-05,FAC 0003-00041804,FAC,false,C9002,VENTA ONLINE,Ecommerce,,CAF-BRAS-250,CAF-BRAS-250,false,,Brasil Cerrado 250 g,UN,CAFE,S,3.00,5782.02,0.00,17346.05,2651.00,7953.00,9393.05,0.54,
2025-05-24,2025-05,FAC 0003-00041948,FAC,false,C9001,CONSUMIDOR FINAL,Local,CABA,CAF-BLEND-250,CAF-BLEND-250,false,,Blend Casa 250 g,UN,CAFE,S,1.00,6109.30,0.00,6109.30,2793.00,2793.00,3316.30,0.54,
2025-05-01,2025-05,FAC 0003-00042024,FAC,false,C9001,CONSUMIDOR FINAL,Local,CABA,CAF-ETIOP-250,CAF-ETIOP-250,false,,Etiopia Yirgacheffe 250 g,UN,CAFE,S,2.00,10363.99,0.00,20727.99,4473.00,8946.00,11781.99,0.57,
2025-01-07,2025-01,FAC 0003-00040235,FAC,false,C9002,VENTA ONLINE,Ecommerce,,CAF-DESCA-250,CAF-DESCA-250,false,,Descafeinado 250 g,UN,CAFE,S,2.00,7400.00,0.00,14800.00,3500.00,7000.00,7800.00,0.53,
2025-03-07,2025-03,FAC 0003-00040966,FAC,false,C9002,VENTA ONLINE,Ecommerce,,CAF-BRAS-250,CAF-BRAS-250,false,,Brasil Cerrado 250 g,UN,CAFE,S,1.00,5535.77,0.00,5535.77,2538.00,2538.00,2997.77,0.54,
2025-04-01,2025-04,FAC 0003-00041444,FAC,false,C9002,VENTA ONLINE,Ecommerce,,CAP-TAZA,CAP-TAZA,false,,Taza ceramica logo,UN,ACCESORIOS,S,1.00,9500.42,0.00,9500.42,4483.00,4483.00,5017.42,0.53,
2025-02-25,2025-02,FAC 0003-00040710,FAC,false,C9001,CONSUMIDOR FINAL,Local,CABA,CAF-BLEND-1K,CAF-BLEND-1K,false,,Blend Casa 1 kg,UN,CAFE,S,2.00,18396.00,0.00,36792.00,10016.00,20032.00,16760.00,0.46,
2025-05-06,2025-05,FAC 0003-00041778,FAC,false,C9002,VENTA ONLINE,Ecommerce,,CAF-ETIOP-250,CAF-ETIOP-250,false,,Etiopia Yirgacheffe 250 g,UN,CAFE,S,1.00,10363.99,0.00,10363.99,4473.00,4473.00,5890.99,0.57,
2025-05-14,2025-05,FAC 0003-00041969,FAC,false,C9001,CONSUMIDOR FINAL,Local,CABA,CAP-FILTRO-100,CAP-FILTRO-100,false,,Filtros de papel x 100,UN,ACCESORIOS,S,1.00,3491.03,0.00,3491.03,2073.00,2073.00,1418.03,0.41,
2025-01-10,2025-01,FAC 0003-00040126,FAC,false,C9002,VENTA ONLINE,Ecommerce,,CAF-CAPS-10,CAF-CAPS-10,false,,Capsulas compatibles x10,UN,CAFE,S,2.00,6900.00,0.00,13800.00,3300.00,6600.00,7200.00,0.52,
2025-02-18,2025-02,FAC 0003-00040830,FAC,false,C9001,CONSUMIDOR FINAL,Local,CABA,CAF-ETIOP-250,CAF-ETIOP-250,false,,Etiopia Yirgacheffe 250 g,UN,CAFE,S,2.00,9709.00,0.00,19418.00,4190.00,8380.00,11038.00,0.57,
2025-01-26,2025-01,FAC 0003-00040227,FAC,false,C9002,VENTA ONLINE,Ecommerce,,CAF-BRAS-250,CAF-BRAS-250,false,,Brasil Cerrado 250 g,UN,CAFE,S,3.00,5300.00,0.00,15900.00,2430.00,7290.00,8610.00,0.54,
2025-03-21,2025-03,FAC 0003-00040964,FAC,false,C9002,VENTA ONLINE,Ecommerce,,CAF-ETIOP-250,CAF-ETIOP-250,false,,Etiopia Yirgacheffe 250 g,UN,CAFE,S,2.00,9922.60,0.00,19845.20,4282.00,8564.00,11281.20,0.57,
2025-01-28,2025-01,FAC 0003-00040030,FAC,false,C0118,Bar Saavedra,Mayorista,CABA,CAF-BLEND-1K,CAF-BLEND-1K,false,,Blend Casa 1 kg,UN,CAFE,S,10.00,18000.00,32.00,122400.00,9800.00,98000.00,24400.00,0.20,M. Paz
2025-05-01,2025-05,FAC 0003-00041865,FAC,false,C9002,VENTA ONLINE,Ecommerce,,CAF-COLOM-250,CAF-COLOM-250,false,,Colombia Huila 250 g,UN,CAFE,S,3.00,8945.76,0.00,26837.29,3927.00,11781.00,15056.29,0.56,
2025-05-07,2025-05,FAC 0003-00041847,FAC,false,C9002,VENTA ONLINE,Ecommerce,,CAF-CAPS-10,CAF-CAPS-10,false,,Capsulas compatibles x10,UN,CAFE,S,2.00,7527.53,0.00,15055.07,3600.00,7200.00,7855.07,0.52,
2025-01-22,2025-01,FAC 0003-00040165,FAC,false,C9002,VENTA ONLINE,Ecommerce,,CAF-BLEND-250,CAF-BLEND-250,false,,Blend Casa 250 g,UN,CAFE,S,3.00,5600.00,0.00,16800.00,2560.00,7680.00,9120.00,0.54,
2025-02-08,2025-02,FAC 0003-00040602,FAC,false,C9002,VENTA ONLINE,Ecommerce,,CAF-BRAS-250,CAF-BRAS-250,false,,Brasil Cerrado 250 g,UN,CAFE,S,3.00,5416.60,0.00,16249.80,2483.00,7449.00,8800.80,0.54,
2025-04-26,2025-04,FAC 0003-00041424,FAC,false,C9002,VENTA ONLINE,Ecommerce,,CAF-COLOM-250,CAF-COLOM-250,false,,Colombia Huila 250 g,UN,CAFE,S,3.00,8753.19,0.00,26259.58,3843.00,11529.00,14730.58,0.56,
2025-01-05,2025-01,FAC 0003-00040146,FAC,false,C9002,VENTA ONLINE,Ecommerce,,CAF-COLOM-250,CAF-COLOM-250,false,,Colombia Huila 250 g,UN,CAFE,S,2.00,8200.00,0.00,16400.00,3600.00,7200.00,9200.00,0.56,
2025-02-12,2025-02,FAC 0003-00040782,FAC,false,C9001,CONSUMIDOR FINAL,Local,CABA,CAF-BLEND-250,CAF-BLEND-250,false,,Blend Casa 250 g,UN,CAFE,S,2.00,5723.20,0.00,11446.40,2616.00,5232.00,6214.40,0.54,
2025-03-18,2025-03,FAC 0003-00040876,FAC,false,C0130,Usina Coghlan,Mayorista,CABA,CAF-BRAS-1K,CAF-BRAS-1K,false,,Brasil Cerrado 1 kg,UN,CAFE,S,5.00,17756.23,30.00,62146.80,9714.00,48570.00,13576.80,0.22,R. Ibarra
2025-03-01,2025-03,FAC 0003-00040868,FAC,false,C0123,La Ventanita de Almagro II,Mayorista,CABA,CAF-BRAS-1K,CAF-BRAS-1K,false,,Brasil Cerrado 1 kg,UN,CAFE,S,5.00,17756.23,35.00,57707.74,9714.00,48570.00,9137.74,0.16,
2025-01-18,2025-01,FAC 0003-00040164,FAC,false,C9002,VENTA ONLINE,Ecommerce,,CAF-ETIOP-250,CAF-ETIOP-250,false,,Etiopia Yirgacheffe 250 g,UN,CAFE,S,2.00,9500.00,0.00,19000.00,4100.00,8200.00,10800.00,0.57,
2025-05-03,2025-05,FAC 0003-00041995,FAC,false,C9001,CONSUMIDOR FINAL,Local,CABA,CAF-ETIOP-250,CAF-ETIOP-250,false,,Etiopia Yirgacheffe 250 g,UN,CAFE,S,1.00,10363.99,0.00,10363.99,4473.00,4473.00,5890.99,0.57,
2025-05-15,2025-05,FAC 0003-00041912,FAC,false,C9002,VENTA ONLINE,Ecommerce,,CAF-COLOM-250,CAF-COLOM-250,false,,Colombia Huila 250 g,UN,CAFE,S,3.00,8945.76,0.00,26837.29,3927.00,11781.00,15056.29,0.56,
2025-03-13,2025-03,FAC 0003-00041142,FAC,false,C9001,CONSUMIDOR FINAL,Local,CABA,CAF-ETIOP-250,CAF-ETIOP-250,false,,Etiopia Yirgacheffe 250 g,UN,CAFE,S,1.00,9922.60,0.00,9922.60,4282.00,4282.00,5640.60,0.57,
2025-06-17,2025-06,FAC 0003-00042270,FAC,false,C9002,VENTA ONLINE,Ecommerce,,CAF-COLOM-250,CAF-COLOM-250,false,,Colombia Huila 250 g,UN,CAFE,S,1.00,9142.57,0.00,9142.57,4014.00,4014.00,5128.57,0.56,
2025-02-24,2025-02,FAC 0003-00040668,FAC,false,C9002,VENTA ONLINE,Ecommerce,,CAF-ETIOP-250,CAF-ETIOP-250,false,,Etiopia Yirgacheffe 250 g,UN,CAFE,S,2.00,9709.00,0.00,19418.00,4190.00,8380.00,11038.00,0.57,
2025-02-17,2025-02,FAC 0003-00040621,FAC,false,C9002,VENTA ONLINE,Ecommerce,,CAF-ETIOP-250,CAF-ETIOP-250,false,,Etiopia Yirgacheffe 250 g,UN,CAFE,S,1.00,9709.00,0.00,9709.00,4190.00,4190.00,5519.00,0.57,
2025-03-11,2025-03,FAC 0003-00040944,FAC,false,C9002,VENTA ONLINE,Ecommerce,,CAF-ETIOP-250,CAF-ETIOP-250,false,,Etiopia Yirgacheffe 250 g,UN,CAFE,S,3.00,9922.60,0.00,29767.79,4282.00,12846.00,16921.79,0.57,
2025-03-06,2025-03,FAC 0003-00040903,FAC,false,C9002,VENTA ONLINE,Ecommerce,,CAF-DESCA-250,CAF-DESCA-250,false,,Descafeinado 250 g,UN,CAFE,S,3.00,7729.18,0.00,23187.54,3656.00,10968.00,12219.54,0.53,
2025-05-21,2025-05,FAC 0003-00042020,FAC,false,C9001,CONSUMIDOR FINAL,Local,CABA,CAF-BLEND-250,CAF-BLEND-250,false,,Blend Casa 250 g,UN,CAFE,S,2.00,6109.30,0.00,12218.60,2793.00,5586.00,6632.60,0.54,
2025-06-08,2025-06,FAC 0003-00042226,FAC,false,C9002,VENTA ONLINE,Ecommerce,,CAP-TAZA,CAP-TAZA,false,,Taza ceramica logo,UN,ACCESORIOS,S,2.00,9923.03,0.00,19846.07,4683.00,9366.00,10480.07,0.53,
2025-06-02,2025-06,FAC 0003-00042410,FAC,false,C9001,CONSUMIDOR FINAL,Local,CABA,CAF-COLOM-250,CAF-COLOM-250,false,,Colombia Huila 250 g,UN,CAFE,S,1.00,9142.57,0.00,9142.57,4014.00,4014.00,5128.57,0.56,
2025-04-05,2025-04,NC 0003-00001231,NC,true,C0115,Tostado Boedo II,Mayorista,CABA,CAF-BRAS-1K,CAF-BRAS-1K,false,,Brasil Cerrado 1 kg,UN,CAFE,S,-1.00,18146.87,30.00,-12702.81,9927.00,-9927.00,-2775.81,,
2025-06-02,2025-06,FAC 0003-00042409,FAC,false,C9001,CONSUMIDOR FINAL,Local,CABA,CAF-COLOM-250,CAF-COLOM-250,false,,Colombia Huila 250 g,UN,CAFE,S,2.00,9142.57,0.00,18285.14,4014.00,8028.00,10257.14,0.56,
2025-05-09,2025-05,FAC 0003-00041684,FAC,false,C0128,La Ventanita de San Telmo,Mayorista,CABA,CAF-BLEND-1K,CAF-BLEND-1K,false,,Blend Casa 1 kg,UN,CAFE,S,6.00,19637.04,32.00,80119.13,10691.00,64146.00,15973.13,0.20,R. Ibarra
2025-03-18,2025-03,FAC 0003-00041049,FAC,false,C9002,VENTA ONLINE,Ecommerce,,CAP-TAZA,CAP-TAZA,false,,Taza ceramica logo,UN,ACCESORIOS,S,3.00,9295.91,0.00,27887.72,4387.00,13161.00,14726.72,0.53,
2025-04-19,2025-04,FAC 0003-00041478,FAC,false,C9002,VENTA ONLINE,Ecommerce,,CAF-CAPS-10,CAF-CAPS-10,false,,Capsulas compatibles x10,UN,CAFE,S,1.00,7365.49,0.00,7365.49,3523.00,3523.00,3842.49,0.52,
2025-06-04,2025-06,FAC 0003-00042401,FAC,false,C9001,CONSUMIDOR FINAL,Local,CABA,CAF-BLEND-1K,CAF-BLEND-1K,false,,Blend Casa 1 kg,UN,CAFE,S,1.00,20069.06,0.00,20069.06,10926.00,10926.00,9143.06,0.46,
2025-02-18,2025-02,FAC 0003-00040520,FAC,false,C9002,VENTA ONLINE,Ecommerce,,CAF-COLOM-250,CAF-COLOM-250,false,,Colombia Huila 250 g,UN,CAFE,S,1.00,8380.40,0.00,8380.40,3679.00,3679.00,4701.40,0.56,
2025-05-28,2025-05,FAC 0003-00041731,FAC,false,C9002,VENTA ONLINE,Ecommerce,,CAF-ETIOP-250,CAF-ETIOP-250,false,,Etiopia Yirgacheffe 250 g,UN,CAFE,S,3.00,10363.99,0.00,31091.98,4473.00,13419.00,17672.98,0.57,
2025-06-27,2025-06,FAC 0003-00042465,FAC,false,C9001,CONSUMIDOR FINAL,Local,CABA,CAF-BLEND-250,CAF-BLEND-250,false,,Blend Casa 250 g,UN,CAFE,S,1.00,6243.71,0.00,6243.71,2854.00,2854.00,3389.71,0.54,
2025-05-15,2025-05,FAC 0003-00041793,FAC,false,C9002,VENTA ONLINE,Ecommerce,,CAF-ETIOP-250,CAF-ETIOP-250,false,,Etiopia Yirgacheffe 250 g,UN,CAFE,S,3.00,10363.99,0.00,31091.98,4473.00,13419.00,17672.98,0.57,
2025-02-24,2025-02,FAC 0003-00040568,FAC,false,C9002,VENTA ONLINE,Ecommerce,,CAF-BLEND-250,CAF-BLEND-250,false,,Blend Casa 250 g,UN,CAFE,S,2.00,5723.20,0.00,11446.40,2616.00,5232.00,6214.40,0.54,
2025-04-10,2025-04,FAC 0003-00041303,FAC,false,C9002,VENTA ONLINE,Ecommerce,,CAF-COLOM-250,CAF-COLOM-250,false,,Colombia Huila 250 g,UN,CAFE,S,3.00,8753.19,0.00,26259.58,3843.00,11529.00,14730.58,0.56,
2025-06-23,2025-06,FAC 0003-00042499,FAC,false,C9001,CONSUMIDOR FINAL,Local,CABA,CAF-BLEND-250,CAF-BLEND-250,false,,Blend Casa 250 g,UN,CAFE,S,1.00,6243.71,0.00,6243.71,2854.00,2854.00,3389.71,0.54,
2025-01-01,2025-01,FAC 0003-00040376,FAC,false,C9001,CONSUMIDOR FINAL,Local,CABA,CAP-FILTRO-100,CAP-FILTRO-100,false,,Filtros de papel x 100,UN,ACCESORIOS,S,2.00,3200.00,0.00,6400.00,1900.00,3800.00,2600.00,0.41,
2025-03-13,2025-03,FAC 0003-00041190,FAC,false,C9001,CONSUMIDOR FINAL,Local,CABA,CAF-BLEND-250,CAF-BLEND-250,false,,Blend Casa 250 g,UN,CAFE,S,2.00,5849.11,0.00,11698.22,2674.00,5348.00,6350.22,0.54,
2025-02-17,2025-02,FAC 0003-00040557,FAC,false,C9002,VENTA ONLINE,Ecommerce,,CAF-DESCA-250,CAF-DESCA-250,false,,Descafeinado 250 g,UN,CAFE,S,2.00,7562.80,0.00,15125.60,3577.00,7154.00,7971.60,0.53,
2025-06-14,2025-06,FAC 0003-00042136,FAC,false,C0136,Tostado Villa Urquiza,Mayorista,CABA,CAP-FILTRO-100,CAP-FILTRO-100,false,,Filtros de papel x 100,UN,ACCESORIOS,S,6.00,3567.83,35.00,13914.55,2118.00,12708.00,1206.55,0.09,
2025-02-24,2025-02,FAC 0003-00040585,FAC,false,C9002,VENTA ONLINE,Ecommerce,,CAF-BRAS-250,CAF-BRAS-250,false,,Brasil Cerrado 250 g,UN,CAFE,S,1.00,5416.60,0.00,5416.60,2483.00,2483.00,2933.60,0.54,
2025-01-10,2025-01,FAC 0003-00040344,FAC,false,C9001,CONSUMIDOR FINAL,Local,CABA,CAF-BLEND-250,CAF-BLEND-250,false,,Blend Casa 250 g,UN,CAFE,S,2.00,5600.00,0.00,11200.00,2560.00,5120.00,6080.00,0.54,
2025-06-03,2025-06,FAC 0003-00042360,FAC,false,C9002,VENTA ONLINE,Ecommerce,,CAP-TAZA,CAP-TAZA,false,,Taza ceramica logo,UN,ACCESORIOS,S,1.00,9923.03,0.00,9923.03,4683.00,4683.00,5240.03,0.53,
2025-05-04,2025-05,FAC 0003-00041805,FAC,false,C9002,VENTA ONLINE,Ecommerce,,CAF-CAPS-10,CAF-CAPS-10,false,,Capsulas compatibles x10,UN,CAFE,S,1.00,7527.53,0.00,7527.53,3600.00,3600.00,3927.53,0.52,
2025-02-15,2025-02,FAC 0003-00040581,FAC,false,C9002,VENTA ONLINE,Ecommerce,,CAF-DESCA-250,CAF-DESCA-250,false,,Descafeinado 250 g,UN,CAFE,S,3.00,7562.80,0.00,22688.40,3577.00,10731.00,11957.40,0.53,
2025-01-06,2025-01,FAC 0003-00040157,FAC,false,C9002,VENTA ONLINE,Ecommerce,,CAF-ETIOP-250,CAF-ETIOP-250,false,,Etiopia Yirgacheffe 250 g,UN,CAFE,S,2.00,9500.00,0.00,19000.00,4100.00,8200.00,10800.00,0.57,
2025-02-25,2025-02,FAC 0003-00040514,FAC,false,C9002,VENTA ONLINE,Ecommerce,,CAF-CAPS-10,CAF-CAPS-10,false,,Capsulas compatibles x10,UN,CAFE,S,3.00,7051.80,0.00,21155.40,3373.00,10119.00,11036.40,0.52,
2025-05-22,2025-05,FAC 0003-00041917,FAC,false,C9002,VENTA ONLINE,Ecommerce,,CAF-ETIOP-250,CAF-ETIOP-250,false,,Etiopia Yirgacheffe 250 g,UN,CAFE,S,2.00,10363.99,0.00,20727.99,4473.00,8946.00,11781.99,0.57,
2025-03-23,2025-03,FAC 0003-00041183,FAC,false,C9001,CONSUMIDOR FINAL,Local,CABA,CAF-COLOM-250,CAF-COLOM-250,false,,Colombia Huila 250 g,UN,CAFE,S,1.00,8564.77,0.00,8564.77,3760.00,3760.00,4804.77,0.56,
2025-01-22,2025-01,FAC 0003-00040150,FAC,false,C9002,VENTA ONLINE,Ecommerce,,CAF-BLEND-250,CAF-BLEND-250,false,,Blend Casa 250 g,UN,CAFE,S,1.00,5600.00,0.00,5600.00,2560.00,2560.00,3040.00,0.54,
2025-01-28,2025-01,FAC 0003-00040156,FAC,false,C9002,VENTA ONLINE,Ecommerce,,CAF-COLOM-250,CAF-COLOM-250,false,,Colombia Huila 250 g,UN,CAFE,S,3.00,8200.00,0.00,24600.00,3600.00,10800.00,13800.00,0.56,
2025-05-09,2025-05,FAC 0003-00041739,FAC,false,C9002,VENTA ONLINE,Ecommerce,,CAF-COLOM-250,CAF-COLOM-250,false,,Colombia Huila 250 g,UN,CAFE,S,3.00,8945.76,0.00,26837.29,3927.00,11781.00,15056.29,0.56,
2025-03-12,2025-03,FAC 0003-00040867,FAC,false,C0121,Panaderia Chacarita II,Mayorista,CABA,CAP-FILTRO-100,CAP-FILTRO-100,false,,Filtros de papel x 100,UN,ACCESORIOS,S,6.00,3342.35,35.00,13035.16,1985.00,11910.00,1125.16,0.09,R. Ibarra
2025-04-26,2025-04,FAC 0003-00041367,FAC,false,C9002,VENTA ONLINE,Ecommerce,,CAF-CAPS-10,CAF-CAPS-10,false,,Capsulas compatibles x10,UN,CAFE,S,1.00,7365.49,0.00,7365.49,3523.00,3523.00,3842.49,0.52,
2025-03-16,2025-03,FAC 0003-00040952,FAC,false,C9002,VENTA ONLINE,Ecommerce,,CAF-BRAS-250,CAF-BRAS-250,false,,Brasil Cerrado 250 g,UN,CAFE,S,1.00,5535.77,0.00,5535.77,2538.00,2538.00,2997.77,0.54,
2025-03-15,2025-03,FAC 0003-00041216,FAC,false,C9001,CONSUMIDOR FINAL,Local,CABA,CAF-COLOM-250,CAF-COLOM-250,false,,Colombia Huila 250 g,UN,CAFE,S,2.00,8564.77,0.00,17129.54,3760.00,7520.00,9609.54,0.56,
2025-03-16,2025-03,FAC 0003-00041135,FAC,false,C9001,CONSUMIDOR FINAL,Local,CABA,CAF-ETIOP-250,CAF-ETIOP-250,false,,Etiopia Yirgacheffe 250 g,UN,CAFE,S,2.00,9922.60,0.00,19845.20,4282.00,8564.00,11281.20,0.57,
2025-02-04,2025-02,FAC 0003-00040594,FAC,false,C9002,VENTA ONLINE,Ecommerce,,CAF-BRAS-250,CAF-BRAS-250,false,,Brasil Cerrado 250 g,UN,CAFE,S,3.00,5416.60,0.00,16249.80,2483.00,7449.00,8800.80,0.54,
2025-01-23,2025-01,FAC 0003-00040065,FAC,false,C9002,VENTA ONLINE,Ecommerce,,CAF-ETIOP-250,CAF-ETIOP-250,false,,Etiopia Yirgacheffe 250 g,UN,CAFE,S,3.00,9500.00,0.00,28500.00,4100.00,12300.00,16200.00,0.57,
2025-02-14,2025-02,FAC 0003-00040754,FAC,false,C9001,CONSUMIDOR FINAL,Local,CABA,CAP-FILTRO-100,CAP-FILTRO-100,false,,Filtros de papel x 100,UN,ACCESORIOS,S,1.00,3270.40,0.00,3270.40,1942.00,1942.00,1328.40,0.41,
2025-01-22,2025-01,FAC 0003-00040189,FAC,false,C9002,VENTA ONLINE,Ecommerce,,CAF-BRAS-250,CAF-BRAS-250,false,,Brasil Cerrado 250 g,UN,CAFE,S,3.00,5300.00,0.00,15900.00,2430.00,7290.00,8610.00,0.54,
2025-03-15,2025-03,FAC 0003-00040844,FAC,false,C0100,Cafe Palermo,Mayorista,CABA,CAF-ETIOP-250,CAF-ETIOP-250,false,,Etiopia Yirgacheffe 250 g,UN,CAFE,S,4.00,9922.60,32.00,26989.47,4282.00,17128.00,9861.47,0.37,R. Ibarra
2025-01-12,2025-01,FAC 0003-00040297,FAC,false,C9001,CONSUMIDOR FINAL,Local,CABA,CAF-BLEND-1K,CAF-BLEND-1K,false,,Blend Casa 1 kg,UN,CAFE,S,1.00,18000.00,0.00,18000.00,9800.00,9800.00,8200.00,0.46,
2025-02-18,2025-02,FAC 0003-00040780,FAC,false,C9001,CONSUMIDOR FINAL,Local,CABA,CAP-FILTRO-100,CAP-FILTRO-100,false,,Filtros de papel x 100,UN,ACCESORIOS,S,2.00,3270.40,0.00,6540.80,1942.00,3884.00,2656.80,0.41,
2025-05-15,2025-05,FAC 0003-00041694,FAC,false,C0136,Tostado Villa Urquiza,Mayorista,CABA,CAF-BRAS-1K,CAF-BRAS-1K,false,,Brasil Cerrado 1 kg,UN,CAFE,S,5.00,18546.10,35.00,60274.81,10146.00,50730.00,9544.81,0.16,M. Paz
2025-03-04,2025-03,FAC 0003-00041093,FAC,false,C9002,VENTA ONLINE,Ecommerce,,CAF-ETIOP-250,CAF-ETIOP-250,false,,Etiopia Yirgacheffe 250 g,UN,CAFE,S,1.00,9922.60,0.00,9922.60,4282.00,4282.00,5640.60,0.57,
2025-06-03,2025-06,FAC 0003-00042104,FAC,false,C0110,Panaderia Devoto,Mayorista,CABA,CAF-BRAS-1K,CAF-BRAS-1K,false,,Brasil Cerrado 1 kg,UN,CAFE,S,8.00,18954.11,35.00,98561.37,10369.00,82952.00,15609.37,0.16,M. Paz
2025-03-20,2025-03,FAC 0003-00041114,FAC,false,C9002,VENTA ONLINE,Ecommerce,,CAF-CAPS-10,CAF-CAPS-10,false,,Capsulas compatibles x10,UN,CAFE,S,3.00,7206.94,0.00,21620.82,3447.00,10341.00,11279.82,0.52,
2025-06-25,2025-06,FAC 0003-00042292,FAC,false,C9002,VENTA ONLINE,Ecommerce,,CAF-ETIOP-250,CAF-ETIOP-250,false,,Etiopia Yirgacheffe 250 g,UN,CAFE,S,2.00,10592.00,0.00,21184.01,4571.00,9142.00,12042.01,0.57,
2025-04-09,2025-04,FAC 0003-00041577,FAC,false,C9001,CONSUMIDOR FINAL,Local,CABA,CAF-BLEND-250,CAF-BLEND-250,false,,Blend Casa 250 g,UN,CAFE,S,1.00,5977.79,0.00,5977.79,2733.00,2733.00,3244.79,0.54,
2025-04-19,2025-04,FAC 0003-00041487,FAC,false,C9002,VENTA ONLINE,Ecommerce,,CAF-BRAS-250,CAF-BRAS-250,false,,Brasil Cerrado 250 g,UN,CAFE,S,1.00,5657.55,0.00,5657.55,2594.00,2594.00,3063.55,0.54,
2025-06-04,2025-06,FAC 0003-00042286,FAC,false,C9002,VENTA ONLINE,Ecommerce,,CAF-CAPS-10,CAF-CAPS-10,false,,Capsulas compatibles x10,UN,CAFE,S,3.00,7693.14,0.00,23079.42,3679.00,11037.00,12042.42,0.52,
2025-01-25,2025-01,FAC 0003-00040271,FAC,false,C9001,CONSUMIDOR FINAL,Local,CABA,CAF-BLEND-250,CAF-BLEND-250,false,,Blend Casa 250 g,UN,CAFE,S,2.00,5600.00,0.00,11200.00,2560.00,5120.00,6080.00,0.54,
2025-04-28,2025-04,FAC 0003-00041613,FAC,false,C9001,CONSUMIDOR FINAL,Local,CABA,CAF-COLOM-250,CAF-COLOM-250,false,,Colombia Huila 250 g,UN,CAFE,S,1.00,8753.19,0.00,8753.19,3843.00,3843.00,4910.19,0.56,
2025-06-22,2025-06,NC 0003-00001243,NC,true,C0001,GRANOS DEL SUR S.A.,Distribuidor,Avellaneda,CAF-BLEND-1K,CAF-BLEND-1K,false,,Blend Casa 1 kg,UN,CAFE,S,-4.00,20069.06,40.00,-48165.74,10926.00,-43704.00,-4461.74,,
2025-04-17,2025-04,FAC 0003-00041551,FAC,false,C9001,CONSUMIDOR FINAL,Local,CABA,CAF-ETIOP-250,CAF-ETIOP-250,false,,Etiopia Yirgacheffe 250 g,UN,CAFE,S,1.00,10140.90,0.00,10140.90,4377.00,4377.00,5763.90,0.57,
2025-02-14,2025-02,FAC 0003-00040786,FAC,false,C9001,CONSUMIDOR FINAL,Local,CABA,CAF-COLOM-250,CAF-COLOM-250,false,,Colombia Huila 250 g,UN,CAFE,S,1.00,8380.40,0.00,8380.40,3679.00,3679.00,4701.40,0.56,
2025-01-12,2025-01,FAC 0003-00040362,FAC,false,C9001,CONSUMIDOR FINAL,Local,CABA,CAF-BLEND-250,CAF-BLEND-250,false,,Blend Casa 250 g,UN,CAFE,S,2.00,5600.00,0.00,11200.00,2560.00,5120.00,6080.00,0.54,
2025-02-10,2025-02,FAC 0003-00040610,FAC,false,C9002,VENTA ONLINE,Ecommerce,,CAF-CAPS-10,CAF-CAPS-10,false,,Capsulas compatibles x10,UN,CAFE,S,2.00,7051.80,0.00,14103.60,3373.00,6746.00,7357.60,0.52,
2025-03-27,2025-03,FAC 0003-00040996,FAC,false,C9002,VENTA ONLINE,Ecommerce,,CAF-BLEND-250,CAF-BLEND-250,false,,Blend Casa 250 g,UN,CAFE,S,2.00,5849.11,0.00,11698.22,2674.00,5348.00,6350.22,0.54,
2025-05-20,2025-05,FAC 0003-00041723,FAC,false,C9002,VENTA ONLINE,Ecommerce,,CAP-TAZA,CAP-TAZA,false,,Taza ceramica logo,UN,ACCESORIOS,S,3.00,9709.43,0.00,29128.28,4582.00,13746.00,15382.28,0.53,
2025-04-24,2025-04,FAC 0003-00041422,FAC,false,C9002,VENTA ONLINE,Ecommerce,,CAF-COLOM-250,CAF-COLOM-250,false,,Colombia Huila 250 g,UN,CAFE,S,1.00,8753.19,0.00,8753.19,3843.00,3843.00,4910.19,0.56,
2025-05-15,2025-05,FAC 0003-00042019,FAC,false,C9001,CONSUMIDOR FINAL,Local,CABA,CAF-COLOM-250,CAF-COLOM-250,false,,Colombia Huila 250 g,UN,CAFE,S,2.00,8945.76,0.00,17891.53,3927.00,7854.00,10037.53,0.56,
2025-01-07,2025-01,FAC 0003-00040353,FAC,false,C9001,CONSUMIDOR FINAL,Local,CABA,CAP-FILTRO-100,CAP-FILTRO-100,false,,Filtros de papel x 100,UN,ACCESORIOS,S,2.00,3200.00,0.00,6400.00,1900.00,3800.00,2600.00,0.41,
2025-06-21,2025-06,FAC 0003-00042287,FAC,false,C9002,VENTA ONLINE,Ecommerce,,CAF-DESCA-250,CAF-DESCA-250,false,,Descafeinado 250 g,UN,CAFE,S,3.00,8250.61,0.00,24751.84,3902.00,11706.00,13045.84,0.53,
2025-02-10,2025-02,FAC 0003-00040796,FAC,false,C9001,CONSUMIDOR FINAL,Local,CABA,CAF-BLEND-250,CAF-BLEND-250,false,,Blend Casa 250 g,UN,CAFE,S,1.00,5723.20,0.00,5723.20,2616.00,2616.00,3107.20,0.54,
2025-04-25,2025-04,FAC 0003-00041279,FAC,false,C0132,Cafe Barracas,Mayorista,CABA,CAF-BLEND-1K,CAF-BLEND-1K,false,,Blend Casa 1 kg,UN,CAFE,S,4.00,19214.33,35.00,49957.25,10461.00,41844.00,8113.25,0.16,R. Ibarra
2025-05-10,2025-05,FAC 0003-00041664,FAC,false,C0110,Panaderia Devoto,Mayorista,CABA,CAF-BLEND-1K,CAF-BLEND-1K,false,,Blend Casa 1 kg,UN,CAFE,S,10.00,19637.04,35.00,127640.78,10691.00,106910.00,20730.78,0.16,
2025-05-24,2025-05,FAC 0003-00041900,FAC,false,C9002,VENTA ONLINE,Ecommerce,,CAF-COLOM-250,CAF-COLOM-250,false,,Colombia Huila 250 g,UN,CAFE,S,1.00,8945.76,0.00,8945.76,3927.00,3927.00,5018.76,0.56,
2025-03-27,2025-03,FAC 0003-00040861,FAC,false,C0116,Cafe Caballito,Mayorista,CABA,CAF-BRAS-1K,CAF-BRAS-1K,false,,Brasil Cerrado 1 kg,UN,CAFE,S,2.00,17756.23,32.00,24148.47,9714.00,19428.00,4720.47,0.20,
2025-06-10,2025-06,FAC 0003-00042481,FAC,false,C9001,CONSUMIDOR FINAL,Local,CABA,CAF-BLEND-250,CAF-BLEND-250,false,,Blend Casa 250 g,UN,CAFE,S,2.00,6243.71,0.00,12487.41,2854.00,5708.00,6779.41,0.54,
2025-06-23,2025-06,FAC 0003-00042317,FAC,false,C9002,VENTA ONLINE,Ecommerce,,CAF-BLEND-250,CAF-BLEND-250,false,,Blend Casa 250 g,UN,CAFE,S,1.00,6243.71,0.00,6243.71,2854.00,2854.00,3389.71,0.54,
2025-04-14,2025-04,FAC 0003-00041601,FAC,false,C9001,CONSUMIDOR FINAL,Local,CABA,CAF-BLEND-250,CAF-BLEND-250,false,,Blend Casa 250 g,UN,CAFE,S,2.00,5977.79,0.00,11955.58,2733.00,5466.00,6489.58,0.54,
2025-05-16,2025-05,FAC 0003-00041648,FAC,false,C0001,GRANOS DEL SUR S.A.,Distribuidor,Avellaneda,CAF-BLEND-CJ6,CAF-BLEND-CJ6,false,,Blend Casa CAJA X 6 (1kg c/u),CAJA X6,CAFE,S,6.00,111276.58,40.00,400595.67,64148.00,384888.00,15707.67,0.04,
2025-04-15,2025-04,FAC 0003-00041406,FAC,false,C9002,VENTA ONLINE,Ecommerce,,CAP-TAZA,CAP-TAZA,false,,Taza ceramica logo,UN,ACCESORIOS,S,1.00,9500.42,0.00,9500.42,4483.00,4483.00,5017.42,0.53,
2025-06-22,2025-06,FAC 0003-00042094,FAC,false,C0103,Coffee Lab Belgrano II,Mayorista,CABA,CAF-BLEND-1K,CAF-BLEND-1K,false,,Blend Casa 1 kg,UN,CAFE,S,5.00,20069.06,35.00,65224.44,10926.00,54630.00,10594.44,0.16,R. Ibarra
2025-02-26,2025-02,FAC 0003-00040488,FAC,false,C9002,VENTA ONLINE,Ecommerce,,CAF-BLEND-250,CAF-BLEND-250,false,,Blend Casa 250 g,UN,CAFE,S,3.00,5723.20,0.00,17169.60,2616.00,7848.00,9321.60,0.54,
2025-03-01,2025-03,FAC 0003-00040878,FAC,false,C0132,Cafe Barracas,Mayorista,CABA,CAF-BLEND-1K,CAF-BLEND-1K,false,,Blend Casa 1 kg,UN,CAFE,S,8.00,18800.71,35.00,97763.70,10236.00,81888.00,15875.70,0.16,
2025-03-26,2025-03,FAC 0003-00041131,FAC,false,C9001,CONSUMIDOR FINAL,Local,CABA,CAP-FILTRO-100,CAP-FILTRO-100,false,,Filtros de papel x 100,UN,ACCESORIOS,S,1.00,3342.35,0.00,3342.35,1985.00,1985.00,1357.35,0.41,
2025-03-08,2025-03,FAC 0003-00041064,FAC,false,C9002,VENTA ONLINE,Ecommerce,,CAF-COLOM-250,CAF-COLOM-250,false,,Colombia Huila 250 g,UN,CAFE,S,2.00,8564.77,0.00,17129.54,3760.00,7520.00,9609.54,0.56,
2025-02-16,2025-02,FAC 0003-00040627,FAC,false,C9002,VENTA ONLINE,Ecommerce,,CAF-COLOM-250,CAF-COLOM-250,false,,Colombia Huila 250 g,UN,CAFE,S,2.00,8380.40,0.00,16760.80,3679.00,7358.00,9402.80,0.56,
2025-02-17,2025-02,FAC 0003-00040730,FAC,false,C9001,CONSUMIDOR FINAL,Local,CABA,CAF-BLEND-250,CAF-BLEND-250,false,,Blend Casa 250 g,UN,CAFE,S,2.00,5723.20,0.00,11446.40,2616.00,5232.00,6214.40,0.54,
2025-06-11,2025-06,FAC 0003-00042282,FAC,false,C9002,VENTA ONLINE,Ecommerce,,CAF-DESCA-250,CAF-DESCA-250,false,,Descafeinado 250 g,UN,CAFE,S,3.00,8250.61,0.00,24751.84,3902.00,11706.00,13045.84,0.53,
2025-01-14,2025-01,FAC 0003-00040317,FAC,false,C9001,CONSUMIDOR FINAL,Local,CABA,CAF-ETIOP-250,CAF-ETIOP-250,false,,Etiopia Yirgacheffe 250 g,UN,CAFE,S,2.00,9500.00,0.00,19000.00,4100.00,8200.00,10800.00,0.57,
2025-02-09,2025-02,FAC 0003-00040757,FAC,false,C9001,CONSUMIDOR FINAL,Local,CABA,CAF-BLEND-250,CAF-BLEND-250,false,,Blend Casa 250 g,UN,CAFE,S,1.00,5723.20,0.00,5723.20,2616.00,2616.00,3107.20,0.54,
2025-01-06,2025-01,FAC 0003-00040131,FAC,false,C9002,VENTA ONLINE,Ecommerce,,CAF-BLEND-250,CAF-BLEND-250,false,,Blend Casa 250 g,UN,CAFE,S,2.00,5600.00,0.00,11200.00,2560.00,5120.00,6080.00,0.54,
2025-05-21,2025-05,FAC 0003-00041843,FAC,false,C9002,VENTA ONLINE,Ecommerce,,CAF-ETIOP-250,CAF-ETIOP-250,false,,Etiopia Yirgacheffe 250 g,UN,CAFE,S,3.00,10363.99,0.00,31091.98,4473.00,13419.00,17672.98,0.57,
2025-05-10,2025-05,FAC 0003-00041939,FAC,false,C9002,VENTA ONLINE,Ecommerce,,CAF-BLEND-250,CAF-BLEND-250,false,,Blend Casa 250 g,UN,CAFE,S,2.00,6109.30,0.00,12218.60,2793.00,5586.00,6632.60,0.54,
2025-05-17,2025-05,FAC 0003-00041944,FAC,false,C9002,VENTA ONLINE,Ecommerce,,CAF-CAPS-10,CAF-CAPS-10,false,,Capsulas compatibles x10,UN,CAFE,S,2.00,7527.53,0.00,15055.07,3600.00,7200.00,7855.07,0.52,
2025-02-01,2025-02,FAC 0003-00040672,FAC,false,C9002,VENTA ONLINE,Ecommerce,,CAF-BRAS-250,CAF-BRAS-250,false,,Brasil Cerrado 250 g,UN,CAFE,S,1.00,5416.60,0.00,5416.60,2483.00,2483.00,2933.60,0.54,
2025-06-24,2025-06,FAC 0003-00042276,FAC,false,C9002,VENTA ONLINE,Ecommerce,,CAF-COLOM-250,CAF-COLOM-250,false,,Colombia Huila 250 g,UN,CAFE,S,2.00,9142.57,0.00,18285.14,4014.00,8028.00,10257.14,0.56,
2025-02-09,2025-02,FAC 0003-00040711,FAC,false,C9001,CONSUMIDOR FINAL,Local,CABA,CAP-FILTRO-100,CAP-FILTRO-100,false,,Filtros de papel x 100,UN,ACCESORIOS,S,1.00,3270.40,0.00,3270.40,1942.00,1942.00,1328.40,0.41,
2025-04-27,2025-04,FAC 0003-00041336,FAC,false,C9002,VENTA ONLINE,Ecommerce,,CAF-COLOM-250,CAF-COLOM-250,false,,Colombia Huila 250 g,UN,CAFE,S,1.00,8753.19,0.00,8753.19,3843.00,3843.00,4910.19,0.56,
2025-06-26,2025-06,FAC 0003-00042266,FAC,false,C9002,VENTA ONLINE,Ecommerce,,CAF-ETIOP-250,CAF-ETIOP-250,false,,Etiopia Yirgacheffe 250 g,UN,CAFE,S,2.00,10592.00,0.00,21184.01,4571.00,9142.00,12042.01,0.57,
2025-02-27,2025-02,FAC 0003-00040458,FAC,false,C0129,Bar San Telmo II,Mayorista,CABA,CAF-BRAS-1K,CAF-BRAS-1K,false,,Brasil Cerrado 1 kg,UN,CAFE,S,2.00,17374.00,32.00,23628.64,9505.00,19010.00,4618.64,0.20,
2025-01-15,2025-01,FAC 0003-00040140,FAC,false,C9002,VENTA ONLINE,Ecommerce,,CAF-COLOM-250,CAF-COLOM-250,false,,Colombia Huila 250 g,UN,CAFE,S,2.00,8200.00,0.00,16400.00,3600.00,7200.00,9200.00,0.56,
2025-06-08,2025-06,FAC 0003-00042240,FAC,false,C9002,VENTA ONLINE,Ecommerce,,CAF-ETIOP-250,CAF-ETIOP-250,false,,Etiopia Yirgacheffe 250 g,UN,CAFE,S,3.00,10592.00,0.00,31776.01,4571.00,13713.00,18063.01,0.57,
2025-01-28,2025-01,FAC 0003-00040030,FAC,false,C0118,Bar Saavedra,Mayorista,CABA,CAF-BRAS-1K,CAF-BRAS-1K,false,,Brasil Cerrado 1 kg,UN,CAFE,S,3.00,17000.00,32.00,34680.00,9300.00,27900.00,6780.00,0.20,M. Paz
2025-02-08,2025-02,FAC 0003-00040519,FAC,false,C9002,VENTA ONLINE,Ecommerce,,CAF-ETIOP-250,CAF-ETIOP-250,false,,Etiopia Yirgacheffe 250 g,UN,CAFE,S,3.00,9709.00,0.00,29127.00,4190.00,12570.00,16557.00,0.57,
2025-01-07,2025-01,FAC 0003-00040068,FAC,false,C9002,VENTA ONLINE,Ecommerce,,CAF-ETIOP-250,CAF-ETIOP-250,false,,Etiopia Yirgacheffe 250 g,UN,CAFE,S,1.00,9500.00,0.00,9500.00,4100.00,4100.00,5400.00,0.57,
2025-06-03,2025-06,FAC 0003-00042294,FAC,false,C9002,VENTA ONLINE,Ecommerce,,CAP-TAZA,CAP-TAZA,false,,Taza ceramica logo,UN,ACCESORIOS,S,1.00,9923.03,0.00,9923.03,4683.00,4683.00,5240.03,0.53,
2025-06-22,2025-06,FAC 0003-00042098,FAC,false,C0107,La Ventanita de Nunez II,Mayorista,CABA,CAF-BLEND-1K,CAF-BLEND-1K,false,,Blend Casa 1 kg,UN,CAFE,S,10.00,20069.06,35.00,130448.88,10926.00,109260.00,21188.88,0.16,R. Ibarra
2025-06-01,2025-06,FAC 0003-00042092,FAC,false,C0102,Bar Belgrano,Mayorista,CABA,CAF-BRAS-1K,CAF-BRAS-1K,false,,Brasil Cerrado 1 kg,UN,CAFE,S,3.00,18954.11,35.00,36960.51,10369.00,31107.00,5853.51,0.16,
2025-02-21,2025-02,FAC 0003-00040759,FAC,false,C9001,CONSUMIDOR FINAL,Local,CABA,CAF-BLEND-250,CAF-BLEND-250,false,,Blend Casa 250 g,UN,CAFE,S,2.00,5723.20,0.00,11446.40,2616.00,5232.00,6214.40,0.54,
2025-02-26,2025-02,FAC 0003-00040810,FAC,false,C9001,CONSUMIDOR FINAL,Local,CABA,CAF-BLEND-1K,CAF-BLEND-1K,false,,Blend Casa 1 kg,UN,CAFE,S,1.00,18396.00,0.00,18396.00,10016.00,10016.00,8380.00,0.46,
2025-05-08,2025-05,FAC 0003-00041701,FAC,false,C9002,VENTA ONLINE,Ecommerce,,CAF-DESCA-250,CAF-DESCA-250,false,,Descafeinado 250 g,UN,CAFE,S,2.00,8073.01,0.00,16146.01,3818.00,7636.00,8510.01,0.53,
2025-02-06,2025-02,FAC 0003-00040733,FAC,false,C9001,CONSUMIDOR FINAL,Local,CABA,CAF-BLEND-250,CAF-BLEND-250,false,,Blend Casa 250 g,UN,CAFE,S,2.00,5723.20,0.00,11446.40,2616.00,5232.00,6214.40,0.54,
2025-04-02,2025-04,FAC 0003-00041387,FAC,false,C9002,VENTA ONLINE,Ecommerce,,CAF-COLOM-250,CAF-COLOM-250,false,,Colombia Huila 250 g,UN,CAFE,S,3.00,8753.19,0.00,26259.58,3843.00,11529.00,14730.58,0.56,
2025-03-05,2025-03,FAC 0003-00040882,FAC,false,C0134,Bar Agronomia,Mayorista,CABA,CAP-FILTRO-100,CAP-FILTRO-100,false,,Filtros de papel x 100,UN,ACCESORIOS,S,3.00,3342.35,35.00,6517.58,1985.00,5955.00,562.58,0.09,M. Paz
2025-03-19,2025-03,FAC 0003-00041111,FAC,false,C9002,VENTA ONLINE,Ecommerce,,CAF-ETIOP-250,CAF-ETIOP-250,false,,Etiopia Yirgacheffe 250 g,UN,CAFE,S,3.00,9922.60,0.00,29767.79,4282.00,12846.00,16921.79,0.57,
2025-04-27,2025-04,FAC 0003-00041358,FAC,false,C9002,VENTA ONLINE,Ecommerce,,CAF-ETIOP-250,CAF-ETIOP-250,false,,Etiopia Yirgacheffe 250 g,UN,CAFE,S,2.00,10140.90,0.00,20281.79,4377.00,8754.00,11527.79,0.57,
2025-03-16,2025-03,FAC 0003-00040998,FAC,false,C9002,VENTA ONLINE,Ecommerce,,CAF-BLEND-250,CAF-BLEND-250,false,,Blend Casa 250 g,UN,CAFE,S,3.00,5849.11,0.00,17547.33,2674.00,8022.00,9525.33,0.54,
2025-04-20,2025-04,FAC 0003-00041539,FAC,false,C9001,CONSUMIDOR FINAL,Local,CABA,CAF-BLEND-1K,CAF-BLEND-1K,false,,Blend Casa 1 kg,UN,CAFE,S,2.00,19214.33,0.00,38428.66,10461.00,20922.00,17506.66,0.46,
2025-02-22,2025-02,FAC 0003-00040572,FAC,false,C9002,VENTA ONLINE,Ecommerce,,CAF-BRAS-250,CAF-BRAS-250,false,,Brasil Cerrado 250 g,UN,CAFE,S,3.00,5416.60,0.00,16249.80,2483.00,7449.00,8800.80,0.54,
2025-04-24,2025-04,FAC 0003-00041582,FAC,false,C9001,CONSUMIDOR FINAL,Local,CABA,CAF-BLEND-250,CAF-BLEND-250,false,,Blend Casa 250 g,UN,CAFE,S,2.00,5977.79,0.00,11955.58,2733.00,5466.00,6489.58,0.54,
2025-01-16,2025-01,FAC 0003-00040169,FAC,false,C9002,VENTA ONLINE,Ecommerce,,CAF-COLOM-250,CAF-COLOM-250,false,,Colombia Huila 250 g,UN,CAFE,S,2.00,8200.00,0.00,16400.00,3600.00,7200.00,9200.00,0.56,
2025-01-03,2025-01,FAC 0003-00040151,FAC,false,C9002,VENTA ONLINE,Ecommerce,,CAF-BRAS-250,CAF-BRAS-250,false,,Brasil Cerrado 250 g,UN,CAFE,S,2.00,5300.00,0.00,10600.00,2430.00,4860.00,5740.00,0.54,
2025-02-19,2025-02,FAC 0003-00040521,FAC,false,C9002,VENTA ONLINE,Ecommerce,,CAF-COLOM-250,CAF-COLOM-250,false,,Colombia Huila 250 g,UN,CAFE,S,3.00,8380.40,0.00,25141.20,3679.00,11037.00,14104.20,0.56,
2025-06-27,2025-06,FAC 0003-00042153,FAC,false,C9002,VENTA ONLINE,Ecommerce,,CAF-BLEND-250,CAF-BLEND-250,false,,Blend Casa 250 g,UN,CAFE,S,3.00,6243.71,0.00,18731.12,2854.00,8562.00,10169.12,0.54,
2025-05-24,2025-05,FAC 0003-00041661,FAC,false,C0109,Usina Colegiales II,Mayorista,CABA,CAF-BLEND-1K,CAF-BLEND-1K,false,,Blend Casa 1 kg,UN,CAFE,S,4.00,19637.04,32.00,53412.76,10691.00,42764.00,10648.76,0.20,
2025-05-28,2025-05,FAC 0003-00041955,FAC,false,C9001,CONSUMIDOR FINAL,Local,CABA,CAF-BLEND-1K,CAF-BLEND-1K,false,,Blend Casa 1 kg,UN,CAFE,S,2.00,19637.04,0.00,39274.09,10691.00,21382.00,17892.09,0.46,
2025-01-13,2025-01,FAC 0003-00040411,FAC,false,C9001,CONSUMIDOR FINAL,Local,CABA,CAF-BLEND-1K,CAF-BLEND-1K,false,,Blend Casa 1 kg,UN,CAFE,S,2.00,18000.00,0.00,36000.00,9800.00,19600.00,16400.00,0.46,
2025-06-26,2025-06,FAC 0003-00042453,FAC,false,C9001,CONSUMIDOR FINAL,Local,CABA,CAF-BLEND-1K,CAF-BLEND-1K,false,,Blend Casa 1 kg,UN,CAFE,S,1.00,20069.06,0.00,20069.06,10926.00,10926.00,9143.06,0.46,
2025-04-04,2025-04,FAC 0003-00041390,FAC,false,C9002,VENTA ONLINE,Ecommerce,,CAF-CAPS-10,CAF-CAPS-10,false,,Capsulas compatibles x10,UN,CAFE,S,1.00,7365.49,0.00,7365.49,3523.00,3523.00,3842.49,0.52,
2025-06-12,2025-06,FAC 0003-00042272,FAC,false,C9002,VENTA ONLINE,Ecommerce,,CAF-BLEND-250,CAF-BLEND-250,false,,Blend Casa 250 g,UN,CAFE,S,2.00,6243.71,0.00,12487.41,2854.00,5708.00,6779.41,0.54,
2025-02-01,2025-02,FAC 0003-00040762,FAC,false,C9001,CONSUMIDOR FINAL,Local,CABA,CAF-BLEND-250,CAF-BLEND-250,false,,Blend Casa 250 g,UN,CAFE,S,1.00,5723.20,0.00,5723.20,2616.00,2616.00,3107.20,0.54,
2025-04-23,2025-04,FAC 0003-00041430,FAC,false,C9002,VENTA ONLINE,Ecommerce,,CAF-BRAS-250,CAF-BRAS-250,false,,Brasil Cerrado 250 g,UN,CAFE,S,2.00,5657.55,0.00,11315.10,2594.00,5188.00,6127.10,0.54,
2025-04-24,2025-04,FAC 0003-00041427,FAC,false,C9002,VENTA ONLINE,Ecommerce,,CAP-TAZA,CAP-TAZA,false,,Taza ceramica logo,UN,ACCESORIOS,S,3.00,9500.42,0.00,28501.25,4483.00,13449.00,15052.25,0.53,
2025-06-21,2025-06,FAC 0003-00042207,FAC,false,C9002,VENTA ONLINE,Ecommerce,,CAF-ETIOP-250,CAF-ETIOP-250,false,,Etiopia Yirgacheffe 250 g,UN,CAFE,S,3.00,10592.00,0.00,31776.01,4571.00,13713.00,18063.01,0.57,
2025-04-02,2025-04,FAC 0003-00041628,FAC,false,C9001,CONSUMIDOR FINAL,Local,CABA,CAF-COLOM-250,CAF-COLOM-250,false,,Colombia Huila 250 g,UN,CAFE,S,2.00,8753.19,0.00,17506.39,3843.00,7686.00,9820.39,0.56,
2025-01-18,2025-01,FAC 0003-00040018,FAC,false,C0106,El Almacen de Nunez,Mayorista,CABA,CAF-BLEND-1K,CAF-BLEND-1K,false,,Blend Casa 1 kg,UN,CAFE,S,8.00,18000.00,30.00,100800.00,9800.00,78400.00,22400.00,0.22,M. Paz
2025-04-26,2025-04,FAC 0003-00041514,FAC,false,C9002,VENTA ONLINE,Ecommerce,,CAF-ETIOP-250,CAF-ETIOP-250,false,,Etiopia Yirgacheffe 250 g,UN,CAFE,S,2.00,10140.90,0.00,20281.79,4377.00,8754.00,11527.79,0.57,
2025-02-03,2025-02,FAC 0003-00040481,FAC,false,C9002,VENTA ONLINE,Ecommerce,,CAF-COLOM-250,CAF-COLOM-250,false,,Colombia Huila 250 g,UN,CAFE,S,1.00,8380.40,0.00,8380.40,3679.00,3679.00,4701.40,0.56,
2025-05-03,2025-05,FAC 0003-00041861,FAC,false,C9002,VENTA ONLINE,Ecommerce,,CAF-COLOM-250,CAF-COLOM-250,false,,Colombia Huila 250 g,UN,CAFE,S,1.00,8945.76,0.00,8945.76,3927.00,3927.00,5018.76,0.56,
2025-05-19,2025-05,FAC 0003-00041993,FAC,false,C9001,CONSUMIDOR FINAL,Local,CABA,CAF-BLEND-250,CAF-BLEND-250,false,,Blend Casa 250 g,UN,CAFE,S,2.00,6109.30,0.00,12218.60,2793.00,5586.00,6632.60,0.54,
2025-02-01,2025-02,FAC 0003-00040638,FAC,false,C9002,VENTA ONLINE,Ecommerce,,CAF-ETIOP-250,CAF-ETIOP-250,false,,Etiopia Yirgacheffe 250 g,UN,CAFE,S,1.00,9709.00,0.00,9709.00,4190.00,4190.00,5519.00,0.57,
2025-04-28,2025-04,FAC 0003-00041450,FAC,false,C9002,VENTA ONLINE,Ecommerce,,CAF-ETIOP-250,CAF-ETIOP-250,false,,Etiopia Yirgacheffe 250 g,UN,CAFE,S,3.00,10140.90,0.00,30422.69,4377.00,13131.00,17291.69,0.57,
2025-01-13,2025-01,FAC 0003-00040387,FAC,false,C9001,CONSUMIDOR FINAL,Local,CABA,CAF-COLOM-250,CAF-COLOM-250,false,,Colombia Huila 250 g,UN,CAFE,S,1.00,8200.00,0.00,8200.00,3600.00,3600.00,4600.00,0.56,
2025-04-05,2025-04,FAC 0003-00041521,FAC,false,C9002,VENTA ONLINE,Ecommerce,,CAF-BLEND-250,CAF-BLEND-250,false,,Blend Casa 250 g,UN,CAFE,S,1.00,5977.79,0.00,5977.79,2733.00,2733.00,3244.79,0.54,
2025-01-01,2025-01,FAC 0003-00040351,FAC,false,C9001,CONSUMIDOR FINAL,Local,CABA,CAF-BLEND-250,CAF-BLEND-250,false,,Blend Casa 250 g,UN,CAFE,S,2.00,5600.00,0.00,11200.00,2560.00,5120.00,6080.00,0.54,
2025-05-07,2025-05,FAC 0003-00041874,FAC,false,C9002,VENTA ONLINE,Ecommerce,,CAF-BLEND-250,CAF-BLEND-250,false,,Blend Casa 250 g,UN,CAFE,S,1.00,6109.30,0.00,6109.30,2793.00,2793.00,3316.30,0.54,
2025-04-02,2025-04,FAC 0003-00041511,FAC,false,C9002,VENTA ONLINE,Ecommerce,,CAF-ETIOP-250,CAF-ETIOP-250,false,,Etiopia Yirgacheffe 250 g,UN,CAFE,S,3.00,10140.90,0.00,30422.69,4377.00,13131.00,17291.69,0.57,
2025-06-06,2025-06,FAC 0003-00042182,FAC,false,C9002,VENTA ONLINE,Ecommerce,,CAF-COLOM-250,CAF-COLOM-250,false,,Colombia Huila 250 g,UN,CAFE,S,2.00,9142.57,0.00,18285.14,4014.00,8028.00,10257.14,0.56,
2025-02-13,2025-02,FAC 0003-00040554,FAC,false,C9002,VENTA ONLINE,Ecommerce,,CAP-TAZA,CAP-TAZA,false,,Taza ceramica logo,UN,ACCESORIOS,S,2.00,9095.80,0.00,18191.60,4292.00,8584.00,9607.60,0.53,
2025-05-02,2025-05,FAC 0003-00041911,FAC,false,C9002,VENTA ONLINE,Ecommerce,,CAP-TAZA,CAP-TAZA,false,,Taza ceramica logo,UN,ACCESORIOS,S,3.00,9709.43,0.00,29128.28,4582.00,13746.00,15382.28,0.53,
2025-04-08,2025-04,FAC 0003-00041273,FAC,false,C0127,Cafe Parque Chas II,Mayorista,CABA,CAF-BLEND-1K,CAF-BLEND-1K,false,,Blend Casa 1 kg,UN,CAFE,S,9.00,19214.33,32.00,117591.69,10461.00,94149.00,23442.69,0.20,R. Ibarra
2025-02-03,2025-02,FAC 0003-00040540,FAC,false,C9002,VENTA ONLINE,Ecommerce,,CAF-DESCA-250,CAF-DESCA-250,false,,Descafeinado 250 g,UN,CAFE,S,2.00,7562.80,0.00,15125.60,3577.00,7154.00,7971.60,0.53,
2025-05-18,2025-05,FAC 0003-00042000,FAC,false,C9001,CONSUMIDOR FINAL,Local,CABA,CAF-COLOM-250,CAF-COLOM-250,false,,Colombia Huila 250 g,UN,CAFE,S,2.00,8945.76,0.00,17891.53,3927.00,7854.00,10037.53,0.56,
2025-02-18,2025-02,FAC 0003-00040597,FAC,false,C9002,VENTA ONLINE,Ecommerce,,CAF-CAPS-10,CAF-CAPS-10,false,,Capsulas compatibles x10,UN,CAFE,S,1.00,7051.80,0.00,7051.80,3373.00,3373.00,3678.80,0.52,
2025-06-16,2025-06,FAC 0003-00042128,FAC,false,C0130,Usina Coghlan,Mayorista,CABA,CAF-BRAS-1K,CAF-BRAS-1K,false,,Brasil Cerrado 1 kg,UN,CAFE,S,2.00,18954.11,30.00,26535.75,10369.00,20738.00,5797.75,0.22,M. Paz
2025-06-17,2025-06,FAC 0003-00042347,FAC,false,C9002,VENTA ONLINE,Ecommerce,,CAP-TAZA,CAP-TAZA,false,,Taza ceramica logo,UN,ACCESORIOS,S,3.00,9923.03,0.00,29769.10,4683.00,14049.00,15720.10,0.53,
2025-06-07,2025-06,FAC 0003-00042083,FAC,false,C0001,GRANOS DEL SUR S.A.,Distribuidor,Avellaneda,BLEND1K,CAF-BLEND-1K,true,Codigo viejo informado en ventas; corresponde a Blend Casa 1 kg.,Blend Casa 1 kg,UN,CAFE,S,51.00,20069.06,40.00,614113.17,10926.00,557226.00,56887.17,0.09,R. Ibarra
2025-05-20,2025-05,FAC 0003-00041723,FAC,false,C9002,VENTA ONLINE,Ecommerce,,CAF-ETIOP-250,CAF-ETIOP-250,false,,Etiopia Yirgacheffe 250 g,UN,CAFE,S,2.00,10363.99,0.00,20727.99,4473.00,8946.00,11781.99,0.57,
2025-01-02,2025-01,FAC 0003-00040201,FAC,false,C9002,VENTA ONLINE,Ecommerce,,CAF-BRAS-250,CAF-BRAS-250,false,,Brasil Cerrado 250 g,UN,CAFE,S,3.00,5300.00,0.00,15900.00,2430.00,7290.00,8610.00,0.54,
2025-06-24,2025-06,FAC 0003-00042245,FAC,false,C9002,VENTA ONLINE,Ecommerce,,CAF-COLOM-250,CAF-COLOM-250,false,,Colombia Huila 250 g,UN,CAFE,S,1.00,9142.57,0.00,9142.57,4014.00,4014.00,5128.57,0.56,
2025-03-11,2025-03,FAC 0003-00041140,FAC,false,C9001,CONSUMIDOR FINAL,Local,CABA,CAF-ETIOP-250,CAF-ETIOP-250,false,,Etiopia Yirgacheffe 250 g,UN,CAFE,S,2.00,9922.60,0.00,19845.20,4282.00,8564.00,11281.20,0.57,
2025-05-10,2025-05,FAC 0003-00042057,FAC,false,C9001,CONSUMIDOR FINAL,Local,CABA,CAF-BLEND-250,CAF-BLEND-250,false,,Blend Casa 250 g,UN,CAFE,S,2.00,6109.30,0.00,12218.60,2793.00,5586.00,6632.60,0.54,
2025-05-08,2025-05,FAC 0003-00041693,FAC,false,C0135,Coffee Lab Agronomia II,Mayorista,CABA,CAF-BRAS-1K,CAF-BRAS-1K,false,,Brasil Cerrado 1 kg,UN,CAFE,S,8.00,18546.10,30.00,103858.14,10146.00,81168.00,22690.14,0.22,M. Paz
2025-03-08,2025-03,FAC 0003-00040993,FAC,false,C9002,VENTA ONLINE,Ecommerce,,CAF-BLEND-250,CAF-BLEND-250,false,,Blend Casa 250 g,UN,CAFE,S,2.00,5849.11,0.00,11698.22,2674.00,5348.00,6350.22,0.54,
2025-03-08,2025-03,FAC 0003-00040835,FAC,false,C0001,GRANOS DEL SUR S.A.,Distribuidor,Avellaneda,CAF-BRAS-1K,CAF-BRAS-1K,false,,Brasil Cerrado 1 kg,UN,CAFE,S,11.00,17756.23,40.00,117191.10,9714.00,106854.00,10337.10,0.09,
2025-04-17,2025-04,FAC 0003-00041639,FAC,false,C9001,CONSUMIDOR FINAL,Local,CABA,CAP-FILTRO-100,CAP-FILTRO-100,false,,Filtros de papel x 100,UN,ACCESORIOS,S,2.00,3415.88,0.00,6831.76,2028.00,4056.00,2775.76,0.41,
2025-05-22,2025-05,FAC 0003-00041823,FAC,false,C9002,VENTA ONLINE,Ecommerce,,CAF-BLEND-250,CAF-BLEND-250,false,,Blend Casa 250 g,UN,CAFE,S,2.00,6109.30,0.00,12218.60,2793.00,5586.00,6632.60,0.54,
2025-05-22,2025-05,FAC 0003-00041961,FAC,false,C9001,CONSUMIDOR FINAL,Local,CABA,CAF-BLEND-250,CAF-BLEND-250,false,,Blend Casa 250 g,UN,CAFE,S,1.00,6109.30,0.00,6109.30,2793.00,2793.00,3316.30,0.54,
2025-03-21,2025-03,FAC 0003-00040953,FAC,false,C9002,VENTA ONLINE,Ecommerce,,CAF-ETIOP-250,CAF-ETIOP-250,false,,Etiopia Yirgacheffe 250 g,UN,CAFE,S,1.00,9922.60,0.00,9922.60,4282.00,4282.00,5640.60,0.57,
2025-02-01,2025-02,FAC 0003-00040582,FAC,false,C9002,VENTA ONLINE,Ecommerce,,CAP-TAZA,CAP-TAZA,false,,Taza ceramica logo,UN,ACCESORIOS,S,2.00,9095.80,0.00,18191.60,4292.00,8584.00,9607.60,0.53,
2025-04-28,2025-04,FAC 0003-00041309,FAC,false,C9002,VENTA ONLINE,Ecommerce,,CAF-COLOM-250,CAF-COLOM-250,false,,Colombia Huila 250 g,UN,CAFE,S,3.00,8753.19,0.00,26259.58,3843.00,11529.00,14730.58,0.56,
2025-04-21,2025-04,FAC 0003-00041262,FAC,false,C0116,Cafe Caballito,Mayorista,CABA,CAF-BLEND-1K,CAF-BLEND-1K,false,,Blend Casa 1 kg,UN,CAFE,S,10.00,19214.33,32.00,130657.43,10461.00,104610.00,26047.43,0.20,M. Paz
2025-03-27,2025-03,FAC 0003-00040976,FAC,false,C9002,VENTA ONLINE,Ecommerce,,CAF-ETIOP-250,CAF-ETIOP-250,false,,Etiopia Yirgacheffe 250 g,UN,CAFE,S,1.00,9922.60,0.00,9922.60,4282.00,4282.00,5640.60,0.57,
2025-05-14,2025-05,FAC 0003-00041860,FAC,false,C9002,VENTA ONLINE,Ecommerce,,CAF-BRAS-250,CAF-BRAS-250,false,,Brasil Cerrado 250 g,UN,CAFE,S,2.00,5782.02,0.00,11564.04,2651.00,5302.00,6262.04,0.54,
2025-04-08,2025-04,FAC 0003-00041393,FAC,false,C9002,VENTA ONLINE,Ecommerce,,CAP-FILTRO-100,CAP-FILTRO-100,false,,Filtros de papel x 100,UN,ACCESORIOS,S,3.00,3415.88,0.00,10247.64,2028.00,6084.00,4163.64,0.41,
2025-03-16,2025-03,FAC 0003-00040894,FAC,false,C9002,VENTA ONLINE,Ecommerce,,CAF-BRAS-250,CAF-BRAS-250,false,,Brasil Cerrado 250 g,UN,CAFE,S,2.00,5535.77,0.00,11071.53,2538.00,5076.00,5995.53,0.54,
2025-02-24,2025-02,FAC 0003-00040447,FAC,false,C0120,Tostado Chacarita,Mayorista,CABA,CAF-BLEND-1K,CAF-BLEND-1K,false,,Blend Casa 1 kg,UN,CAFE,S,7.00,18396.00,32.00,87564.96,10016.00,70112.00,17452.96,0.20,M. Paz
2025-01-01,2025-01,FAC 0003-00040162,FAC,false,C9002,VENTA ONLINE,Ecommerce,,CAF-BLEND-250,CAF-BLEND-250,false,,Blend Casa 250 g,UN,CAFE,S,2.00,5600.00,0.00,11200.00,2560.00,5120.00,6080.00,0.54,
2025-01-21,2025-01,FAC 0003-00040085,FAC,false,C9002,VENTA ONLINE,Ecommerce,,CAF-DESCA-250,CAF-DESCA-250,false,,Descafeinado 250 g,UN,CAFE,S,3.00,7400.00,0.00,22200.00,3500.00,10500.00,11700.00,0.53,
2025-01-18,2025-01,FAC 0003-00040170,FAC,false,C9002,VENTA ONLINE,Ecommerce,,CAF-COLOM-250,CAF-COLOM-250,false,,Colombia Huila 250 g,UN,CAFE,S,3.00,8200.00,0.00,24600.00,3600.00,10800.00,13800.00,0.56,
2025-06-06,2025-06,FAC 0003-00042081,FAC,false,C0001,GRANOS DEL SUR S.A.,Distribuidor,Avellaneda,CAF-BLEND-1K,CAF-BLEND-1K,false,,Blend Casa 1 kg,UN,CAFE,S,45.00,20069.06,40.00,541864.56,10926.00,491670.00,50194.56,0.09,R. Ibarra
2025-06-18,2025-06,FAC 0003-00042125,FAC,false,C0128,La Ventanita de San Telmo,Mayorista,CABA,CAF-BLEND-1K,CAF-BLEND-1K,false,,Blend Casa 1 kg,UN,CAFE,S,10.00,20069.06,32.00,136469.59,10926.00,109260.00,27209.59,0.20,M. Paz
2025-06-25,2025-06,FAC 0003-00042445,FAC,false,C9001,CONSUMIDOR FINAL,Local,CABA,CAF-BLEND-1K,CAF-BLEND-1K,false,,Blend Casa 1 kg,UN,CAFE,S,2.00,20069.06,0.00,40138.12,10926.00,21852.00,18286.12,0.46,
2025-04-25,2025-04,FAC 0003-00041304,FAC,false,C9002,VENTA ONLINE,Ecommerce,,CAF-ETIOP-250,CAF-ETIOP-250,false,,Etiopia Yirgacheffe 250 g,UN,CAFE,S,3.00,10140.90,0.00,30422.69,4377.00,13131.00,17291.69,0.57,
2025-05-19,2025-05,FAC 0003-00041880,FAC,false,C9002,VENTA ONLINE,Ecommerce,,CAF-COLOM-250,CAF-COLOM-250,false,,Colombia Huila 250 g,UN,CAFE,S,3.00,8945.76,0.00,26837.29,3927.00,11781.00,15056.29,0.56,
2025-01-19,2025-01,FAC 0003-00040036,FAC,false,C0123,La Ventanita de Almagro II,Mayorista,CABA,CAF-BLEND-1K,CAF-BLEND-1K,false,,Blend Casa 1 kg,UN,CAFE,S,5.00,18000.00,35.00,58500.00,9800.00,49000.00,9500.00,0.16,M. Paz
2025-05-22,2025-05,FAC 0003-00041815,FAC,false,C9002,VENTA ONLINE,Ecommerce,,CAF-DESCA-250,CAF-DESCA-250,false,,Descafeinado 250 g,UN,CAFE,S,3.00,8073.01,0.00,24219.02,3818.00,11454.00,12765.02,0.53,
2025-02-22,2025-02,FAC 0003-00040595,FAC,false,C9002,VENTA ONLINE,Ecommerce,,CAF-BLEND-250,CAF-BLEND-250,false,,Blend Casa 250 g,UN,CAFE,S,1.00,5723.20,0.00,5723.20,2616.00,2616.00,3107.20,0.54,
2025-04-17,2025-04,FAC 0003-00041466,FAC,false,C9002,VENTA ONLINE,Ecommerce,,CAF-ETIOP-250,CAF-ETIOP-250,false,,Etiopia Yirgacheffe 250 g,UN,CAFE,S,1.00,10140.90,0.00,10140.90,4377.00,4377.00,5763.90,0.57,
2025-06-17,2025-06,FAC 0003-00042222,FAC,false,C9002,VENTA ONLINE,Ecommerce,,CAF-COLOM-250,CAF-COLOM-250,false,,Colombia Huila 250 g,UN,CAFE,S,2.00,9142.57,0.00,18285.14,4014.00,8028.00,10257.14,0.56,
2025-02-27,2025-02,FAC 0003-00040538,FAC,false,C9002,VENTA ONLINE,Ecommerce,,CAF-ETIOP-250,CAF-ETIOP-250,false,,Etiopia Yirgacheffe 250 g,UN,CAFE,S,3.00,9709.00,0.00,29127.00,4190.00,12570.00,16557.00,0.57,
2025-06-11,2025-06,FAC 0003-00042418,FAC,false,C9001,CONSUMIDOR FINAL,Local,CABA,CAF-BLEND-250,CAF-BLEND-250,false,,Blend Casa 250 g,UN,CAFE,S,2.00,6243.71,0.00,12487.41,2854.00,5708.00,6779.41,0.54,
2025-06-12,2025-06,FAC 0003-00042471,FAC,false,C9001,CONSUMIDOR FINAL,Local,CABA,CAF-COLOM-250,CAF-COLOM-250,false,,Colombia Huila 250 g,UN,CAFE,S,2.00,9142.57,0.00,18285.14,4014.00,8028.00,10257.14,0.56,
2025-05-02,2025-05,FAC 0003-00041800,FAC,false,C9002,VENTA ONLINE,Ecommerce,,CAF-BRAS-250,CAF-BRAS-250,false,,Brasil Cerrado 250 g,UN,CAFE,S,2.00,5782.02,0.00,11564.04,2651.00,5302.00,6262.04,0.54,
2025-02-18,2025-02,FAC 0003-00040520,FAC,false,C9002,VENTA ONLINE,Ecommerce,,CAP-TAZA,CAP-TAZA,false,,Taza ceramica logo,UN,ACCESORIOS,S,3.00,9095.80,0.00,27287.40,4292.00,12876.00,14411.40,0.53,
2025-06-25,2025-06,FAC 0003-00042284,FAC,false,C9002,VENTA ONLINE,Ecommerce,,CAF-BRAS-250,CAF-BRAS-250,false,,Brasil Cerrado 250 g,UN,CAFE,S,1.00,5909.22,0.00,5909.22,2709.00,2709.00,3200.22,0.54,
2025-04-23,2025-04,FAC 0003-00041440,FAC,false,C9002,VENTA ONLINE,Ecommerce,,CAF-CAPS-10,CAF-CAPS-10,false,,Capsulas compatibles x10,UN,CAFE,S,3.00,7365.49,0.00,22096.48,3523.00,10569.00,11527.48,0.52,
2025-06-17,2025-06,FAC 0003-00042142,FAC,false,C9002,VENTA ONLINE,Ecommerce,,CAF-BRAS-250,CAF-BRAS-250,false,,Brasil Cerrado 250 g,UN,CAFE,S,2.00,5909.22,0.00,11818.45,2709.00,5418.00,6400.45,0.54,
2025-05-26,2025-05,FAC 0003-00041803,FAC,false,C9002,VENTA ONLINE,Ecommerce,,CAF-COLOM-250,CAF-COLOM-250,false,,Colombia Huila 250 g,UN,CAFE,S,1.00,8945.76,0.00,8945.76,3927.00,3927.00,5018.76,0.56,
2025-04-28,2025-04,FAC 0003-00041335,FAC,false,C9002,VENTA ONLINE,Ecommerce,,CAF-BLEND-250,CAF-BLEND-250,false,,Blend Casa 250 g,UN,CAFE,S,2.00,5977.79,0.00,11955.58,2733.00,5466.00,6489.58,0.54,
2025-01-04,2025-01,FAC 0003-00040276,FAC,false,C9001,CONSUMIDOR FINAL,Local,CABA,CAF-BLEND-250,CAF-BLEND-250,false,,Blend Casa 250 g,UN,CAFE,S,1.00,5600.00,0.00,5600.00,2560.00,2560.00,3040.00,0.54,
2025-01-14,2025-01,FAC 0003-00040196,FAC,false,C9002,VENTA ONLINE,Ecommerce,,CAF-ETIOP-250,CAF-ETIOP-250,false,,Etiopia Yirgacheffe 250 g,UN,CAFE,S,2.00,9500.00,0.00,19000.00,4100.00,8200.00,10800.00,0.57,
2025-03-23,2025-03,FAC 0003-00041221,FAC,false,C9001,CONSUMIDOR FINAL,Local,CABA,CAF-ETIOP-250,CAF-ETIOP-250,false,,Etiopia Yirgacheffe 250 g,UN,CAFE,S,2.00,9922.60,0.00,19845.20,4282.00,8564.00,11281.20,0.57,
2025-03-04,2025-03,FAC 0003-00041201,FAC,false,C9001,CONSUMIDOR FINAL,Local,CABA,CAF-BLEND-250,CAF-BLEND-250,false,,Blend Casa 250 g,UN,CAFE,S,1.00,5849.11,0.00,5849.11,2674.00,2674.00,3175.11,0.54,
2025-03-11,2025-03,FAC 0003-00041211,FAC,false,C9001,CONSUMIDOR FINAL,Local,CABA,CAF-COLOM-250,CAF-COLOM-250,false,,Colombia Huila 250 g,UN,CAFE,S,1.00,8564.77,0.00,8564.77,3760.00,3760.00,4804.77,0.56,
2025-04-19,2025-04,FAC 0003-00041341,FAC,false,C9002,VENTA ONLINE,Ecommerce,,CAP-FILTRO-100,CAP-FILTRO-100,false,,Filtros de papel x 100,UN,ACCESORIOS,S,1.00,3415.88,0.00,3415.88,2028.00,2028.00,1387.88,0.41,
2025-02-12,2025-02,FAC 0003-00040637,FAC,false,C9002,VENTA ONLINE,Ecommerce,,CAF-COLOM-250,CAF-COLOM-250,false,,Colombia Huila 250 g,UN,CAFE,S,3.00,8380.40,0.00,25141.20,3679.00,11037.00,14104.20,0.56,
2025-04-15,2025-04,FAC 0003-00041428,FAC,false,C9002,VENTA ONLINE,Ecommerce,,CAF-ETIOP-250,CAF-ETIOP-250,false,,Etiopia Yirgacheffe 250 g,UN,CAFE,S,3.00,10140.90,0.00,30422.69,4377.00,13131.00,17291.69,0.57,
2025-02-02,2025-02,FAC 0003-00040584,FAC,false,C9002,VENTA ONLINE,Ecommerce,,CAF-BLEND-250,CAF-BLEND-250,false,,Blend Casa 250 g,UN,CAFE,S,1.00,5723.20,0.00,5723.20,2616.00,2616.00,3107.20,0.54,
2025-03-05,2025-03,FAC 0003-00040882,FAC,false,C0134,Bar Agronomia,Mayorista,CABA,CAF-BRAS-1K,CAF-BRAS-1K,false,,Brasil Cerrado 1 kg,UN,CAFE,S,3.00,17756.23,35.00,34624.64,9714.00,29142.00,5482.64,0.16,M. Paz
2025-02-12,2025-02,FAC 0003-00040699,FAC,false,C9001,CONSUMIDOR FINAL,Local,CABA,CAF-ETIOP-250,CAF-ETIOP-250,false,,Etiopia Yirgacheffe 250 g,UN,CAFE,S,1.00,9709.00,0.00,9709.00,4190.00,4190.00,5519.00,0.57,
2025-03-11,2025-03,FAC 0003-00041102,FAC,false,C9002,VENTA ONLINE,Ecommerce,,CAF-CAPS-10,CAF-CAPS-10,false,,Capsulas compatibles x10,UN,CAFE,S,1.00,7206.94,0.00,7206.94,3447.00,3447.00,3759.94,0.52,
2025-03-08,2025-03,FAC 0003-00040954,FAC,false,C9002,VENTA ONLINE,Ecommerce,,CAF-COLOM-250,CAF-COLOM-250,false,,Colombia Huila 250 g,UN,CAFE,S,3.00,8564.77,0.00,25694.31,3760.00,11280.00,14414.31,0.56,
2025-01-16,2025-01,FAC 0003-00040331,FAC,false,C9001,CONSUMIDOR FINAL,Local,CABA,CAF-BLEND-1K,CAF-BLEND-1K,false,,Blend Casa 1 kg,UN,CAFE,S,1.00,18000.00,0.00,18000.00,9800.00,9800.00,8200.00,0.46,
2025-06-03,2025-06,FAC 0003-00042262,FAC,false,C9002,VENTA ONLINE,Ecommerce,,CAF-COLOM-250,CAF-COLOM-250,false,,Colombia Huila 250 g,UN,CAFE,S,2.00,9142.57,0.00,18285.14,4014.00,8028.00,10257.14,0.56,
2025-06-12,2025-06,FAC 0003-00042386,FAC,false,C9002,VENTA ONLINE,Ecommerce,,CAF-ETIOP-250,CAF-ETIOP-250,false,,Etiopia Yirgacheffe 250 g,UN,CAFE,S,3.00,10592.00,0.00,31776.01,4571.00,13713.00,18063.01,0.57,
2025-06-07,2025-06,FAC 0003-00042348,FAC,false,C9002,VENTA ONLINE,Ecommerce,,CAF-CAPS-10,CAF-CAPS-10,false,,Capsulas compatibles x10,UN,CAFE,S,3.00,7693.14,0.00,23079.42,3679.00,11037.00,12042.42,0.52,
2025-02-27,2025-02,FAC 0003-00040473,FAC,false,C0139,La Ventanita de Constitucion II,Mayorista,CABA,CAF-BLEND-1K,CAF-BLEND-1K,false,,Blend Casa 1 kg,UN,CAFE,S,3.00,18396.00,30.00,38631.60,10016.00,30048.00,8583.60,0.22,R. Ibarra
2025-01-05,2025-01,FAC 0003-00040174,FAC,false,C9002,VENTA ONLINE,Ecommerce,,CAF-ETIOP-250,CAF-ETIOP-250,false,,Etiopia Yirgacheffe 250 g,UN,CAFE,S,2.00,9500.00,0.00,19000.00,4100.00,8200.00,10800.00,0.57,
2025-02-05,2025-02,FAC 0003-00040761,FAC,false,C9001,CONSUMIDOR FINAL,Local,CABA,CAF-BLEND-1K,CAF-BLEND-1K,false,,Blend Casa 1 kg,UN,CAFE,S,1.00,18396.00,0.00,18396.00,10016.00,10016.00,8380.00,0.46,
2025-02-14,2025-02,FAC 0003-00040431,FAC,false,C0107,La Ventanita de Nunez II,Mayorista,CABA,CAF-BRAS-1K,CAF-BRAS-1K,false,,Brasil Cerrado 1 kg,UN,CAFE,S,6.00,17374.00,35.00,67758.60,9505.00,57030.00,10728.60,0.16,R. Ibarra
2025-05-07,2025-05,FAC 0003-00041652,FAC,false,C0101,El Almacen de Palermo II,Mayorista,CABA,CAF-BLEND-1K,CAF-BLEND-1K,false,,Blend Casa 1 kg,UN,CAFE,S,9.00,19637.04,35.00,114876.70,10691.00,96219.00,18657.70,0.16,M. Paz
2025-01-12,2025-01,FAC 0003-00040119,FAC,false,C9002,VENTA ONLINE,Ecommerce,,CAF-BLEND-250,CAF-BLEND-250,false,,Blend Casa 250 g,UN,CAFE,S,3.00,5600.00,0.00,16800.00,2560.00,7680.00,9120.00,0.54,
2025-01-10,2025-01,FAC 0003-00040124,FAC,false,C9002,VENTA ONLINE,Ecommerce,,CAF-COLOM-250,CAF-COLOM-250,false,,Colombia Huila 250 g,UN,CAFE,S,1.00,8200.00,0.00,8200.00,3600.00,3600.00,4600.00,0.56,
2025-06-10,2025-06,FAC 0003-00042259,FAC,false,C9002,VENTA ONLINE,Ecommerce,,CAF-BLEND-250,CAF-BLEND-250,false,,Blend Casa 250 g,UN,CAFE,S,2.00,6243.71,0.00,12487.41,2854.00,5708.00,6779.41,0.54,
2025-04-28,2025-04,FAC 0003-00041496,FAC,false,C9002,VENTA ONLINE,Ecommerce,,CAF-BLEND-250,CAF-BLEND-250,false,,Blend Casa 250 g,UN,CAFE,S,2.00,5977.79,0.00,11955.58,2733.00,5466.00,6489.58,0.54,
2025-03-16,2025-03,NC 0003-00001223,NC,true,C0108,Coffee Lab Colegiales,Mayorista,CABA,CAF-BRAS-1K,CAF-BRAS-1K,false,,Brasil Cerrado 1 kg,UN,CAFE,S,-3.00,17756.23,32.00,-36222.71,9714.00,-29142.00,-7080.71,,
2025-03-27,2025-03,FAC 0003-00040959,FAC,false,C9002,VENTA ONLINE,Ecommerce,,CAF-COLOM-250,CAF-COLOM-250,false,,Colombia Huila 250 g,UN,CAFE,S,3.00,8564.77,0.00,25694.31,3760.00,11280.00,14414.31,0.56,
2025-01-18,2025-01,NC 0003-00001202,NC,true,C0122,El Almacen de Almagro,Mayorista,CABA,CAF-BRAS-1K,CAF-BRAS-1K,false,,Brasil Cerrado 1 kg,UN,CAFE,S,-4.00,17000.00,32.00,-46240.00,9300.00,-37200.00,-9040.00,,
2025-02-17,2025-02,FAC 0003-00040819,FAC,false,C9001,CONSUMIDOR FINAL,Local,CABA,CAP-FILTRO-100,CAP-FILTRO-100,false,,Filtros de papel x 100,UN,ACCESORIOS,S,2.00,3270.40,0.00,6540.80,1942.00,3884.00,2656.80,0.41,
2025-05-07,2025-05,FAC 0003-00041894,FAC,false,C9002,VENTA ONLINE,Ecommerce,,CAF-CAPS-10,CAF-CAPS-10,false,,Capsulas compatibles x10,UN,CAFE,S,1.00,7527.53,0.00,7527.53,3600.00,3600.00,3927.53,0.52,
2025-04-25,2025-04,FAC 0003-00041304,FAC,false,C9002,VENTA ONLINE,Ecommerce,,CAF-COLOM-250,CAF-COLOM-250,false,,Colombia Huila 250 g,UN,CAFE,S,1.00,8753.19,0.00,8753.19,3843.00,3843.00,4910.19,0.56,
2025-05-28,2025-05,FAC 0003-00041772,FAC,false,C9002,VENTA ONLINE,Ecommerce,,CAF-ETIOP-250,CAF-ETIOP-250,false,,Etiopia Yirgacheffe 250 g,UN,CAFE,S,1.00,10363.99,0.00,10363.99,4473.00,4473.00,5890.99,0.57,
2025-01-07,2025-01,FAC 0003-00040075,FAC,false,C9002,VENTA ONLINE,Ecommerce,,CAF-CAPS-10,CAF-CAPS-10,false,,Capsulas compatibles x10,UN,CAFE,S,3.00,6900.00,0.00,20700.00,3300.00,9900.00,10800.00,0.52,
2025-03-11,2025-03,FAC 0003-00041088,FAC,false,C9002,VENTA ONLINE,Ecommerce,,CAF-ETIOP-250,CAF-ETIOP-250,false,,Etiopia Yirgacheffe 250 g,UN,CAFE,S,3.00,9922.60,0.00,29767.79,4282.00,12846.00,16921.79,0.57,
2025-04-18,2025-04,FAC 0003-00041558,FAC,false,C9001,CONSUMIDOR FINAL,Local,CABA,CAF-COLOM-250,CAF-COLOM-250,false,,Colombia Huila 250 g,UN,CAFE,S,2.00,8753.19,0.00,17506.39,3843.00,7686.00,9820.39,0.56,
2025-01-13,2025-01,FAC 0003-00040127,FAC,false,C9002,VENTA ONLINE,Ecommerce,,CAF-BLEND-250,CAF-BLEND-250,false,,Blend Casa 250 g,UN,CAFE,S,3.00,5600.00,0.00,16800.00,2560.00,7680.00,9120.00,0.54,
2025-03-06,2025-03,FAC 0003-00041070,FAC,false,C9002,VENTA ONLINE,Ecommerce,,CAF-BLEND-250,CAF-BLEND-250,false,,Blend Casa 250 g,UN,CAFE,S,3.00,5849.11,0.00,17547.33,2674.00,8022.00,9525.33,0.54,
2025-03-18,2025-03,FAC 0003-00041035,FAC,false,C9002,VENTA ONLINE,Ecommerce,,CAF-BLEND-250,CAF-BLEND-250,false,,Blend Casa 250 g,UN,CAFE,S,2.00,5849.11,0.00,11698.22,2674.00,5348.00,6350.22,0.54,
2025-02-20,2025-02,FAC 0003-00040583,FAC,false,C9002,VENTA ONLINE,Ecommerce,,CAF-CAPS-10,CAF-CAPS-10,false,,Capsulas compatibles x10,UN,CAFE,S,3.00,7051.80,0.00,21155.40,3373.00,10119.00,11036.40,0.52,
2025-03-25,2025-03,FAC 0003-00040971,FAC,false,C9002,VENTA ONLINE,Ecommerce,,CAF-DESCA-250,CAF-DESCA-250,false,,Descafeinado 250 g,UN,CAFE,S,3.00,7729.18,0.00,23187.54,3656.00,10968.00,12219.54,0.53,
2025-04-26,2025-04,FAC 0003-00041380,FAC,false,C9002,VENTA ONLINE,Ecommerce,,CAF-COLOM-250,CAF-COLOM-250,false,,Colombia Huila 250 g,UN,CAFE,S,2.00,8753.19,0.00,17506.39,3843.00,7686.00,9820.39,0.56,
2025-01-12,2025-01,FAC 0003-00040295,FAC,false,C9001,CONSUMIDOR FINAL,Local,CABA,CAF-ETIOP-250,CAF-ETIOP-250,false,,Etiopia Yirgacheffe 250 g,UN,CAFE,S,2.00,9500.00,0.00,19000.00,4100.00,8200.00,10800.00,0.57,
2025-04-20,2025-04,FAC 0003-00041332,FAC,false,C9002,VENTA ONLINE,Ecommerce,,CAF-COLOM-250,CAF-COLOM-250,false,,Colombia Huila 250 g,UN,CAFE,S,3.00,8753.19,0.00,26259.58,3843.00,11529.00,14730.58,0.56,
2025-03-23,2025-03,FAC 0003-00040902,FAC,false,C9002,VENTA ONLINE,Ecommerce,,CAF-ETIOP-250,CAF-ETIOP-250,false,,Etiopia Yirgacheffe 250 g,UN,CAFE,S,3.00,9922.60,0.00,29767.79,4282.00,12846.00,16921.79,0.57,
2025-05-13,2025-05,FAC 0003-00042001,FAC,false,C9001,CONSUMIDOR FINAL,Local,CABA,CAF-COLOM-250,CAF-COLOM-250,false,,Colombia Huila 250 g,UN,CAFE,S,1.00,8945.76,0.00,8945.76,3927.00,3927.00,5018.76,0.56,
2025-04-08,2025-04,FAC 0003-00041599,FAC,false,C9001,CONSUMIDOR FINAL,Local,CABA,CAF-BLEND-1K,CAF-BLEND-1K,false,,Blend Casa 1 kg,UN,CAFE,S,1.00,19214.33,0.00,19214.33,10461.00,10461.00,8753.33,0.46,
2025-06-05,2025-06,FAC 0003-00042149,FAC,false,C9002,VENTA ONLINE,Ecommerce,,CAF-COLOM-250,CAF-COLOM-250,false,,Colombia Huila 250 g,UN,CAFE,S,3.00,9142.57,0.00,27427.71,4014.00,12042.00,15385.71,0.56,
2025-06-16,2025-06,FAC 0003-00042488,FAC,false,C9001,CONSUMIDOR FINAL,Local,CABA,CAF-ETIOP-250,CAF-ETIOP-250,false,,Etiopia Yirgacheffe 250 g,UN,CAFE,S,2.00,10592.00,0.00,21184.01,4571.00,9142.00,12042.01,0.57,
2025-06-23,2025-06,FAC 0003-00042274,FAC,false,C9002,VENTA ONLINE,Ecommerce,,CAF-COLOM-250,CAF-COLOM-250,false,,Colombia Huila 250 g,UN,CAFE,S,1.00,9142.57,0.00,9142.57,4014.00,4014.00,5128.57,0.56,
2025-01-22,2025-01,FAC 0003-00040094,FAC,false,C9002,VENTA ONLINE,Ecommerce,,CAF-BRAS-250,CAF-BRAS-250,false,,Brasil Cerrado 250 g,UN,CAFE,S,2.00,5300.00,0.00,10600.00,2430.00,4860.00,5740.00,0.54,
2025-04-01,2025-04,FAC 0003-00041381,FAC,false,C9002,VENTA ONLINE,Ecommerce,,CAF-BRAS-250,CAF-BRAS-250,false,,Brasil Cerrado 250 g,UN,CAFE,S,1.00,5657.55,0.00,5657.55,2594.00,2594.00,3063.55,0.54,
2025-03-13,2025-03,FAC 0003-00040940,FAC,false,C9002,VENTA ONLINE,Ecommerce,,CAP-FILTRO-100,CAP-FILTRO-100,false,,Filtros de papel x 100,UN,ACCESORIOS,S,2.00,3342.35,0.00,6684.70,1985.00,3970.00,2714.70,0.41,
2025-04-03,2025-04,FAC 0003-00041460,FAC,false,C9002,VENTA ONLINE,Ecommerce,,CAF-ETIOP-250,CAF-ETIOP-250,false,,Etiopia Yirgacheffe 250 g,UN,CAFE,S,1.00,10140.90,0.00,10140.90,4377.00,4377.00,5763.90,0.57,
2025-04-28,2025-04,FAC 0003-00041368,FAC,false,C9002,VENTA ONLINE,Ecommerce,,CAF-BRAS-250,CAF-BRAS-250,false,,Brasil Cerrado 250 g,UN,CAFE,S,3.00,5657.55,0.00,16972.66,2594.00,7782.00,9190.66,0.54,
2025-01-05,2025-01,FAC 0003-00040364,FAC,false,C9001,CONSUMIDOR FINAL,Local,CABA,CAP-FILTRO-100,CAP-FILTRO-100,false,,Filtros de papel x 100,UN,ACCESORIOS,S,1.00,3200.00,0.00,3200.00,1900.00,1900.00,1300.00,0.41,
2025-04-12,2025-04,FAC 0003-00041374,FAC,false,C9002,VENTA ONLINE,Ecommerce,,CAF-CAPS-10,CAF-CAPS-10,false,,Capsulas compatibles x10,UN,CAFE,S,3.00,7365.49,0.00,22096.48,3523.00,10569.00,11527.48,0.52,
2025-05-13,2025-05,FAC 0003-00041658,FAC,false,C0107,La Ventanita de Nunez II,Mayorista,CABA,CAF-BLEND-1K,CAF-BLEND-1K,false,,Blend Casa 1 kg,UN,CAFE,S,5.00,19637.04,35.00,63820.39,10691.00,53455.00,10365.39,0.16,
2025-05-25,2025-05,FAC 0003-00041768,FAC,false,C9002,VENTA ONLINE,Ecommerce,,CAF-CAPS-10,CAF-CAPS-10,false,,Capsulas compatibles x10,UN,CAFE,S,1.00,7527.53,0.00,7527.53,3600.00,3600.00,3927.53,0.52,
2025-02-08,2025-02,FAC 0003-00040804,FAC,false,C9001,CONSUMIDOR FINAL,Local,CABA,CAF-BLEND-250,CAF-BLEND-250,false,,Blend Casa 250 g,UN,CAFE,S,2.00,5723.20,0.00,11446.40,2616.00,5232.00,6214.40,0.54,
2025-02-11,2025-02,FAC 0003-00040512,FAC,false,C9002,VENTA ONLINE,Ecommerce,,CAF-COLOM-250,CAF-COLOM-250,false,,Colombia Huila 250 g,UN,CAFE,S,1.00,8380.40,0.00,8380.40,3679.00,3679.00,4701.40,0.56,
2025-06-14,2025-06,FAC 0003-00042136,FAC,false,C0136,Tostado Villa Urquiza,Mayorista,CABA,CAF-BLEND-1K,CAF-BLEND-1K,false,,Blend Casa 1 kg,UN,CAFE,S,9.00,20069.06,35.00,117403.99,10926.00,98334.00,19069.99,0.16,
2025-03-20,2025-03,FAC 0003-00040884,FAC,false,C0136,Tostado Villa Urquiza,Mayorista,CABA,CAF-BLEND-1K,CAF-BLEND-1K,false,,Blend Casa 1 kg,UN,CAFE,S,5.00,18800.71,35.00,61102.31,10236.00,51180.00,9922.31,0.16,M. Paz
2025-05-14,2025-05,FAC 0003-00041949,FAC,false,C9001,CONSUMIDOR FINAL,Local,CABA,CAF-COLOM-250,CAF-COLOM-250,false,,Colombia Huila 250 g,UN,CAFE,S,1.00,8945.76,0.00,8945.76,3927.00,3927.00,5018.76,0.56,
2025-03-11,2025-03,FAC 0003-00041189,FAC,false,C9001,CONSUMIDOR FINAL,Local,CABA,CAF-COLOM-250,CAF-COLOM-250,false,,Colombia Huila 250 g,UN,CAFE,S,1.00,8564.77,0.00,8564.77,3760.00,3760.00,4804.77,0.56,
