fecha,periodo,comprobante,tipo_comprobante,codigo_cliente,razon_social,codigo_producto,cantidad,precio_unitario,bonificacion_pct,importe,vendedor,importe_recalculado,diferencia_importe,importe_reconciliado
2025-01-05,2025-01,FAC 0003-00040174,FAC,C9002,VENTA ONLINE,CAF-BLEND-250,2.00,5600.00,0.00,11200.00,,11200.00,0.00,true
2025-03-14,2025-03,FAC 0003-00040914,FAC,C9002,VENTA ONLINE,CAF-ETIOP-250,1.00,9922.60,0.00,9922.60,,9922.60,0.00,true
2025-04-10,2025-04,FAC 0003-00041573,FAC,C9001,CONSUMIDOR FINAL,CAF-ETIOP-250,2.00,10140.90,0.00,20281.79,,20281.80,-0.01,true
2025-01-08,2025-01,FAC 0003-00040172,FAC,C9002,VENTA ONLINE,CAF-BLEND-250,2.00,5600.00,0.00,11200.00,,11200.00,0.00,true
2025-04-22,2025-04,FAC 0003-00041384,FAC,C9002,VENTA ONLINE,CAF-BRAS-250,1.00,5657.55,0.00,5657.55,,5657.55,0.00,true
2025-02-06,2025-02,FAC 0003-00040462,FAC,C0131,Tostado Coghlan II,CAF-BLEND-1K,9.00,18396.00,35.00,107616.60,M. Paz,107616.60,0.00,true
2025-06-24,2025-06,FAC 0003-00042139,FAC,C0138,El Almacen de Constitucion,CAF-BLEND-1K,5.00,20069.06,30.00,70241.70,R. Ibarra,70241.71,-0.01,true
2025-01-26,2025-01,FAC 0003-00040166,FAC,C9002,VENTA ONLINE,CAF-CAPS-10,2.00,6900.00,0.00,13800.00,,13800.00,0.00,true
2025-03-22,2025-03,FAC 0003-00040970,FAC,C9002,VENTA ONLINE,CAF-COLOM-250,3.00,8564.77,0.00,25694.31,,25694.31,0.00,true
2025-01-21,2025-01,FAC 0003-00040085,FAC,C9002,VENTA ONLINE,CAF-CAPS-10,1.00,6900.00,0.00,6900.00,,6900.00,0.00,true
2025-05-01,2025-05,FAC 0003-00041669,FAC,C0113,Bar Recoleta II,CAF-BRAS-1K,4.00,18546.10,30.00,51929.07,M. Paz,51929.08,-0.01,true
2025-05-20,2025-05,FAC 0003-00041904,FAC,C9002,VENTA ONLINE,CAF-ETIOP-250,2.00,10363.99,0.00,20727.99,,20727.98,0.01,true
2025-01-11,2025-01,FAC 0003-00040046,FAC,C0133,El Almacen de Barracas II,CAF-BRAS-1K,2.00,17000.00,35.00,22100.00,,22100.00,0.00,true
2025-04-06,2025-04,FAC 0003-00041371,FAC,C9002,VENTA ONLINE,CAF-COLOM-250,2.00,8753.19,0.00,17506.39,,17506.38,0.01,true
2025-05-04,2025-05,FAC 0003-00041678,FAC,C0122,El Almacen de Almagro,CAF-BRAS-1K,4.00,18546.10,32.00,50445.38,R. Ibarra,50445.39,-0.01,true
2025-06-25,2025-06,FAC 0003-00042303,FAC,C9002,VENTA ONLINE,CAF-COLOM-250,1.00,9142.57,0.00,9142.57,,9142.57,0.00,true
2025-06-04,2025-06,FAC 0003-00042311,FAC,C9002,VENTA ONLINE,CAF-BRAS-250,3.00,5909.22,0.00,17727.67,,17727.66,0.01,true
2025-04-14,2025-04,FAC 0003-00041416,FAC,C9002,VENTA ONLINE,CAF-ETIOP-250,1.00,10140.90,0.00,10140.90,,10140.90,0.00,true
2025-05-04,2025-05,FAC 0003-00041938,FAC,C9002,VENTA ONLINE,CAF-BLEND-250,1.00,6109.30,0.00,6109.30,,6109.30,0.00,true
2025-02-07,2025-02,FAC 0003-00040453,FAC,C0125,Usina Flores II,CAF-BRAS-1K,7.00,17374.00,32.00,82700.24,M. Paz,82700.24,0.00,true
2025-05-12,2025-05,FAC 0003-00041977,FAC,C9001,CONSUMIDOR FINAL,CAF-COLOM-250,1.00,8945.76,0.00,8945.76,,8945.76,0.00,true
2025-02-03,2025-02,FAC 0003-00040430,FAC,C0106,El Almacen de Nunez,CAF-BRAS-1K,4.00,17374.00,30.00,48647.20,,48647.20,0.00,true
2025-06-22,2025-06,FAC 0003-00042098,FAC,C0107,La Ventanita de Nunez II,CAF-BRAS-1K,6.00,18954.11,35.00,73921.03,R. Ibarra,73921.03,0.00,true
2025-05-07,2025-05,FAC 0003-00041685,FAC,C0129,Bar San Telmo II,CAF-BRAS-1K,2.00,18546.10,32.00,25222.69,M. Paz,25222.70,-0.01,true
2025-05-17,2025-05,FAC 0003-00041944,FAC,C9002,VENTA ONLINE,CAF-BLEND-250,2.00,6109.30,0.00,12218.60,,12218.60,0.00,true
2025-06-23,2025-06,FAC 0003-00042316,FAC,C9002,VENTA ONLINE,CAF-CAPS-10,3.00,7693.14,0.00,23079.42,,23079.42,0.00,true
2025-04-05,2025-04,FAC 0003-00041247,FAC,C0101,El Almacen de Palermo II,CAF-BRAS-1K,7.00,18146.87,35.00,82568.24,,82568.26,-0.02,true
2025-05-01,2025-05,FAC 0003-00041738,FAC,C9002,VENTA ONLINE,CAF-BLEND-250,2.00,6109.30,0.00,12218.60,,12218.60,0.00,true
2025-05-10,2025-05,FAC 0003-00042027,FAC,C9001,CONSUMIDOR FINAL,CAF-ETIOP-250,2.00,10363.99,0.00,20727.99,,20727.98,0.01,true
2025-06-27,2025-06,FAC 0003-00042320,FAC,C9002,VENTA ONLINE,CAF-BRAS-250,2.00,5909.22,0.00,11818.45,,11818.44,0.01,true
2025-05-10,2025-05,FAC 0003-00041841,FAC,C9002,VENTA ONLINE,CAF-COLOM-250,3.00,8945.76,0.00,26837.29,,26837.28,0.01,true
2025-06-09,2025-06,FAC 0003-00042171,FAC,C9002,VENTA ONLINE,CAF-BLEND-250,3.00,6243.71,0.00,18731.12,,18731.13,-0.01,true
2025-05-22,2025-05,FAC 0003-00041686,FAC,C0129,Bar San Telmo II,CAF-BRAS-1K,8.00,18546.10,32.00,100890.76,,100890.78,-0.02,true
2025-01-05,2025-01,FAC 0003-00040047,FAC,C0133,El Almacen de Barracas II,CAF-BRAS-1K,4.00,17000.00,35.00,44200.00,M. Paz,44200.00,0.00,true
2025-01-10,2025-01,FAC 0003-00040022,FAC,C0109,Usina Colegiales II,CAF-BLEND-1K,4.00,18000.00,32.00,48960.00,M. Paz,48960.00,0.00,true
2025-05-14,2025-05,FAC 0003-00041870,FAC,C9002,VENTA ONLINE,CAF-COLOM-250,2.00,8945.76,0.00,17891.53,,17891.52,0.01,true
2025-05-28,2025-05,FAC 0003-00041731,FAC,C9002,VENTA ONLINE,CAP-TAZA,3.00,9709.43,0.00,29128.28,,29128.29,-0.01,true
2025-04-21,2025-04,FAC 0003-00041391,FAC,C9002,VENTA ONLINE,CAF-CAPS-10,3.00,7365.49,0.00,22096.48,,22096.47,0.01,true
2025-04-27,2025-04,FAC 0003-00041282,FAC,C0134,Bar Agronomia,CAP-FILTRO-100,2.00,3415.88,35.00,4440.64,M. Paz,4440.64,-0.00,true
2025-02-01,2025-02,FAC 0003-00040834,FAC,C9001,CONSUMIDOR FINAL,CAP-FILTRO-100,2.00,3270.40,0.00,6540.80,,6540.80,0.00,true
2025-04-12,2025-04,FAC 0003-00041292,FAC,C9002,VENTA ONLINE,CAF-BRAS-250,2.00,5657.55,0.00,11315.10,,11315.10,0.00,true
2025-03-07,2025-03,FAC 0003-00040909,FAC,C9002,VENTA ONLINE,CAF-ETIOP-250,3.00,9922.60,0.00,29767.79,,29767.80,-0.01,true
2025-06-26,2025-06,FAC 0003-00042283,FAC,C9002,VENTA ONLINE,CAF-ETIOP-250,2.00,10592.00,0.00,21184.01,,21184.00,0.01,true
2025-04-05,2025-04,FAC 0003-00041325,FAC,C9002,VENTA ONLINE,CAF-BLEND-250,2.00,5977.79,0.00,11955.58,,11955.58,0.00,true
2025-04-14,2025-04,FAC 0003-00041265,FAC,C0120,Tostado Chacarita,CAF-BRAS-1K,8.00,18146.87,32.00,98718.95,,98718.97,-0.02,true
2025-01-23,2025-01,FAC 0003-00040084,FAC,C9002,VENTA ONLINE,CAF-DESCA-250,1.00,7400.00,0.00,7400.00,,7400.00,0.00,true
2025-05-22,2025-05,FAC 0003-00042021,FAC,C9001,CONSUMIDOR FINAL,CAF-BLEND-1K,2.00,19637.04,0.00,39274.09,,39274.08,0.01,true
2025-01-04,2025-01,FAC 0003-00040038,FAC,C0125,Usina Flores II,CAF-BLEND-1K,9.00,18000.00,32.00,110160.00,R. Ibarra,110160.00,0.00,true
2025-06-09,2025-06,FAC 0003-00042296,FAC,C9002,VENTA ONLINE,CAF-COLOM-250,1.00,9142.57,0.00,9142.57,,9142.57,0.00,true
2025-03-27,2025-03,FAC 0003-00041101,FAC,C9002,VENTA ONLINE,CAF-BLEND-250,3.00,5849.11,0.00,17547.33,,17547.33,0.00,true
2025-05-16,2025-05,FAC 0003-00041667,FAC,C0112,La Ventanita de Recoleta,CAF-BRAS-1K,3.00,18546.10,35.00,36164.89,R. Ibarra,36164.90,-0.01,true
2025-04-02,2025-04,FAC 0003-00041435,FAC,C9002,VENTA ONLINE,CAF-ETIOP-250,1.00,10140.90,0.00,10140.90,,10140.90,0.00,true
2025-02-14,2025-02,FAC 0003-00040431,FAC,C0107,La Ventanita de Nunez II,CAF-BLEND-1K,3.00,18396.00,35.00,35872.20,R. Ibarra,35872.20,0.00,true
2025-05-10,2025-05,FAC 0003-00041844,FAC,C9002,VENTA ONLINE,CAF-ETIOP-250,1.00,10363.99,0.00,10363.99,,10363.99,0.00,true
2025-06-18,2025-06,FAC 0003-00042125,FAC,C0128,La Ventanita de San Telmo,CAF-BRAS-1K,2.00,18954.11,32.00,25777.59,M. Paz,25777.59,0.00,true
2025-01-19,2025-01,FAC 0003-00040034,FAC,C0122,El Almacen de Almagro,CAF-BLEND-1K,6.00,18000.00,32.00,73440.00,R. Ibarra,73440.00,0.00,true
2025-05-27,2025-05,FAC 0003-00042038,FAC,C9001,CONSUMIDOR FINAL,CAF-COLOM-250,2.00,8945.76,0.00,17891.53,,17891.52,0.01,true
2025-05-02,2025-05,FAC 0003-00042076,FAC,C9001,CONSUMIDOR FINAL,CAF-COLOM-250,2.00,8945.76,0.00,17891.53,,17891.52,0.01,true
2025-05-20,2025-05,FAC 0003-00042046,FAC,C9001,CONSUMIDOR FINAL,CAF-COLOM-250,1.00,8945.76,0.00,8945.76,,8945.76,0.00,true
2025-05-03,2025-05,FAC 0003-00041687,FAC,C0131,Tostado Coghlan II,CAF-BRAS-1K,3.00,18546.10,35.00,36164.89,R. Ibarra,36164.90,-0.01,true
2025-05-16,2025-05,FAC 0003-00041736,FAC,C9002,VENTA ONLINE,CAF-DESCA-250,3.00,8073.01,0.00,24219.02,,24219.03,-0.01,true
2025-04-15,2025-04,FAC 0003-00041302,FAC,C9002,VENTA ONLINE,CAF-COLOM-250,2.00,8753.19,0.00,17506.39,,17506.38,0.01,true
2025-06-10,2025-06,FAC 0003-00042334,FAC,C9002,VENTA ONLINE,CAF-COLOM-250,1.00,9142.57,0.00,9142.57,,9142.57,0.00,true
2025-01-20,2025-01,FAC 0003-00040108,FAC,C9002,VENTA ONLINE,CAP-FILTRO-100,3.00,3200.00,0.00,9600.00,,9600.00,0.00,true
2025-02-13,2025-02,FAC 0003-00040825,FAC,C9001,CONSUMIDOR FINAL,CAF-BLEND-250,2.00,5723.20,0.00,11446.40,,11446.40,0.00,true
2025-04-08,2025-04,FAC 0003-00041421,FAC,C9002,VENTA ONLINE,CAF-DESCA-250,3.00,7899.22,0.00,23697.67,,23697.66,0.01,true
2025-06-25,2025-06,FAC 0003-00042325,FAC,C9002,VENTA ONLINE,CAF-COLOM-250,1.00,9142.57,0.00,9142.57,,9142.57,0.00,true
2025-02-06,2025-02,FAC 0003-00040492,FAC,C9002,VENTA ONLINE,CAF-BLEND-250,3.00,5723.20,0.00,17169.60,,17169.60,0.00,true
2025-01-07,2025-01,FAC 0003-00040090,FAC,C9002,VENTA ONLINE,CAF-BLEND-250,1.00,5600.00,0.00,5600.00,,5600.00,0.00,true
2025-04-15,2025-04,FAC 0003-00041343,FAC,C9002,VENTA ONLINE,CAF-BRAS-250,1.00,5657.55,0.00,5657.55,,5657.55,0.00,true
2025-02-26,2025-02,FAC 0003-00040612,FAC,C9002,VENTA ONLINE,CAF-COLOM-250,3.00,8380.40,0.00,25141.20,,25141.20,0.00,true
2025-02-25,2025-02,FAC 0003-00040486,FAC,C9002,VENTA ONLINE,CAF-ETIOP-250,2.00,9709.00,0.00,19418.00,,19418.00,0.00,true
2025-03-19,2025-03,FAC 0003-00040921,FAC,C9002,VENTA ONLINE,CAF-BLEND-250,1.00,5849.11,0.00,5849.11,,5849.11,0.00,true
2025-06-01,2025-06,FAC 0003-00042103,FAC,C0110,Panaderia Devoto,CAF-BRAS-1K,8.00,18954.11,35.00,98561.37,M. Paz,98561.37,-0.00,true
2025-04-06,2025-04,FAC 0003-00041452,FAC,C9002,VENTA ONLINE,CAF-BLEND-250,1.00,5977.79,0.00,5977.79,,5977.79,0.00,true
2025-04-06,2025-04,FAC 0003-00041532,FAC,C9001,CONSUMIDOR FINAL,CAP-FILTRO-100,2.00,3415.88,0.00,6831.76,,6831.76,0.00,true
2025-03-11,2025-03,FAC 0003-00040944,FAC,C9002,VENTA ONLINE,CAF-BRAS-250,3.00,5535.77,0.00,16607.30,,16607.31,-0.01,true
2025-01-10,2025-01,FAC 0003-00040086,FAC,C9002,VENTA ONLINE,CAF-BLEND-250,3.00,5600.00,0.00,16800.00,,16800.00,0.00,true
2025-06-24,2025-06,FAC 0003-00042138,FAC,C0137,Panaderia Villa Urquiza II,CAF-BRAS-1K,8.00,18954.11,30.00,106143.02,,106143.02,0.00,true
2025-02-01,2025-02,FAC 0003-00040593,FAC,C9002,VENTA ONLINE,CAF-ETIOP-250,2.00,9709.00,0.00,19418.00,,19418.00,0.00,true
2025-06-24,2025-06,FAC 0003-00042138,FAC,C0137,Panaderia Villa Urquiza II,CAF-BLEND-1K,7.00,20069.06,30.00,98338.38,,98338.39,-0.01,true
2025-05-19,2025-05,FAC 0003-00041715,FAC,C9002,VENTA ONLINE,CAF-ETIOP-250,1.00,10363.99,0.00,10363.99,,10363.99,0.00,true
2025-05-15,2025-05,FAC 0003-00041920,FAC,C9002,VENTA ONLINE,CAF-BLEND-250,2.00,6109.30,0.00,12218.60,,12218.60,0.00,true
2025-06-17,2025-06,FAC 0003-00042188,FAC,C9002,VENTA ONLINE,CAF-COLOM-250,2.00,9142.57,0.00,18285.14,,18285.14,0.00,true
2025-05-17,2025-05,FAC 0003-00041863,FAC,C9002,VENTA ONLINE,CAF-BLEND-250,1.00,6109.30,0.00,6109.30,,6109.30,0.00,true
2025-04-25,2025-04,FAC 0003-00041530,FAC,C9001,CONSUMIDOR FINAL,CAF-BLEND-250,2.00,5977.79,0.00,11955.58,,11955.58,0.00,true
2025-02-01,2025-02,FAC 0003-00040436,FAC,C0111,Cafe Devoto II,CAF-BRAS-1K,4.00,17374.00,35.00,45172.40,,45172.40,0.00,true
2025-05-17,2025-05,FAC 0003-00042056,FAC,C9001,CONSUMIDOR FINAL,CAF-BLEND-1K,1.00,19637.04,0.00,19637.04,,19637.04,0.00,true
2025-03-24,2025-03,FAC 0003-00040864,FAC,C0119,Coffee Lab Saavedra II,CAF-BLEND-1K,5.00,18800.71,35.00,61102.31,M. Paz,61102.31,0.00,true
2025-04-16,2025-04,FAC 0003-00041561,FAC,C9001,CONSUMIDOR FINAL,CAF-COLOM-250,2.00,8753.19,0.00,17506.39,,17506.38,0.01,true
2025-01-19,2025-01,FAC 0003-00040066,FAC,C9002,VENTA ONLINE,CAF-ETIOP-250,2.00,9500.00,0.00,19000.00,,19000.00,0.00,true
2025-02-12,2025-02,FAC 0003-00040735,FAC,C9001,CONSUMIDOR FINAL,CAF-BLEND-250,1.00,5723.20,0.00,5723.20,,5723.20,0.00,true
2025-02-22,2025-02,FAC 0003-00040429,FAC,C0106,El Almacen de Nunez,CAP-FILTRO-100,4.00,3270.40,30.00,9157.12,M. Paz,9157.12,0.00,true
2025-04-04,2025-04,FAC 0003-00041344,FAC,C9002,VENTA ONLINE,CAP-TAZA,1.00,9500.42,0.00,9500.42,,9500.42,0.00,true
2025-02-23,2025-02,FAC 0003-00040771,FAC,C9001,CONSUMIDOR FINAL,CAF-BLEND-250,1.00,5723.20,0.00,5723.20,,5723.20,0.00,true
2025-05-26,2025-05,FAC 0003-00041932,FAC,C9002,VENTA ONLINE,CAP-FILTRO-100,3.00,3491.03,0.00,10473.09,,10473.09,0.00,true
2025-01-01,2025-01,FAC 0003-00040363,FAC,C9001,CONSUMIDOR FINAL,CAF-BLEND-250,2.00,5600.00,0.00,11200.00,,11200.00,0.00,true
2025-02-17,2025-02,FAC 0003-00040544,FAC,C9002,VENTA ONLINE,CAF-DESCA-250,2.00,7562.80,0.00,15125.60,,15125.60,0.00,true
2025-01-05,2025-01,FAC 0003-00040397,FAC,C9001,CONSUMIDOR FINAL,CAF-COLOM-250,1.00,8200.00,0.00,8200.00,,8200.00,0.00,true
2025-03-06,2025-03,FAC 0003-00041109,FAC,C9002,VENTA ONLINE,CAF-ETIOP-250,2.00,9922.60,0.00,19845.20,,19845.20,0.00,true
2025-02-28,2025-02,FAC 0003-00040797,FAC,C9001,CONSUMIDOR FINAL,CAF-COLOM-250,1.00,8380.40,0.00,8380.40,,8380.40,0.00,true
2025-03-17,2025-03,FAC 0003-00040907,FAC,C9002,VENTA ONLINE,CAF-BRAS-250,3.00,5535.77,0.00,16607.30,,16607.31,-0.01,true
2025-02-19,2025-02,FAC 0003-00040641,FAC,C9002,VENTA ONLINE,CAF-ETIOP-250,1.00,9709.00,0.00,9709.00,,9709.00,0.00,true
2025-06-09,2025-06,FAC 0003-00042122,FAC,C0125,Usina Flores II,CAF-BLEND-1K,9.00,20069.06,32.00,122822.63,M. Paz,122822.65,-0.02,true
2025-04-16,2025-04,FAC 0003-00041509,FAC,C9002,VENTA ONLINE,CAF-BLEND-250,2.00,5977.79,0.00,11955.58,,11955.58,0.00,true
2025-05-28,2025-05,FAC 0003-00041670,FAC,C0114,Usina Boedo,CAF-BRAS-1K,4.00,18546.10,32.00,50445.38,,50445.39,-0.01,true
2025-06-02,2025-06,FAC 0003-00042123,FAC,C0126,Panaderia Parque Chas,CAF-BRAS-1K,5.00,18954.11,32.00,64443.97,M. Paz,64443.97,-0.00,true
2025-05-05,2025-05,FAC 0003-00041654,FAC,C0103,Coffee Lab Belgrano II,CAF-BLEND-1K,6.00,19637.04,35.00,76584.47,M. Paz,76584.46,0.01,true
2025-02-09,2025-02,FAC 0003-00040435,FAC,C0111,Cafe Devoto II,CAF-BLEND-1K,4.00,18396.00,35.00,47829.60,R. Ibarra,47829.60,0.00,true
2025-01-07,2025-01,FAC 0003-00040161,FAC,C9002,VENTA ONLINE,CAF-BLEND-250,2.00,5600.00,0.00,11200.00,,11200.00,0.00,true
2025-01-22,2025-01,FAC 0003-00040080,FAC,C9002,VENTA ONLINE,CAF-ETIOP-250,1.00,9500.00,0.00,9500.00,,9500.00,0.00,true
2025-02-07,2025-02,FAC 0003-00040795,FAC,C9001,CONSUMIDOR FINAL,CAF-BLEND-250,1.00,5723.20,0.00,5723.20,,5723.20,0.00,true
2025-03-22,2025-03,FAC 0003-00041066,FAC,C9002,VENTA ONLINE,CAP-FILTRO-100,1.00,3342.35,0.00,3342.35,,3342.35,0.00,true
2025-05-06,2025-05,FAC 0003-00041856,FAC,C9002,VENTA ONLINE,CAF-ETIOP-250,1.00,10363.99,0.00,10363.99,,10363.99,0.00,true
2025-06-26,2025-06,FAC 0003-00042109,FAC,C0114,Usina Boedo,CAF-BLEND-1K,5.00,20069.06,32.00,68234.80,,68234.80,-0.00,true
2025-04-16,2025-04,FAC 0003-00041382,FAC,C9002,VENTA ONLINE,CAF-COLOM-250,3.00,8753.19,0.00,26259.58,,26259.57,0.01,true
2025-02-14,2025-02,FAC 0003-00040705,FAC,C9001,CONSUMIDOR FINAL,CAF-BLEND-1K,1.00,18396.00,0.00,18396.00,,18396.00,0.00,true
2025-06-21,2025-06,FAC 0003-00042336,FAC,C9002,VENTA ONLINE,CAF-BRAS-250,2.00,5909.22,0.00,11818.45,,11818.44,0.01,true
2025-06-07,2025-06,FAC 0003-00042083,FAC,C0001,GRANOS DEL SUR S.A.,CAF-BLEND-CJ6,8.00,113724.66,40.00,545878.37,R. Ibarra,545878.37,0.00,true
2025-03-19,2025-03,FAC 0003-00041228,FAC,C9001,CONSUMIDOR FINAL,CAF-BLEND-250,1.00,5849.11,0.00,5849.11,,5849.11,0.00,true
2025-05-12,2025-05,FAC 0003-00041898,FAC,C9002,VENTA ONLINE,CAF-COLOM-250,1.00,8945.76,0.00,8945.76,,8945.76,0.00,true
2025-04-06,2025-04,FAC 0003-00041452,FAC,C9002,VENTA ONLINE,CAF-ETIOP-250,2.00,10140.90,0.00,20281.79,,20281.80,-0.01,true
2025-02-20,2025-02,FAC 0003-00040682,FAC,C9002,VENTA ONLINE,CAF-ETIOP-250,2.00,9709.00,0.00,19418.00,,19418.00,0.00,true
2025-01-03,2025-01,FAC 0003-00040214,FAC,C9002,VENTA ONLINE,CAF-COLOM-250,1.00,8200.00,0.00,8200.00,,8200.00,0.00,true
2025-06-15,2025-06,FAC 0003-00042507,FAC,C9001,CONSUMIDOR FINAL,CAF-COLOM-250,2.00,9142.57,0.00,18285.14,,18285.14,0.00,true
2025-02-21,2025-02,FAC 0003-00040528,FAC,C9002,VENTA ONLINE,CAF-ETIOP-250,3.00,9709.00,0.00,29127.00,,29127.00,0.00,true
2025-04-21,2025-04,FAC 0003-00041550,FAC,C9001,CONSUMIDOR FINAL,CAF-BLEND-250,1.00,5977.79,0.00,5977.79,,5977.79,0.00,true
2025-06-02,2025-06,FAC 0003-00042258,FAC,C9002,VENTA ONLINE,CAF-ETIOP-250,2.00,10592.00,0.00,21184.01,,21184.00,0.01,true
2025-04-02,2025-04,FAC 0003-00041259,FAC,C0112,La Ventanita de Recoleta,CAF-BLEND-1K,4.00,19214.33,35.00,49957.25,,49957.26,-0.01,true
2025-04-05,2025-04,FAC 0003-00041311,FAC,C9002,VENTA ONLINE,CAF-ETIOP-250,1.00,10140.90,0.00,10140.90,,10140.90,0.00,true
2025-02-19,2025-02,FAC 0003-00040432,FAC,C0108,Coffee Lab Colegiales,CAP-FILTRO-100,5.00,3270.40,32.00,11119.36,R. Ibarra,11119.36,0.00,true
2025-03-17,2025-03,FAC 0003-00040880,FAC,C0133,El Almacen de Barracas II,CAF-BLEND-1K,3.00,18800.71,35.00,36661.39,M. Paz,36661.38,0.01,true
2025-06-23,2025-06,FAC 0003-00042330,FAC,C9002,VENTA ONLINE,CAF-COLOM-250,3.00,9142.57,0.00,27427.71,,27427.71,0.00,true
2025-02-07,2025-02,FAC 0003-00040684,FAC,C9002,VENTA ONLINE,CAP-TAZA,2.00,9095.80,0.00,18191.60,,18191.60,0.00,true
2025-03-05,2025-03,FAC 0003-00041094,FAC,C9002,VENTA ONLINE,CAF-DESCA-250,1.00,7729.18,0.00,7729.18,,7729.18,0.00,true
2025-04-07,2025-04,FAC 0003-00041270,FAC,C0124,Coffee Lab Flores,CAF-BLEND-1K,4.00,19214.33,35.00,49957.25,M. Paz,49957.26,-0.01,true
2025-02-14,2025-02,FAC 0003-00040798,FAC,C9001,CONSUMIDOR FINAL,CAF-BLEND-250,2.00,5723.20,0.00,11446.40,,11446.40,0.00,true
2025-04-18,2025-04,FAC 0003-00041548,FAC,C9001,CONSUMIDOR FINAL,CAF-BLEND-250,2.00,5977.79,0.00,11955.58,,11955.58,0.00,true
2025-02-21,2025-02,FAC 0003-00040523,FAC,C9002,VENTA ONLINE,CAP-TAZA,1.00,9095.80,0.00,9095.80,,9095.80,0.00,true
2025-03-12,2025-03,FAC 0003-00040939,FAC,C9002,VENTA ONLINE,CAF-ETIOP-250,1.00,9922.60,0.00,9922.60,,9922.60,0.00,true
2025-06-05,2025-06,FAC 0003-00042169,FAC,C9002,VENTA ONLINE,CAF-COLOM-250,1.00,9142.57,0.00,9142.57,,9142.57,0.00,true
2025-03-01,2025-03,FAC 0003-00040878,FAC,C0132,Cafe Barracas,CAF-BRAS-1K,4.00,17756.23,35.00,46166.19,,46166.20,-0.01,true
2025-02-21,2025-02,FAC 0003-00040570,FAC,C9002,VENTA ONLINE,CAF-BRAS-250,3.00,5416.60,0.00,16249.80,,16249.80,0.00,true
2025-01-15,2025-01,FAC 0003-00040207,FAC,C9002,VENTA ONLINE,CAP-TAZA,1.00,8900.00,0.00,8900.00,,8900.00,0.00,true
2025-05-07,2025-05,FAC 0003-00042017,FAC,C9001,CONSUMIDOR FINAL,CAF-BLEND-250,2.00,6109.30,0.00,12218.60,,12218.60,0.00,true
2025-02-16,2025-02,FAC 0003-00040700,FAC,C9001,CONSUMIDOR FINAL,CAF-BLEND-250,2.00,5723.20,0.00,11446.40,,11446.40,0.00,true
2025-03-20,2025-03,FAC 0003-00040892,FAC,C9002,VENTA ONLINE,CAF-BRAS-250,3.00,5535.77,0.00,16607.30,,16607.31,-0.01,true
2025-03-27,2025-03,FAC 0003-00041019,FAC,C9002,VENTA ONLINE,CAF-BRAS-250,2.00,5535.77,0.00,11071.53,,11071.54,-0.01,true
2025-02-03,2025-02,FAC 0003-00040600,FAC,C9002,VENTA ONLINE,CAF-DESCA-250,2.00,7562.80,0.00,15125.60,,15125.60,0.00,true
2025-06-19,2025-06,FAC 0003-00042479,FAC,C9001,CONSUMIDOR FINAL,CAF-ETIOP-250,2.00,10592.00,0.00,21184.01,,21184.00,0.01,true
2025-04-14,2025-04,FAC 0003-00041315,FAC,C9002,VENTA ONLINE,CAF-CAPS-10,1.00,7365.49,0.00,7365.49,,7365.49,0.00,true
2025-02-03,2025-02,FAC 0003-00040566,FAC,C9002,VENTA ONLINE,CAF-ETIOP-250,2.00,9709.00,0.00,19418.00,,19418.00,0.00,true
2025-04-17,2025-04,FAC 0003-00041642,FAC,C9001,CONSUMIDOR FINAL,CAF-BLEND-250,1.00,5977.79,0.00,5977.79,,5977.79,0.00,true
2025-04-27,2025-04,FAC 0003-00041340,FAC,C9002,VENTA ONLINE,CAF-ETIOP-250,1.00,10140.90,0.00,10140.90,,10140.90,0.00,true
2025-06-04,2025-06,FAC 0003-00042286,FAC,C9002,VENTA ONLINE,CAF-COLOM-250,3.00,9142.57,0.00,27427.71,,27427.71,0.00,true
2025-03-19,2025-03,FAC 0003-00041173,FAC,C9001,CONSUMIDOR FINAL,CAF-COLOM-250,1.00,8564.77,0.00,8564.77,,8564.77,0.00,true
2025-04-06,2025-04,FAC 0003-00041525,FAC,C9001,CONSUMIDOR FINAL,CAP-FILTRO-100,1.00,3415.88,0.00,3415.88,,3415.88,0.00,true
2025-02-09,2025-02,FAC 0003-00040457,FAC,C0128,La Ventanita de San Telmo,CAF-BLEND-1K,7.00,18396.00,32.00,87564.96,,87564.96,0.00,true
2025-05-12,2025-05,FAC 0003-00041690,FAC,C0134,Bar Agronomia,CAF-BRAS-1K,2.00,18546.10,35.00,24109.92,R. Ibarra,24109.93,-0.01,true
2025-02-18,2025-02,FAC 0003-00040802,FAC,C9001,CONSUMIDOR FINAL,CAF-BLEND-250,2.00,5723.20,0.00,11446.40,,11446.40,0.00,true
2025-05-26,2025-05,FAC 0003-00041803,FAC,C9002,VENTA ONLINE,CAP-TAZA,3.00,9709.43,0.00,29128.28,,29128.29,-0.01,true
2025-01-25,2025-01,FAC 0003-00040190,FAC,C9002,VENTA ONLINE,CAF-ETIOP-250,3.00,9500.00,0.00,28500.00,,28500.00,0.00,true
2025-03-18,2025-03,FAC 0003-00040850,FAC,C0104,Tostado Villa Crespo,CAF-BLEND-1K,3.00,18800.71,35.00,36661.39,M. Paz,36661.38,0.01,true
2025-02-19,2025-02,FAC 0003-00040768,FAC,C9001,CONSUMIDOR FINAL,CAF-BLEND-250,2.00,5723.20,0.00,11446.40,,11446.40,0.00,true
2025-03-03,2025-03,FAC 0003-00041022,FAC,C9002,VENTA ONLINE,CAF-ETIOP-250,2.00,9922.60,0.00,19845.20,,19845.20,0.00,true
2025-02-19,2025-02,FAC 0003-00040784,FAC,C9001,CONSUMIDOR FINAL,CAF-ETIOP-250,1.00,9709.00,0.00,9709.00,,9709.00,0.00,true
2025-03-04,2025-03,FAC 0003-00041100,FAC,C9002,VENTA ONLINE,CAF-BLEND-250,1.00,5849.11,0.00,5849.11,,5849.11,0.00,true
2025-02-22,2025-02,FAC 0003-00040414,FAC,C0001,GRANOS DEL SUR S.A.,BLEND1K,35.00,18396.00,40.00,386316.00,M. Paz,386316.00,0.00,true
2025-03-17,2025-03,FAC 0003-00040862,FAC,C0117,El Almacen de Caballito II,CAF-BRAS-1K,3.00,17756.23,32.00,36222.71,,36222.71,0.00,true
2025-04-01,2025-04,FAC 0003-00041291,FAC,C9002,VENTA ONLINE,CAF-COLOM-250,3.00,8753.19,0.00,26259.58,,26259.57,0.01,true
2025-01-23,2025-01,FAC 0003-00040084,FAC,C9002,VENTA ONLINE,CAF-BLEND-250,2.00,5600.00,0.00,11200.00,,11200.00,0.00,true
2025-04-18,2025-04,FAC 0003-00041385,FAC,C9002,VENTA ONLINE,CAF-BRAS-250,1.00,5657.55,0.00,5657.55,,5657.55,0.00,true
2025-03-06,2025-03,FAC 0003-00041070,FAC,C9002,VENTA ONLINE,CAF-ETIOP-250,3.00,9922.60,0.00,29767.79,,29767.80,-0.01,true
2025-06-23,2025-06,FAC 0003-00042271,FAC,C9002,VENTA ONLINE,CAF-ETIOP-250,2.00,10592.00,0.00,21184.01,,21184.00,0.01,true
2025-02-19,2025-02,FAC 0003-00040644,FAC,C9002,VENTA ONLINE,CAF-BLEND-250,1.00,5723.20,0.00,5723.20,,5723.20,0.00,true
2025-03-13,2025-03,FAC 0003-00041104,FAC,C9002,VENTA ONLINE,CAF-COLOM-250,1.00,8564.77,0.00,8564.77,,8564.77,0.00,true
2025-05-02,2025-05,FAC 0003-00042054,FAC,C9001,CONSUMIDOR FINAL,CAF-BLEND-1K,2.00,19637.04,0.00,39274.09,,39274.08,0.01,true
2025-02-02,2025-02,FAC 0003-00040507,FAC,C9002,VENTA ONLINE,CAF-BLEND-250,3.00,5723.20,0.00,17169.60,,17169.60,0.00,true
2025-01-09,2025-01,FAC 0003-00040173,FAC,C9002,VENTA ONLINE,CAF-BRAS-250,2.00,5300.00,0.00,10600.00,,10600.00,0.00,true
2025-02-01,2025-02,FAC 0003-00040468,FAC,C0136,Tostado Villa Urquiza,CAF-BRAS-1K,7.00,17374.00,35.00,79051.70,M. Paz,79051.70,0.00,true
2025-02-18,2025-02,FAC 0003-00040525,FAC,C9002,VENTA ONLINE,CAF-ETIOP-250,2.00,9709.00,0.00,19418.00,,19418.00,0.00,true
2025-02-12,2025-02,FAC 0003-00040635,FAC,C9002,VENTA ONLINE,CAP-TAZA,1.00,9095.80,0.00,9095.80,,9095.80,0.00,true
2025-04-20,2025-04,FAC 0003-00041457,FAC,C9002,VENTA ONLINE,CAP-FILTRO-100,3.00,3415.88,0.00,10247.64,,10247.64,0.00,true
2025-05-21,2025-05,FAC 0003-00041713,FAC,C9002,VENTA ONLINE,CAF-BLEND-250,3.00,6109.30,0.00,18327.91,,18327.90,0.01,true
2025-04-13,2025-04,FAC 0003-00041566,FAC,C9001,CONSUMIDOR FINAL,CAF-ETIOP-250,1.00,10140.90,0.00,10140.90,,10140.90,0.00,true
2025-03-08,2025-03,FAC 0003-00041179,FAC,C9001,CONSUMIDOR FINAL,CAF-BLEND-1K,1.00,18800.71,0.00,18800.71,,18800.71,0.00,true
2025-01-26,2025-01,FAC 0003-00040357,FAC,C9001,CONSUMIDOR FINAL,CAF-BLEND-1K,2.00,18000.00,0.00,36000.00,,36000.00,0.00,true
2025-02-20,2025-02,FAC 0003-00040451,FAC,C0124,Coffee Lab Flores,CAF-BLEND-1K,4.00,18396.00,35.00,47829.60,,47829.60,0.00,true
2025-01-14,2025-01,FAC 0003-00040348,FAC,C9001,CONSUMIDOR FINAL,CAF-ETIOP-250,2.00,9500.00,0.00,19000.00,,19000.00,0.00,true
2025-03-22,2025-03,FAC 0003-00041012,FAC,C9002,VENTA ONLINE,CAF-DESCA-250,1.00,7729.18,0.00,7729.18,,7729.18,0.00,true
2025-01-01,2025-01,FAC 0003-00040102,FAC,C9002,VENTA ONLINE,CAF-ETIOP-250,3.00,9500.00,0.00,28500.00,,28500.00,0.00,true
2025-05-24,2025-05,FAC 0003-00041909,FAC,C9002,VENTA ONLINE,CAF-CAPS-10,1.00,7527.53,0.00,7527.53,,7527.53,0.00,true
2025-06-25,2025-06,FAC 0003-00042151,FAC,C9002,VENTA ONLINE,CAF-COLOM-250,3.00,9142.57,0.00,27427.71,,27427.71,0.00,true
2025-01-03,2025-01,FAC 0003-00040001,FAC,C0001,GRANOS DEL SUR S.A.,CAF-BLEND-CJ6,4.00,102000.00,40.00,244800.00,,244800.00,0.00,true
2025-06-20,2025-06,FAC 0003-00042371,FAC,C9002,VENTA ONLINE,CAF-BLEND-250,2.00,6243.71,0.00,12487.41,,12487.42,-0.01,true
2025-01-22,2025-01,FAC 0003-00040016,FAC,C0105,Panaderia Villa Crespo II,CAP-FILTRO-100,6.00,3200.00,32.00,13056.00,M. Paz,13056.00,0.00,true
2025-02-13,2025-02,FAC 0003-00040575,FAC,C9002,VENTA ONLINE,CAF-BLEND-250,2.00,5723.20,0.00,11446.40,,11446.40,0.00,true
2025-05-06,2025-05,FAC 0003-00041722,FAC,C9002,VENTA ONLINE,CAF-ETIOP-250,1.00,10363.99,0.00,10363.99,,10363.99,0.00,true
2025-06-20,2025-06,FAC 0003-00042480,FAC,C9001,CONSUMIDOR FINAL,CAF-BLEND-1K,1.00,20069.06,0.00,20069.06,,20069.06,0.00,true
2025-01-16,2025-01,FAC 0003-00040025,FAC,C0112,La Ventanita de Recoleta,CAF-BLEND-1K,9.00,18000.00,35.00,105300.00,M. Paz,105300.00,0.00,true
2025-06-22,2025-06,FAC 0003-00042383,FAC,C9002,VENTA ONLINE,CAF-COLOM-250,2.00,9142.57,0.00,18285.14,,18285.14,0.00,true
2025-01-28,2025-01,FAC 0003-00040408,FAC,C9001,CONSUMIDOR FINAL,CAF-COLOM-250,1.00,8200.00,0.00,8200.00,,8200.00,0.00,true
2025-03-24,2025-03,FAC 0003-00040836,FAC,C0001,GRANOS DEL SUR S.A.,CAF-BLEND-CJ6,8.00,106537.37,40.00,511379.37,,511379.38,-0.01,true
2025-04-25,2025-04,FAC 0003-00041503,FAC,C9002,VENTA ONLINE,CAF-BRAS-250,2.00,5657.55,0.00,11315.10,,11315.10,0.00,true
2025-04-07,2025-04,FAC 0003-00041238,FAC,C0001,GRANOS DEL SUR S.A.,BLEND1K,38.00,19214.33,40.00,438086.67,M. Paz,438086.72,-0.05,true
2025-02-10,2025-02,FAC 0003-00040785,FAC,C9001,CONSUMIDOR FINAL,CAF-BLEND-250,2.00,5723.20,0.00,11446.40,,11446.40,0.00,true
2025-03-08,2025-03,FAC 0003-00040841,FAC,C0001,GRANOS DEL SUR S.A.,BLEND1K,49.00,18800.71,40.00,552740.93,M. Paz,552740.87,0.06,true
2025-02-05,2025-02,FAC 0003-00040455,FAC,C0127,Cafe Parque Chas II,CAP-FILTRO-100,6.00,3270.40,32.00,13343.23,R. Ibarra,13343.23,-0.00,true
2025-02-10,2025-02,FAC 0003-00040812,FAC,C9001,CONSUMIDOR FINAL,CAF-BLEND-250,2.00,5723.20,0.00,11446.40,,11446.40,0.00,true
2025-02-10,2025-02,FAC 0003-00040800,FAC,C9001,CONSUMIDOR FINAL,CAF-BLEND-250,1.00,5723.20,0.00,5723.20,,5723.20,0.00,true
2025-06-11,2025-06,FAC 0003-00042211,FAC,C9002,VENTA ONLINE,CAF-CAPS-10,3.00,7693.14,0.00,23079.42,,23079.42,0.00,true
2025-02-27,2025-02,FAC 0003-00040822,FAC,C9001,CONSUMIDOR FINAL,CAF-BLEND-250,2.00,5723.20,0.00,11446.40,,11446.40,0.00,true
2025-03-18,2025-03,FAC 0003-00040942,FAC,C9002,VENTA ONLINE,CAF-DESCA-250,2.00,7729.18,0.00,15458.36,,15458.36,0.00,true
2025-04-15,2025-04,FAC 0003-00041640,FAC,C9001,CONSUMIDOR FINAL,CAF-BLEND-1K,2.00,19214.33,0.00,38428.66,,38428.66,0.00,true
2025-03-10,2025-03,FAC 0003-00040973,FAC,C9002,VENTA ONLINE,CAF-ETIOP-250,3.00,9922.60,0.00,29767.79,,29767.80,-0.01,true
2025-01-20,2025-01,FAC 0003-00040049,FAC,C0136,Tostado Villa Urquiza,CAF-BRAS-1K,5.00,17000.00,35.00,55250.00,M. Paz,55250.00,0.00,true
2025-03-12,2025-03,FAC 0003-00041063,FAC,C9002,VENTA ONLINE,CAF-COLOM-250,1.00,8564.77,0.00,8564.77,,8564.77,0.00,true
2025-06-21,2025-06,FAC 0003-00042379,FAC,C9002,VENTA ONLINE,CAF-BLEND-250,3.00,6243.71,0.00,18731.12,,18731.13,-0.01,true
2025-05-04,2025-05,FAC 0003-00041837,FAC,C9002,VENTA ONLINE,CAF-COLOM-250,1.00,8945.76,0.00,8945.76,,8945.76,0.00,true
2025-03-20,2025-03,FAC 0003-00040929,FAC,C9002,VENTA ONLINE,CAF-BRAS-250,1.00,5535.77,0.00,5535.77,,5535.77,0.00,true
2025-06-09,2025-06,FAC 0003-00042448,FAC,C9001,CONSUMIDOR FINAL,CAP-FILTRO-100,1.00,3567.83,0.00,3567.83,,3567.83,0.00,true
2025-05-24,2025-05,FAC 0003-00041952,FAC,C9001,CONSUMIDOR FINAL,CAF-BLEND-250,1.00,6109.30,0.00,6109.30,,6109.30,0.00,true
2025-06-19,2025-06,FAC 0003-00042329,FAC,C9002,VENTA ONLINE,CAP-FILTRO-100,2.00,3567.83,0.00,7135.67,,7135.66,0.01,true
2025-06-26,2025-06,FAC 0003-00042257,FAC,C9002,VENTA ONLINE,CAF-DESCA-250,2.00,8250.61,0.00,16501.23,,16501.22,0.01,true
2025-04-23,2025-04,FAC 0003-00041440,FAC,C9002,VENTA ONLINE,CAF-BRAS-250,1.00,5657.55,0.00,5657.55,,5657.55,0.00,true
2025-03-09,2025-03,FAC 0003-00041113,FAC,C9002,VENTA ONLINE,CAF-ETIOP-250,1.00,9922.60,0.00,9922.60,,9922.60,0.00,true
2025-04-19,2025-04,FAC 0003-00041405,FAC,C9002,VENTA ONLINE,CAF-BLEND-250,3.00,5977.79,0.00,17933.37,,17933.37,0.00,true
2025-03-18,2025-03,FAC 0003-00041035,FAC,C9002,VENTA ONLINE,CAF-ETIOP-250,3.00,9922.60,0.00,29767.79,,29767.80,-0.01,true
2025-05-25,2025-05,FAC 0003-00041933,FAC,C9002,VENTA ONLINE,CAF-DESCA-250,2.00,8073.01,0.00,16146.01,,16146.02,-0.01,true
2025-01-07,2025-01,FAC 0003-00040234,FAC,C9002,VENTA ONLINE,CAF-DESCA-250,3.00,7400.00,0.00,22200.00,,22200.00,0.00,true
2025-02-17,2025-02,FAC 0003-00040578,FAC,C9002,VENTA ONLINE,CAF-COLOM-250,3.00,8380.40,0.00,25141.20,,25141.20,0.00,true
2025-05-01,2025-05,FAC 0003-00041821,FAC,C9002,VENTA ONLINE,CAF-CAPS-10,1.00,7527.53,0.00,7527.53,,7527.53,0.00,true
2025-06-25,2025-06,FAC 0003-00042184,FAC,C9002,VENTA ONLINE,CAF-ETIOP-250,2.00,10592.00,0.00,21184.01,,21184.00,0.01,true
2025-02-25,2025-02,FAC 0003-00040814,FAC,C9001,CONSUMIDOR FINAL,CAF-ETIOP-250,1.00,9709.00,0.00,9709.00,,9709.00,0.00,true
2025-02-15,2025-02,FAC 0003-00040581,FAC,C9002,VENTA ONLINE,CAF-COLOM-250,2.00,8380.40,0.00,16760.80,,16760.80,0.00,true
2025-06-14,2025-06,FAC 0003-00042155,FAC,C9002,VENTA ONLINE,CAF-COLOM-250,3.00,9142.57,0.00,27427.71,,27427.71,0.00,true
2025-02-08,2025-02,FAC 0003-00040669,FAC,C9002,VENTA ONLINE,CAF-ETIOP-250,2.00,9709.00,0.00,19418.00,,19418.00,0.00,true
2025-06-23,2025-06,FAC 0003-00042501,FAC,C9001,CONSUMIDOR FINAL,CAF-ETIOP-250,2.00,10592.00,0.00,21184.01,,21184.00,0.01,true
2025-05-03,2025-05,FAC 0003-00042070,FAC,C9001,CONSUMIDOR FINAL,CAF-ETIOP-250,1.00,10363.99,0.00,10363.99,,10363.99,0.00,true
2025-01-09,2025-01,FAC 0003-00040045,FAC,C0131,Tostado Coghlan II,CAF-BLEND-1K,8.00,18000.00,35.00,93600.00,M. Paz,93600.00,0.00,true
2025-06-02,2025-06,FAC 0003-00042381,FAC,C9002,VENTA ONLINE,CAF-BRAS-250,2.00,5909.22,0.00,11818.45,,11818.44,0.01,true
2025-06-12,2025-06,FAC 0003-00042192,FAC,C9002,VENTA ONLINE,CAF-BLEND-250,2.00,6243.71,0.00,12487.41,,12487.42,-0.01,true
2025-05-16,2025-05,FAC 0003-00041668,FAC,C0113,Bar Recoleta II,CAF-BLEND-1K,5.00,19637.04,30.00,68729.65,R. Ibarra,68729.64,0.01,true
2025-05-01,2025-05,FAC 0003-00042069,FAC,C9001,CONSUMIDOR FINAL,CAF-COLOM-250,1.00,8945.76,0.00,8945.76,,8945.76,0.00,true
2025-03-21,2025-03,FAC 0003-00040934,FAC,C9002,VENTA ONLINE,CAF-ETIOP-250,3.00,9922.60,0.00,29767.79,,29767.80,-0.01,true
2025-04-18,2025-04,FAC 0003-00041643,FAC,C9001,CONSUMIDOR FINAL,CAP-FILTRO-100,2.00,3415.88,0.00,6831.76,,6831.76,0.00,true
2025-02-22,2025-02,FAC 0003-00040537,FAC,C9002,VENTA ONLINE,CAF-CAPS-10,3.00,7051.80,0.00,21155.40,,21155.40,0.00,true
2025-04-14,2025-04,FAC 0003-00041564,FAC,C9001,CONSUMIDOR FINAL,CAF-ETIOP-250,2.00,10140.90,0.00,20281.79,,20281.80,-0.01,true
2025-04-23,2025-04,FAC 0003-00041354,FAC,C9002,VENTA ONLINE,CAF-BLEND-250,2.00,5977.79,0.00,11955.58,,11955.58,0.00,true
2025-05-28,2025-05,FAC 0003-00041833,FAC,C9002,VENTA ONLINE,CAF-ETIOP-250,2.00,10363.99,0.00,20727.99,,20727.98,0.01,true
2025-05-23,2025-05,FAC 0003-00041651,FAC,C0100,Cafe Palermo,CAF-BRAS-1K,5.00,18546.10,32.00,63056.73,M. Paz,63056.74,-0.01,true
2025-03-22,2025-03,FAC 0003-00040941,FAC,C9002,VENTA ONLINE,CAF-ETIOP-250,2.00,9922.60,0.00,19845.20,,19845.20,0.00,true
2025-04-04,2025-04,FAC 0003-00041294,FAC,C9002,VENTA ONLINE,CAF-ETIOP-250,1.00,10140.90,0.00,10140.90,,10140.90,0.00,true
2025-05-15,2025-05,FAC 0003-00041750,FAC,C9002,VENTA ONLINE,CAF-BLEND-250,3.00,6109.30,0.00,18327.91,,18327.90,0.01,true
2025-02-26,2025-02,FAC 0003-00040763,FAC,C9001,CONSUMIDOR FINAL,CAF-BLEND-1K,1.00,18396.00,0.00,18396.00,,18396.00,0.00,true
2025-05-09,2025-05,FAC 0003-00041714,FAC,C9002,VENTA ONLINE,CAF-ETIOP-250,2.00,10363.99,0.00,20727.99,,20727.98,0.01,true
2025-01-15,2025-01,FAC 0003-00040132,FAC,C9002,VENTA ONLINE,CAF-BLEND-250,1.00,5600.00,0.00,5600.00,,5600.00,0.00,true
2025-03-06,2025-03,NC 0003-00001221,NC,C0104,Tostado Villa Crespo,CAF-BRAS-1K,-3.00,17756.23,35.00,-34624.64,,-34624.65,0.01,true
2025-01-18,2025-01,FAC 0003-00040392,FAC,C9001,CONSUMIDOR FINAL,CAF-ETIOP-250,2.00,9500.00,0.00,19000.00,,19000.00,0.00,true
2025-04-04,2025-04,FAC 0003-00041386,FAC,C9002,VENTA ONLINE,CAF-COLOM-250,2.00,8753.19,0.00,17506.39,,17506.38,0.01,true
2025-04-11,2025-04,FAC 0003-00041333,FAC,C9002,VENTA ONLINE,CAF-COLOM-250,2.00,8753.19,0.00,17506.39,,17506.38,0.01,true
2025-04-07,2025-04,FAC 0003-00041350,FAC,C9002,VENTA ONLINE,CAP-TAZA,1.00,9500.42,0.00,9500.42,,9500.42,0.00,true
2025-03-11,2025-03,FAC 0003-00041191,FAC,C9001,CONSUMIDOR FINAL,CAF-BLEND-1K,1.00,18800.71,0.00,18800.71,,18800.71,0.00,true
2025-02-23,2025-02,FAC 0003-00040489,FAC,C9002,VENTA ONLINE,CAF-DESCA-250,1.00,7562.80,0.00,7562.80,,7562.80,0.00,true
2025-05-05,2025-05,FAC 0003-00041831,FAC,C9002,VENTA ONLINE,CAF-CAPS-10,3.00,7527.53,0.00,22582.60,,22582.59,0.01,true
2025-01-09,2025-01,FAC 0003-00040187,FAC,C9002,VENTA ONLINE,CAF-COLOM-250,2.00,8200.00,0.00,16400.00,,16400.00,0.00,true
2025-06-25,2025-06,FAC 0003-00042174,FAC,C9002,VENTA ONLINE,CAF-ETIOP-250,2.00,10592.00,0.00,21184.01,,21184.00,0.01,true
2025-05-23,2025-05,FAC 0003-00041811,FAC,C9002,VENTA ONLINE,CAF-DESCA-250,2.00,8073.01,0.00,16146.01,,16146.02,-0.01,true
2025-04-14,2025-04,FAC 0003-00041266,FAC,C0120,Tostado Chacarita,CAP-FILTRO-100,3.00,3415.88,32.00,6968.40,,6968.40,0.00,true
2025-06-23,2025-06,FAC 0003-00042265,FAC,C9002,VENTA ONLINE,CAF-COLOM-250,2.00,9142.57,0.00,18285.14,,18285.14,0.00,true
2025-02-10,2025-02,FAC 0003-00040676,FAC,C9002,VENTA ONLINE,CAP-TAZA,2.00,9095.80,0.00,18191.60,,18191.60,0.00,true
2025-01-01,2025-01,FAC 0003-00040186,FAC,C9002,VENTA ONLINE,CAF-CAPS-10,2.00,6900.00,0.00,13800.00,,13800.00,0.00,true
2025-04-02,2025-04,FAC 0003-00041475,FAC,C9002,VENTA ONLINE,CAF-CAPS-10,3.00,7365.49,0.00,22096.48,,22096.47,0.01,true
2025-01-24,2025-01,FAC 0003-00040383,FAC,C9001,CONSUMIDOR FINAL,CAF-ETIOP-250,2.00,9500.00,0.00,19000.00,,19000.00,0.00,true
2025-04-26,2025-04,FAC 0003-00041522,FAC,C9002,VENTA ONLINE,CAF-BRAS-250,3.00,5657.55,0.00,16972.66,,16972.65,0.01,true
2025-04-09,2025-04,FAC 0003-00041362,FAC,C9002,VENTA ONLINE,CAF-ETIOP-250,3.00,10140.90,0.00,30422.69,,30422.70,-0.01,true
2025-06-12,2025-06,FAC 0003-00042192,FAC,C9002,VENTA ONLINE,CAF-ETIOP-250,2.00,10592.00,0.00,21184.01,,21184.00,0.01,true
2025-04-18,2025-04,FAC 0003-00041579,FAC,C9001,CONSUMIDOR FINAL,CAP-FILTRO-100,2.00,3415.88,0.00,6831.76,,6831.76,0.00,true
2025-03-04,2025-03,FAC 0003-00041092,FAC,C9002,VENTA ONLINE,CAF-DESCA-250,1.00,7729.18,0.00,7729.18,,7729.18,0.00,true
2025-03-19,2025-03,FAC 0003-00041014,FAC,C9002,VENTA ONLINE,CAF-ETIOP-250,2.00,9922.60,0.00,19845.20,,19845.20,0.00,true
2025-01-01,2025-01,FAC 0003-00040120,FAC,C9002,VENTA ONLINE,CAF-BRAS-250,1.00,5300.00,0.00,5300.00,,5300.00,0.00,true
2025-06-09,2025-06,FAC 0003-00042221,FAC,C9002,VENTA ONLINE,CAF-ETIOP-250,2.00,10592.00,0.00,21184.01,,21184.00,0.01,true
2025-06-26,2025-06,FAC 0003-00042333,FAC,C9002,VENTA ONLINE,CAF-DESCA-250,3.00,8250.61,0.00,24751.84,,24751.83,0.01,true
2025-03-20,2025-03,FAC 0003-00040929,FAC,C9002,VENTA ONLINE,CAF-CAPS-10,2.00,7206.94,0.00,14413.88,,14413.88,0.00,true
2025-03-17,2025-03,FAC 0003-00040907,FAC,C9002,VENTA ONLINE,CAF-DESCA-250,3.00,7729.18,0.00,23187.54,,23187.54,0.00,true
2025-01-17,2025-01,FAC 0003-00040281,FAC,C9001,CONSUMIDOR FINAL,CAF-BLEND-250,2.00,5600.00,0.00,11200.00,,11200.00,0.00,true
2025-04-13,2025-04,FAC 0003-00041389,FAC,C9002,VENTA ONLINE,CAF-ETIOP-250,3.00,10140.90,0.00,30422.69,,30422.70,-0.01,true
2025-06-12,2025-06,FAC 0003-00042232,FAC,C9002,VENTA ONLINE,CAF-COLOM-250,3.00,9142.57,0.00,27427.71,,27427.71,0.00,true
2025-01-01,2025-01,FAC 0003-00040269,FAC,C9001,CONSUMIDOR FINAL,CAF-BLEND-250,2.00,5600.00,0.00,11200.00,,11200.00,0.00,true
2025-04-02,2025-04,FAC 0003-00041290,FAC,C9002,VENTA ONLINE,CAF-ETIOP-250,3.00,10140.90,0.00,30422.69,,30422.70,-0.01,true
2025-05-07,2025-05,FAC 0003-00041851,FAC,C9002,VENTA ONLINE,CAF-BLEND-250,1.00,6109.30,0.00,6109.30,,6109.30,0.00,true
2025-01-27,2025-01,FAC 0003-00040332,FAC,C9001,CONSUMIDOR FINAL,CAF-ETIOP-250,1.00,9500.00,0.00,9500.00,,9500.00,0.00,true
2025-04-07,2025-04,FAC 0003-00041507,FAC,C9002,VENTA ONLINE,CAF-DESCA-250,2.00,7899.22,0.00,15798.45,,15798.44,0.01,true
2025-02-13,2025-02,FAC 0003-00040427,FAC,C0103,Coffee Lab Belgrano II,CAP-FILTRO-100,4.00,3270.40,35.00,8503.04,R. Ibarra,8503.04,0.00,true
2025-03-28,2025-03,FAC 0003-00041224,FAC,C9001,CONSUMIDOR FINAL,CAF-COLOM-250,2.00,8564.77,0.00,17129.54,,17129.54,0.00,true
2025-01-18,2025-01,FAC 0003-00040239,FAC,C9002,VENTA ONLINE,CAP-TAZA,3.00,8900.00,0.00,26700.00,,26700.00,0.00,true
2025-05-19,2025-05,FAC 0003-00041836,FAC,C9002,VENTA ONLINE,CAF-ETIOP-250,1.00,10363.99,0.00,10363.99,,10363.99,0.00,true
2025-02-07,2025-02,FAC 0003-00040453,FAC,C0125,Usina Flores II,CAF-BLEND-1K,4.00,18396.00,32.00,50037.12,M. Paz,50037.12,0.00,true
2025-06-13,2025-06,FAC 0003-00042102,FAC,C0109,Usina Colegiales II,CAF-BLEND-1K,5.00,20069.06,32.00,68234.80,M. Paz,68234.80,-0.00,true
2025-01-01,2025-01,FAC 0003-00040275,FAC,C9001,CONSUMIDOR FINAL,CAF-COLOM-250,1.00,8200.00,0.00,8200.00,,8200.00,0.00,true
2025-03-21,2025-03,FAC 0003-00040934,FAC,C9002,VENTA ONLINE,CAF-BRAS-250,3.00,5535.77,0.00,16607.30,,16607.31,-0.01,true
2025-06-15,2025-06,FAC 0003-00042264,FAC,C9002,VENTA ONLINE,CAF-ETIOP-250,3.00,10592.00,0.00,31776.01,,31776.00,0.01,true
2025-02-02,2025-02,FAC 0003-00040569,FAC,C9002,VENTA ONLINE,CAF-ETIOP-250,3.00,9709.00,0.00,29127.00,,29127.00,0.00,true
2025-06-26,2025-06,FAC 0003-00042159,FAC,C9002,VENTA ONLINE,CAF-ETIOP-250,2.00,10592.00,0.00,21184.01,,21184.00,0.01,true
2025-06-13,2025-06,FAC 0003-00042268,FAC,C9002,VENTA ONLINE,CAF-BRAS-250,1.00,5909.22,0.00,5909.22,,5909.22,0.00,true
2025-04-09,2025-04,FAC 0003-00041500,FAC,C9002,VENTA ONLINE,CAF-DESCA-250,2.00,7899.22,0.00,15798.45,,15798.44,0.01,true
2025-05-06,2025-05,FAC 0003-00042042,FAC,C9001,CONSUMIDOR FINAL,CAF-BLEND-250,2.00,6109.30,0.00,12218.60,,12218.60,0.00,true
2025-05-21,2025-05,FAC 0003-00041726,FAC,C9002,VENTA ONLINE,CAF-ETIOP-250,1.00,10363.99,0.00,10363.99,,10363.99,0.00,true
2025-03-02,2025-03,FAC 0003-00040984,FAC,C9002,VENTA ONLINE,CAF-CAPS-10,3.00,7206.94,0.00,21620.82,,21620.82,0.00,true
2025-05-01,2025-05,FAC 0003-00041732,FAC,C9002,VENTA ONLINE,CAF-BLEND-250,2.00,6109.30,0.00,12218.60,,12218.60,0.00,true
2025-04-03,2025-04,FAC 0003-00041479,FAC,C9002,VENTA ONLINE,CAF-BRAS-250,3.00,5657.55,0.00,16972.66,,16972.65,0.01,true
2025-06-08,2025-06,FAC 0003-00042413,FAC,C9001,CONSUMIDOR FINAL,CAF-COLOM-250,2.00,9142.57,0.00,18285.14,,18285.14,0.00,true
2025-04-08,2025-04,FAC 0003-00041589,FAC,C9001,CONSUMIDOR FINAL,CAF-BLEND-1K,2.00,19214.33,0.00,38428.66,,38428.66,0.00,true
2025-05-02,2025-05,FAC 0003-00041699,FAC,C9002,VENTA ONLINE,CAF-ETIOP-250,2.00,10363.99,0.00,20727.99,,20727.98,0.01,true
2025-01-23,2025-01,FAC 0003-00040148,FAC,C9002,VENTA ONLINE,CAF-BLEND-250,2.00,5600.00,0.00,11200.00,,11200.00,0.00,true
2025-06-02,2025-06,FAC 0003-00042191,FAC,C9002,VENTA ONLINE,CAF-DESCA-250,1.00,8250.61,0.00,8250.61,,8250.61,0.00,true
2025-04-20,2025-04,FAC 0003-00041592,FAC,C9001,CONSUMIDOR FINAL,CAF-ETIOP-250,1.00,10140.90,0.00,10140.90,,10140.90,0.00,true
2025-06-02,2025-06,FAC 0003-00042298,FAC,C9002,VENTA ONLINE,CAF-ETIOP-250,1.00,10592.00,0.00,10592.00,,10592.00,0.00,true
2025-06-07,2025-06,FAC 0003-00042321,FAC,C9002,VENTA ONLINE,CAF-BLEND-250,2.00,6243.71,0.00,12487.41,,12487.42,-0.01,true
2025-06-02,2025-06,FAC 0003-00042123,FAC,C0126,Panaderia Parque Chas,CAF-BLEND-1K,4.00,20069.06,32.00,54587.84,M. Paz,54587.84,-0.00,true
2025-02-14,2025-02,FAC 0003-00040491,FAC,C9002,VENTA ONLINE,CAF-ETIOP-250,1.00,9709.00,0.00,9709.00,,9709.00,0.00,true
2025-01-23,2025-01,FAC 0003-00040028,FAC,C0115,Tostado Boedo II,CAF-BLEND-1K,7.00,18000.00,30.00,88200.00,R. Ibarra,88200.00,0.00,true
2025-01-24,2025-01,FAC 0003-00040366,FAC,C9001,CONSUMIDOR FINAL,CAF-BLEND-1K,2.00,18000.00,0.00,36000.00,,36000.00,0.00,true
2025-01-01,2025-01,NC 0003-00001206,NC,C0001,GRANOS DEL SUR S.A.,CAF-BLEND-1K,-5.00,18000.00,40.00,-54000.00,,-54000.00,0.00,true
2025-06-22,2025-06,FAC 0003-00042094,FAC,C0103,Coffee Lab Belgrano II,CAF-ETIOP-250,5.00,10592.00,35.00,34424.01,R. Ibarra,34424.00,0.01,true
2025-03-19,2025-03,FAC 0003-00040871,FAC,C0126,Panaderia Parque Chas,CAP-FILTRO-100,2.00,3342.35,32.00,4545.59,M. Paz,4545.60,-0.01,true
2025-04-03,2025-04,FAC 0003-00041345,FAC,C9002,VENTA ONLINE,CAF-BLEND-250,2.00,5977.79,0.00,11955.58,,11955.58,0.00,true
2025-03-13,2025-03,FAC 0003-00041005,FAC,C9002,VENTA ONLINE,CAF-BLEND-250,3.00,5849.11,0.00,17547.33,,17547.33,0.00,true
2025-06-04,2025-06,FAC 0003-00042311,FAC,C9002,VENTA ONLINE,CAF-ETIOP-250,1.00,10592.00,0.00,10592.00,,10592.00,0.00,true
2025-06-19,2025-06,FAC 0003-00042394,FAC,C9002,VENTA ONLINE,CAF-ETIOP-250,1.00,10592.00,0.00,10592.00,,10592.00,0.00,true
2025-05-09,2025-05,FAC 0003-00041806,FAC,C9002,VENTA ONLINE,CAF-ETIOP-250,2.00,10363.99,0.00,20727.99,,20727.98,0.01,true
2025-01-07,2025-01,FAC 0003-00040161,FAC,C9002,VENTA ONLINE,CAF-COLOM-250,3.00,8200.00,0.00,24600.00,,24600.00,0.00,true
2025-04-13,2025-04,FAC 0003-00041261,FAC,C0115,Tostado Boedo II,CAF-BLEND-1K,3.00,19214.33,30.00,40350.09,R. Ibarra,40350.09,-0.00,true
2025-03-22,2025-03,FAC 0003-00040941,FAC,C9002,VENTA ONLINE,CAF-COLOM-250,3.00,8564.77,0.00,25694.31,,25694.31,0.00,true
2025-01-27,2025-01,FAC 0003-00040386,FAC,C9001,CONSUMIDOR FINAL,CAP-FILTRO-100,1.00,3200.00,0.00,3200.00,,3200.00,0.00,true
2025-04-21,2025-04,FAC 0003-00041388,FAC,C9002,VENTA ONLINE,CAF-BLEND-250,3.00,5977.79,0.00,17933.37,,17933.37,0.00,true
2025-01-07,2025-01,FAC 0003-00040013,FAC,C0103,Coffee Lab Belgrano II,CAF-BRAS-1K,5.00,17000.00,35.00,55250.00,R. Ibarra,55250.00,0.00,true
2025-06-06,2025-06,FAC 0003-00042164,FAC,C9002,VENTA ONLINE,CAF-BRAS-250,2.00,5909.22,0.00,11818.45,,11818.44,0.01,true
2025-06-15,2025-06,NC 0003-00001238,NC,C0001,GRANOS DEL SUR S.A.,CAF-BLEND-1K,-15.00,20069.06,40.00,-180621.52,,-180621.54,0.02,true
2025-04-23,2025-04,FAC 0003-00041449,FAC,C9002,VENTA ONLINE,CAF-BLEND-250,2.00,5977.79,0.00,11955.58,,11955.58,0.00,true
2025-05-15,2025-05,FAC 0003-00041914,FAC,C9002,VENTA ONLINE,CAF-DESCA-250,2.00,8073.01,0.00,16146.01,,16146.02,-0.01,true
2025-03-05,2025-03,FAC 0003-00041018,FAC,C9002,VENTA ONLINE,CAF-BLEND-250,2.00,5849.11,0.00,11698.22,,11698.22,0.00,true
2025-06-28,2025-06,FAC 0003-00042365,FAC,C9002,VENTA ONLINE,CAF-BLEND-250,3.00,6243.71,0.00,18731.12,,18731.13,-0.01,true
2025-06-27,2025-06,FAC 0003-00042420,FAC,C9001,CONSUMIDOR FINAL,CAF-BLEND-250,2.00,6243.71,0.00,12487.41,,12487.42,-0.01,true
2025-03-15,2025-03,FAC 0003-00041004,FAC,C9002,VENTA ONLINE,CAF-COLOM-250,1.00,8564.77,0.00,8564.77,,8564.77,0.00,true
2025-05-12,2025-05,FAC 0003-00041649,FAC,C0001,GRANOS DEL SUR S.A.,CAF-BRAS-1K,17.00,18546.10,40.00,189170.18,R. Ibarra,189170.22,-0.04,true
2025-05-12,2025-05,FAC 0003-00042058,FAC,C9001,CONSUMIDOR FINAL,CAP-FILTRO-100,2.00,3491.03,0.00,6982.06,,6982.06,0.00,true
2025-01-09,2025-01,FAC 0003-00040266,FAC,C9001,CONSUMIDOR FINAL,CAF-ETIOP-250,2.00,9500.00,0.00,19000.00,,19000.00,0.00,true
2025-04-20,2025-04,FAC 0003-00041419,FAC,C9002,VENTA ONLINE,CAF-CAPS-10,2.00,7365.49,0.00,14730.98,,14730.98,0.00,true
2025-01-19,2025-01,FAC 0003-00040076,FAC,C9002,VENTA ONLINE,CAF-DESCA-250,2.00,7400.00,0.00,14800.00,,14800.00,0.00,true
2025-06-20,2025-06,FAC 0003-00042371,FAC,C9002,VENTA ONLINE,CAF-ETIOP-250,2.00,10592.00,0.00,21184.01,,21184.00,0.01,true
2025-06-04,2025-06,FAC 0003-00042243,FAC,C9002,VENTA ONLINE,CAF-BLEND-250,1.00,6243.71,0.00,6243.71,,6243.71,0.00,true
2025-04-26,2025-04,FAC 0003-00041366,FAC,C9002,VENTA ONLINE,CAP-TAZA,3.00,9500.42,0.00,28501.25,,28501.26,-0.01,true
2025-05-19,2025-05,FAC 0003-00041802,FAC,C9002,VENTA ONLINE,CAP-FILTRO-100,1.00,3491.03,0.00,3491.03,,3491.03,0.00,true
2025-01-03,2025-01,FAC 0003-00040246,FAC,C9002,VENTA ONLINE,CAP-TAZA,2.00,8900.00,0.00,17800.00,,17800.00,0.00,true
2025-01-01,2025-01,FAC 0003-00040138,FAC,C9002,VENTA ONLINE,CAF-ETIOP-250,2.00,9500.00,0.00,19000.00,,19000.00,0.00,true
2025-04-18,2025-04,FAC 0003-00041370,FAC,C9002,VENTA ONLINE,CAF-CAPS-10,2.00,7365.49,0.00,14730.98,,14730.98,0.00,true
2025-06-09,2025-06,FAC 0003-00042366,FAC,C9002,VENTA ONLINE,CAF-ETIOP-250,3.00,10592.00,0.00,31776.01,,31776.00,0.01,true
2025-05-12,2025-05,FAC 0003-00041892,FAC,C9002,VENTA ONLINE,CAF-BLEND-250,2.00,6109.30,0.00,12218.60,,12218.60,0.00,true
2025-02-03,2025-02,FAC 0003-00040496,FAC,C9002,VENTA ONLINE,CAF-CAPS-10,3.00,7051.80,0.00,21155.40,,21155.40,0.00,true
2025-02-22,2025-02,FAC 0003-00040429,FAC,C0106,El Almacen de Nunez,CAF-BLEND-1K,10.00,18396.00,30.00,128772.00,M. Paz,128772.00,0.00,true
2025-04-24,2025-04,FAC 0003-00041637,FAC,C9001,CONSUMIDOR FINAL,CAF-ETIOP-250,2.00,10140.90,0.00,20281.79,,20281.80,-0.01,true
2025-04-12,2025-04,FAC 0003-00041374,FAC,C9002,VENTA ONLINE,CAF-BLEND-250,3.00,5977.79,0.00,17933.37,,17933.37,0.00,true
2025-02-22,2025-02,FAC 0003-00040414,FAC,C0001,GRANOS DEL SUR S.A.,CAF-BLEND-CJ6,7.00,104244.00,40.00,437824.80,M. Paz,437824.80,0.00,true
2025-01-25,2025-01,FAC 0003-00040107,FAC,C9002,VENTA ONLINE,CAF-ETIOP-250,2.00,9500.00,0.00,19000.00,,19000.00,0.00,true
2025-04-08,2025-04,FAC 0003-00041289,FAC,C9002,VENTA ONLINE,CAP-FILTRO-100,1.00,3415.88,0.00,3415.88,,3415.88,0.00,true
2025-04-20,2025-04,FAC 0003-00041281,FAC,C0133,El Almacen de Barracas II,CAF-BLEND-1K,10.00,19214.33,35.00,124893.13,R. Ibarra,124893.15,-0.02,true
2025-02-17,2025-02,FAC 0003-00040719,FAC,C9001,CONSUMIDOR FINAL,CAF-BLEND-1K,2.00,18396.00,0.00,36792.00,,36792.00,0.00,true
2025-04-25,2025-04,FAC 0003-00041267,FAC,C0121,Panaderia Chacarita II,CAF-BRAS-1K,2.00,18146.87,35.00,23590.92,R. Ibarra,23590.93,-0.01,true
2025-02-27,2025-02,FAC 0003-00040538,FAC,C9002,VENTA ONLINE,CAF-COLOM-250,3.00,8380.40,0.00,25141.20,,25141.20,0.00,true
2025-01-26,2025-01,FAC 0003-00040166,FAC,C9002,VENTA ONLINE,CAF-ETIOP-250,1.00,9500.00,0.00,9500.00,,9500.00,0.00,true
2025-01-23,2025-01,FAC 0003-00040118,FAC,C9002,VENTA ONLINE,CAF-ETIOP-250,1.00,9500.00,0.00,9500.00,,9500.00,0.00,true
2025-02-23,2025-02,FAC 0003-00040550,FAC,C9002,VENTA ONLINE,CAF-DESCA-250,1.00,7562.80,0.00,7562.80,,7562.80,0.00,true
2025-06-14,2025-06,FAC 0003-00042248,FAC,C9002,VENTA ONLINE,CAF-BLEND-250,3.00,6243.71,0.00,18731.12,,18731.13,-0.01,true
2025-06-19,2025-06,FAC 0003-00042429,FAC,C9001,CONSUMIDOR FINAL,CAF-BLEND-250,1.00,6243.71,0.00,6243.71,,6243.71,0.00,true
2025-01-05,2025-01,FAC 0003-00040282,FAC,C9001,CONSUMIDOR FINAL,CAF-BLEND-250,1.00,5600.00,0.00,5600.00,,5600.00,0.00,true
2025-05-02,2025-05,FAC 0003-00041866,FAC,C9002,VENTA ONLINE,CAF-BLEND-250,3.00,6109.30,0.00,18327.91,,18327.90,0.01,true
2025-06-22,2025-06,NC 0003-00001240,NC,C0001,GRANOS DEL SUR S.A.,CAF-BLEND-1K,-4.00,20069.06,40.00,-48165.74,,-48165.74,0.00,true
2025-04-07,2025-04,FAC 0003-00041507,FAC,C9002,VENTA ONLINE,CAF-BLEND-250,3.00,5977.79,0.00,17933.37,,17933.37,0.00,true
2025-06-12,2025-06,FAC 0003-00042506,FAC,C9001,CONSUMIDOR FINAL,CAF-COLOM-250,2.00,9142.57,0.00,18285.14,,18285.14,0.00,true
2025-06-06,2025-06,FAC 0003-00042081,FAC,C0001,GRANOS DEL SUR S.A.,CAF-BRAS-1K,20.00,18954.11,40.00,227449.32,R. Ibarra,227449.32,0.00,true
2025-01-11,2025-01,FAC 0003-00040069,FAC,C9002,VENTA ONLINE,CAF-ETIOP-250,3.00,9500.00,0.00,28500.00,,28500.00,0.00,true
2025-06-20,2025-06,FAC 0003-00042408,FAC,C9001,CONSUMIDOR FINAL,CAP-FILTRO-100,2.00,3567.83,0.00,7135.67,,7135.66,0.01,true
2025-04-13,2025-04,FAC 0003-00041356,FAC,C9002,VENTA ONLINE,CAF-DESCA-250,1.00,7899.22,0.00,7899.22,,7899.22,0.00,true
2025-06-06,2025-06,FAC 0003-00042154,FAC,C9002,VENTA ONLINE,CAF-ETIOP-250,3.00,10592.00,0.00,31776.01,,31776.00,0.01,true
2025-03-22,2025-03,FAC 0003-00041066,FAC,C9002,VENTA ONLINE,CAF-ETIOP-250,3.00,9922.60,0.00,29767.79,,29767.80,-0.01,true
2025-02-25,2025-02,FAC 0003-00040653,FAC,C9002,VENTA ONLINE,CAF-BLEND-250,1.00,5723.20,0.00,5723.20,,5723.20,0.00,true
2025-03-09,2025-03,FAC 0003-00041113,FAC,C9002,VENTA ONLINE,CAF-COLOM-250,3.00,8564.77,0.00,25694.31,,25694.31,0.00,true
2025-05-28,2025-05,FAC 0003-00041807,FAC,C9002,VENTA ONLINE,CAF-ETIOP-250,1.00,10363.99,0.00,10363.99,,10363.99,0.00,true
2025-03-03,2025-03,FAC 0003-00041223,FAC,C9001,CONSUMIDOR FINAL,CAF-BLEND-250,2.00,5849.11,0.00,11698.22,,11698.22,0.00,true
2025-02-21,2025-02,FAC 0003-00040560,FAC,C9002,VENTA ONLINE,CAF-ETIOP-250,1.00,9709.00,0.00,9709.00,,9709.00,0.00,true
2025-05-23,2025-05,FAC 0003-00041826,FAC,C9002,VENTA ONLINE,CAF-BRAS-250,3.00,5782.02,0.00,17346.05,,17346.06,-0.01,true
2025-02-10,2025-02,FAC 0003-00040518,FAC,C9002,VENTA ONLINE,CAF-BRAS-250,1.00,5416.60,0.00,5416.60,,5416.60,0.00,true
2025-06-27,2025-06,FAC 0003-00042384,FAC,C9002,VENTA ONLINE,CAF-BRAS-250,1.00,5909.22,0.00,5909.22,,5909.22,0.00,true
2025-05-12,2025-05,FAC 0003-00042007,FAC,C9001,CONSUMIDOR FINAL,CAF-BLEND-1K,1.00,19637.04,0.00,19637.04,,19637.04,0.00,true
2025-03-28,2025-03,FAC 0003-00040858,FAC,C0112,La Ventanita de Recoleta,CAF-BRAS-1K,6.00,17756.23,35.00,69249.29,,69249.30,-0.01,true
2025-01-27,2025-01,FAC 0003-00040147,FAC,C9002,VENTA ONLINE,CAF-BRAS-250,1.00,5300.00,0.00,5300.00,,5300.00,0.00,true
2025-06-09,2025-06,FAC 0003-00042291,FAC,C9002,VENTA ONLINE,CAF-BRAS-250,1.00,5909.22,0.00,5909.22,,5909.22,0.00,true
2025-03-22,2025-03,FAC 0003-00040956,FAC,C9002,VENTA ONLINE,CAP-FILTRO-100,1.00,3342.35,0.00,3342.35,,3342.35,0.00,true
2025-03-19,2025-03,FAC 0003-00040906,FAC,C9002,VENTA ONLINE,CAF-DESCA-250,2.00,7729.18,0.00,15458.36,,15458.36,0.00,true
2025-02-21,2025-02,FAC 0003-00040497,FAC,C9002,VENTA ONLINE,CAF-ETIOP-250,1.00,9709.00,0.00,9709.00,,9709.00,0.00,true
2025-05-22,2025-05,FAC 0003-00041686,FAC,C0129,Bar San Telmo II,CAF-BLEND-1K,3.00,19637.04,32.00,40059.57,,40059.56,0.01,true
2025-04-03,2025-04,FAC 0003-00041559,FAC,C9001,CONSUMIDOR FINAL,CAF-BLEND-250,2.00,5977.79,0.00,11955.58,,11955.58,0.00,true
2025-02-21,2025-02,FAC 0003-00040664,FAC,C9002,VENTA ONLINE,CAF-ETIOP-250,3.00,9709.00,0.00,29127.00,,29127.00,0.00,true
2025-01-11,2025-01,FAC 0003-00040251,FAC,C9002,VENTA ONLINE,CAF-COLOM-250,1.00,8200.00,0.00,8200.00,,8200.00,0.00,true
2025-02-04,2025-02,FAC 0003-00040615,FAC,C9002,VENTA ONLINE,CAF-ETIOP-250,2.00,9709.00,0.00,19418.00,,19418.00,0.00,true
2025-01-27,2025-01,FAC 0003-00040258,FAC,C9002,VENTA ONLINE,CAF-BRAS-250,1.00,5300.00,0.00,5300.00,,5300.00,0.00,true
2025-05-23,2025-05,FAC 0003-00041826,FAC,C9002,VENTA ONLINE,CAF-ETIOP-250,2.00,10363.99,0.00,20727.99,,20727.98,0.01,true
2025-02-11,2025-02,FAC 0003-00040692,FAC,C9002,VENTA ONLINE,CAF-BLEND-250,1.00,5723.20,0.00,5723.20,,5723.20,0.00,true
2025-05-16,2025-05,FAC 0003-00041648,FAC,C0001,GRANOS DEL SUR S.A.,CAF-BRAS-1K,24.00,18546.10,40.00,267063.78,,267063.84,-0.06,true
2025-01-09,2025-01,FAC 0003-00040048,FAC,C0135,Coffee Lab Agronomia II,CAF-BLEND-1K,6.00,18000.00,30.00,75600.00,,75600.00,0.00,true
2025-06-20,2025-06,FAC 0003-00042105,FAC,C0111,Cafe Devoto II,CAF-BLEND-1K,8.00,20069.06,35.00,104359.10,M. Paz,104359.11,-0.01,true
2025-01-22,2025-01,FAC 0003-00040029,FAC,C0117,El Almacen de Caballito II,CAF-ETIOP-250,10.00,9500.00,32.00,64600.00,,64600.00,0.00,true
2025-03-11,2025-03,FAC 0003-00040974,FAC,C9002,VENTA ONLINE,CAF-CAPS-10,2.00,7206.94,0.00,14413.88,,14413.88,0.00,true
2025-03-07,2025-03,FAC 0003-00041148,FAC,C9001,CONSUMIDOR FINAL,CAF-COLOM-250,1.00,8564.77,0.00,8564.77,,8564.77,0.00,true
2025-06-09,2025-06,FAC 0003-00042407,FAC,C9001,CONSUMIDOR FINAL,CAF-ETIOP-250,2.00,10592.00,0.00,21184.01,,21184.00,0.01,true
2025-04-03,2025-04,FAC 0003-00041590,FAC,C9001,CONSUMIDOR FINAL,CAF-BLEND-1K,2.00,19214.33,0.00,38428.66,,38428.66,0.00,true
2025-06-18,2025-06,FAC 0003-00042108,FAC,C0113,Bar Recoleta II,CAF-BLEND-1K,6.00,20069.06,30.00,84290.04,,84290.05,-0.01,true
2025-06-26,2025-06,FAC 0003-00042405,FAC,C9001,CONSUMIDOR FINAL,CAF-BLEND-250,1.00,6243.71,0.00,6243.71,,6243.71,0.00,true
2025-05-16,2025-05,FAC 0003-00041748,FAC,C9002,VENTA ONLINE,CAF-BRAS-250,2.00,5782.02,0.00,11564.04,,11564.04,0.00,true
2025-04-01,2025-04,FAC 0003-00041591,FAC,C9001,CONSUMIDOR FINAL,CAF-BLEND-250,2.00,5977.79,0.00,11955.58,,11955.58,0.00,true
2025-04-22,2025-04,FAC 0003-00041606,FAC,C9001,CONSUMIDOR FINAL,CAF-BLEND-250,1.00,5977.79,0.00,5977.79,,5977.79,0.00,true
2025-06-19,2025-06,FAC 0003-00042210,FAC,C9002,VENTA ONLINE,CAF-COLOM-250,1.00,9142.57,0.00,9142.57,,9142.57,0.00,true
2025-03-17,2025-03,FAC 0003-00041024,FAC,C9002,VENTA ONLINE,CAF-BLEND-250,1.00,5849.11,0.00,5849.11,,5849.11,0.00,true
2025-01-08,2025-01,FAC 0003-00040264,FAC,C9001,CONSUMIDOR FINAL,CAF-BLEND-250,2.00,5600.00,0.00,11200.00,,11200.00,0.00,true
2025-04-21,2025-04,FAC 0003-00041491,FAC,C9002,VENTA ONLINE,CAF-CAPS-10,3.00,7365.49,0.00,22096.48,,22096.47,0.01,true
2025-01-01,2025-01,FAC 0003-00040138,FAC,C9002,VENTA ONLINE,CAP-TAZA,3.00,8900.00,0.00,26700.00,,26700.00,0.00,true
2025-05-25,2025-05,FAC 0003-00041976,FAC,C9001,CONSUMIDOR FINAL,CAF-ETIOP-250,2.00,10363.99,0.00,20727.99,,20727.98,0.01,true
2025-05-25,2025-05,FAC 0003-00042035,FAC,C9001,CONSUMIDOR FINAL,CAF-COLOM-250,2.00,8945.76,0.00,17891.53,,17891.52,0.01,true
2025-05-05,2025-05,FAC 0003-00041835,FAC,C9002,VENTA ONLINE,CAF-BLEND-250,3.00,6109.30,0.00,18327.91,,18327.90,0.01,true
2025-03-09,2025-03,FAC 0003-00041139,FAC,C9001,CONSUMIDOR FINAL,CAF-BLEND-250,2.00,5849.11,0.00,11698.22,,11698.22,0.00,true
2025-03-26,2025-03,FAC 0003-00040837,FAC,C0001,GRANOS DEL SUR S.A.,CAF-BRAS-1K,18.00,17756.23,40.00,191767.26,,191767.28,-0.02,true
2025-03-06,2025-03,FAC 0003-00041109,FAC,C9002,VENTA ONLINE,CAF-COLOM-250,3.00,8564.77,0.00,25694.31,,25694.31,0.00,true
2025-05-13,2025-05,FAC 0003-00041985,FAC,C9001,CONSUMIDOR FINAL,CAF-BLEND-1K,2.00,19637.04,0.00,39274.09,,39274.08,0.01,true
2025-05-26,2025-05,FAC 0003-00041683,FAC,C0128,La Ventanita de San Telmo,CAF-BRAS-1K,6.00,18546.10,32.00,75668.07,R. Ibarra,75668.09,-0.02,true
2025-04-23,2025-04,FAC 0003-00041364,FAC,C9002,VENTA ONLINE,CAF-ETIOP-250,3.00,10140.90,0.00,30422.69,,30422.70,-0.01,true
2025-04-14,2025-04,FAC 0003-00041243,FAC,C0001,GRANOS DEL SUR S.A.,CAF-BRAS-1K,12.00,18146.87,40.00,130657.43,M. Paz,130657.46,-0.03,true
2025-01-26,2025-01,FAC 0003-00040326,FAC,C9001,CONSUMIDOR FINAL,CAF-BLEND-1K,2.00,18000.00,0.00,36000.00,,36000.00,0.00,true
2025-01-21,2025-01,FAC 0003-00040379,FAC,C9001,CONSUMIDOR FINAL,CAF-BLEND-250,2.00,5600.00,0.00,11200.00,,11200.00,0.00,true
2025-02-06,2025-02,FAC 0003-00040541,FAC,C9002,VENTA ONLINE,CAF-DESCA-250,3.00,7562.80,0.00,22688.40,,22688.40,0.00,true
2025-05-11,2025-05,FAC 0003-00041834,FAC,C9002,VENTA ONLINE,CAP-FILTRO-100,3.00,3491.03,0.00,10473.09,,10473.09,0.00,true
2025-05-10,2025-05,FAC 0003-00041844,FAC,C9002,VENTA ONLINE,CAP-FILTRO-100,2.00,3491.03,0.00,6982.06,,6982.06,0.00,true
2025-05-21,2025-05,FAC 0003-00041809,FAC,C9002,VENTA ONLINE,CAF-ETIOP-250,2.00,10363.99,0.00,20727.99,,20727.98,0.01,true
2025-05-23,2025-05,FAC 0003-00041782,FAC,C9002,VENTA ONLINE,CAF-BLEND-250,3.00,6109.30,0.00,18327.91,,18327.90,0.01,true
2025-01-03,2025-01,FAC 0003-00040054,FAC,C9002,VENTA ONLINE,CAF-DESCA-250,3.00,7400.00,0.00,22200.00,,22200.00,0.00,true
2025-05-26,2025-05,FAC 0003-00041710,FAC,C9002,VENTA ONLINE,CAF-DESCA-250,1.00,8073.01,0.00,8073.01,,8073.01,0.00,true
2025-01-06,2025-01,FAC 0003-00040181,FAC,C9002,VENTA ONLINE,CAF-CAPS-10,3.00,6900.00,0.00,20700.00,,20700.00,0.00,true
2025-03-17,2025-03,FAC 0003-00040862,FAC,C0117,El Almacen de Caballito II,CAF-BLEND-1K,9.00,18800.71,32.00,115060.36,,115060.35,0.01,true
2025-06-13,2025-06,FAC 0003-00042452,FAC,C9001,CONSUMIDOR FINAL,CAF-ETIOP-250,1.00,10592.00,0.00,10592.00,,10592.00,0.00,true
2025-03-02,2025-03,FAC 0003-00040896,FAC,C9002,VENTA ONLINE,CAF-ETIOP-250,1.00,9922.60,0.00,9922.60,,9922.60,0.00,true
2025-01-26,2025-01,FAC 0003-00040020,FAC,C0108,Coffee Lab Colegiales,CAF-BRAS-1K,3.00,17000.00,32.00,34680.00,R. Ibarra,34680.00,0.00,true
2025-04-13,2025-04,FAC 0003-00041250,FAC,C0105,Panaderia Villa Crespo II,CAF-BLEND-1K,7.00,19214.33,32.00,91460.20,M. Paz,91460.21,-0.01,true
2025-04-08,2025-04,FAC 0003-00041421,FAC,C9002,VENTA ONLINE,CAF-COLOM-250,3.00,8753.19,0.00,26259.58,,26259.57,0.01,true
2025-02-17,2025-02,FAC 0003-00040544,FAC,C9002,VENTA ONLINE,CAP-FILTRO-100,3.00,3270.40,0.00,9811.20,,9811.20,0.00,true
2025-03-16,2025-03,FAC 0003-00040894,FAC,C9002,VENTA ONLINE,CAF-BLEND-250,1.00,5849.11,0.00,5849.11,,5849.11,0.00,true
2025-03-16,2025-03,FAC 0003-00041068,FAC,C9002,VENTA ONLINE,CAF-ETIOP-250,2.00,9922.60,0.00,19845.20,,19845.20,0.00,true
2025-01-10,2025-01,FAC 0003-00040111,FAC,C9002,VENTA ONLINE,CAF-ETIOP-250,2.00,9500.00,0.00,19000.00,,19000.00,0.00,true
2025-04-23,2025-04,FAC 0003-00041430,FAC,C9002,VENTA ONLINE,CAF-CAPS-10,1.00,7365.49,0.00,7365.49,,7365.49,0.00,true
2025-02-10,2025-02,FAC 0003-00040469,FAC,C0137,Panaderia Villa Urquiza II,CAP-FILTRO-100,5.00,3270.40,30.00,11446.40,,11446.40,0.00,true
2025-02-15,2025-02,FAC 0003-00040649,FAC,C9002,VENTA ONLINE,CAF-ETIOP-250,3.00,9709.00,0.00,29127.00,,29127.00,0.00,true
2025-06-07,2025-06,FAC 0003-00042493,FAC,C9001,CONSUMIDOR FINAL,CAF-BLEND-250,1.00,6243.71,0.00,6243.71,,6243.71,0.00,true
2025-01-27,2025-01,FAC 0003-00040202,FAC,C9002,VENTA ONLINE,CAF-CAPS-10,3.00,6900.00,0.00,20700.00,,20700.00,0.00,true
2025-05-18,2025-05,NC 0003-00001232,NC,C0121,Panaderia Chacarita II,CAF-BRAS-1K,-1.00,18546.10,35.00,-12054.96,,-12054.97,0.01,true
2025-02-08,2025-02,FAC 0003-00040807,FAC,C9001,CONSUMIDOR FINAL,CAF-COLOM-250,1.00,8380.40,0.00,8380.40,,8380.40,0.00,true
2025-06-13,2025-06,FAC 0003-00042183,FAC,C9002,VENTA ONLINE,CAF-COLOM-250,3.00,9142.57,0.00,27427.71,,27427.71,0.00,true
2025-05-07,2025-05,FAC 0003-00041676,FAC,C0121,Panaderia Chacarita II,CAF-BLEND-1K,6.00,19637.04,35.00,76584.47,M. Paz,76584.46,0.01,true
2025-06-09,2025-06,FAC 0003-00042122,FAC,C0125,Usina Flores II,CAF-BRAS-1K,5.00,18954.11,32.00,64443.97,M. Paz,64443.97,-0.00,true
2025-04-21,2025-04,FAC 0003-00041262,FAC,C0116,Cafe Caballito,CAF-BRAS-1K,6.00,18146.87,32.00,74039.21,M. Paz,74039.23,-0.02,true
2025-01-17,2025-01,FAC 0003-00040040,FAC,C0126,Panaderia Parque Chas,CAF-BRAS-1K,4.00,17000.00,32.00,46240.00,,46240.00,0.00,true
2025-06-09,2025-06,FAC 0003-00042209,FAC,C9002,VENTA ONLINE,CAF-BRAS-250,1.00,5909.22,0.00,5909.22,,5909.22,0.00,true
2025-05-14,2025-05,FAC 0003-00041988,FAC,C9001,CONSUMIDOR FINAL,CAF-BLEND-1K,1.00,19637.04,0.00,19637.04,,19637.04,0.00,true
2025-04-17,2025-04,FAC 0003-00041584,FAC,C9001,CONSUMIDOR FINAL,CAF-BLEND-250,1.00,5977.79,0.00,5977.79,,5977.79,0.00,true
2025-02-19,2025-02,FAC 0003-00040422,FAC,C0001,GRANOS DEL SUR S.A.,CAF-BRAS-1K,18.00,17374.00,40.00,187639.20,R. Ibarra,187639.20,0.00,true
2025-01-02,2025-01,FAC 0003-00040228,FAC,C9002,VENTA ONLINE,CAF-COLOM-250,2.00,8200.00,0.00,16400.00,,16400.00,0.00,true
2025-04-20,2025-04,FAC 0003-00041281,FAC,C0133,El Almacen de Barracas II,CAF-BRAS-1K,2.00,18146.87,35.00,23590.92,R. Ibarra,23590.93,-0.01,true
2025-03-06,2025-03,FAC 0003-00041095,FAC,C9002,VENTA ONLINE,CAF-COLOM-250,1.00,8564.77,0.00,8564.77,,8564.77,0.00,true
2025-06-09,2025-06,FAC 0003-00042305,FAC,C9002,VENTA ONLINE,CAF-CAPS-10,2.00,7693.14,0.00,15386.28,,15386.28,0.00,true
2025-02-09,2025-02,FAC 0003-00040803,FAC,C9001,CONSUMIDOR FINAL,CAF-COLOM-250,2.00,8380.40,0.00,16760.80,,16760.80,0.00,true
2025-04-26,2025-04,FAC 0003-00041367,FAC,C9002,VENTA ONLINE,CAF-BLEND-250,1.00,5977.79,0.00,5977.79,,5977.79,0.00,true
2025-01-16,2025-01,FAC 0003-00040052,FAC,C0138,El Almacen de Constitucion,CAF-BLEND-1K,10.00,18000.00,30.00,126000.00,,126000.00,0.00,true
2025-04-24,2025-04,FAC 0003-00041320,FAC,C9002,VENTA ONLINE,CAF-COLOM-250,3.00,8753.19,0.00,26259.58,,26259.57,0.01,true
2025-01-04,2025-01,FAC 0003-00040323,FAC,C9001,CONSUMIDOR FINAL,CAF-BLEND-1K,1.00,18000.00,0.00,18000.00,,18000.00,0.00,true
2025-04-05,2025-04,FAC 0003-00041467,FAC,C9002,VENTA ONLINE,CAF-DESCA-250,3.00,7899.22,0.00,23697.67,,23697.66,0.01,true
2025-06-14,2025-06,FAC 0003-00042136,FAC,C0136,Tostado Villa Urquiza,CAF-BRAS-1K,6.00,18954.11,35.00,73921.03,,73921.03,0.00,true
2025-06-15,2025-06,FAC 0003-00042146,FAC,C9002,VENTA ONLINE,CAF-ETIOP-250,3.00,10592.00,0.00,31776.01,,31776.00,0.01,true
2025-01-07,2025-01,FAC 0003-00040112,FAC,C9002,VENTA ONLINE,CAF-DESCA-250,3.00,7400.00,0.00,22200.00,,22200.00,0.00,true
2025-06-21,2025-06,FAC 0003-00042436,FAC,C9001,CONSUMIDOR FINAL,CAF-COLOM-250,2.00,9142.57,0.00,18285.14,,18285.14,0.00,true
2025-01-22,2025-01,FAC 0003-00040029,FAC,C0117,El Almacen de Caballito II,CAF-BLEND-1K,8.00,18000.00,32.00,97920.00,,97920.00,0.00,true
2025-05-17,2025-05,FAC 0003-00041795,FAC,C9002,VENTA ONLINE,CAF-BLEND-250,1.00,6109.30,0.00,6109.30,,6109.30,0.00,true
2025-03-16,2025-03,FAC 0003-00041124,FAC,C9001,CONSUMIDOR FINAL,CAP-FILTRO-100,1.00,3342.35,0.00,3342.35,,3342.35,0.00,true
2025-02-23,2025-02,FAC 0003-00040489,FAC,C9002,VENTA ONLINE,CAF-BRAS-250,1.00,5416.60,0.00,5416.60,,5416.60,0.00,true
2025-04-18,2025-04,FAC 0003-00041310,FAC,C9002,VENTA ONLINE,CAF-BLEND-250,2.00,5977.79,0.00,11955.58,,11955.58,0.00,true
2025-04-25,2025-04,FAC 0003-00041267,FAC,C0121,Panaderia Chacarita II,CAF-BLEND-1K,10.00,19214.33,35.00,124893.13,R. Ibarra,124893.15,-0.02,true
2025-04-25,2025-04,FAC 0003-00041574,FAC,C9001,CONSUMIDOR FINAL,CAF-BLEND-1K,1.00,19214.33,0.00,19214.33,,19214.33,0.00,true
2025-06-25,2025-06,FAC 0003-00042303,FAC,C9002,VENTA ONLINE,CAF-ETIOP-250,2.00,10592.00,0.00,21184.01,,21184.00,0.01,true
2025-04-02,2025-04,FAC 0003-00041475,FAC,C9002,VENTA ONLINE,CAF-BRAS-250,2.00,5657.55,0.00,11315.10,,11315.10,0.00,true
2025-01-24,2025-01,FAC 0003-00040319,FAC,C9001,CONSUMIDOR FINAL,CAF-BLEND-250,1.00,5600.00,0.00,5600.00,,5600.00,0.00,true
2025-05-14,2025-05,FAC 0003-00041883,FAC,C9002,VENTA ONLINE,CAF-BRAS-250,3.00,5782.02,0.00,17346.05,,17346.06,-0.01,true
2025-06-28,2025-06,FAC 0003-00042343,FAC,C9002,VENTA ONLINE,CAF-BRAS-250,2.00,5909.22,0.00,11818.45,,11818.44,0.01,true
2025-05-26,2025-05,FAC 0003-00041683,FAC,C0128,La Ventanita de San Telmo,CAF-BLEND-1K,3.00,19637.04,32.00,40059.57,R. Ibarra,40059.56,0.01,true
2025-05-10,2025-05,FAC 0003-00041939,FAC,C9002,VENTA ONLINE,CAF-ETIOP-250,1.00,10363.99,0.00,10363.99,,10363.99,0.00,true
2025-03-21,2025-03,FAC 0003-00041032,FAC,C9002,VENTA ONLINE,CAP-TAZA,1.00,9295.91,0.00,9295.91,,9295.91,0.00,true
2025-02-05,2025-02,FAC 0003-00040722,FAC,C9001,CONSUMIDOR FINAL,CAF-BLEND-1K,2.00,18396.00,0.00,36792.00,,36792.00,0.00,true
2025-01-10,2025-01,FAC 0003-00040073,FAC,C9002,VENTA ONLINE,CAF-BRAS-250,2.00,5300.00,0.00,10600.00,,10600.00,0.00,true
2025-05-13,2025-05,FAC 0003-00041799,FAC,C9002,VENTA ONLINE,CAF-BLEND-250,2.00,6109.30,0.00,12218.60,,12218.60,0.00,true
2025-05-13,2025-05,FAC 0003-00041907,FAC,C9002,VENTA ONLINE,CAF-BLEND-250,1.00,6109.30,0.00,6109.30,,6109.30,0.00,true
2025-01-26,2025-01,FAC 0003-00040103,FAC,C9002,VENTA ONLINE,CAF-DESCA-250,2.00,7400.00,0.00,14800.00,,14800.00,0.00,true
2025-01-28,2025-01,FAC 0003-00040272,FAC,C9001,CONSUMIDOR FINAL,CAF-BLEND-250,1.00,5600.00,0.00,5600.00,,5600.00,0.00,true
2025-01-16,2025-01,FAC 0003-00040223,FAC,C9002,VENTA ONLINE,CAF-COLOM-250,2.00,8200.00,0.00,16400.00,,16400.00,0.00,true
2025-04-12,2025-04,FAC 0003-00041322,FAC,C9002,VENTA ONLINE,CAF-BLEND-250,3.00,5977.79,0.00,17933.37,,17933.37,0.00,true
2025-03-12,2025-03,FAC 0003-00040852,FAC,C0106,El Almacen de Nunez,CAF-BRAS-1K,8.00,17756.23,30.00,99434.88,,99434.89,-0.01,true
2025-02-07,2025-02,FAC 0003-00040419,FAC,C0001,GRANOS DEL SUR S.A.,CAF-BRAS-1K,23.00,17374.00,40.00,239761.20,M. Paz,239761.20,0.00,true
2025-01-08,2025-01,FAC 0003-00040026,FAC,C0112,La Ventanita de Recoleta,CAP-FILTRO-100,6.00,3200.00,35.00,12480.00,R. Ibarra,12480.00,0.00,true
2025-01-07,2025-01,FAC 0003-00040149,FAC,C9002,VENTA ONLINE,CAF-BRAS-250,2.00,5300.00,0.00,10600.00,,10600.00,0.00,true
2025-05-14,2025-05,FAC 0003-00041757,FAC,C9002,VENTA ONLINE,CAF-BLEND-250,2.00,6109.30,0.00,12218.60,,12218.60,0.00,true
2025-06-25,2025-06,FAC 0003-00042415,FAC,C9001,CONSUMIDOR FINAL,CAF-BLEND-250,1.00,6243.71,0.00,6243.71,,6243.71,0.00,true
2025-02-10,2025-02,FAC 0003-00040518,FAC,C9002,VENTA ONLINE,CAF-ETIOP-250,2.00,9709.00,0.00,19418.00,,19418.00,0.00,true
2025-02-03,2025-02,FAC 0003-00040496,FAC,C9002,VENTA ONLINE,CAF-BRAS-250,2.00,5416.60,0.00,10833.20,,10833.20,0.00,true
2025-01-13,2025-01,FAC 0003-00040116,FAC,C9002,VENTA ONLINE,CAF-COLOM-250,2.00,8200.00,0.00,16400.00,,16400.00,0.00,true
2025-06-07,2025-06,FAC 0003-00042432,FAC,C9001,CONSUMIDOR FINAL,CAF-BLEND-1K,1.00,20069.06,0.00,20069.06,,20069.06,0.00,true
2025-05-15,2025-05,FAC 0003-00041771,FAC,C9002,VENTA ONLINE,CAF-ETIOP-250,1.00,10363.99,0.00,10363.99,,10363.99,0.00,true
2025-06-17,2025-06,FAC 0003-00042273,FAC,C9002,VENTA ONLINE,CAF-BRAS-250,2.00,5909.22,0.00,11818.45,,11818.44,0.01,true
2025-05-01,2025-05,FAC 0003-00041821,FAC,C9002,VENTA ONLINE,CAF-ETIOP-250,1.00,10363.99,0.00,10363.99,,10363.99,0.00,true
2025-01-28,2025-01,FAC 0003-00040261,FAC,C9002,VENTA ONLINE,CAF-CAPS-10,2.00,6900.00,0.00,13800.00,,13800.00,0.00,true
2025-04-27,2025-04,FAC 0003-00041348,FAC,C9002,VENTA ONLINE,CAF-BLEND-250,3.00,5977.79,0.00,17933.37,,17933.37,0.00,true
2025-06-11,2025-06,FAC 0003-00042491,FAC,C9001,CONSUMIDOR FINAL,CAF-ETIOP-250,2.00,10592.00,0.00,21184.01,,21184.00,0.01,true
2025-05-27,2025-05,FAC 0003-00041875,FAC,C9002,VENTA ONLINE,CAF-CAPS-10,1.00,7527.53,0.00,7527.53,,7527.53,0.00,true
2025-02-26,2025-02,FAC 0003-00040442,FAC,C0116,Cafe Caballito,CAP-FILTRO-100,3.00,3270.40,32.00,6671.62,M. Paz,6671.62,0.00,true
2025-06-12,2025-06,FAC 0003-00042196,FAC,C9002,VENTA ONLINE,CAF-COLOM-250,3.00,9142.57,0.00,27427.71,,27427.71,0.00,true
2025-02-10,2025-02,FAC 0003-00040499,FAC,C9002,VENTA ONLINE,CAF-DESCA-250,1.00,7562.80,0.00,7562.80,,7562.80,0.00,true
2025-02-25,2025-02,FAC 0003-00040562,FAC,C9002,VENTA ONLINE,CAF-COLOM-250,3.00,8380.40,0.00,25141.20,,25141.20,0.00,true
2025-06-24,2025-06,FAC 0003-00042217,FAC,C9002,VENTA ONLINE,CAF-ETIOP-250,1.00,10592.00,0.00,10592.00,,10592.00,0.00,true
2025-03-23,2025-03,FAC 0003-00041003,FAC,C9002,VENTA ONLINE,CAF-BRAS-250,2.00,5535.77,0.00,11071.53,,11071.54,-0.01,true
2025-03-23,2025-03,FAC 0003-00041027,FAC,C9002,VENTA ONLINE,CAF-BRAS-250,1.00,5535.77,0.00,5535.77,,5535.77,0.00,true
2025-01-22,2025-01,FAC 0003-00040016,FAC,C0105,Panaderia Villa Crespo II,CAF-BLEND-1K,8.00,18000.00,32.00,97920.00,M. Paz,97920.00,0.00,true
2025-06-02,2025-06,FAC 0003-00042082,FAC,C0001,GRANOS DEL SUR S.A.,CAF-BLEND-1K,30.00,20069.06,40.00,361243.04,M. Paz,361243.08,-0.04,true
2025-04-05,2025-04,FAC 0003-00041284,FAC,C0137,Panaderia Villa Urquiza II,CAF-BLEND-1K,8.00,19214.33,30.00,107600.23,M. Paz,107600.25,-0.02,true
2025-05-08,2025-05,FAC 0003-00041656,FAC,C0104,Tostado Villa Crespo,CAF-BLEND-1K,3.00,19637.04,35.00,38292.23,,38292.23,0.00,true
2025-01-23,2025-01,FAC 0003-00040028,FAC,C0115,Tostado Boedo II,CAP-FILTRO-100,5.00,3200.00,30.00,11200.00,R. Ibarra,11200.00,0.00,true
2025-02-12,2025-02,FAC 0003-00040470,FAC,C0137,Panaderia Villa Urquiza II,CAP-FILTRO-100,5.00,3270.40,30.00,11446.40,M. Paz,11446.40,0.00,true
2025-05-27,2025-05,FAC 0003-00042029,FAC,C9001,CONSUMIDOR FINAL,CAF-BLEND-1K,2.00,19637.04,0.00,39274.09,,39274.08,0.01,true
2025-03-28,2025-03,FAC 0003-00041215,FAC,C9001,CONSUMIDOR FINAL,CAF-ETIOP-250,2.00,9922.60,0.00,19845.20,,19845.20,0.00,true
2025-01-03,2025-01,FAC 0003-00040335,FAC,C9001,CONSUMIDOR FINAL,CAF-BLEND-1K,2.00,18000.00,0.00,36000.00,,36000.00,0.00,true
2025-06-17,2025-06,FAC 0003-00042173,FAC,C9002,VENTA ONLINE,CAF-COLOM-250,1.00,9142.57,0.00,9142.57,,9142.57,0.00,true
2025-05-13,2025-05,FAC 0003-00042022,FAC,C9001,CONSUMIDOR FINAL,CAP-FILTRO-100,1.00,3491.03,0.00,3491.03,,3491.03,0.00,true
2025-02-06,2025-02,FAC 0003-00040567,FAC,C9002,VENTA ONLINE,CAF-ETIOP-250,1.00,9709.00,0.00,9709.00,,9709.00,0.00,true
2025-01-11,2025-01,FAC 0003-00040081,FAC,C9002,VENTA ONLINE,CAF-ETIOP-250,2.00,9500.00,0.00,19000.00,,19000.00,0.00,true
2025-03-26,2025-03,FAC 0003-00041133,FAC,C9001,CONSUMIDOR FINAL,CAF-ETIOP-250,2.00,9922.60,0.00,19845.20,,19845.20,0.00,true
2025-06-13,2025-06,FAC 0003-00042194,FAC,C9002,VENTA ONLINE,CAF-BLEND-250,3.00,6243.71,0.00,18731.12,,18731.13,-0.01,true
2025-01-03,2025-01,FAC 0003-00040210,FAC,C9002,VENTA ONLINE,CAF-COLOM-250,2.00,8200.00,0.00,16400.00,,16400.00,0.00,true
2025-02-16,2025-02,FAC 0003-00040709,FAC,C9001,CONSUMIDOR FINAL,CAP-FILTRO-100,1.00,3270.40,0.00,3270.40,,3270.40,0.00,true
2025-04-20,2025-04,FAC 0003-00041249,FAC,C0104,Tostado Villa Crespo,CAF-BRAS-1K,7.00,18146.87,35.00,82568.24,R. Ibarra,82568.26,-0.02,true
2025-01-03,2025-01,FAC 0003-00040260,FAC,C9002,VENTA ONLINE,CAF-COLOM-250,2.00,8200.00,0.00,16400.00,,16400.00,0.00,true
2025-02-23,2025-02,FAC 0003-00040628,FAC,C9002,VENTA ONLINE,CAF-BLEND-250,1.00,5723.20,0.00,5723.20,,5723.20,0.00,true
2025-03-13,2025-03,FAC 0003-00041230,FAC,C9001,CONSUMIDOR FINAL,CAF-ETIOP-250,2.00,9922.60,0.00,19845.20,,19845.20,0.00,true
2025-01-11,2025-01,FAC 0003-00040250,FAC,C9002,VENTA ONLINE,CAF-COLOM-250,3.00,8200.00,0.00,24600.00,,24600.00,0.00,true
2025-05-28,2025-05,FAC 0003-00041670,FAC,C0114,Usina Boedo,CAF-BLEND-1K,3.00,19637.04,32.00,40059.57,,40059.56,0.01,true
2025-03-01,2025-03,FAC 0003-00040908,FAC,C9002,VENTA ONLINE,CAF-BLEND-250,2.00,5849.11,0.00,11698.22,,11698.22,0.00,true
2025-02-16,2025-02,FAC 0003-00040555,FAC,C9002,VENTA ONLINE,CAF-DESCA-250,2.00,7562.80,0.00,15125.60,,15125.60,0.00,true
2025-06-11,2025-06,FAC 0003-00042162,FAC,C9002,VENTA ONLINE,CAF-CAPS-10,2.00,7693.14,0.00,15386.28,,15386.28,0.00,true
2025-03-21,2025-03,FAC 0003-00041112,FAC,C9002,VENTA ONLINE,CAP-FILTRO-100,2.00,3342.35,0.00,6684.70,,6684.70,0.00,true
2025-02-14,2025-02,FAC 0003-00040460,FAC,C0130,Usina Coghlan,CAF-BLEND-1K,5.00,18396.00,30.00,64386.00,R. Ibarra,64386.00,0.00,true
2025-03-10,2025-03,FAC 0003-00041199,FAC,C9001,CONSUMIDOR FINAL,CAP-FILTRO-100,2.00,3342.35,0.00,6684.70,,6684.70,0.00,true
2025-03-20,2025-03,FAC 0003-00041181,FAC,C9001,CONSUMIDOR FINAL,CAF-BLEND-250,2.00,5849.11,0.00,11698.22,,11698.22,0.00,true
2025-02-09,2025-02,FAC 0003-00040617,FAC,C9002,VENTA ONLINE,CAF-COLOM-250,3.00,8380.40,0.00,25141.20,,25141.20,0.00,true
2025-02-15,2025-02,FAC 0003-00040441,FAC,C0115,Tostado Boedo II,CAF-BRAS-1K,5.00,17374.00,30.00,60809.00,,60809.00,0.00,true
2025-05-03,2025-05,FAC 0003-00041889,FAC,C9002,VENTA ONLINE,CAF-COLOM-250,3.00,8945.76,0.00,26837.29,,26837.28,0.01,true
2025-01-05,2025-01,FAC 0003-00040212,FAC,C9002,VENTA ONLINE,CAF-ETIOP-250,1.00,9500.00,0.00,9500.00,,9500.00,0.00,true
2025-01-15,2025-01,FAC 0003-00040132,FAC,C9002,VENTA ONLINE,CAF-CAPS-10,2.00,6900.00,0.00,13800.00,,13800.00,0.00,true
2025-03-07,2025-03,FAC 0003-00041043,FAC,C9002,VENTA ONLINE,CAF-ETIOP-250,3.00,9922.60,0.00,29767.79,,29767.80,-0.01,true
2025-04-19,2025-04,FAC 0003-00041622,FAC,C9001,CONSUMIDOR FINAL,CAF-ETIOP-250,1.00,10140.90,0.00,10140.90,,10140.90,0.00,true
2025-05-20,2025-05,FAC 0003-00041838,FAC,C9002,VENTA ONLINE,CAF-BLEND-250,2.00,6109.30,0.00,12218.60,,12218.60,0.00,true
2025-02-15,2025-02,FAC 0003-00040659,FAC,C9002,VENTA ONLINE,CAF-ETIOP-250,1.00,9709.00,0.00,9709.00,,9709.00,0.00,true
2025-01-24,2025-01,FAC 0003-00040206,FAC,C9002,VENTA ONLINE,CAF-CAPS-10,3.00,6900.00,0.00,20700.00,,20700.00,0.00,true
2025-05-28,2025-05,FAC 0003-00041807,FAC,C9002,VENTA ONLINE,CAF-BRAS-250,1.00,5782.02,0.00,5782.02,,5782.02,0.00,true
2025-06-09,2025-06,FAC 0003-00042435,FAC,C9001,CONSUMIDOR FINAL,CAP-FILTRO-100,2.00,3567.83,0.00,7135.67,,7135.66,0.01,true
2025-05-11,2025-05,FAC 0003-00041760,FAC,C9002,VENTA ONLINE,CAF-BRAS-250,1.00,5782.02,0.00,5782.02,,5782.02,0.00,true
2025-02-17,2025-02,FAC 0003-00040631,FAC,C9002,VENTA ONLINE,CAF-ETIOP-250,3.00,9709.00,0.00,29127.00,,29127.00,0.00,true
2025-03-12,2025-03,FAC 0003-00041076,FAC,C9002,VENTA ONLINE,CAF-DESCA-250,3.00,7729.18,0.00,23187.54,,23187.54,0.00,true
2025-03-05,2025-03,FAC 0003-00040863,FAC,C0118,Bar Saavedra,CAF-BLEND-1K,4.00,18800.71,32.00,51137.94,,51137.93,0.01,true
2025-03-20,2025-03,FAC 0003-00041126,FAC,C9001,CONSUMIDOR FINAL,CAF-BLEND-250,1.00,5849.11,0.00,5849.11,,5849.11,0.00,true
2025-03-06,2025-03,FAC 0003-00041065,FAC,C9002,VENTA ONLINE,CAF-ETIOP-250,1.00,9922.60,0.00,9922.60,,9922.60,0.00,true
2025-06-17,2025-06,FAC 0003-00042087,FAC,C0001,GRANOS DEL SUR S.A.,BLEND1K,46.00,20069.06,40.00,553906.00,,553906.06,-0.06,true
2025-03-19,2025-03,FAC 0003-00040853,FAC,C0106,El Almacen de Nunez,CAP-FILTRO-100,2.00,3342.35,30.00,4679.29,M. Paz,4679.29,0.00,true
2025-05-05,2025-05,FAC 0003-00042032,FAC,C9001,CONSUMIDOR FINAL,CAF-BLEND-250,1.00,6109.30,0.00,6109.30,,6109.30,0.00,true
2025-05-16,2025-05,FAC 0003-00041908,FAC,C9002,VENTA ONLINE,CAF-ETIOP-250,1.00,10363.99,0.00,10363.99,,10363.99,0.00,true
2025-05-19,2025-05,FAC 0003-00041737,FAC,C9002,VENTA ONLINE,CAF-ETIOP-250,3.00,10363.99,0.00,31091.98,,31091.97,0.01,true
2025-04-04,2025-04,FAC 0003-00041386,FAC,C9002,VENTA ONLINE,CAF-DESCA-250,2.00,7899.22,0.00,15798.45,,15798.44,0.01,true
2025-04-16,2025-04,FAC 0003-00041398,FAC,C9002,VENTA ONLINE,CAF-DESCA-250,2.00,7899.22,0.00,15798.45,,15798.44,0.01,true
2025-01-15,2025-01,FAC 0003-00040345,FAC,C9001,CONSUMIDOR FINAL,CAF-BLEND-250,2.00,5600.00,0.00,11200.00,,11200.00,0.00,true
2025-06-28,2025-06,FAC 0003-00042230,FAC,C9002,VENTA ONLINE,CAF-COLOM-250,2.00,9142.57,0.00,18285.14,,18285.14,0.00,true
2025-04-15,2025-04,FAC 0003-00041401,FAC,C9002,VENTA ONLINE,CAF-ETIOP-250,1.00,10140.90,0.00,10140.90,,10140.90,0.00,true
2025-03-16,2025-03,FAC 0003-00041134,FAC,C9001,CONSUMIDOR FINAL,CAF-COLOM-250,2.00,8564.77,0.00,17129.54,,17129.54,0.00,true
2025-06-28,2025-06,FAC 0003-00042387,FAC,C9002,VENTA ONLINE,CAF-BLEND-250,2.00,6243.71,0.00,12487.41,,12487.42,-0.01,true
2025-01-21,2025-01,FAC 0003-00040005,FAC,C0001,GRANOS DEL SUR S.A.,BLEND1K,59.00,18000.00,40.00,637200.00,,637200.00,0.00,true
2025-01-18,2025-01,FAC 0003-00040009,FAC,C0001,GRANOS DEL SUR S.A.,CAF-BRAS-1K,21.00,17000.00,40.00,214200.00,M. Paz,214200.00,0.00,true
2025-04-15,2025-04,FAC 0003-00041526,FAC,C9001,CONSUMIDOR FINAL,CAF-COLOM-250,2.00,8753.19,0.00,17506.39,,17506.38,0.01,true
2025-03-01,2025-03,FAC 0003-00040868,FAC,C0123,La Ventanita de Almagro II,CAP-FILTRO-100,3.00,3342.35,35.00,6517.58,,6517.58,-0.00,true
2025-02-09,2025-02,FAC 0003-00040580,FAC,C9002,VENTA ONLINE,CAF-BLEND-250,3.00,5723.20,0.00,17169.60,,17169.60,0.00,true
2025-04-16,2025-04,FAC 0003-00041471,FAC,C9002,VENTA ONLINE,CAF-ETIOP-250,2.00,10140.90,0.00,20281.79,,20281.80,-0.01,true
2025-02-04,2025-02,FAC 0003-00040454,FAC,C0126,Panaderia Parque Chas,CAF-BLEND-1K,6.00,18396.00,32.00,75055.68,M. Paz,75055.68,0.00,true
2025-01-16,2025-01,FAC 0003-00040052,FAC,C0138,El Almacen de Constitucion,CAP-FILTRO-100,6.00,3200.00,30.00,13440.00,,13440.00,0.00,true
2025-04-08,2025-04,FAC 0003-00041274,FAC,C0127,Cafe Parque Chas II,CAF-BLEND-1K,6.00,19214.33,32.00,78394.46,M. Paz,78394.47,-0.01,true
2025-06-25,2025-06,FAC 0003-00042121,FAC,C0124,Coffee Lab Flores,CAF-BRAS-1K,3.00,18954.11,35.00,36960.51,R. Ibarra,36960.51,-0.00,true
2025-05-04,2025-05,FAC 0003-00041837,FAC,C9002,VENTA ONLINE,CAF-CAPS-10,3.00,7527.53,0.00,22582.60,,22582.59,0.01,true
2025-02-05,2025-02,FAC 0003-00040713,FAC,C9001,CONSUMIDOR FINAL,CAF-BLEND-250,1.00,5723.20,0.00,5723.20,,5723.20,0.00,true
2025-01-24,2025-01,FAC 0003-00040231,FAC,C9002,VENTA ONLINE,CAF-CAPS-10,2.00,6900.00,0.00,13800.00,,13800.00,0.00,true
2025-05-03,2025-05,FAC 0003-00041659,FAC,C0107,La Ventanita de Nunez II,CAF-BLEND-1K,9.00,19637.04,35.00,114876.70,M. Paz,114876.68,0.02,true
2025-01-24,2025-01,FAC 0003-00040206,FAC,C9002,VENTA ONLINE,CAP-TAZA,1.00,8900.00,0.00,8900.00,,8900.00,0.00,true
2025-03-17,2025-03,FAC 0003-00040847,FAC,C0102,Bar Belgrano,CAF-BLEND-1K,6.00,18800.71,35.00,73322.78,R. Ibarra,73322.77,0.01,true
2025-01-13,2025-01,FAC 0003-00040325,FAC,C9001,CONSUMIDOR FINAL,CAF-COLOM-250,1.00,8200.00,0.00,8200.00,,8200.00,0.00,true
2025-04-22,2025-04,FAC 0003-00041432,FAC,C9002,VENTA ONLINE,CAF-BRAS-250,2.00,5657.55,0.00,11315.10,,11315.10,0.00,true
2025-02-08,2025-02,FAC 0003-00040742,FAC,C9001,CONSUMIDOR FINAL,CAF-BLEND-1K,1.00,18396.00,0.00,18396.00,,18396.00,0.00,true
2025-05-10,2025-05,FAC 0003-00041763,FAC,C9002,VENTA ONLINE,CAF-ETIOP-250,3.00,10363.99,0.00,31091.98,,31091.97,0.01,true
2025-03-26,2025-03,FAC 0003-00040891,FAC,C9002,VENTA ONLINE,CAF-BLEND-250,1.00,5849.11,0.00,5849.11,,5849.11,0.00,true
2025-01-09,2025-01,FAC 0003-00040299,FAC,C9001,CONSUMIDOR FINAL,CAF-COLOM-250,1.00,8200.00,0.00,8200.00,,8200.00,0.00,true
2025-01-01,2025-01,FAC 0003-00040138,FAC,C9002,VENTA ONLINE,CAF-BRAS-250,3.00,5300.00,0.00,15900.00,,15900.00,0.00,true
2025-04-19,2025-04,FAC 0003-00041580,FAC,C9001,CONSUMIDOR FINAL,CAF-BLEND-1K,2.00,19214.33,0.00,38428.66,,38428.66,0.00,true
2025-04-14,2025-04,FAC 0003-00041265,FAC,C0120,Tostado Chacarita,CAP-FILTRO-100,4.00,3415.88,32.00,9291.19,,9291.19,-0.00,true
2025-02-21,2025-02,FAC 0003-00040693,FAC,C9001,CONSUMIDOR FINAL,CAF-BLEND-250,1.00,5723.20,0.00,5723.20,,5723.20,0.00,true
2025-03-16,2025-03,FAC 0003-00040931,FAC,C9002,VENTA ONLINE,CAF-BLEND-250,1.00,5849.11,0.00,5849.11,,5849.11,0.00,true
2025-01-08,2025-01,FAC 0003-00040106,FAC,C9002,VENTA ONLINE,CAF-ETIOP-250,1.00,9500.00,0.00,9500.00,,9500.00,0.00,true
2025-04-03,2025-04,FAC 0003-00041490,FAC,C9002,VENTA ONLINE,CAF-COLOM-250,2.00,8753.19,0.00,17506.39,,17506.38,0.01,true
2025-05-22,2025-05,FAC 0003-00041663,FAC,C0110,Panaderia Devoto,CAF-BRAS-1K,3.00,18546.10,35.00,36164.89,R. Ibarra,36164.90,-0.01,true
2025-01-25,2025-01,FAC 0003-00040134,FAC,C9002,VENTA ONLINE,CAF-COLOM-250,1.00,8200.00,0.00,8200.00,,8200.00,0.00,true
2025-06-16,2025-06,FAC 0003-00042137,FAC,C0137,Panaderia Villa Urquiza II,CAF-BLEND-1K,3.00,20069.06,30.00,42145.02,,42145.03,-0.01,true
2025-05-11,2025-05,FAC 0003-00041822,FAC,C9002,VENTA ONLINE,CAF-COLOM-250,3.00,8945.76,0.00,26837.29,,26837.28,0.01,true
2025-04-17,2025-04,FAC 0003-00041510,FAC,C9002,VENTA ONLINE,CAF-CAPS-10,3.00,7365.49,0.00,22096.48,,22096.47,0.01,true
2025-02-26,2025-02,FAC 0003-00040829,FAC,C9001,CONSUMIDOR FINAL,CAP-FILTRO-100,2.00,3270.40,0.00,6540.80,,6540.80,0.00,true
2025-06-22,2025-06,FAC 0003-00042494,FAC,C9001,CONSUMIDOR FINAL,CAF-COLOM-250,1.00,9142.57,0.00,9142.57,,9142.57,0.00,true
2025-05-11,2025-05,FAC 0003-00042018,FAC,C9001,CONSUMIDOR FINAL,CAF-ETIOP-250,2.00,10363.99,0.00,20727.99,,20727.98,0.01,true
2025-02-20,2025-02,FAC 0003-00040545,FAC,C9002,VENTA ONLINE,CAF-BRAS-250,1.00,5416.60,0.00,5416.60,,5416.60,0.00,true
2025-04-26,2025-04,FAC 0003-00041604,FAC,C9001,CONSUMIDOR FINAL,CAF-ETIOP-250,2.00,10140.90,0.00,20281.79,,20281.80,-0.01,true
2025-06-25,2025-06,FAC 0003-00042473,FAC,C9001,CONSUMIDOR FINAL,CAF-BLEND-1K,1.00,20069.06,0.00,20069.06,,20069.06,0.00,true
2025-02-28,2025-02,FAC 0003-00040781,FAC,C9001,CONSUMIDOR FINAL,CAF-COLOM-250,1.00,8380.40,0.00,8380.40,,8380.40,0.00,true
2025-05-04,2025-05,FAC 0003-00041850,FAC,C9002,VENTA ONLINE,CAF-ETIOP-250,1.00,10363.99,0.00,10363.99,,10363.99,0.00,true
2025-03-19,2025-03,FAC 0003-00040904,FAC,C9002,VENTA ONLINE,CAF-COLOM-250,2.00,8564.77,0.00,17129.54,,17129.54,0.00,true
2025-04-12,2025-04,FAC 0003-00041240,FAC,C0001,GRANOS DEL SUR S.A.,CAF-BRAS-1K,21.00,18146.87,40.00,228650.50,,228650.56,-0.06,true
2025-06-21,2025-06,FAC 0003-00042446,FAC,C9001,CONSUMIDOR FINAL,CAP-FILTRO-100,2.00,3567.83,0.00,7135.67,,7135.66,0.01,true
2025-01-12,2025-01,FAC 0003-00040378,FAC,C9001,CONSUMIDOR FINAL,CAF-BLEND-250,2.00,5600.00,0.00,11200.00,,11200.00,0.00,true
2025-04-26,2025-04,FAC 0003-00041297,FAC,C9002,VENTA ONLINE,CAF-DESCA-250,1.00,7899.22,0.00,7899.22,,7899.22,0.00,true
2025-01-23,2025-01,FAC 0003-00040388,FAC,C9001,CONSUMIDOR FINAL,CAF-ETIOP-250,1.00,9500.00,0.00,9500.00,,9500.00,0.00,true
2025-04-17,2025-04,FAC 0003-00041516,FAC,C9002,VENTA ONLINE,CAF-ETIOP-250,3.00,10140.90,0.00,30422.69,,30422.70,-0.01,true
2025-05-26,2025-05,FAC 0003-00041710,FAC,C9002,VENTA ONLINE,CAF-ETIOP-250,3.00,10363.99,0.00,31091.98,,31091.97,0.01,true
2025-02-17,2025-02,FAC 0003-00040778,FAC,C9001,CONSUMIDOR FINAL,CAF-BLEND-250,1.00,5723.20,0.00,5723.20,,5723.20,0.00,true
2025-03-10,2025-03,FAC 0003-00040969,FAC,C9002,VENTA ONLINE,CAF-DESCA-250,1.00,7729.18,0.00,7729.18,,7729.18,0.00,true
2025-06-07,2025-06,FAC 0003-00042212,FAC,C9002,VENTA ONLINE,CAF-ETIOP-250,1.00,10592.00,0.00,10592.00,,10592.00,0.00,true
2025-01-19,2025-01,FAC 0003-00040044,FAC,C0130,Usina Coghlan,CAF-BLEND-1K,9.00,18000.00,30.00,113400.00,R. Ibarra,113400.00,0.00,true
2025-03-23,2025-03,FAC 0003-00040843,FAC,C0001,GRANOS DEL SUR S.A.,CAF-BLEND-CJ6,8.00,106537.37,40.00,511379.37,M. Paz,511379.38,-0.01,true
2025-04-16,2025-04,FAC 0003-00041251,FAC,C0106,El Almacen de Nunez,CAF-BLEND-1K,3.00,19214.33,30.00,40350.09,M. Paz,40350.09,-0.00,true
2025-06-16,2025-06,FAC 0003-00042280,FAC,C9002,VENTA ONLINE,CAF-BLEND-250,3.00,6243.71,0.00,18731.12,,18731.13,-0.01,true
2025-06-26,2025-06,FAC 0003-00042216,FAC,C9002,VENTA ONLINE,CAP-FILTRO-100,3.00,3567.83,0.00,10703.50,,10703.49,0.01,true
2025-06-13,2025-06,FAC 0003-00042223,FAC,C9002,VENTA ONLINE,CAF-DESCA-250,3.00,8250.61,0.00,24751.84,,24751.83,0.01,true
2025-06-18,2025-06,FAC 0003-00042172,FAC,C9002,VENTA ONLINE,CAF-CAPS-10,3.00,7693.14,0.00,23079.42,,23079.42,0.00,true
2025-05-28,2025-05,FAC 0003-00041673,FAC,C0119,Coffee Lab Saavedra II,CAF-BLEND-1K,5.00,19637.04,35.00,63820.39,R. Ibarra,63820.38,0.01,true
2025-03-25,2025-03,FAC 0003-00040988,FAC,C9002,VENTA ONLINE,CAF-CAPS-10,1.00,7206.94,0.00,7206.94,,7206.94,0.00,true
2025-03-02,2025-03,FAC 0003-00041054,FAC,C9002,VENTA ONLINE,CAP-TAZA,2.00,9295.91,0.00,18591.82,,18591.82,0.00,true
2025-04-21,2025-04,FAC 0003-00041375,FAC,C9002,VENTA ONLINE,CAF-ETIOP-250,2.00,10140.90,0.00,20281.79,,20281.80,-0.01,true
2025-04-18,2025-04,FAC 0003-00041352,FAC,C9002,VENTA ONLINE,CAF-ETIOP-250,1.00,10140.90,0.00,10140.90,,10140.90,0.00,true
2025-03-10,2025-03,FAC 0003-00040846,FAC,C0101,El Almacen de Palermo II,CAF-BLEND-1K,9.00,18800.71,35.00,109984.17,M. Paz,109984.15,0.02,true
2025-06-01,2025-06,FAC 0003-00042308,FAC,C9002,VENTA ONLINE,CAF-BRAS-250,1.00,5909.22,0.00,5909.22,,5909.22,0.00,true
2025-03-14,2025-03,FAC 0003-00040935,FAC,C9002,VENTA ONLINE,CAF-COLOM-250,3.00,8564.77,0.00,25694.31,,25694.31,0.00,true
2025-04-17,2025-04,FAC 0003-00041319,FAC,C9002,VENTA ONLINE,CAF-ETIOP-250,2.00,10140.90,0.00,20281.79,,20281.80,-0.01,true
2025-05-18,2025-05,FAC 0003-00041913,FAC,C9002,VENTA ONLINE,CAF-COLOM-250,3.00,8945.76,0.00,26837.29,,26837.28,0.01,true
2025-02-03,2025-02,FAC 0003-00040745,FAC,C9001,CONSUMIDOR FINAL,CAF-COLOM-250,1.00,8380.40,0.00,8380.40,,8380.40,0.00,true
2025-05-03,2025-05,FAC 0003-00042006,FAC,C9001,CONSUMIDOR FINAL,CAF-COLOM-250,2.00,8945.76,0.00,17891.53,,17891.52,0.01,true
2025-01-26,2025-01,FAC 0003-00040051,FAC,C0138,El Almacen de Constitucion,CAF-BLEND-1K,8.00,18000.00,30.00,100800.00,M. Paz,100800.00,0.00,true
2025-06-19,2025-06,FAC 0003-00042197,FAC,C9002,VENTA ONLINE,CAF-BLEND-250,2.00,6243.71,0.00,12487.41,,12487.42,-0.01,true
2025-02-22,2025-02,FAC 0003-00040429,FAC,C0106,El Almacen de Nunez,CAF-BRAS-1K,6.00,17374.00,30.00,72970.80,M. Paz,72970.80,0.00,true
2025-05-18,2025-05,FAC 0003-00041711,FAC,C9002,VENTA ONLINE,CAF-COLOM-250,3.00,8945.76,0.00,26837.29,,26837.28,0.01,true
2025-01-02,2025-01,FAC 0003-00040228,FAC,C9002,VENTA ONLINE,CAF-BLEND-250,3.00,5600.00,0.00,16800.00,,16800.00,0.00,true
2025-06-08,2025-06,FAC 0003-00042176,FAC,C9002,VENTA ONLINE,CAF-BRAS-250,2.00,5909.22,0.00,11818.45,,11818.44,0.01,true
2025-04-06,2025-04,FAC 0003-00041326,FAC,C9002,VENTA ONLINE,CAF-BRAS-250,3.00,5657.55,0.00,16972.66,,16972.65,0.01,true
2025-01-06,2025-01,FAC 0003-00040006,FAC,C0001,GRANOS DEL SUR S.A.,CAF-BRAS-1K,12.00,17000.00,40.00,122400.00,R. Ibarra,122400.00,0.00,true
2025-02-24,2025-02,FAC 0003-00040738,FAC,C9001,CONSUMIDOR FINAL,CAF-COLOM-250,1.00,8380.40,0.00,8380.40,,8380.40,0.00,true
2025-06-18,2025-06,FAC 0003-00042179,FAC,C9002,VENTA ONLINE,CAF-COLOM-250,3.00,9142.57,0.00,27427.71,,27427.71,0.00,true
2025-03-05,2025-03,FAC 0003-00040901,FAC,C9002,VENTA ONLINE,CAF-BLEND-250,3.00,5849.11,0.00,17547.33,,17547.33,0.00,true
2025-03-11,2025-03,FAC 0003-00041234,FAC,C9001,CONSUMIDOR FINAL,CAF-COLOM-250,2.00,8564.77,0.00,17129.54,,17129.54,0.00,true
2025-02-12,2025-02,FAC 0003-00040598,FAC,C9002,VENTA ONLINE,CAF-ETIOP-250,2.00,9709.00,0.00,19418.00,,19418.00,0.00,true
2025-01-03,2025-01,FAC 0003-00040001,FAC,C0001,GRANOS DEL SUR S.A.,BLEND1K,37.00,18000.00,40.00,399600.00,,399600.00,0.00,true
2025-05-23,2025-05,FAC 0003-00041653,FAC,C0102,Bar Belgrano,CAF-BLEND-1K,4.00,19637.04,35.00,51056.31,M. Paz,51056.30,0.01,true
2025-01-07,2025-01,FAC 0003-00040385,FAC,C9001,CONSUMIDOR FINAL,CAF-BLEND-250,1.00,5600.00,0.00,5600.00,,5600.00,0.00,true
2025-02-15,2025-02,FAC 0003-00040667,FAC,C9002,VENTA ONLINE,CAF-ETIOP-250,1.00,9709.00,0.00,9709.00,,9709.00,0.00,true
2025-06-17,2025-06,FAC 0003-00042087,FAC,C0001,GRANOS DEL SUR S.A.,CAF-BLEND-CJ6,5.00,113724.66,40.00,341173.98,,341173.98,0.00,true
2025-02-10,2025-02,FAC 0003-00040610,FAC,C9002,VENTA ONLINE,CAF-BLEND-250,1.00,5723.20,0.00,5723.20,,5723.20,0.00,true
2025-03-21,2025-03,FAC 0003-00041121,FAC,C9001,CONSUMIDOR FINAL,CAF-COLOM-250,1.00,8564.77,0.00,8564.77,,8564.77,0.00,true
2025-02-16,2025-02,FAC 0003-00040642,FAC,C9002,VENTA ONLINE,CAF-ETIOP-250,2.00,9709.00,0.00,19418.00,,19418.00,0.00,true
2025-02-20,2025-02,FAC 0003-00040629,FAC,C9002,VENTA ONLINE,CAF-ETIOP-250,2.00,9709.00,0.00,19418.00,,19418.00,0.00,true
2025-03-16,2025-03,FAC 0003-00040886,FAC,C0137,Panaderia Villa Urquiza II,CAF-ETIOP-250,6.00,9922.60,30.00,41674.91,R. Ibarra,41674.92,-0.01,true
2025-05-17,2025-05,FAC 0003-00041716,FAC,C9002,VENTA ONLINE,CAF-BRAS-250,2.00,5782.02,0.00,11564.04,,11564.04,0.00,true
2025-01-07,2025-01,FAC 0003-00040145,FAC,C9002,VENTA ONLINE,CAF-BLEND-250,1.00,5600.00,0.00,5600.00,,5600.00,0.00,true
2025-01-10,2025-01,FAC 0003-00040126,FAC,C9002,VENTA ONLINE,CAF-ETIOP-250,2.00,9500.00,0.00,19000.00,,19000.00,0.00,true
2025-02-19,2025-02,FAC 0003-00040695,FAC,C9001,CONSUMIDOR FINAL,CAF-COLOM-250,1.00,8380.40,0.00,8380.40,,8380.40,0.00,true
2025-05-05,2025-05,FAC 0003-00041882,FAC,C9002,VENTA ONLINE,CAF-COLOM-250,3.00,8945.76,0.00,26837.29,,26837.28,0.01,true
2025-04-28,2025-04,FAC 0003-00041537,FAC,C9001,CONSUMIDOR FINAL,CAF-BLEND-1K,1.00,19214.33,0.00,19214.33,,19214.33,0.00,true
2025-05-03,2025-05,FAC 0003-00041743,FAC,C9002,VENTA ONLINE,CAF-ETIOP-250,3.00,10363.99,0.00,31091.98,,31091.97,0.01,true
2025-03-19,2025-03,FAC 0003-00041120,FAC,C9001,CONSUMIDOR FINAL,CAP-FILTRO-100,1.00,3342.35,0.00,3342.35,,3342.35,0.00,true
2025-05-03,2025-05,FAC 0003-00042078,FAC,C9001,CONSUMIDOR FINAL,CAF-BLEND-250,2.00,6109.30,0.00,12218.60,,12218.60,0.00,true
2025-03-22,2025-03,FAC 0003-00041110,FAC,C9002,VENTA ONLINE,CAF-BRAS-250,1.00,5535.77,0.00,5535.77,,5535.77,0.00,true
2025-04-20,2025-04,FAC 0003-00041420,FAC,C9002,VENTA ONLINE,CAF-COLOM-250,1.00,8753.19,0.00,8753.19,,8753.19,0.00,true
2025-06-23,2025-06,FAC 0003-00042316,FAC,C9002,VENTA ONLINE,CAF-ETIOP-250,1.00,10592.00,0.00,10592.00,,10592.00,0.00,true
2025-04-18,2025-04,FAC 0003-00041244,FAC,C0001,GRANOS DEL SUR S.A.,BLEND1K,54.00,19214.33,40.00,622544.22,,622544.29,-0.07,true
2025-06-07,2025-06,FAC 0003-00042099,FAC,C0108,Coffee Lab Colegiales,CAF-BRAS-1K,6.00,18954.11,32.00,77332.77,,77332.77,0.00,true
2025-04-14,2025-04,FAC 0003-00041587,FAC,C9001,CONSUMIDOR FINAL,CAF-BLEND-250,2.00,5977.79,0.00,11955.58,,11955.58,0.00,true
2025-04-03,2025-04,FAC 0003-00041355,FAC,C9002,VENTA ONLINE,CAF-BLEND-250,3.00,5977.79,0.00,17933.37,,17933.37,0.00,true
2025-04-26,2025-04,FAC 0003-00041380,FAC,C9002,VENTA ONLINE,CAP-FILTRO-100,2.00,3415.88,0.00,6831.76,,6831.76,0.00,true
2025-06-07,2025-06,FAC 0003-00042199,FAC,C9002,VENTA ONLINE,CAF-CAPS-10,3.00,7693.14,0.00,23079.42,,23079.42,0.00,true
2025-01-09,2025-01,FAC 0003-00040199,FAC,C9002,VENTA ONLINE,CAF-ETIOP-250,2.00,9500.00,0.00,19000.00,,19000.00,0.00,true
2025-05-18,2025-05,FAC 0003-00041660,FAC,C0108,Coffee Lab Colegiales,CAF-BLEND-1K,3.00,19637.04,32.00,40059.57,,40059.56,0.01,true
2025-03-19,2025-03,FAC 0003-00041044,FAC,C9002,VENTA ONLINE,CAF-BLEND-250,2.00,5849.11,0.00,11698.22,,11698.22,0.00,true
2025-02-03,2025-02,FAC 0003-00040566,FAC,C9002,VENTA ONLINE,CAF-CAPS-10,3.00,7051.80,0.00,21155.40,,21155.40,0.00,true
2025-04-07,2025-04,FAC 0003-00041285,FAC,C0138,El Almacen de Constitucion,CAF-BLEND-1K,10.00,19214.33,30.00,134500.29,R. Ibarra,134500.31,-0.02,true
2025-02-01,2025-02,FAC 0003-00040646,FAC,C9002,VENTA ONLINE,CAF-COLOM-250,1.00,8380.40,0.00,8380.40,,8380.40,0.00,true
2025-06-20,2025-06,FAC 0003-00042351,FAC,C9002,VENTA ONLINE,CAF-BLEND-250,1.00,6243.71,0.00,6243.71,,6243.71,0.00,true
2025-02-06,2025-02,FAC 0003-00040420,FAC,C0001,GRANOS DEL SUR S.A.,BLEND1K,53.00,18396.00,40.00,584992.80,M. Paz,584992.80,0.00,true
2025-02-02,2025-02,FAC 0003-00040485,FAC,C9002,VENTA ONLINE,CAF-ETIOP-250,3.00,9709.00,0.00,29127.00,,29127.00,0.00,true
2025-04-16,2025-04,FAC 0003-00041471,FAC,C9002,VENTA ONLINE,CAF-COLOM-250,3.00,8753.19,0.00,26259.58,,26259.57,0.01,true
2025-04-20,2025-04,FAC 0003-00041425,FAC,C9002,VENTA ONLINE,CAF-BLEND-250,2.00,5977.79,0.00,11955.58,,11955.58,0.00,true
2025-02-01,2025-02,FAC 0003-00040436,FAC,C0111,Cafe Devoto II,CAF-BLEND-1K,9.00,18396.00,35.00,107616.60,,107616.60,0.00,true
2025-02-01,2025-02,FAC 0003-00040516,FAC,C9002,VENTA ONLINE,CAF-BRAS-250,1.00,5416.60,0.00,5416.60,,5416.60,0.00,true
2025-06-17,2025-06,FAC 0003-00042193,FAC,C9002,VENTA ONLINE,CAF-ETIOP-250,2.00,10592.00,0.00,21184.01,,21184.00,0.01,true
2025-03-25,2025-03,FAC 0003-00040925,FAC,C9002,VENTA ONLINE,CAF-ETIOP-250,1.00,9922.60,0.00,9922.60,,9922.60,0.00,true
2025-05-07,2025-05,FAC 0003-00041775,FAC,C9002,VENTA ONLINE,CAF-BLEND-250,3.00,6109.30,0.00,18327.91,,18327.90,0.01,true
2025-05-07,2025-05,FAC 0003-00041923,FAC,C9002,VENTA ONLINE,CAF-BRAS-250,3.00,5782.02,0.00,17346.05,,17346.06,-0.01,true
2025-05-08,2025-05,FAC 0003-00042074,FAC,C9001,CONSUMIDOR FINAL,CAF-BLEND-250,2.00,6109.30,0.00,12218.60,,12218.60,0.00,true
2025-06-25,2025-06,FAC 0003-00042390,FAC,C9002,VENTA ONLINE,CAP-FILTRO-100,2.00,3567.83,0.00,7135.67,,7135.66,0.01,true
2025-06-12,2025-06,FAC 0003-00042141,FAC,C0139,La Ventanita de Constitucion II,CAF-BLEND-1K,10.00,20069.06,30.00,140483.40,,140483.42,-0.02,true
2025-05-04,2025-05,FAC 0003-00041780,FAC,C9002,VENTA ONLINE,CAF-COLOM-250,3.00,8945.76,0.00,26837.29,,26837.28,0.01,true
2025-06-19,2025-06,FAC 0003-00042236,FAC,C9002,VENTA ONLINE,CAF-COLOM-250,3.00,9142.57,0.00,27427.71,,27427.71,0.00,true
2025-04-05,2025-04,FAC 0003-00041448,FAC,C9002,VENTA ONLINE,CAF-BLEND-250,2.00,5977.79,0.00,11955.58,,11955.58,0.00,true
2025-04-25,2025-04,FAC 0003-00041533,FAC,C9001,CONSUMIDOR FINAL,CAF-COLOM-250,2.00,8753.19,0.00,17506.39,,17506.38,0.01,true
2025-04-09,2025-04,FAC 0003-00041545,FAC,C9001,CONSUMIDOR FINAL,CAF-ETIOP-250,1.00,10140.90,0.00,10140.90,,10140.90,0.00,true
2025-04-15,2025-04,FAC 0003-00041609,FAC,C9001,CONSUMIDOR FINAL,CAF-COLOM-250,1.00,8753.19,0.00,8753.19,,8753.19,0.00,true
2025-02-26,2025-02,FAC 0003-00040587,FAC,C9002,VENTA ONLINE,CAF-DESCA-250,3.00,7562.80,0.00,22688.40,,22688.40,0.00,true
2025-03-22,2025-03,FAC 0003-00040970,FAC,C9002,VENTA ONLINE,CAF-ETIOP-250,3.00,9922.60,0.00,29767.79,,29767.80,-0.01,true
2025-04-01,2025-04,FAC 0003-00041291,FAC,C9002,VENTA ONLINE,CAF-BLEND-250,2.00,5977.79,0.00,11955.58,,11955.58,0.00,true
2025-04-23,2025-04,FAC 0003-00041414,FAC,C9002,VENTA ONLINE,CAF-ETIOP-250,1.00,10140.90,0.00,10140.90,,10140.90,0.00,true
2025-01-13,2025-01,FAC 0003-00040024,FAC,C0111,Cafe Devoto II,CAF-BRAS-1K,4.00,17000.00,35.00,44200.00,M. Paz,44200.00,0.00,true
2025-05-16,2025-05,FAC 0003-00041934,FAC,C9002,VENTA ONLINE,CAF-BLEND-250,3.00,6109.30,0.00,18327.91,,18327.90,0.01,true
2025-03-11,2025-03,FAC 0003-00041176,FAC,C9001,CONSUMIDOR FINAL,CAF-BLEND-250,2.00,5849.11,0.00,11698.22,,11698.22,0.00,true
2025-06-02,2025-06,FAC 0003-00042392,FAC,C9002,VENTA ONLINE,CAP-TAZA,1.00,9923.03,0.00,9923.03,,9923.03,0.00,true
2025-05-16,2025-05,FAC 0003-00041736,FAC,C9002,VENTA ONLINE,CAF-BRAS-250,2.00,5782.02,0.00,11564.04,,11564.04,0.00,true
2025-02-12,2025-02,FAC 0003-00040470,FAC,C0137,Panaderia Villa Urquiza II,CAF-BRAS-1K,8.00,17374.00,30.00,97294.40,M. Paz,97294.40,0.00,true
2025-02-28,2025-02,FAC 0003-00040439,FAC,C0113,Bar Recoleta II,CAF-ETIOP-250,9.00,9709.00,30.00,61166.70,M. Paz,61166.70,0.00,true
2025-01-07,2025-01,FAC 0003-00040234,FAC,C9002,VENTA ONLINE,CAF-COLOM-250,2.00,8200.00,0.00,16400.00,,16400.00,0.00,true
2025-01-25,2025-01,FAC 0003-00040197,FAC,C9002,VENTA ONLINE,CAF-COLOM-250,2.00,8200.00,0.00,16400.00,,16400.00,0.00,true
2025-01-01,2025-01,FAC 0003-00040186,FAC,C9002,VENTA ONLINE,CAF-BLEND-250,3.00,5600.00,0.00,16800.00,,16800.00,0.00,true
2025-05-10,2025-05,FAC 0003-00041957,FAC,C9001,CONSUMIDOR FINAL,CAF-BLEND-1K,2.00,19637.04,0.00,39274.09,,39274.08,0.01,true
2025-05-07,2025-05,FAC 0003-00041646,FAC,C0001,GRANOS DEL SUR S.A.,CAF-BLEND-CJ6,8.00,111276.58,40.00,534127.57,R. Ibarra,534127.58,-0.01,true
2025-05-12,2025-05,FAC 0003-00041958,FAC,C9001,CONSUMIDOR FINAL,CAF-COLOM-250,2.00,8945.76,0.00,17891.53,,17891.52,0.01,true
2025-04-27,2025-04,FAC 0003-00041502,FAC,C9002,VENTA ONLINE,CAF-BLEND-250,3.00,5977.79,0.00,17933.37,,17933.37,0.00,true
2025-06-26,2025-06,FAC 0003-00042454,FAC,C9001,CONSUMIDOR FINAL,CAF-BLEND-250,2.00,6243.71,0.00,12487.41,,12487.42,-0.01,true
2025-06-13,2025-06,FAC 0003-00042363,FAC,C9002,VENTA ONLINE,CAF-BRAS-250,1.00,5909.22,0.00,5909.22,,5909.22,0.00,true
2025-03-19,2025-03,FAC 0003-00040869,FAC,C0124,Coffee Lab Flores,CAF-BLEND-1K,4.00,18800.71,35.00,48881.85,M. Paz,48881.85,0.00,true
2025-03-22,2025-03,FAC 0003-00040910,FAC,C9002,VENTA ONLINE,CAF-DESCA-250,3.00,7729.18,0.00,23187.54,,23187.54,0.00,true
2025-05-17,2025-05,FAC 0003-00041712,FAC,C9002,VENTA ONLINE,CAF-BRAS-250,3.00,5782.02,0.00,17346.05,,17346.06,-0.01,true
2025-06-23,2025-06,FAC 0003-00042332,FAC,C9002,VENTA ONLINE,CAF-BRAS-250,3.00,5909.22,0.00,17727.67,,17727.66,0.01,true
2025-03-06,2025-03,FAC 0003-00040913,FAC,C9002,VENTA ONLINE,CAF-BLEND-250,1.00,5849.11,0.00,5849.11,,5849.11,0.00,true
2025-05-24,2025-05,FAC 0003-00041813,FAC,C9002,VENTA ONLINE,CAP-TAZA,2.00,9709.43,0.00,19418.85,,19418.86,-0.01,true
2025-04-24,2025-04,FAC 0003-00041263,FAC,C0116,Cafe Caballito,CAF-BLEND-1K,3.00,19214.33,32.00,39197.23,M. Paz,39197.23,-0.00,true
2025-04-06,2025-04,FAC 0003-00041608,FAC,C9001,CONSUMIDOR FINAL,CAF-BLEND-250,1.00,5977.79,0.00,5977.79,,5977.79,0.00,true
2025-02-01,2025-02,FAC 0003-00040474,FAC,C9002,VENTA ONLINE,CAF-ETIOP-250,1.00,9709.00,0.00,9709.00,,9709.00,0.00,true
2025-01-26,2025-01,FAC 0003-00040293,FAC,C9001,CONSUMIDOR FINAL,CAF-ETIOP-250,2.00,9500.00,0.00,19000.00,,19000.00,0.00,true
2025-03-28,2025-03,FAC 0003-00040858,FAC,C0112,La Ventanita de Recoleta,CAF-BLEND-1K,9.00,18800.71,35.00,109984.17,,109984.15,0.02,true
2025-04-03,2025-04,FAC 0003-00041490,FAC,C9002,VENTA ONLINE,CAF-BLEND-250,3.00,5977.79,0.00,17933.37,,17933.37,0.00,true
2025-06-01,2025-06,FAC 0003-00042177,FAC,C9002,VENTA ONLINE,CAF-BLEND-250,2.00,6243.71,0.00,12487.41,,12487.42,-0.01,true
2025-06-05,2025-06,FAC 0003-00042357,FAC,C9002,VENTA ONLINE,CAF-ETIOP-250,3.00,10592.00,0.00,31776.01,,31776.00,0.01,true
2025-04-08,2025-04,FAC 0003-00041289,FAC,C9002,VENTA ONLINE,CAF-ETIOP-250,2.00,10140.90,0.00,20281.79,,20281.80,-0.01,true
2025-02-15,2025-02,FAC 0003-00040708,FAC,C9001,CONSUMIDOR FINAL,CAF-COLOM-250,2.00,8380.40,0.00,16760.80,,16760.80,0.00,true
2025-01-03,2025-01,FAC 0003-00040079,FAC,C9002,VENTA ONLINE,CAF-BLEND-250,3.00,5600.00,0.00,16800.00,,16800.00,0.00,true
2025-05-23,2025-05,FAC 0003-00041929,FAC,C9002,VENTA ONLINE,CAF-ETIOP-250,2.00,10363.99,0.00,20727.99,,20727.98,0.01,true
2025-01-19,2025-01,FAC 0003-00040076,FAC,C9002,VENTA ONLINE,CAF-BRAS-250,2.00,5300.00,0.00,10600.00,,10600.00,0.00,true
2025-01-02,2025-01,FAC 0003-00040228,FAC,C9002,VENTA ONLINE,CAF-CAPS-10,2.00,6900.00,0.00,13800.00,,13800.00,0.00,true
2025-05-04,2025-05,FAC 0003-00041751,FAC,C9002,VENTA ONLINE,CAF-ETIOP-250,3.00,10363.99,0.00,31091.98,,31091.97,0.01,true
2025-04-06,2025-04,FAC 0003-00041264,FAC,C0118,Bar Saavedra,CAF-BRAS-1K,8.00,18146.87,32.00,98718.95,M. Paz,98718.97,-0.02,true
2025-03-27,2025-03,FAC 0003-00040916,FAC,C9002,VENTA ONLINE,CAF-ETIOP-250,1.00,9922.60,0.00,9922.60,,9922.60,0.00,true
2025-02-10,2025-02,FAC 0003-00040606,FAC,C9002,VENTA ONLINE,CAF-DESCA-250,3.00,7562.80,0.00,22688.40,,22688.40,0.00,true
2025-06-11,2025-06,FAC 0003-00042277,FAC,C9002,VENTA ONLINE,CAF-BLEND-250,3.00,6243.71,0.00,18731.12,,18731.13,-0.01,true
2025-06-15,2025-06,FAC 0003-00042254,FAC,C9002,VENTA ONLINE,CAF-BRAS-250,3.00,5909.22,0.00,17727.67,,17727.66,0.01,true
2025-02-12,2025-02,FAC 0003-00040598,FAC,C9002,VENTA ONLINE,CAF-DESCA-250,2.00,7562.80,0.00,15125.60,,15125.60,0.00,true
2025-06-09,2025-06,FAC 0003-00042296,FAC,C9002,VENTA ONLINE,CAF-ETIOP-250,2.00,10592.00,0.00,21184.01,,21184.00,0.01,true
2025-01-22,2025-01,FAC 0003-00040165,FAC,C9002,VENTA ONLINE,CAF-ETIOP-250,3.00,9500.00,0.00,28500.00,,28500.00,0.00,true
2025-03-25,2025-03,FAC 0003-00041089,FAC,C9002,VENTA ONLINE,CAP-TAZA,3.00,9295.91,0.00,27887.72,,27887.73,-0.01,true
2025-01-26,2025-01,FAC 0003-00040057,FAC,C9002,VENTA ONLINE,CAF-BRAS-250,1.00,5300.00,0.00,5300.00,,5300.00,0.00,true
2025-05-04,2025-05,FAC 0003-00041780,FAC,C9002,VENTA ONLINE,CAF-ETIOP-250,1.00,10363.99,0.00,10363.99,,10363.99,0.00,true
2025-06-25,2025-06,FAC 0003-00042497,FAC,C9001,CONSUMIDOR FINAL,CAF-BLEND-1K,1.00,20069.06,0.00,20069.06,,20069.06,0.00,true
2025-02-04,2025-02,FAC 0003-00040751,FAC,C9001,CONSUMIDOR FINAL,CAF-ETIOP-250,1.00,9709.00,0.00,9709.00,,9709.00,0.00,true
2025-03-02,2025-03,FAC 0003-00041053,FAC,C9002,VENTA ONLINE,CAP-TAZA,2.00,9295.91,0.00,18591.82,,18591.82,0.00,true
2025-03-22,2025-03,FAC 0003-00041116,FAC,C9002,VENTA ONLINE,CAF-COLOM-250,1.00,8564.77,0.00,8564.77,,8564.77,0.00,true
2025-02-19,2025-02,FAC 0003-00040456,FAC,C0127,Cafe Parque Chas II,CAF-BLEND-1K,4.00,18396.00,32.00,50037.12,M. Paz,50037.12,0.00,true
2025-04-04,2025-04,FAC 0003-00041378,FAC,C9002,VENTA ONLINE,CAF-ETIOP-250,3.00,10140.90,0.00,30422.69,,30422.70,-0.01,true
2025-04-01,2025-04,FAC 0003-00041248,FAC,C0103,Coffee Lab Belgrano II,CAF-BRAS-1K,4.00,18146.87,35.00,47181.85,,47181.86,-0.01,true
2025-06-17,2025-06,FAC 0003-00042095,FAC,C0104,Tostado Villa Crespo,CAF-BLEND-1K,6.00,20069.06,35.00,78269.33,R. Ibarra,78269.33,-0.00,true
2025-03-23,2025-03,FAC 0003-00041203,FAC,C9001,CONSUMIDOR FINAL,CAP-FILTRO-100,2.00,3342.35,0.00,6684.70,,6684.70,0.00,true
2025-05-15,2025-05,FAC 0003-00041970,FAC,C9001,CONSUMIDOR FINAL,CAF-BLEND-1K,2.00,19637.04,0.00,39274.09,,39274.08,0.01,true
2025-06-27,2025-06,FAC 0003-00042349,FAC,C9002,VENTA ONLINE,CAF-COLOM-250,2.00,9142.57,0.00,18285.14,,18285.14,0.00,true
2025-06-26,2025-06,FAC 0003-00042088,FAC,C0001,GRANOS DEL SUR S.A.,BLEND1K,44.00,20069.06,40.00,529823.13,R. Ibarra,529823.18,-0.05,true
2025-03-28,2025-03,FAC 0003-00041202,FAC,C9001,CONSUMIDOR FINAL,CAF-ETIOP-250,1.00,9922.60,0.00,9922.60,,9922.60,0.00,true
2025-01-26,2025-01,FAC 0003-00040128,FAC,C9002,VENTA ONLINE,CAF-COLOM-250,3.00,8200.00,0.00,24600.00,,24600.00,0.00,true
2025-01-23,2025-01,FAC 0003-00040270,FAC,C9001,CONSUMIDOR FINAL,CAF-ETIOP-250,1.00,9500.00,0.00,9500.00,,9500.00,0.00,true
2025-04-14,2025-04,FAC 0003-00041258,FAC,C0111,Cafe Devoto II,CAF-BLEND-1K,8.00,19214.33,35.00,99914.50,,99914.52,-0.02,true
2025-06-09,2025-06,FAC 0003-00042397,FAC,C9002,VENTA ONLINE,CAF-DESCA-250,2.00,8250.61,0.00,16501.23,,16501.22,0.01,true
2025-01-07,2025-01,FAC 0003-00040013,FAC,C0103,Coffee Lab Belgrano II,CAF-BLEND-1K,3.00,18000.00,35.00,35100.00,R. Ibarra,35100.00,0.00,true
2025-06-13,2025-06,FAC 0003-00042102,FAC,C0109,Usina Colegiales II,CAP-FILTRO-100,2.00,3567.83,32.00,4852.25,M. Paz,4852.25,0.00,true
2025-04-27,2025-04,FAC 0003-00041527,FAC,C9001,CONSUMIDOR FINAL,CAF-BLEND-1K,2.00,19214.33,0.00,38428.66,,38428.66,0.00,true
2025-05-16,2025-05,FAC 0003-00041681,FAC,C0126,Panaderia Parque Chas,CAF-BLEND-1K,7.00,19637.04,32.00,93472.32,,93472.31,0.01,true
2025-02-14,2025-02,FAC 0003-00040444,FAC,C0119,Coffee Lab Saavedra II,CAF-BLEND-1K,9.00,18396.00,35.00,107616.60,M. Paz,107616.60,0.00,true
2025-03-01,2025-03,FAC 0003-00041087,FAC,C9002,VENTA ONLINE,CAF-BRAS-250,3.00,5535.77,0.00,16607.30,,16607.31,-0.01,true
2025-05-24,2025-05,FAC 0003-00041752,FAC,C9002,VENTA ONLINE,CAF-ETIOP-250,2.00,10363.99,0.00,20727.99,,20727.98,0.01,true
2025-01-11,2025-01,FAC 0003-00040209,FAC,C9002,VENTA ONLINE,CAF-ETIOP-250,3.00,9500.00,0.00,28500.00,,28500.00,0.00,true
2025-02-19,2025-02,FAC 0003-00040434,FAC,C0110,Panaderia Devoto,CAF-BLEND-1K,7.00,18396.00,35.00,83701.80,M. Paz,83701.80,0.00,true
2025-04-25,2025-04,FAC 0003-00041276,FAC,C0129,Bar San Telmo II,CAF-BRAS-1K,5.00,18146.87,32.00,61699.34,,61699.36,-0.02,true
2025-02-02,2025-02,FAC 0003-00040515,FAC,C9002,VENTA ONLINE,CAF-COLOM-250,1.00,8380.40,0.00,8380.40,,8380.40,0.00,true
2025-04-04,2025-04,FAC 0003-00041313,FAC,C9002,VENTA ONLINE,CAF-CAPS-10,2.00,7365.49,0.00,14730.98,,14730.98,0.00,true
2025-02-13,2025-02,FAC 0003-00040427,FAC,C0103,Coffee Lab Belgrano II,CAF-BRAS-1K,8.00,17374.00,35.00,90344.80,R. Ibarra,90344.80,0.00,true
2025-05-20,2025-05,FAC 0003-00041721,FAC,C9002,VENTA ONLINE,CAF-ETIOP-250,2.00,10363.99,0.00,20727.99,,20727.98,0.01,true
2025-01-15,2025-01,FAC 0003-00040222,FAC,C9002,VENTA ONLINE,CAF-BLEND-250,3.00,5600.00,0.00,16800.00,,16800.00,0.00,true
2025-04-01,2025-04,FAC 0003-00041528,FAC,C9001,CONSUMIDOR FINAL,CAF-BLEND-1K,2.00,19214.33,0.00,38428.66,,38428.66,0.00,true
2025-04-05,2025-04,FAC 0003-00041540,FAC,C9001,CONSUMIDOR FINAL,CAF-BLEND-1K,1.00,19214.33,0.00,19214.33,,19214.33,0.00,true
2025-05-10,2025-05,FAC 0003-00041705,FAC,C9002,VENTA ONLINE,CAF-BRAS-250,1.00,5782.02,0.00,5782.02,,5782.02,0.00,true
2025-01-01,2025-01,FAC 0003-00040142,FAC,C9002,VENTA ONLINE,CAF-ETIOP-250,1.00,9500.00,0.00,9500.00,,9500.00,0.00,true
2025-05-06,2025-05,FAC 0003-00042051,FAC,C9001,CONSUMIDOR FINAL,CAF-ETIOP-250,1.00,10363.99,0.00,10363.99,,10363.99,0.00,true
2025-03-03,2025-03,FAC 0003-00041152,FAC,C9001,CONSUMIDOR FINAL,CAF-BLEND-250,2.00,5849.11,0.00,11698.22,,11698.22,0.00,true
2025-03-09,2025-03,FAC 0003-00041023,FAC,C9002,VENTA ONLINE,CAF-ETIOP-250,1.00,9922.60,0.00,9922.60,,9922.60,0.00,true
2025-03-07,2025-03,FAC 0003-00041153,FAC,C9001,CONSUMIDOR FINAL,CAF-ETIOP-250,1.00,9922.60,0.00,9922.60,,9922.60,0.00,true
2025-02-27,2025-02,FAC 0003-00040443,FAC,C0118,Bar Saavedra,CAF-BRAS-1K,5.00,17374.00,32.00,59071.60,M. Paz,59071.60,0.00,true
2025-02-18,2025-02,FAC 0003-00040467,FAC,C0136,Tostado Villa Urquiza,CAF-BRAS-1K,3.00,17374.00,35.00,33879.30,M. Paz,33879.30,0.00,true
2025-06-26,2025-06,FAC 0003-00042175,FAC,C9002,VENTA ONLINE,CAF-ETIOP-250,3.00,10592.00,0.00,31776.01,,31776.00,0.01,true
2025-06-25,2025-06,FAC 0003-00042402,FAC,C9001,CONSUMIDOR FINAL,CAF-BLEND-1K,2.00,20069.06,0.00,40138.12,,40138.12,0.00,true
2025-01-14,2025-01,FAC 0003-00040141,FAC,C9002,VENTA ONLINE,CAP-TAZA,2.00,8900.00,0.00,17800.00,,17800.00,0.00,true
2025-03-03,2025-03,FAC 0003-00041007,FAC,C9002,VENTA ONLINE,CAF-CAPS-10,1.00,7206.94,0.00,7206.94,,7206.94,0.00,true
2025-06-11,2025-06,FAC 0003-00042208,FAC,C9002,VENTA ONLINE,CAF-CAPS-10,2.00,7693.14,0.00,15386.28,,15386.28,0.00,true
2025-04-27,2025-04,FAC 0003-00041426,FAC,C9002,VENTA ONLINE,CAF-BRAS-250,2.00,5657.55,0.00,11315.10,,11315.10,0.00,true
2025-02-28,2025-02,FAC 0003-00040831,FAC,C9001,CONSUMIDOR FINAL,CAF-BLEND-250,1.00,5723.20,0.00,5723.20,,5723.20,0.00,true
2025-01-26,2025-01,FAC 0003-00040020,FAC,C0108,Coffee Lab Colegiales,CAF-BLEND-1K,5.00,18000.00,32.00,61200.00,R. Ibarra,61200.00,0.00,true
2025-02-12,2025-02,FAC 0003-00040450,FAC,C0123,La Ventanita de Almagro II,CAP-FILTRO-100,4.00,3270.40,35.00,8503.04,,8503.04,0.00,true
2025-02-19,2025-02,FAC 0003-00040422,FAC,C0001,GRANOS DEL SUR S.A.,BLEND1K,47.00,18396.00,40.00,518767.20,R. Ibarra,518767.20,0.00,true
2025-06-19,2025-06,FAC 0003-00042299,FAC,C9002,VENTA ONLINE,CAF-COLOM-250,1.00,9142.57,0.00,9142.57,,9142.57,0.00,true
2025-03-22,2025-03,FAC 0003-00041069,FAC,C9002,VENTA ONLINE,CAF-ETIOP-250,1.00,9922.60,0.00,9922.60,,9922.60,0.00,true
2025-01-07,2025-01,FAC 0003-00040075,FAC,C9002,VENTA ONLINE,CAF-BLEND-250,2.00,5600.00,0.00,11200.00,,11200.00,0.00,true
2025-01-06,2025-01,FAC 0003-00040279,FAC,C9001,CONSUMIDOR FINAL,CAF-BLEND-250,1.00,5600.00,0.00,5600.00,,5600.00,0.00,true
2025-06-14,2025-06,FAC 0003-00042204,FAC,C9002,VENTA ONLINE,CAF-CAPS-10,2.00,7693.14,0.00,15386.28,,15386.28,0.00,true
2025-02-05,2025-02,FAC 0003-00040673,FAC,C9002,VENTA ONLINE,CAF-ETIOP-250,2.00,9709.00,0.00,19418.00,,19418.00,0.00,true
2025-05-08,2025-05,FAC 0003-00041655,FAC,C0104,Tostado Villa Crespo,CAF-BRAS-1K,8.00,18546.10,35.00,96439.70,,96439.72,-0.02,true
2025-02-27,2025-02,FAC 0003-00040658,FAC,C9002,VENTA ONLINE,CAF-COLOM-250,2.00,8380.40,0.00,16760.80,,16760.80,0.00,true
2025-05-05,2025-05,FAC 0003-00041769,FAC,C9002,VENTA ONLINE,CAF-BLEND-250,3.00,6109.30,0.00,18327.91,,18327.90,0.01,true
2025-01-06,2025-01,FAC 0003-00040395,FAC,C9001,CONSUMIDOR FINAL,CAF-COLOM-250,2.00,8200.00,0.00,16400.00,,16400.00,0.00,true
2025-03-21,2025-03,FAC 0003-00040936,FAC,C9002,VENTA ONLINE,CAF-BLEND-250,1.00,5849.11,0.00,5849.11,,5849.11,0.00,true
2025-02-27,2025-02,FAC 0003-00040816,FAC,C9001,CONSUMIDOR FINAL,CAF-COLOM-250,1.00,8380.40,0.00,8380.40,,8380.40,0.00,true
2025-04-16,2025-04,FAC 0003-00041346,FAC,C9002,VENTA ONLINE,CAF-ETIOP-250,1.00,10140.90,0.00,10140.90,,10140.90,0.00,true
2025-02-28,2025-02,FAC 0003-00040535,FAC,C9002,VENTA ONLINE,CAF-ETIOP-250,2.00,9709.00,0.00,19418.00,,19418.00,0.00,true
2025-05-16,2025-05,FAC 0003-00041648,FAC,C0001,GRANOS DEL SUR S.A.,BLEND1K,35.00,19637.04,40.00,412377.90,,412377.84,0.06,true
2025-01-21,2025-01,FAC 0003-00040055,FAC,C9002,VENTA ONLINE,CAF-ETIOP-250,2.00,9500.00,0.00,19000.00,,19000.00,0.00,true
2025-05-23,2025-05,FAC 0003-00041785,FAC,C9002,VENTA ONLINE,CAF-BLEND-250,3.00,6109.30,0.00,18327.91,,18327.90,0.01,true
2025-01-26,2025-01,FAC 0003-00040227,FAC,C9002,VENTA ONLINE,CAF-COLOM-250,2.00,8200.00,0.00,16400.00,,16400.00,0.00,true
2025-02-08,2025-02,FAC 0003-00040465,FAC,C0133,El Almacen de Barracas II,CAF-BRAS-1K,5.00,17374.00,35.00,56465.50,,56465.50,0.00,true
2025-02-24,2025-02,FAC 0003-00040539,FAC,C9002,VENTA ONLINE,CAF-ETIOP-250,3.00,9709.00,0.00,29127.00,,29127.00,0.00,true
2025-01-09,2025-01,FAC 0003-00040187,FAC,C9002,VENTA ONLINE,CAP-TAZA,1.00,8900.00,0.00,8900.00,,8900.00,0.00,true
2025-05-17,2025-05,FAC 0003-00042011,FAC,C9001,CONSUMIDOR FINAL,CAF-ETIOP-250,2.00,10363.99,0.00,20727.99,,20727.98,0.01,true
2025-02-02,2025-02,FAC 0003-00040737,FAC,C9001,CONSUMIDOR FINAL,CAF-BLEND-1K,1.00,18396.00,0.00,18396.00,,18396.00,0.00,true
2025-06-21,2025-06,FAC 0003-00042508,FAC,C9001,CONSUMIDOR FINAL,CAF-ETIOP-250,1.00,10592.00,0.00,10592.00,,10592.00,0.00,true
2025-01-16,2025-01,FAC 0003-00040043,FAC,C0130,Usina Coghlan,CAF-BRAS-1K,6.00,17000.00,30.00,71400.00,,71400.00,0.00,true
2025-05-25,2025-05,FAC 0003-00041820,FAC,C9002,VENTA ONLINE,CAF-BLEND-250,2.00,6109.30,0.00,12218.60,,12218.60,0.00,true
2025-03-26,2025-03,FAC 0003-00041033,FAC,C9002,VENTA ONLINE,CAF-DESCA-250,1.00,7729.18,0.00,7729.18,,7729.18,0.00,true
2025-02-11,2025-02,FAC 0003-00040776,FAC,C9001,CONSUMIDOR FINAL,CAF-COLOM-250,1.00,8380.40,0.00,8380.40,,8380.40,0.00,true
2025-06-21,2025-06,FAC 0003-00042207,FAC,C9002,VENTA ONLINE,CAF-DESCA-250,3.00,8250.61,0.00,24751.84,,24751.83,0.01,true
2025-03-03,2025-03,FAC 0003-00040990,FAC,C9002,VENTA ONLINE,CAF-ETIOP-250,3.00,9922.60,0.00,29767.79,,29767.80,-0.01,true
2025-02-17,2025-02,FAC 0003-00040578,FAC,C9002,VENTA ONLINE,CAF-BLEND-250,2.00,5723.20,0.00,11446.40,,11446.40,0.00,true
2025-05-18,2025-05,FAC 0003-00041660,FAC,C0108,Coffee Lab Colegiales,CAF-BRAS-1K,6.00,18546.10,32.00,75668.07,,75668.09,-0.02,true
2025-03-18,2025-03,FAC 0003-00041049,FAC,C9002,VENTA ONLINE,CAF-CAPS-10,1.00,7206.94,0.00,7206.94,,7206.94,0.00,true
2025-03-08,2025-03,FAC 0003-00041096,FAC,C9002,VENTA ONLINE,CAF-COLOM-250,2.00,8564.77,0.00,17129.54,,17129.54,0.00,true
2025-04-23,2025-04,FAC 0003-00041354,FAC,C9002,VENTA ONLINE,CAF-BRAS-250,1.00,5657.55,0.00,5657.55,,5657.55,0.00,true
2025-03-24,2025-03,FAC 0003-00040968,FAC,C9002,VENTA ONLINE,CAF-ETIOP-250,2.00,9922.60,0.00,19845.20,,19845.20,0.00,true
2025-03-20,2025-03,FAC 0003-00040859,FAC,C0114,Usina Boedo,CAF-BRAS-1K,4.00,17756.23,32.00,48296.94,R. Ibarra,48296.95,-0.01,true
2025-05-17,2025-05,FAC 0003-00041825,FAC,C9002,VENTA ONLINE,CAF-ETIOP-250,3.00,10363.99,0.00,31091.98,,31091.97,0.01,true
2025-03-12,2025-03,FAC 0003-00040845,FAC,C0100,Cafe Palermo,CAF-BLEND-1K,8.00,18800.71,32.00,102275.87,M. Paz,102275.86,0.01,true
2025-03-13,2025-03,FAC 0003-00041213,FAC,C9001,CONSUMIDOR FINAL,CAF-BLEND-250,2.00,5849.11,0.00,11698.22,,11698.22,0.00,true
2025-04-01,2025-04,FAC 0003-00041277,FAC,C0130,Usina Coghlan,CAF-ETIOP-250,8.00,10140.90,30.00,56789.01,M. Paz,56789.04,-0.03,true
2025-01-18,2025-01,FAC 0003-00040170,FAC,C9002,VENTA ONLINE,CAF-BLEND-250,2.00,5600.00,0.00,11200.00,,11200.00,0.00,true
2025-05-22,2025-05,FAC 0003-00041998,FAC,C9001,CONSUMIDOR FINAL,CAF-ETIOP-250,1.00,10363.99,0.00,10363.99,,10363.99,0.00,true
2025-06-19,2025-06,FAC 0003-00042253,FAC,C9002,VENTA ONLINE,CAF-BRAS-250,2.00,5909.22,0.00,11818.45,,11818.44,0.01,true
2025-05-08,2025-05,FAC 0003-00041655,FAC,C0104,Tostado Villa Crespo,CAF-ETIOP-250,8.00,10363.99,35.00,53892.77,,53892.75,0.02,true
2025-02-09,2025-02,FAC 0003-00040435,FAC,C0111,Cafe Devoto II,CAF-ETIOP-250,7.00,9709.00,35.00,44175.95,R. Ibarra,44175.95,0.00,true
2025-01-04,2025-01,FAC 0003-00040262,FAC,C9002,VENTA ONLINE,CAF-DESCA-250,2.00,7400.00,0.00,14800.00,,14800.00,0.00,true
2025-04-21,2025-04,FAC 0003-00041546,FAC,C9001,CONSUMIDOR FINAL,CAF-ETIOP-250,1.00,10140.90,0.00,10140.90,,10140.90,0.00,true
2025-05-01,2025-05,FAC 0003-00041902,FAC,C9002,VENTA ONLINE,CAF-ETIOP-250,3.00,10363.99,0.00,31091.98,,31091.97,0.01,true
2025-02-19,2025-02,FAC 0003-00040432,FAC,C0108,Coffee Lab Colegiales,CAF-BLEND-1K,10.00,18396.00,32.00,125092.80,R. Ibarra,125092.80,0.00,true
2025-01-12,2025-01,FAC 0003-00040333,FAC,C9001,CONSUMIDOR FINAL,CAF-COLOM-250,1.00,8200.00,0.00,8200.00,,8200.00,0.00,true
2025-02-07,2025-02,FAC 0003-00040680,FAC,C9002,VENTA ONLINE,CAF-BLEND-250,3.00,5723.20,0.00,17169.60,,17169.60,0.00,true
2025-04-09,2025-04,FAC 0003-00041443,FAC,C9002,VENTA ONLINE,CAP-TAZA,3.00,9500.42,0.00,28501.25,,28501.26,-0.01,true
2025-02-09,2025-02,FAC 0003-00040487,FAC,C9002,VENTA ONLINE,CAF-ETIOP-250,1.00,9709.00,0.00,9709.00,,9709.00,0.00,true
2025-04-22,2025-04,FAC 0003-00041432,FAC,C9002,VENTA ONLINE,CAF-BLEND-250,2.00,5977.79,0.00,11955.58,,11955.58,0.00,true
2025-05-13,2025-05,FAC 0003-00041734,FAC,C9002,VENTA ONLINE,CAP-FILTRO-100,3.00,3491.03,0.00,10473.09,,10473.09,0.00,true
2025-02-23,2025-02,FAC 0003-00040679,FAC,C9002,VENTA ONLINE,CAF-DESCA-250,1.00,7562.80,0.00,7562.80,,7562.80,0.00,true
2025-06-01,2025-06,FAC 0003-00042205,FAC,C9002,VENTA ONLINE,CAF-ETIOP-250,1.00,10592.00,0.00,10592.00,,10592.00,0.00,true
2025-04-27,2025-04,FAC 0003-00041505,FAC,C9002,VENTA ONLINE,CAF-BRAS-250,2.00,5657.55,0.00,11315.10,,11315.10,0.00,true
2025-01-06,2025-01,FAC 0003-00040180,FAC,C9002,VENTA ONLINE,CAF-BLEND-250,2.00,5600.00,0.00,11200.00,,11200.00,0.00,true
2025-03-28,2025-03,FAC 0003-00040947,FAC,C9002,VENTA ONLINE,CAF-BLEND-250,3.00,5849.11,0.00,17547.33,,17547.33,0.00,true
2025-06-23,2025-06,FAC 0003-00042326,FAC,C9002,VENTA ONLINE,CAP-FILTRO-100,2.00,3567.83,0.00,7135.67,,7135.66,0.01,true
2025-06-17,2025-06,FAC 0003-00042495,FAC,C9001,CONSUMIDOR FINAL,CAF-BLEND-1K,2.00,20069.06,0.00,40138.12,,40138.12,0.00,true
2025-02-22,2025-02,FAC 0003-00040537,FAC,C9002,VENTA ONLINE,CAF-BLEND-250,2.00,5723.20,0.00,11446.40,,11446.40,0.00,true
2025-05-26,2025-05,FAC 0003-00041817,FAC,C9002,VENTA ONLINE,CAF-BRAS-250,2.00,5782.02,0.00,11564.04,,11564.04,0.00,true
2025-02-05,2025-02,FAC 0003-00040591,FAC,C9002,VENTA ONLINE,CAF-ETIOP-250,3.00,9709.00,0.00,29127.00,,29127.00,0.00,true
2025-06-10,2025-06,FAC 0003-00042114,FAC,C0118,Bar Saavedra,CAF-BLEND-1K,8.00,20069.06,32.00,109175.67,M. Paz,109175.69,-0.02,true
2025-03-19,2025-03,FAC 0003-00040853,FAC,C0106,El Almacen de Nunez,CAF-BLEND-1K,8.00,18800.71,30.00,105283.99,M. Paz,105283.98,0.01,true
2025-04-14,2025-04,FAC 0003-00041265,FAC,C0120,Tostado Chacarita,CAF-BLEND-1K,9.00,19214.33,32.00,117591.69,,117591.70,-0.01,true
2025-02-18,2025-02,FAC 0003-00040597,FAC,C9002,VENTA ONLINE,CAF-ETIOP-250,1.00,9709.00,0.00,9709.00,,9709.00,0.00,true
2025-02-27,2025-02,FAC 0003-00040728,FAC,C9001,CONSUMIDOR FINAL,CAF-BLEND-250,1.00,5723.20,0.00,5723.20,,5723.20,0.00,true
2025-01-05,2025-01,FAC 0003-00040082,FAC,C9002,VENTA ONLINE,CAP-TAZA,1.00,8900.00,0.00,8900.00,,8900.00,0.00,true
2025-02-08,2025-02,FAC 0003-00040779,FAC,C9001,CONSUMIDOR FINAL,CAF-COLOM-250,2.00,8380.40,0.00,16760.80,,16760.80,0.00,true
2025-01-06,2025-01,FAC 0003-00040157,FAC,C9002,VENTA ONLINE,CAF-DESCA-250,3.00,7400.00,0.00,22200.00,,22200.00,0.00,true
2025-04-05,2025-04,NC 0003-00001225,NC,C0122,El Almacen de Almagro,CAF-BRAS-1K,-3.00,18146.87,32.00,-37019.60,,-37019.61,0.01,true
2025-01-28,2025-01,FAC 0003-00040129,FAC,C9002,VENTA ONLINE,CAF-CAPS-10,3.00,6900.00,0.00,20700.00,,20700.00,0.00,true
2025-05-01,2025-05,FAC 0003-00041669,FAC,C0113,Bar Recoleta II,CAF-BLEND-1K,4.00,19637.04,30.00,54983.72,M. Paz,54983.71,0.01,true
2025-03-26,2025-03,FAC 0003-00040838,FAC,C0001,GRANOS DEL SUR S.A.,CAF-BRAS-1K,11.00,17756.23,40.00,117191.10,,117191.12,-0.02,true
2025-04-18,2025-04,FAC 0003-00041334,FAC,C9002,VENTA ONLINE,CAF-CAPS-10,1.00,7365.49,0.00,7365.49,,7365.49,0.00,true
2025-05-07,2025-05,FAC 0003-00041717,FAC,C9002,VENTA ONLINE,CAF-BLEND-250,1.00,6109.30,0.00,6109.30,,6109.30,0.00,true
2025-02-26,2025-02,FAC 0003-00040415,FAC,C0001,GRANOS DEL SUR S.A.,BLEND1K,26.00,18396.00,40.00,286977.60,,286977.60,0.00,true
2025-03-24,2025-03,FAC 0003-00040926,FAC,C9002,VENTA ONLINE,CAF-BRAS-250,3.00,5535.77,0.00,16607.30,,16607.31,-0.01,true
2025-04-16,2025-04,FAC 0003-00041470,FAC,C9002,VENTA ONLINE,CAF-ETIOP-250,3.00,10140.90,0.00,30422.69,,30422.70,-0.01,true
2025-04-02,2025-04,FAC 0003-00041463,FAC,C9002,VENTA ONLINE,CAP-TAZA,2.00,9500.42,0.00,19000.84,,19000.84,0.00,true
2025-02-22,2025-02,FAC 0003-00040416,FAC,C0001,GRANOS DEL SUR S.A.,CAF-BRAS-1K,13.00,17374.00,40.00,135517.20,R. Ibarra,135517.20,0.00,true
2025-05-16,2025-05,FAC 0003-00041972,FAC,C9001,CONSUMIDOR FINAL,CAF-BLEND-1K,1.00,19637.04,0.00,19637.04,,19637.04,0.00,true
2025-03-23,2025-03,FAC 0003-00041003,FAC,C9002,VENTA ONLINE,CAF-COLOM-250,2.00,8564.77,0.00,17129.54,,17129.54,0.00,true
2025-05-27,2025-05,FAC 0003-00041749,FAC,C9002,VENTA ONLINE,CAF-DESCA-250,1.00,8073.01,0.00,8073.01,,8073.01,0.00,true
2025-04-11,2025-04,FAC 0003-00041481,FAC,C9002,VENTA ONLINE,CAF-COLOM-250,2.00,8753.19,0.00,17506.39,,17506.38,0.01,true
2025-04-17,2025-04,FAC 0003-00041547,FAC,C9001,CONSUMIDOR FINAL,CAF-BLEND-250,2.00,5977.79,0.00,11955.58,,11955.58,0.00,true
2025-02-26,2025-02,FAC 0003-00040632,FAC,C9002,VENTA ONLINE,CAF-BLEND-250,3.00,5723.20,0.00,17169.60,,17169.60,0.00,true
2025-02-09,2025-02,FAC 0003-00040579,FAC,C9002,VENTA ONLINE,CAF-ETIOP-250,1.00,9709.00,0.00,9709.00,,9709.00,0.00,true
2025-02-14,2025-02,FAC 0003-00040522,FAC,C9002,VENTA ONLINE,CAF-COLOM-250,2.00,8380.40,0.00,16760.80,,16760.80,0.00,true
2025-03-10,2025-03,FAC 0003-00040965,FAC,C9002,VENTA ONLINE,CAF-BLEND-250,3.00,5849.11,0.00,17547.33,,17547.33,0.00,true
2025-03-01,2025-03,FAC 0003-00040978,FAC,C9002,VENTA ONLINE,CAF-BRAS-250,2.00,5535.77,0.00,11071.53,,11071.54,-0.01,true
2025-06-08,2025-06,FAC 0003-00042437,FAC,C9001,CONSUMIDOR FINAL,CAF-BLEND-1K,1.00,20069.06,0.00,20069.06,,20069.06,0.00,true
2025-02-08,2025-02,FAC 0003-00040602,FAC,C9002,VENTA ONLINE,CAF-CAPS-10,2.00,7051.80,0.00,14103.60,,14103.60,0.00,true
2025-06-11,2025-06,FAC 0003-00042129,FAC,C0131,Tostado Coghlan II,CAF-BRAS-1K,3.00,18954.11,35.00,36960.51,M. Paz,36960.51,-0.00,true
2025-05-12,2025-05,FAC 0003-00041697,FAC,C0139,La Ventanita de Constitucion II,CAF-BLEND-1K,4.00,19637.04,30.00,54983.72,,54983.71,0.01,true
2025-05-09,2025-05,FAC 0003-00041830,FAC,C9002,VENTA ONLINE,CAF-BLEND-250,3.00,6109.30,0.00,18327.91,,18327.90,0.01,true
2025-02-22,2025-02,FAC 0003-00040818,FAC,C9001,CONSUMIDOR FINAL,CAF-BLEND-1K,2.00,18396.00,0.00,36792.00,,36792.00,0.00,true
2025-02-07,2025-02,FAC 0003-00040453,FAC,C0125,Usina Flores II,CAP-FILTRO-100,2.00,3270.40,32.00,4447.74,M. Paz,4447.74,-0.00,true
2025-03-04,2025-03,FAC 0003-00041168,FAC,C9001,CONSUMIDOR FINAL,CAF-COLOM-250,2.00,8564.77,0.00,17129.54,,17129.54,0.00,true
2025-02-27,2025-02,FAC 0003-00040443,FAC,C0118,Bar Saavedra,CAF-BLEND-1K,6.00,18396.00,32.00,75055.68,M. Paz,75055.68,0.00,true
2025-01-01,2025-01,FAC 0003-00040120,FAC,C9002,VENTA ONLINE,CAF-CAPS-10,1.00,6900.00,0.00,6900.00,,6900.00,0.00,true
2025-05-14,2025-05,FAC 0003-00041848,FAC,C9002,VENTA ONLINE,CAF-COLOM-250,2.00,8945.76,0.00,17891.53,,17891.52,0.01,true
2025-02-15,2025-02,FAC 0003-00040441,FAC,C0115,Tostado Boedo II,CAF-BLEND-1K,9.00,18396.00,30.00,115894.80,,115894.80,0.00,true
2025-03-28,2025-03,FAC 0003-00040858,FAC,C0112,La Ventanita de Recoleta,CAP-FILTRO-100,3.00,3342.35,35.00,6517.58,,6517.58,-0.00,true
2025-01-12,2025-01,FAC 0003-00040249,FAC,C9002,VENTA ONLINE,CAF-COLOM-250,2.00,8200.00,0.00,16400.00,,16400.00,0.00,true
2025-01-27,2025-01,FAC 0003-00040384,FAC,C9001,CONSUMIDOR FINAL,CAF-BLEND-1K,1.00,18000.00,0.00,18000.00,,18000.00,0.00,true
2025-01-03,2025-01,FAC 0003-00040399,FAC,C9001,CONSUMIDOR FINAL,CAF-BLEND-250,2.00,5600.00,0.00,11200.00,,11200.00,0.00,true
2025-02-26,2025-02,FAC 0003-00040632,FAC,C9002,VENTA ONLINE,CAF-DESCA-250,3.00,7562.80,0.00,22688.40,,22688.40,0.00,true
2025-02-26,2025-02,FAC 0003-00040707,FAC,C9001,CONSUMIDOR FINAL,CAF-COLOM-250,2.00,8380.40,0.00,16760.80,,16760.80,0.00,true
2025-05-07,2025-05,FAC 0003-00041652,FAC,C0101,El Almacen de Palermo II,CAF-BRAS-1K,6.00,18546.10,35.00,72329.77,M. Paz,72329.79,-0.02,true
2025-02-07,2025-02,FAC 0003-00040741,FAC,C9001,CONSUMIDOR FINAL,CAF-COLOM-250,1.00,8380.40,0.00,8380.40,,8380.40,0.00,true
2025-02-02,2025-02,FAC 0003-00040515,FAC,C9002,VENTA ONLINE,CAF-BLEND-250,3.00,5723.20,0.00,17169.60,,17169.60,0.00,true
2025-04-19,2025-04,FAC 0003-00041255,FAC,C0108,Coffee Lab Colegiales,CAF-BLEND-1K,8.00,19214.33,32.00,104525.94,R. Ibarra,104525.96,-0.02,true
2025-02-19,2025-02,FAC 0003-00040731,FAC,C9001,CONSUMIDOR FINAL,CAF-BLEND-250,1.00,5723.20,0.00,5723.20,,5723.20,0.00,true
2025-05-28,2025-05,FAC 0003-00041857,FAC,C9002,VENTA ONLINE,CAP-TAZA,2.00,9709.43,0.00,19418.85,,19418.86,-0.01,true
2025-06-13,2025-06,FAC 0003-00042150,FAC,C9002,VENTA ONLINE,CAF-ETIOP-250,3.00,10592.00,0.00,31776.01,,31776.00,0.01,true
2025-01-07,2025-01,FAC 0003-00040104,FAC,C9002,VENTA ONLINE,CAF-BLEND-250,3.00,5600.00,0.00,16800.00,,16800.00,0.00,true
2025-06-23,2025-06,FAC 0003-00042364,FAC,C9002,VENTA ONLINE,CAF-BRAS-250,2.00,5909.22,0.00,11818.45,,11818.44,0.01,true
2025-06-20,2025-06,FAC 0003-00042385,FAC,C9002,VENTA ONLINE,CAF-ETIOP-250,2.00,10592.00,0.00,21184.01,,21184.00,0.01,true
2025-05-07,2025-05,FAC 0003-00041784,FAC,C9002,VENTA ONLINE,CAF-ETIOP-250,2.00,10363.99,0.00,20727.99,,20727.98,0.01,true
2025-04-23,2025-04,FAC 0003-00041449,FAC,C9002,VENTA ONLINE,CAF-ETIOP-250,3.00,10140.90,0.00,30422.69,,30422.70,-0.01,true
2025-06-25,2025-06,FAC 0003-00042091,FAC,C0101,El Almacen de Palermo II,CAF-BLEND-1K,5.00,20069.06,35.00,65224.44,M. Paz,65224.45,-0.01,true
2025-02-14,2025-02,FAC 0003-00040440,FAC,C0114,Usina Boedo,CAF-BRAS-1K,6.00,17374.00,32.00,70885.92,R. Ibarra,70885.92,0.00,true
2025-03-13,2025-03,FAC 0003-00041082,FAC,C9002,VENTA ONLINE,CAF-DESCA-250,3.00,7729.18,0.00,23187.54,,23187.54,0.00,true
2025-04-18,2025-04,FAC 0003-00041334,FAC,C9002,VENTA ONLINE,CAF-ETIOP-250,1.00,10140.90,0.00,10140.90,,10140.90,0.00,true
2025-02-04,2025-02,FAC 0003-00040748,FAC,C9001,CONSUMIDOR FINAL,CAF-ETIOP-250,1.00,9709.00,0.00,9709.00,,9709.00,0.00,true
2025-05-23,2025-05,FAC 0003-00041733,FAC,C9002,VENTA ONLINE,CAF-CAPS-10,2.00,7527.53,0.00,15055.07,,15055.06,0.01,true
2025-05-23,2025-05,FAC 0003-00041967,FAC,C9001,CONSUMIDOR FINAL,CAP-FILTRO-100,1.00,3491.03,0.00,3491.03,,3491.03,0.00,true
2025-01-21,2025-01,FAC 0003-00040163,FAC,C9002,VENTA ONLINE,CAF-BRAS-250,1.00,5300.00,0.00,5300.00,,5300.00,0.00,true
2025-03-05,2025-03,FAC 0003-00040986,FAC,C9002,VENTA ONLINE,CAF-ETIOP-250,3.00,9922.60,0.00,29767.79,,29767.80,-0.01,true
2025-03-25,2025-03,FAC 0003-00040975,FAC,C9002,VENTA ONLINE,CAF-ETIOP-250,2.00,9922.60,0.00,19845.20,,19845.20,0.00,true
2025-03-13,2025-03,FAC 0003-00041082,FAC,C9002,VENTA ONLINE,CAF-ETIOP-250,1.00,9922.60,0.00,9922.60,,9922.60,0.00,true
2025-03-01,2025-03,FAC 0003-00041123,FAC,C9001,CONSUMIDOR FINAL,CAF-BLEND-250,1.00,5849.11,0.00,5849.11,,5849.11,0.00,true
2025-03-08,2025-03,FAC 0003-00041057,FAC,C9002,VENTA ONLINE,CAF-COLOM-250,1.00,8564.77,0.00,8564.77,,8564.77,0.00,true
2025-01-07,2025-01,FAC 0003-00040191,FAC,C9002,VENTA ONLINE,CAF-BRAS-250,3.00,5300.00,0.00,15900.00,,15900.00,0.00,true
2025-03-17,2025-03,FAC 0003-00041229,FAC,C9001,CONSUMIDOR FINAL,CAF-BLEND-250,2.00,5849.11,0.00,11698.22,,11698.22,0.00,true
2025-05-03,2025-05,FAC 0003-00041960,FAC,C9001,CONSUMIDOR FINAL,CAF-BLEND-250,2.00,6109.30,0.00,12218.60,,12218.60,0.00,true
2025-03-20,2025-03,FAC 0003-00041184,FAC,C9001,CONSUMIDOR FINAL,CAP-FILTRO-100,2.00,3342.35,0.00,6684.70,,6684.70,0.00,true
2025-06-14,2025-06,FAC 0003-00042335,FAC,C9002,VENTA ONLINE,CAF-COLOM-250,1.00,9142.57,0.00,9142.57,,9142.57,0.00,true
2025-02-19,2025-02,FAC 0003-00040596,FAC,C9002,VENTA ONLINE,CAF-BRAS-250,2.00,5416.60,0.00,10833.20,,10833.20,0.00,true
2025-03-15,2025-03,FAC 0003-00041046,FAC,C9002,VENTA ONLINE,CAF-BRAS-250,1.00,5535.77,0.00,5535.77,,5535.77,0.00,true
2025-05-22,2025-05,FAC 0003-00042004,FAC,C9001,CONSUMIDOR FINAL,CAF-COLOM-250,1.00,8945.76,0.00,8945.76,,8945.76,0.00,true
2025-05-05,2025-05,FAC 0003-00042023,FAC,C9001,CONSUMIDOR FINAL,CAP-FILTRO-100,2.00,3491.03,0.00,6982.06,,6982.06,0.00,true
2025-01-22,2025-01,FAC 0003-00040016,FAC,C0105,Panaderia Villa Crespo II,CAF-BRAS-1K,6.00,17000.00,32.00,69360.00,M. Paz,69360.00,0.00,true
2025-05-16,2025-05,FAC 0003-00041667,FAC,C0112,La Ventanita de Recoleta,CAF-BLEND-1K,10.00,19637.04,35.00,127640.78,R. Ibarra,127640.76,0.02,true
2025-02-24,2025-02,FAC 0003-00040698,FAC,C9001,CONSUMIDOR FINAL,CAP-FILTRO-100,1.00,3270.40,0.00,3270.40,,3270.40,0.00,true
2025-04-13,2025-04,FAC 0003-00041308,FAC,C9002,VENTA ONLINE,CAF-ETIOP-250,2.00,10140.90,0.00,20281.79,,20281.80,-0.01,true
2025-01-02,2025-01,FAC 0003-00040365,FAC,C9001,CONSUMIDOR FINAL,CAF-BLEND-250,1.00,5600.00,0.00,5600.00,,5600.00,0.00,true
2025-04-09,2025-04,FAC 0003-00041293,FAC,C9002,VENTA ONLINE,CAP-TAZA,3.00,9500.42,0.00,28501.25,,28501.26,-0.01,true
2025-06-06,2025-06,FAC 0003-00042439,FAC,C9001,CONSUMIDOR FINAL,CAF-COLOM-250,1.00,9142.57,0.00,9142.57,,9142.57,0.00,true
2025-03-08,2025-03,FAC 0003-00040866,FAC,C0120,Tostado Chacarita,CAF-ETIOP-250,7.00,9922.60,32.00,47231.57,,47231.58,-0.01,true
2025-01-07,2025-01,FAC 0003-00040245,FAC,C9002,VENTA ONLINE,CAF-DESCA-250,3.00,7400.00,0.00,22200.00,,22200.00,0.00,true
2025-03-03,2025-03,FAC 0003-00040972,FAC,C9002,VENTA ONLINE,CAF-BLEND-250,2.00,5849.11,0.00,11698.22,,11698.22,0.00,true
2025-03-02,2025-03,FAC 0003-00041226,FAC,C9001,CONSUMIDOR FINAL,CAF-COLOM-250,1.00,8564.77,0.00,8564.77,,8564.77,0.00,true
2025-06-21,2025-06,FAC 0003-00042511,FAC,C9001,CONSUMIDOR FINAL,CAF-COLOM-250,1.00,9142.57,0.00,9142.57,,9142.57,0.00,true
2025-06-10,2025-06,FAC 0003-00042187,FAC,C9002,VENTA ONLINE,CAF-ETIOP-250,1.00,10592.00,0.00,10592.00,,10592.00,0.00,true
2025-02-01,2025-02,FAC 0003-00040484,FAC,C9002,VENTA ONLINE,CAF-COLOM-250,1.00,8380.40,0.00,8380.40,,8380.40,0.00,true
2025-06-17,2025-06,FAC 0003-00042188,FAC,C9002,VENTA ONLINE,CAF-BLEND-250,1.00,6243.71,0.00,6243.71,,6243.71,0.00,true
2025-05-01,2025-05,FAC 0003-00041692,FAC,C0135,Coffee Lab Agronomia II,CAF-BRAS-1K,5.00,18546.10,30.00,64911.34,M. Paz,64911.35,-0.01,true
2025-04-05,2025-04,FAC 0003-00041415,FAC,C9002,VENTA ONLINE,CAF-BLEND-250,3.00,5977.79,0.00,17933.37,,17933.37,0.00,true
2025-05-26,2025-05,FAC 0003-00041803,FAC,C9002,VENTA ONLINE,CAF-ETIOP-250,3.00,10363.99,0.00,31091.98,,31091.97,0.01,true
2025-05-15,2025-05,FAC 0003-00041814,FAC,C9002,VENTA ONLINE,CAP-FILTRO-100,3.00,3491.03,0.00,10473.09,,10473.09,0.00,true
2025-03-27,2025-03,FAC 0003-00041194,FAC,C9001,CONSUMIDOR FINAL,CAF-COLOM-250,1.00,8564.77,0.00,8564.77,,8564.77,0.00,true
2025-04-27,2025-04,FAC 0003-00041282,FAC,C0134,Bar Agronomia,CAF-BLEND-1K,4.00,19214.33,35.00,49957.25,M. Paz,49957.26,-0.01,true
2025-03-17,2025-03,FAC 0003-00040938,FAC,C9002,VENTA ONLINE,CAF-DESCA-250,3.00,7729.18,0.00,23187.54,,23187.54,0.00,true
2025-06-19,2025-06,FAC 0003-00042382,FAC,C9002,VENTA ONLINE,CAP-FILTRO-100,1.00,3567.83,0.00,3567.83,,3567.83,0.00,true
2025-05-05,2025-05,FAC 0003-00041762,FAC,C9002,VENTA ONLINE,CAP-TAZA,3.00,9709.43,0.00,29128.28,,29128.29,-0.01,true
2025-01-10,2025-01,FAC 0003-00040198,FAC,C9002,VENTA ONLINE,CAP-TAZA,3.00,8900.00,0.00,26700.00,,26700.00,0.00,true
2025-04-13,2025-04,FAC 0003-00041260,FAC,C0113,Bar Recoleta II,CAF-BRAS-1K,6.00,18146.87,30.00,76216.83,,76216.85,-0.02,true
2025-04-24,2025-04,FAC 0003-00041377,FAC,C9002,VENTA ONLINE,CAF-COLOM-250,2.00,8753.19,0.00,17506.39,,17506.38,0.01,true
2025-04-23,2025-04,FAC 0003-00041364,FAC,C9002,VENTA ONLINE,CAF-BLEND-250,3.00,5977.79,0.00,17933.37,,17933.37,0.00,true
2025-02-06,2025-02,FAC 0003-00040464,FAC,C0133,El Almacen de Barracas II,CAF-BLEND-1K,8.00,18396.00,35.00,95659.20,,95659.20,0.00,true
2025-01-02,2025-01,FAC 0003-00040194,FAC,C9002,VENTA ONLINE,CAF-DESCA-250,2.00,7400.00,0.00,14800.00,,14800.00,0.00,true
2025-02-06,2025-02,FAC 0003-00040650,FAC,C9002,VENTA ONLINE,CAF-BLEND-250,3.00,5723.20,0.00,17169.60,,17169.60,0.00,true
2025-06-25,2025-06,FAC 0003-00042091,FAC,C0101,El Almacen de Palermo II,CAF-BRAS-1K,8.00,18954.11,35.00,98561.37,M. Paz,98561.37,-0.00,true
2025-06-12,2025-06,FAC 0003-00042242,FAC,C9002,VENTA ONLINE,CAF-ETIOP-250,1.00,10592.00,0.00,10592.00,,10592.00,0.00,true
2025-02-05,2025-02,FAC 0003-00040433,FAC,C0109,Usina Colegiales II,CAF-BLEND-1K,3.00,18396.00,32.00,37527.84,R. Ibarra,37527.84,0.00,true
2025-05-18,2025-05,FAC 0003-00041696,FAC,C0138,El Almacen de Constitucion,CAP-FILTRO-100,2.00,3491.03,30.00,4887.44,,4887.44,-0.00,true
2025-01-20,2025-01,FAC 0003-00040224,FAC,C9002,VENTA ONLINE,CAF-DESCA-250,3.00,7400.00,0.00,22200.00,,22200.00,0.00,true
2025-04-18,2025-04,FAC 0003-00041535,FAC,C9001,CONSUMIDOR FINAL,CAF-BLEND-1K,2.00,19214.33,0.00,38428.66,,38428.66,0.00,true
2025-02-01,2025-02,FAC 0003-00040732,FAC,C9001,CONSUMIDOR FINAL,CAF-ETIOP-250,1.00,9709.00,0.00,9709.00,,9709.00,0.00,true
2025-04-21,2025-04,FAC 0003-00041627,FAC,C9001,CONSUMIDOR FINAL,CAF-COLOM-250,2.00,8753.19,0.00,17506.39,,17506.38,0.01,true
2025-03-19,2025-03,FAC 0003-00040895,FAC,C9002,VENTA ONLINE,CAF-COLOM-250,2.00,8564.77,0.00,17129.54,,17129.54,0.00,true
2025-01-23,2025-01,FAC 0003-00040352,FAC,C9001,CONSUMIDOR FINAL,CAF-BLEND-250,1.00,5600.00,0.00,5600.00,,5600.00,0.00,true
2025-02-03,2025-02,FAC 0003-00040589,FAC,C9002,VENTA ONLINE,CAP-TAZA,1.00,9095.80,0.00,9095.80,,9095.80,0.00,true
2025-03-22,2025-03,FAC 0003-00040910,FAC,C9002,VENTA ONLINE,CAP-FILTRO-100,3.00,3342.35,0.00,10027.05,,10027.05,0.00,true
2025-05-20,2025-05,FAC 0003-00041779,FAC,C9002,VENTA ONLINE,CAF-BLEND-250,1.00,6109.30,0.00,6109.30,,6109.30,0.00,true
2025-01-12,2025-01,FAC 0003-00040056,FAC,C9002,VENTA ONLINE,CAF-BRAS-250,3.00,5300.00,0.00,15900.00,,15900.00,0.00,true
2025-02-25,2025-02,FAC 0003-00040747,FAC,C9001,CONSUMIDOR FINAL,CAF-BLEND-250,1.00,5723.20,0.00,5723.20,,5723.20,0.00,true
2025-04-04,2025-04,FAC 0003-00041298,FAC,C9002,VENTA ONLINE,CAF-DESCA-250,1.00,7899.22,0.00,7899.22,,7899.22,0.00,true
2025-01-08,2025-01,FAC 0003-00040097,FAC,C9002,VENTA ONLINE,CAF-ETIOP-250,1.00,9500.00,0.00,9500.00,,9500.00,0.00,true
2025-04-15,2025-04,FAC 0003-00041588,FAC,C9001,CONSUMIDOR FINAL,CAF-BLEND-250,1.00,5977.79,0.00,5977.79,,5977.79,0.00,true
2025-06-11,2025-06,FAC 0003-00042180,FAC,C9002,VENTA ONLINE,CAF-CAPS-10,3.00,7693.14,0.00,23079.42,,23079.42,0.00,true
2025-04-27,2025-04,FAC 0003-00041556,FAC,C9001,CONSUMIDOR FINAL,CAF-BLEND-250,1.00,5977.79,0.00,5977.79,,5977.79,0.00,true
2025-06-08,2025-06,FAC 0003-00042226,FAC,C9002,VENTA ONLINE,CAF-ETIOP-250,2.00,10592.00,0.00,21184.01,,21184.00,0.01,true
2025-03-27,2025-03,FAC 0003-00041220,FAC,C9001,CONSUMIDOR FINAL,CAF-COLOM-250,1.00,8564.77,0.00,8564.77,,8564.77,0.00,true
2025-01-21,2025-01,FAC 0003-00040355,FAC,C9001,CONSUMIDOR FINAL,CAF-BLEND-1K,2.00,18000.00,0.00,36000.00,,36000.00,0.00,true
2025-04-18,2025-04,FAC 0003-00041373,FAC,C9002,VENTA ONLINE,CAP-FILTRO-100,3.00,3415.88,0.00,10247.64,,10247.64,0.00,true
2025-02-06,2025-02,FAC 0003-00040662,FAC,C9002,VENTA ONLINE,CAF-ETIOP-250,3.00,9709.00,0.00,29127.00,,29127.00,0.00,true
2025-02-05,2025-02,FAC 0003-00040553,FAC,C9002,VENTA ONLINE,CAF-COLOM-250,3.00,8380.40,0.00,25141.20,,25141.20,0.00,true
2025-03-23,2025-03,FAC 0003-00041045,FAC,C9002,VENTA ONLINE,CAF-COLOM-250,3.00,8564.77,0.00,25694.31,,25694.31,0.00,true
2025-05-07,2025-05,FAC 0003-00041727,FAC,C9002,VENTA ONLINE,CAP-TAZA,1.00,9709.43,0.00,9709.43,,9709.43,0.00,true
2025-01-18,2025-01,FAC 0003-00040391,FAC,C9001,CONSUMIDOR FINAL,CAP-FILTRO-100,1.00,3200.00,0.00,3200.00,,3200.00,0.00,true
2025-03-13,2025-03,FAC 0003-00041103,FAC,C9002,VENTA ONLINE,CAF-ETIOP-250,2.00,9922.60,0.00,19845.20,,19845.20,0.00,true
2025-03-13,2025-03,FAC 0003-00040855,FAC,C0108,Coffee Lab Colegiales,CAF-BLEND-1K,10.00,18800.71,32.00,127844.84,R. Ibarra,127844.83,0.01,true
2025-01-13,2025-01,FAC 0003-00040024,FAC,C0111,Cafe Devoto II,CAP-FILTRO-100,3.00,3200.00,35.00,6240.00,M. Paz,6240.00,0.00,true
2025-06-24,2025-06,FAC 0003-00042309,FAC,C9002,VENTA ONLINE,CAF-COLOM-250,2.00,9142.57,0.00,18285.14,,18285.14,0.00,true
2025-05-18,2025-05,FAC 0003-00041741,FAC,C9002,VENTA ONLINE,CAF-ETIOP-250,2.00,10363.99,0.00,20727.99,,20727.98,0.01,true
2025-06-28,2025-06,FAC 0003-00042269,FAC,C9002,VENTA ONLINE,CAF-COLOM-250,3.00,9142.57,0.00,27427.71,,27427.71,0.00,true
2025-06-04,2025-06,FAC 0003-00042322,FAC,C9002,VENTA ONLINE,CAF-ETIOP-250,2.00,10592.00,0.00,21184.01,,21184.00,0.01,true
2025-02-24,2025-02,FAC 0003-00040482,FAC,C9002,VENTA ONLINE,CAF-COLOM-250,2.00,8380.40,0.00,16760.80,,16760.80,0.00,true
2025-02-03,2025-02,FAC 0003-00040509,FAC,C9002,VENTA ONLINE,CAF-ETIOP-250,2.00,9709.00,0.00,19418.00,,19418.00,0.00,true
2025-06-22,2025-06,FAC 0003-00042339,FAC,C9002,VENTA ONLINE,CAF-DESCA-250,2.00,8250.61,0.00,16501.23,,16501.22,0.01,true
2025-04-28,2025-04,FAC 0003-00041368,FAC,C9002,VENTA ONLINE,CAF-CAPS-10,1.00,7365.49,0.00,7365.49,,7365.49,0.00,true
2025-03-05,2025-03,FAC 0003-00041094,FAC,C9002,VENTA ONLINE,CAF-BRAS-250,2.00,5535.77,0.00,11071.53,,11071.54,-0.01,true
2025-05-25,2025-05,FAC 0003-00042048,FAC,C9001,CONSUMIDOR FINAL,CAP-FILTRO-100,2.00,3491.03,0.00,6982.06,,6982.06,0.00,true
2025-05-17,2025-05,FAC 0003-00041724,FAC,C9002,VENTA ONLINE,CAF-BRAS-250,2.00,5782.02,0.00,11564.04,,11564.04,0.00,true
2025-01-13,2025-01,FAC 0003-00040010,FAC,C0100,Cafe Palermo,CAF-BLEND-1K,7.00,18000.00,32.00,85680.00,,85680.00,0.00,true
2025-04-19,2025-04,FAC 0003-00041487,FAC,C9002,VENTA ONLINE,CAF-COLOM-250,1.00,8753.19,0.00,8753.19,,8753.19,0.00,true
2025-01-02,2025-01,FAC 0003-00040263,FAC,C9002,VENTA ONLINE,CAF-BLEND-250,3.00,5600.00,0.00,16800.00,,16800.00,0.00,true
2025-04-21,2025-04,FAC 0003-00041408,FAC,C9002,VENTA ONLINE,CAF-BLEND-250,3.00,5977.79,0.00,17933.37,,17933.37,0.00,true
2025-04-28,2025-04,FAC 0003-00041339,FAC,C9002,VENTA ONLINE,CAF-BRAS-250,1.00,5657.55,0.00,5657.55,,5657.55,0.00,true
2025-04-11,2025-04,FAC 0003-00041338,FAC,C9002,VENTA ONLINE,CAF-DESCA-250,3.00,7899.22,0.00,23697.67,,23697.66,0.01,true
2025-05-24,2025-05,FAC 0003-00042065,FAC,C9001,CONSUMIDOR FINAL,CAP-FILTRO-100,2.00,3491.03,0.00,6982.06,,6982.06,0.00,true
2025-01-22,2025-01,FAC 0003-00040092,FAC,C9002,VENTA ONLINE,CAF-ETIOP-250,3.00,9500.00,0.00,28500.00,,28500.00,0.00,true
2025-05-03,2025-05,FAC 0003-00041982,FAC,C9001,CONSUMIDOR FINAL,CAF-BLEND-250,2.00,6109.30,0.00,12218.60,,12218.60,0.00,true
2025-01-02,2025-01,FAC 0003-00040003,FAC,C0001,GRANOS DEL SUR S.A.,CAF-BLEND-CJ6,4.00,102000.00,40.00,244800.00,R. Ibarra,244800.00,0.00,true
2025-06-21,2025-06,FAC 0003-00042345,FAC,C9002,VENTA ONLINE,CAF-COLOM-250,1.00,9142.57,0.00,9142.57,,9142.57,0.00,true
2025-04-18,2025-04,FAC 0003-00041407,FAC,C9002,VENTA ONLINE,CAF-COLOM-250,2.00,8753.19,0.00,17506.39,,17506.38,0.01,true
2025-01-15,2025-01,FAC 0003-00040064,FAC,C9002,VENTA ONLINE,CAF-DESCA-250,1.00,7400.00,0.00,7400.00,,7400.00,0.00,true
2025-06-11,2025-06,FAC 0003-00042359,FAC,C9002,VENTA ONLINE,CAF-BLEND-250,3.00,6243.71,0.00,18731.12,,18731.13,-0.01,true
2025-01-12,2025-01,FAC 0003-00040171,FAC,C9002,VENTA ONLINE,CAF-ETIOP-250,3.00,9500.00,0.00,28500.00,,28500.00,0.00,true
2025-03-28,2025-03,FAC 0003-00041127,FAC,C9001,CONSUMIDOR FINAL,CAF-COLOM-250,2.00,8564.77,0.00,17129.54,,17129.54,0.00,true
2025-05-24,2025-05,FAC 0003-00041978,FAC,C9001,CONSUMIDOR FINAL,CAF-BLEND-1K,2.00,19637.04,0.00,39274.09,,39274.08,0.01,true
2025-04-01,2025-04,FAC 0003-00041241,FAC,C0001,GRANOS DEL SUR S.A.,CAF-BLEND-CJ6,4.00,108881.19,40.00,261314.86,M. Paz,261314.86,0.00,true
2025-04-18,2025-04,FAC 0003-00041632,FAC,C9001,CONSUMIDOR FINAL,CAF-BLEND-250,2.00,5977.79,0.00,11955.58,,11955.58,0.00,true
2025-01-08,2025-01,FAC 0003-00040032,FAC,C0120,Tostado Chacarita,CAP-FILTRO-100,2.00,3200.00,32.00,4352.00,M. Paz,4352.00,0.00,true
2025-04-21,2025-04,FAC 0003-00041408,FAC,C9002,VENTA ONLINE,CAF-COLOM-250,2.00,8753.19,0.00,17506.39,,17506.38,0.01,true
2025-03-22,2025-03,FAC 0003-00041151,FAC,C9001,CONSUMIDOR FINAL,CAF-BLEND-250,1.00,5849.11,0.00,5849.11,,5849.11,0.00,true
2025-06-24,2025-06,FAC 0003-00042111,FAC,C0116,Cafe Caballito,CAF-BLEND-1K,3.00,20069.06,32.00,40940.88,R. Ibarra,40940.88,-0.00,true
2025-06-14,2025-06,FAC 0003-00042132,FAC,C0133,El Almacen de Barracas II,CAP-FILTRO-100,4.00,3567.83,35.00,9276.36,M. Paz,9276.36,0.00,true
2025-03-23,2025-03,FAC 0003-00041072,FAC,C9002,VENTA ONLINE,CAF-COLOM-250,1.00,8564.77,0.00,8564.77,,8564.77,0.00,true
2025-02-15,2025-02,FAC 0003-00040663,FAC,C9002,VENTA ONLINE,CAF-BRAS-250,1.00,5416.60,0.00,5416.60,,5416.60,0.00,true
2025-06-18,2025-06,FAC 0003-00042144,FAC,C9002,VENTA ONLINE,CAF-DESCA-250,3.00,8250.61,0.00,24751.84,,24751.83,0.01,true
2025-06-27,2025-06,FAC 0003-00042464,FAC,C9001,CONSUMIDOR FINAL,CAF-BLEND-250,2.00,6243.71,0.00,12487.41,,12487.42,-0.01,true
2025-02-18,2025-02,FAC 0003-00040701,FAC,C9001,CONSUMIDOR FINAL,CAP-FILTRO-100,2.00,3270.40,0.00,6540.80,,6540.80,0.00,true
2025-02-20,2025-02,FAC 0003-00040451,FAC,C0124,Coffee Lab Flores,CAF-ETIOP-250,7.00,9709.00,35.00,44175.95,,44175.95,0.00,true
2025-04-10,2025-04,FAC 0003-00041404,FAC,C9002,VENTA ONLINE,CAF-BRAS-250,1.00,5657.55,0.00,5657.55,,5657.55,0.00,true
2025-04-22,2025-04,FAC 0003-00041429,FAC,C9002,VENTA ONLINE,CAF-COLOM-250,2.00,8753.19,0.00,17506.39,,17506.38,0.01,true
2025-06-21,2025-06,FAC 0003-00042474,FAC,C9001,CONSUMIDOR FINAL,CAF-COLOM-250,2.00,9142.57,0.00,18285.14,,18285.14,0.00,true
2025-05-21,2025-05,FAC 0003-00042059,FAC,C9001,CONSUMIDOR FINAL,CAF-BLEND-250,1.00,6109.30,0.00,6109.30,,6109.30,0.00,true
2025-01-25,2025-01,FAC 0003-00040396,FAC,C9001,CONSUMIDOR FINAL,CAF-BLEND-1K,1.00,18000.00,0.00,18000.00,,18000.00,0.00,true
2025-06-14,2025-06,FAC 0003-00042204,FAC,C9002,VENTA ONLINE,CAF-COLOM-250,1.00,9142.57,0.00,9142.57,,9142.57,0.00,true
2025-03-08,2025-03,FAC 0003-00041040,FAC,C9002,VENTA ONLINE,CAF-BRAS-250,2.00,5535.77,0.00,11071.53,,11071.54,-0.01,true
2025-01-20,2025-01,FAC 0003-00040114,FAC,C9002,VENTA ONLINE,CAF-COLOM-250,3.00,8200.00,0.00,24600.00,,24600.00,0.00,true
2025-05-14,2025-05,FAC 0003-00041926,FAC,C9002,VENTA ONLINE,CAF-BLEND-250,2.00,6109.30,0.00,12218.60,,12218.60,0.00,true
2025-04-05,2025-04,FAC 0003-00041300,FAC,C9002,VENTA ONLINE,CAF-COLOM-250,3.00,8753.19,0.00,26259.58,,26259.57,0.01,true
2025-03-02,2025-03,FAC 0003-00040981,FAC,C9002,VENTA ONLINE,CAF-ETIOP-250,1.00,9922.60,0.00,9922.60,,9922.60,0.00,true
2025-02-24,2025-02,FAC 0003-00040729,FAC,C9001,CONSUMIDOR FINAL,CAF-BLEND-250,2.00,5723.20,0.00,11446.40,,11446.40,0.00,true
2025-04-06,2025-04,FAC 0003-00041400,FAC,C9002,VENTA ONLINE,CAF-BRAS-250,1.00,5657.55,0.00,5657.55,,5657.55,0.00,true
2025-06-21,2025-06,FAC 0003-00042486,FAC,C9001,CONSUMIDOR FINAL,CAF-ETIOP-250,2.00,10592.00,0.00,21184.01,,21184.00,0.01,true
2025-04-23,2025-04,FAC 0003-00041529,FAC,C9001,CONSUMIDOR FINAL,CAF-ETIOP-250,1.00,10140.90,0.00,10140.90,,10140.90,0.00,true
2025-04-02,2025-04,FAC 0003-00041512,FAC,C9002,VENTA ONLINE,CAF-ETIOP-250,2.00,10140.90,0.00,20281.79,,20281.80,-0.01,true
2025-06-01,2025-06,NC 0003-00001244,NC,C0105,Panaderia Villa Crespo II,CAF-BRAS-1K,-1.00,18954.11,32.00,-12888.79,,-12888.79,0.00,true
2025-05-15,2025-05,FAC 0003-00042025,FAC,C9001,CONSUMIDOR FINAL,CAF-ETIOP-250,2.00,10363.99,0.00,20727.99,,20727.98,0.01,true
2025-01-17,2025-01,FAC 0003-00040040,FAC,C0126,Panaderia Parque Chas,CAF-BLEND-1K,10.00,18000.00,32.00,122400.00,,122400.00,0.00,true
2025-05-24,2025-05,FAC 0003-00041909,FAC,C9002,VENTA ONLINE,CAF-BLEND-250,2.00,6109.30,0.00,12218.60,,12218.60,0.00,true
2025-01-05,2025-01,FAC 0003-00040327,FAC,C9001,CONSUMIDOR FINAL,CAP-FILTRO-100,1.00,3200.00,0.00,3200.00,,3200.00,0.00,true
2025-06-24,2025-06,FAC 0003-00042341,FAC,C9002,VENTA ONLINE,CAF-ETIOP-250,2.00,10592.00,0.00,21184.01,,21184.00,0.01,true
2025-06-05,2025-06,FAC 0003-00042178,FAC,C9002,VENTA ONLINE,CAF-COLOM-250,3.00,9142.57,0.00,27427.71,,27427.71,0.00,true
2025-06-26,2025-06,FAC 0003-00042216,FAC,C9002,VENTA ONLINE,CAF-ETIOP-250,1.00,10592.00,0.00,10592.00,,10592.00,0.00,true
2025-04-06,2025-04,FAC 0003-00041418,FAC,C9002,VENTA ONLINE,CAF-BLEND-250,3.00,5977.79,0.00,17933.37,,17933.37,0.00,true
2025-03-13,2025-03,FAC 0003-00040982,FAC,C9002,VENTA ONLINE,CAF-BRAS-250,2.00,5535.77,0.00,11071.53,,11071.54,-0.01,true
2025-04-16,2025-04,FAC 0003-00041476,FAC,C9002,VENTA ONLINE,CAF-CAPS-10,3.00,7365.49,0.00,22096.48,,22096.47,0.01,true
2025-01-26,2025-01,FAC 0003-00040057,FAC,C9002,VENTA ONLINE,CAF-COLOM-250,3.00,8200.00,0.00,24600.00,,24600.00,0.00,true
2025-01-18,2025-01,FAC 0003-00040078,FAC,C9002,VENTA ONLINE,CAF-COLOM-250,3.00,8200.00,0.00,24600.00,,24600.00,0.00,true
2025-01-05,2025-01,NC 0003-00001201,NC,C0123,La Ventanita de Almagro II,CAF-BRAS-1K,-2.00,17000.00,35.00,-22100.00,,-22100.00,0.00,true
2025-06-22,2025-06,FAC 0003-00042080,FAC,C0001,GRANOS DEL SUR S.A.,CAF-BLEND-CJ6,7.00,113724.66,40.00,477643.58,,477643.57,0.01,true
2025-04-26,2025-04,FAC 0003-00041306,FAC,C9002,VENTA ONLINE,CAF-COLOM-250,3.00,8753.19,0.00,26259.58,,26259.57,0.01,true
2025-04-21,2025-04,FAC 0003-00041394,FAC,C9002,VENTA ONLINE,CAF-BLEND-250,3.00,5977.79,0.00,17933.37,,17933.37,0.00,true
2025-03-03,2025-03,FAC 0003-00041030,FAC,C9002,VENTA ONLINE,CAF-COLOM-250,1.00,8564.77,0.00,8564.77,,8564.77,0.00,true
2025-05-04,2025-05,FAC 0003-00041678,FAC,C0122,El Almacen de Almagro,CAF-BLEND-1K,3.00,19637.04,32.00,40059.57,R. Ibarra,40059.56,0.01,true
2025-04-25,2025-04,FAC 0003-00041299,FAC,C9002,VENTA ONLINE,CAF-COLOM-250,2.00,8753.19,0.00,17506.39,,17506.38,0.01,true
2025-03-24,2025-03,FAC 0003-00040980,FAC,C9002,VENTA ONLINE,CAP-TAZA,1.00,9295.91,0.00,9295.91,,9295.91,0.00,true
2025-01-27,2025-01,FAC 0003-00040217,FAC,C9002,VENTA ONLINE,CAF-ETIOP-250,2.00,9500.00,0.00,19000.00,,19000.00,0.00,true
2025-06-15,2025-06,FAC 0003-00042374,FAC,C9002,VENTA ONLINE,CAF-COLOM-250,3.00,9142.57,0.00,27427.71,,27427.71,0.00,true
2025-05-19,2025-05,FAC 0003-00041886,FAC,C9002,VENTA ONLINE,CAF-COLOM-250,3.00,8945.76,0.00,26837.29,,26837.28,0.01,true
2025-05-10,2025-05,FAC 0003-00041844,FAC,C9002,VENTA ONLINE,CAF-BLEND-250,1.00,6109.30,0.00,6109.30,,6109.30,0.00,true
2025-06-04,2025-06,FAC 0003-00042085,FAC,C0001,GRANOS DEL SUR S.A.,BLEND1K,27.00,20069.06,40.00,325118.74,R. Ibarra,325118.77,-0.03,true
2025-04-28,2025-04,FAC 0003-00041257,FAC,C0110,Panaderia Devoto,CAP-FILTRO-100,5.00,3415.88,35.00,11101.61,,11101.61,0.00,true
2025-03-20,2025-03,FAC 0003-00041080,FAC,C9002,VENTA ONLINE,CAF-BLEND-250,1.00,5849.11,0.00,5849.11,,5849.11,0.00,true
2025-05-05,2025-05,FAC 0003-00041831,FAC,C9002,VENTA ONLINE,CAF-BLEND-250,3.00,6109.30,0.00,18327.91,,18327.90,0.01,true
2025-05-16,2025-05,FAC 0003-00042060,FAC,C9001,CONSUMIDOR FINAL,CAF-BLEND-1K,2.00,19637.04,0.00,39274.09,,39274.08,0.01,true
2025-05-08,2025-05,FAC 0003-00041701,FAC,C9002,VENTA ONLINE,CAF-BLEND-250,1.00,6109.30,0.00,6109.30,,6109.30,0.00,true
2025-06-06,2025-06,FAC 0003-00042203,FAC,C9002,VENTA ONLINE,CAF-CAPS-10,1.00,7693.14,0.00,7693.14,,7693.14,0.00,true
2025-05-26,2025-05,FAC 0003-00041817,FAC,C9002,VENTA ONLINE,CAF-DESCA-250,2.00,8073.01,0.00,16146.01,,16146.02,-0.01,true
2025-03-26,2025-03,FAC 0003-00040872,FAC,C0127,Cafe Parque Chas II,CAP-FILTRO-100,3.00,3342.35,32.00,6818.39,R. Ibarra,6818.39,-0.00,true
2025-06-11,2025-06,FAC 0003-00042130,FAC,C0131,Tostado Coghlan II,CAF-BLEND-1K,7.00,20069.06,35.00,91314.21,M. Paz,91314.22,-0.01,true
2025-02-12,2025-02,FAC 0003-00040470,FAC,C0137,Panaderia Villa Urquiza II,CAF-BLEND-1K,5.00,18396.00,30.00,64386.00,M. Paz,64386.00,0.00,true
2025-04-06,2025-04,FAC 0003-00041324,FAC,C9002,VENTA ONLINE,CAF-COLOM-250,2.00,8753.19,0.00,17506.39,,17506.38,0.01,true
2025-01-19,2025-01,FAC 0003-00040036,FAC,C0123,La Ventanita de Almagro II,CAF-BRAS-1K,2.00,17000.00,35.00,22100.00,M. Paz,22100.00,0.00,true
2025-01-23,2025-01,FAC 0003-00040148,FAC,C9002,VENTA ONLINE,CAF-COLOM-250,2.00,8200.00,0.00,16400.00,,16400.00,0.00,true
2025-01-06,2025-01,FAC 0003-00040042,FAC,C0128,La Ventanita de San Telmo,CAF-BLEND-1K,6.00,18000.00,32.00,73440.00,R. Ibarra,73440.00,0.00,true
2025-06-14,2025-06,FAC 0003-00042466,FAC,C9001,CONSUMIDOR FINAL,CAF-ETIOP-250,2.00,10592.00,0.00,21184.01,,21184.00,0.01,true
2025-04-25,2025-04,FAC 0003-00041276,FAC,C0129,Bar San Telmo II,CAF-ETIOP-250,8.00,10140.90,32.00,55166.47,,55166.50,-0.03,true
2025-05-27,2025-05,FAC 0003-00041816,FAC,C9002,VENTA ONLINE,CAF-BRAS-250,1.00,5782.02,0.00,5782.02,,5782.02,0.00,true
2025-06-25,2025-06,FAC 0003-00042121,FAC,C0124,Coffee Lab Flores,CAP-FILTRO-100,6.00,3567.83,35.00,13914.55,R. Ibarra,13914.54,0.01,true
2025-03-24,2025-03,FAC 0003-00040963,FAC,C9002,VENTA ONLINE,CAP-TAZA,1.00,9295.91,0.00,9295.91,,9295.91,0.00,true
2025-05-10,2025-05,FAC 0003-00042033,FAC,C9001,CONSUMIDOR FINAL,CAF-BLEND-250,2.00,6109.30,0.00,12218.60,,12218.60,0.00,true
2025-04-26,2025-04,FAC 0003-00041268,FAC,C0123,La Ventanita de Almagro II,CAF-BLEND-1K,10.00,19214.33,35.00,124893.13,,124893.15,-0.02,true
2025-05-14,2025-05,FAC 0003-00041718,FAC,C9002,VENTA ONLINE,CAF-BLEND-250,2.00,6109.30,0.00,12218.60,,12218.60,0.00,true
2025-05-11,2025-05,NC 0003-00001234,NC,C0137,Panaderia Villa Urquiza II,CAF-BRAS-1K,-2.00,18546.10,30.00,-25964.53,,-25964.54,0.01,true
2025-05-08,2025-05,FAC 0003-00041656,FAC,C0104,Tostado Villa Crespo,CAF-BRAS-1K,7.00,18546.10,35.00,84384.74,,84384.76,-0.02,true
2025-02-13,2025-02,FAC 0003-00040478,FAC,C9002,VENTA ONLINE,CAP-FILTRO-100,1.00,3270.40,0.00,3270.40,,3270.40,0.00,true
2025-05-06,2025-05,FAC 0003-00041996,FAC,C9001,CONSUMIDOR FINAL,CAF-COLOM-250,1.00,8945.76,0.00,8945.76,,8945.76,0.00,true
2025-04-10,2025-04,FAC 0003-00041480,FAC,C9002,VENTA ONLINE,CAF-BRAS-250,3.00,5657.55,0.00,16972.66,,16972.65,0.01,true
2025-02-19,2025-02,FAC 0003-00040805,FAC,C9001,CONSUMIDOR FINAL,CAF-BLEND-250,2.00,5723.20,0.00,11446.40,,11446.40,0.00,true
2025-05-21,2025-05,FAC 0003-00042036,FAC,C9001,CONSUMIDOR FINAL,CAF-ETIOP-250,2.00,10363.99,0.00,20727.99,,20727.98,0.01,true
2025-03-26,2025-03,FAC 0003-00040872,FAC,C0127,Cafe Parque Chas II,CAF-BLEND-1K,8.00,18800.71,32.00,102275.87,R. Ibarra,102275.86,0.01,true
2025-05-23,2025-05,FAC 0003-00042003,FAC,C9001,CONSUMIDOR FINAL,CAF-ETIOP-250,2.00,10363.99,0.00,20727.99,,20727.98,0.01,true
2025-02-23,2025-02,FAC 0003-00040489,FAC,C9002,VENTA ONLINE,CAF-BLEND-250,1.00,5723.20,0.00,5723.20,,5723.20,0.00,true
2025-06-07,2025-06,FAC 0003-00042160,FAC,C9002,VENTA ONLINE,CAF-CAPS-10,2.00,7693.14,0.00,15386.28,,15386.28,0.00,true
2025-02-20,2025-02,FAC 0003-00040501,FAC,C9002,VENTA ONLINE,CAF-DESCA-250,2.00,7562.80,0.00,15125.60,,15125.60,0.00,true
2025-05-13,2025-05,FAC 0003-00042075,FAC,C9001,CONSUMIDOR FINAL,CAP-FILTRO-100,2.00,3491.03,0.00,6982.06,,6982.06,0.00,true
2025-01-11,2025-01,FAC 0003-00040301,FAC,C9001,CONSUMIDOR FINAL,CAF-ETIOP-250,1.00,9500.00,0.00,9500.00,,9500.00,0.00,true
2025-03-10,2025-03,FAC 0003-00040854,FAC,C0107,La Ventanita de Nunez II,CAF-BLEND-1K,7.00,18800.71,35.00,85543.24,M. Paz,85543.23,0.01,true
2025-02-07,2025-02,FAC 0003-00040777,FAC,C9001,CONSUMIDOR FINAL,CAF-BLEND-1K,2.00,18396.00,0.00,36792.00,,36792.00,0.00,true
2025-06-08,2025-06,FAC 0003-00042084,FAC,C0001,GRANOS DEL SUR S.A.,CAF-BRAS-1K,15.00,18954.11,40.00,170586.99,,170586.99,0.00,true
2025-02-03,2025-02,FAC 0003-00040449,FAC,C0123,La Ventanita de Almagro II,CAF-BLEND-1K,7.00,18396.00,35.00,83701.80,M. Paz,83701.80,0.00,true
2025-05-26,2025-05,FAC 0003-00041794,FAC,C9002,VENTA ONLINE,CAP-TAZA,1.00,9709.43,0.00,9709.43,,9709.43,0.00,true
2025-01-20,2025-01,FAC 0003-00040361,FAC,C9001,CONSUMIDOR FINAL,CAF-BLEND-1K,2.00,18000.00,0.00,36000.00,,36000.00,0.00,true
2025-01-11,2025-01,FAC 0003-00040284,FAC,C9001,CONSUMIDOR FINAL,CAF-ETIOP-250,1.00,9500.00,0.00,9500.00,,9500.00,0.00,true
2025-06-28,2025-06,FAC 0003-00042256,FAC,C9002,VENTA ONLINE,CAF-COLOM-250,3.00,9142.57,0.00,27427.71,,27427.71,0.00,true
2025-06-16,2025-06,FAC 0003-00042137,FAC,C0137,Panaderia Villa Urquiza II,CAF-BRAS-1K,4.00,18954.11,30.00,53071.51,,53071.51,0.00,true
2025-05-17,2025-05,FAC 0003-00041893,FAC,C9002,VENTA ONLINE,CAF-COLOM-250,3.00,8945.76,0.00,26837.29,,26837.28,0.01,true
2025-03-24,2025-03,FAC 0003-00040890,FAC,C9002,VENTA ONLINE,CAF-BRAS-250,1.00,5535.77,0.00,5535.77,,5535.77,0.00,true
2025-04-17,2025-04,FAC 0003-00041280,FAC,C0132,Cafe Barracas,CAF-BLEND-1K,7.00,19214.33,35.00,87425.19,R. Ibarra,87425.20,-0.01,true
2025-01-20,2025-01,FAC 0003-00040292,FAC,C9001,CONSUMIDOR FINAL,CAF-ETIOP-250,1.00,9500.00,0.00,9500.00,,9500.00,0.00,true
2025-03-07,2025-03,FAC 0003-00040875,FAC,C0129,Bar San Telmo II,CAF-BRAS-1K,4.00,17756.23,32.00,48296.94,M. Paz,48296.95,-0.01,true
2025-01-11,2025-01,FAC 0003-00040193,FAC,C9002,VENTA ONLINE,CAF-ETIOP-250,2.00,9500.00,0.00,19000.00,,19000.00,0.00,true
2025-01-01,2025-01,FAC 0003-00040160,FAC,C9002,VENTA ONLINE,CAF-ETIOP-250,3.00,9500.00,0.00,28500.00,,28500.00,0.00,true
2025-05-14,2025-05,FAC 0003-00041679,FAC,C0123,La Ventanita de Almagro II,CAF-BLEND-1K,10.00,19637.04,35.00,127640.78,R. Ibarra,127640.76,0.02,true
2025-05-28,2025-05,FAC 0003-00041791,FAC,C9002,VENTA ONLINE,CAF-COLOM-250,1.00,8945.76,0.00,8945.76,,8945.76,0.00,true
2025-03-23,2025-03,FAC 0003-00041027,FAC,C9002,VENTA ONLINE,CAF-COLOM-250,2.00,8564.77,0.00,17129.54,,17129.54,0.00,true
2025-01-22,2025-01,FAC 0003-00040159,FAC,C9002,VENTA ONLINE,CAF-BRAS-250,2.00,5300.00,0.00,10600.00,,10600.00,0.00,true
2025-04-02,2025-04,FAC 0003-00041541,FAC,C9001,CONSUMIDOR FINAL,CAP-FILTRO-100,2.00,3415.88,0.00,6831.76,,6831.76,0.00,true
2025-02-06,2025-02,FAC 0003-00040437,FAC,C0112,La Ventanita de Recoleta,CAF-BRAS-1K,3.00,17374.00,35.00,33879.30,,33879.30,0.00,true
2025-06-10,2025-06,FAC 0003-00042100,FAC,C0108,Coffee Lab Colegiales,CAF-BRAS-1K,3.00,18954.11,32.00,38666.38,,38666.38,-0.00,true
2025-03-23,2025-03,FAC 0003-00041122,FAC,C9001,CONSUMIDOR FINAL,CAF-COLOM-250,1.00,8564.77,0.00,8564.77,,8564.77,0.00,true
2025-05-28,2025-05,FAC 0003-00041930,FAC,C9002,VENTA ONLINE,CAF-CAPS-10,2.00,7527.53,0.00,15055.07,,15055.06,0.01,true
2025-04-03,2025-04,FAC 0003-00041272,FAC,C0126,Panaderia Parque Chas,CAP-FILTRO-100,3.00,3415.88,32.00,6968.40,R. Ibarra,6968.40,0.00,true
2025-06-07,2025-06,FAC 0003-00042442,FAC,C9001,CONSUMIDOR FINAL,CAF-BLEND-1K,2.00,20069.06,0.00,40138.12,,40138.12,0.00,true
2025-01-21,2025-01,FAC 0003-00040163,FAC,C9002,VENTA ONLINE,CAP-TAZA,3.00,8900.00,0.00,26700.00,,26700.00,0.00,true
2025-01-11,2025-01,FAC 0003-00040374,FAC,C9001,CONSUMIDOR FINAL,CAF-BLEND-1K,1.00,18000.00,0.00,18000.00,,18000.00,0.00,true
2025-02-06,2025-02,NC 0003-00001210,NC,C0001,GRANOS DEL SUR S.A.,CAF-BLEND-1K,-7.00,18396.00,40.00,-77263.20,,-77263.20,0.00,true
2025-02-22,2025-02,FAC 0003-00040416,FAC,C0001,GRANOS DEL SUR S.A.,BLEND1K,48.00,18396.00,40.00,529804.80,R. Ibarra,529804.80,0.00,true
2025-04-10,2025-04,FAC 0003-00041480,FAC,C9002,VENTA ONLINE,CAF-CAPS-10,3.00,7365.49,0.00,22096.48,,22096.47,0.01,true
2025-04-19,2025-04,FAC 0003-00041473,FAC,C9002,VENTA ONLINE,CAF-BRAS-250,1.00,5657.55,0.00,5657.55,,5657.55,0.00,true
2025-06-02,2025-06,FAC 0003-00042106,FAC,C0112,La Ventanita de Recoleta,CAP-FILTRO-100,3.00,3567.83,35.00,6957.27,,6957.27,0.00,true
2025-06-17,2025-06,FAC 0003-00042225,FAC,C9002,VENTA ONLINE,CAF-ETIOP-250,1.00,10592.00,0.00,10592.00,,10592.00,0.00,true
2025-02-24,2025-02,FAC 0003-00040447,FAC,C0120,Tostado Chacarita,CAF-BRAS-1K,8.00,17374.00,32.00,94514.56,M. Paz,94514.56,0.00,true
2025-01-18,2025-01,FAC 0003-00040053,FAC,C0139,La Ventanita de Constitucion II,CAF-BLEND-1K,5.00,18000.00,30.00,63000.00,R. Ibarra,63000.00,0.00,true
2025-02-26,2025-02,FAC 0003-00040665,FAC,C9002,VENTA ONLINE,CAF-BRAS-250,3.00,5416.60,0.00,16249.80,,16249.80,0.00,true
2025-06-11,2025-06,FAC 0003-00042282,FAC,C9002,VENTA ONLINE,CAF-BLEND-250,1.00,6243.71,0.00,6243.71,,6243.71,0.00,true
2025-02-03,2025-02,FAC 0003-00040527,FAC,C9002,VENTA ONLINE,CAF-CAPS-10,1.00,7051.80,0.00,7051.80,,7051.80,0.00,true
2025-02-27,2025-02,FAC 0003-00040461,FAC,C0131,Tostado Coghlan II,CAF-BLEND-1K,3.00,18396.00,35.00,35872.20,,35872.20,0.00,true
2025-01-20,2025-01,FAC 0003-00040242,FAC,C9002,VENTA ONLINE,CAF-COLOM-250,3.00,8200.00,0.00,24600.00,,24600.00,0.00,true
2025-05-10,2025-05,FAC 0003-00041675,FAC,C0121,Panaderia Chacarita II,CAF-BLEND-1K,10.00,19637.04,35.00,127640.78,R. Ibarra,127640.76,0.02,true
2025-02-21,2025-02,FAC 0003-00040494,FAC,C9002,VENTA ONLINE,CAF-ETIOP-250,1.00,9709.00,0.00,9709.00,,9709.00,0.00,true
2025-02-07,2025-02,FAC 0003-00040506,FAC,C9002,VENTA ONLINE,CAF-ETIOP-250,3.00,9709.00,0.00,29127.00,,29127.00,0.00,true
2025-02-28,2025-02,FAC 0003-00040546,FAC,C9002,VENTA ONLINE,CAF-COLOM-250,1.00,8380.40,0.00,8380.40,,8380.40,0.00,true
2025-06-14,2025-06,FAC 0003-00042244,FAC,C9002,VENTA ONLINE,CAF-BRAS-250,1.00,5909.22,0.00,5909.22,,5909.22,0.00,true
2025-01-19,2025-01,FAC 0003-00040021,FAC,C0109,Usina Colegiales II,CAF-BRAS-1K,6.00,17000.00,32.00,69360.00,,69360.00,0.00,true
2025-03-02,2025-03,FAC 0003-00040881,FAC,C0133,El Almacen de Barracas II,CAF-ETIOP-250,4.00,9922.60,35.00,25798.75,,25798.76,-0.01,true
2025-02-28,2025-02,FAC 0003-00040686,FAC,C9002,VENTA ONLINE,CAF-ETIOP-250,2.00,9709.00,0.00,19418.00,,19418.00,0.00,true
2025-03-18,2025-03,FAC 0003-00041077,FAC,C9002,VENTA ONLINE,CAF-DESCA-250,2.00,7729.18,0.00,15458.36,,15458.36,0.00,true
2025-01-07,2025-01,FAC 0003-00040112,FAC,C9002,VENTA ONLINE,CAF-ETIOP-250,1.00,9500.00,0.00,9500.00,,9500.00,0.00,true
2025-06-13,2025-06,FAC 0003-00042115,FAC,C0119,Coffee Lab Saavedra II,CAF-BLEND-1K,10.00,20069.06,35.00,130448.88,,130448.89,-0.01,true
2025-01-03,2025-01,FAC 0003-00040205,FAC,C9002,VENTA ONLINE,CAF-ETIOP-250,2.00,9500.00,0.00,19000.00,,19000.00,0.00,true
2025-05-27,2025-05,FAC 0003-00041677,FAC,C0122,El Almacen de Almagro,CAF-BLEND-1K,3.00,19637.04,32.00,40059.57,,40059.56,0.01,true
2025-06-27,2025-06,FAC 0003-00042349,FAC,C9002,VENTA ONLINE,CAF-BRAS-250,2.00,5909.22,0.00,11818.45,,11818.44,0.01,true
2025-02-25,2025-02,FAC 0003-00040514,FAC,C9002,VENTA ONLINE,CAF-ETIOP-250,1.00,9709.00,0.00,9709.00,,9709.00,0.00,true
2025-03-17,2025-03,FAC 0003-00041232,FAC,C9001,CONSUMIDOR FINAL,CAP-FILTRO-100,1.00,3342.35,0.00,3342.35,,3342.35,0.00,true
2025-05-26,2025-05,FAC 0003-00041936,FAC,C9002,VENTA ONLINE,CAF-COLOM-250,3.00,8945.76,0.00,26837.29,,26837.28,0.01,true
2025-06-01,2025-06,FAC 0003-00042443,FAC,C9001,CONSUMIDOR FINAL,CAF-ETIOP-250,2.00,10592.00,0.00,21184.01,,21184.00,0.01,true
2025-02-07,2025-02,FAC 0003-00040680,FAC,C9002,VENTA ONLINE,CAF-ETIOP-250,1.00,9709.00,0.00,9709.00,,9709.00,0.00,true
2025-02-14,2025-02,FAC 0003-00040551,FAC,C9002,VENTA ONLINE,CAF-DESCA-250,2.00,7562.80,0.00,15125.60,,15125.60,0.00,true
2025-06-22,2025-06,FAC 0003-00042234,FAC,C9002,VENTA ONLINE,CAF-COLOM-250,1.00,9142.57,0.00,9142.57,,9142.57,0.00,true
2025-04-10,2025-04,FAC 0003-00041563,FAC,C9001,CONSUMIDOR FINAL,CAF-BLEND-250,1.00,5977.79,0.00,5977.79,,5977.79,0.00,true
2025-01-09,2025-01,FAC 0003-00040039,FAC,C0125,Usina Flores II,CAF-BRAS-1K,5.00,17000.00,32.00,57800.00,M. Paz,57800.00,0.00,true
2025-03-15,2025-03,FAC 0003-00040943,FAC,C9002,VENTA ONLINE,CAF-ETIOP-250,3.00,9922.60,0.00,29767.79,,29767.80,-0.01,true
2025-02-17,2025-02,FAC 0003-00040773,FAC,C9001,CONSUMIDOR FINAL,CAF-BLEND-1K,1.00,18396.00,0.00,18396.00,,18396.00,0.00,true
2025-04-20,2025-04,FAC 0003-00041269,FAC,C0124,Coffee Lab Flores,CAP-FILTRO-100,2.00,3415.88,35.00,4440.64,M. Paz,4440.64,-0.00,true
2025-02-18,2025-02,FAC 0003-00040426,FAC,C0102,Bar Belgrano,CAP-FILTRO-100,5.00,3270.40,35.00,10628.80,M. Paz,10628.80,0.00,true
2025-02-28,2025-02,FAC 0003-00040439,FAC,C0113,Bar Recoleta II,CAP-FILTRO-100,4.00,3270.40,30.00,9157.12,M. Paz,9157.12,0.00,true
2025-02-22,2025-02,FAC 0003-00040755,FAC,C9001,CONSUMIDOR FINAL,CAP-FILTRO-100,2.00,3270.40,0.00,6540.80,,6540.80,0.00,true
2025-02-06,2025-02,FAC 0003-00040655,FAC,C9002,VENTA ONLINE,CAF-BRAS-250,1.00,5416.60,0.00,5416.60,,5416.60,0.00,true
2025-06-11,2025-06,FAC 0003-00042235,FAC,C9002,VENTA ONLINE,CAF-BRAS-250,1.00,5909.22,0.00,5909.22,,5909.22,0.00,true
2025-01-02,2025-01,FAC 0003-00040194,FAC,C9002,VENTA ONLINE,CAP-TAZA,1.00,8900.00,0.00,8900.00,,8900.00,0.00,true
2025-04-06,2025-04,FAC 0003-00041633,FAC,C9001,CONSUMIDOR FINAL,CAF-COLOM-250,1.00,8753.19,0.00,8753.19,,8753.19,0.00,true
2025-05-07,2025-05,FAC 0003-00041922,FAC,C9002,VENTA ONLINE,CAF-ETIOP-250,2.00,10363.99,0.00,20727.99,,20727.98,0.01,true
2025-01-07,2025-01,FAC 0003-00040125,FAC,C9002,VENTA ONLINE,CAF-BLEND-250,3.00,5600.00,0.00,16800.00,,16800.00,0.00,true
2025-01-19,2025-01,FAC 0003-00040110,FAC,C9002,VENTA ONLINE,CAF-COLOM-250,3.00,8200.00,0.00,24600.00,,24600.00,0.00,true
2025-01-01,2025-01,FAC 0003-00040162,FAC,C9002,VENTA ONLINE,CAF-ETIOP-250,3.00,9500.00,0.00,28500.00,,28500.00,0.00,true
2025-03-06,2025-03,FAC 0003-00041095,FAC,C9002,VENTA ONLINE,CAF-BLEND-250,2.00,5849.11,0.00,11698.22,,11698.22,0.00,true
2025-02-08,2025-02,FAC 0003-00040633,FAC,C9002,VENTA ONLINE,CAF-BRAS-250,1.00,5416.60,0.00,5416.60,,5416.60,0.00,true
2025-05-07,2025-05,FAC 0003-00041775,FAC,C9002,VENTA ONLINE,CAP-TAZA,2.00,9709.43,0.00,19418.85,,19418.86,-0.01,true
2025-04-12,2025-04,FAC 0003-00041376,FAC,C9002,VENTA ONLINE,CAF-BRAS-250,2.00,5657.55,0.00,11315.10,,11315.10,0.00,true
2025-01-24,2025-01,FAC 0003-00040122,FAC,C9002,VENTA ONLINE,CAF-BRAS-250,2.00,5300.00,0.00,10600.00,,10600.00,0.00,true
2025-04-17,2025-04,FAC 0003-00041619,FAC,C9001,CONSUMIDOR FINAL,CAF-BLEND-250,1.00,5977.79,0.00,5977.79,,5977.79,0.00,true
2025-06-17,2025-06,FAC 0003-00042422,FAC,C9001,CONSUMIDOR FINAL,CAF-ETIOP-250,1.00,10592.00,0.00,10592.00,,10592.00,0.00,true
2025-06-18,2025-06,FAC 0003-00042475,FAC,C9001,CONSUMIDOR FINAL,CAP-FILTRO-100,1.00,3567.83,0.00,3567.83,,3567.83,0.00,true
2025-01-05,2025-01,FAC 0003-00040221,FAC,C9002,VENTA ONLINE,CAF-COLOM-250,3.00,8200.00,0.00,24600.00,,24600.00,0.00,true
2025-03-11,2025-03,FAC 0003-00040944,FAC,C9002,VENTA ONLINE,CAF-BLEND-250,2.00,5849.11,0.00,11698.22,,11698.22,0.00,true
2025-02-25,2025-02,FAC 0003-00040542,FAC,C9002,VENTA ONLINE,CAF-DESCA-250,2.00,7562.80,0.00,15125.60,,15125.60,0.00,true
2025-01-18,2025-01,FAC 0003-00040164,FAC,C9002,VENTA ONLINE,CAP-TAZA,2.00,8900.00,0.00,17800.00,,17800.00,0.00,true
2025-04-17,2025-04,FAC 0003-00041441,FAC,C9002,VENTA ONLINE,CAF-COLOM-250,3.00,8753.19,0.00,26259.58,,26259.57,0.01,true
2025-02-20,2025-02,FAC 0003-00040463,FAC,C0132,Cafe Barracas,CAF-BRAS-1K,8.00,17374.00,35.00,90344.80,,90344.80,0.00,true
2025-05-27,2025-05,FAC 0003-00041796,FAC,C9002,VENTA ONLINE,CAF-DESCA-250,3.00,8073.01,0.00,24219.02,,24219.03,-0.01,true
2025-03-05,2025-03,FAC 0003-00040882,FAC,C0134,Bar Agronomia,CAF-BLEND-1K,4.00,18800.71,35.00,48881.85,M. Paz,48881.85,0.00,true
2025-04-08,2025-04,FAC 0003-00041494,FAC,C9002,VENTA ONLINE,CAF-ETIOP-250,2.00,10140.90,0.00,20281.79,,20281.80,-0.01,true
2025-05-10,2025-05,FAC 0003-00041852,FAC,C9002,VENTA ONLINE,CAF-ETIOP-250,3.00,10363.99,0.00,31091.98,,31091.97,0.01,true
2025-04-11,2025-04,FAC 0003-00041611,FAC,C9001,CONSUMIDOR FINAL,CAF-COLOM-250,2.00,8753.19,0.00,17506.39,,17506.38,0.01,true
2025-03-22,2025-03,FAC 0003-00040897,FAC,C9002,VENTA ONLINE,CAF-BLEND-250,3.00,5849.11,0.00,17547.33,,17547.33,0.00,true
2025-05-07,2025-05,FAC 0003-00041953,FAC,C9001,CONSUMIDOR FINAL,CAF-ETIOP-250,1.00,10363.99,0.00,10363.99,,10363.99,0.00,true
2025-06-14,2025-06,FAC 0003-00042500,FAC,C9001,CONSUMIDOR FINAL,CAF-ETIOP-250,2.00,10592.00,0.00,21184.01,,21184.00,0.01,true
2025-05-26,2025-05,FAC 0003-00041839,FAC,C9002,VENTA ONLINE,CAF-COLOM-250,2.00,8945.76,0.00,17891.53,,17891.52,0.01,true
2025-05-13,2025-05,FAC 0003-00041891,FAC,C9002,VENTA ONLINE,CAF-BRAS-250,2.00,5782.02,0.00,11564.04,,11564.04,0.00,true
2025-04-12,2025-04,FAC 0003-00041586,FAC,C9001,CONSUMIDOR FINAL,CAF-ETIOP-250,2.00,10140.90,0.00,20281.79,,20281.80,-0.01,true
2025-01-25,2025-01,FAC 0003-00040035,FAC,C0123,La Ventanita de Almagro II,CAF-BLEND-1K,6.00,18000.00,35.00,70200.00,R. Ibarra,70200.00,0.00,true
2025-06-04,2025-06,FAC 0003-00042113,FAC,C0117,El Almacen de Caballito II,CAF-BLEND-1K,5.00,20069.06,32.00,68234.80,,68234.80,-0.00,true
2025-02-25,2025-02,FAC 0003-00040604,FAC,C9002,VENTA ONLINE,CAF-CAPS-10,1.00,7051.80,0.00,7051.80,,7051.80,0.00,true
2025-03-17,2025-03,FAC 0003-00040938,FAC,C9002,VENTA ONLINE,CAF-COLOM-250,2.00,8564.77,0.00,17129.54,,17129.54,0.00,true
2025-03-19,2025-03,FAC 0003-00040871,FAC,C0126,Panaderia Parque Chas,CAF-BLEND-1K,4.00,18800.71,32.00,51137.94,M. Paz,51137.93,0.01,true
2025-03-12,2025-03,FAC 0003-00040867,FAC,C0121,Panaderia Chacarita II,CAF-BLEND-1K,7.00,18800.71,35.00,85543.24,R. Ibarra,85543.23,0.01,true
2025-04-12,2025-04,FAC 0003-00041322,FAC,C9002,VENTA ONLINE,CAF-DESCA-250,3.00,7899.22,0.00,23697.67,,23697.66,0.01,true
2025-03-15,2025-03,FAC 0003-00041188,FAC,C9001,CONSUMIDOR FINAL,CAF-BLEND-1K,1.00,18800.71,0.00,18800.71,,18800.71,0.00,true
2025-02-18,2025-02,FAC 0003-00040654,FAC,C9002,VENTA ONLINE,CAF-ETIOP-250,2.00,9709.00,0.00,19418.00,,19418.00,0.00,true
2025-05-28,2025-05,FAC 0003-00041695,FAC,C0137,Panaderia Villa Urquiza II,CAF-BLEND-1K,6.00,19637.04,30.00,82475.58,,82475.57,0.01,true
2025-03-07,2025-03,FAC 0003-00040851,FAC,C0105,Panaderia Villa Crespo II,CAF-BRAS-1K,5.00,17756.23,32.00,60371.18,,60371.18,-0.00,true
2025-05-28,2025-05,FAC 0003-00042063,FAC,C9001,CONSUMIDOR FINAL,CAP-FILTRO-100,2.00,3491.03,0.00,6982.06,,6982.06,0.00,true
2025-01-03,2025-01,FAC 0003-00040054,FAC,C9002,VENTA ONLINE,CAF-BRAS-250,1.00,5300.00,0.00,5300.00,,5300.00,0.00,true
2025-03-17,2025-03,FAC 0003-00041204,FAC,C9001,CONSUMIDOR FINAL,CAF-ETIOP-250,2.00,9922.60,0.00,19845.20,,19845.20,0.00,true
2025-06-28,2025-06,FAC 0003-00042463,FAC,C9001,CONSUMIDOR FINAL,CAF-ETIOP-250,1.00,10592.00,0.00,10592.00,,10592.00,0.00,true
2025-01-01,2025-01,FAC 0003-00040274,FAC,C9001,CONSUMIDOR FINAL,CAF-COLOM-250,1.00,8200.00,0.00,8200.00,,8200.00,0.00,true
2025-03-20,2025-03,FAC 0003-00040859,FAC,C0114,Usina Boedo,CAF-BLEND-1K,3.00,18800.71,32.00,38353.45,R. Ibarra,38353.45,0.00,true
2025-02-21,2025-02,FAC 0003-00040560,FAC,C9002,VENTA ONLINE,CAF-CAPS-10,3.00,7051.80,0.00,21155.40,,21155.40,0.00,true
2025-01-17,2025-01,FAC 0003-00040354,FAC,C9001,CONSUMIDOR FINAL,CAF-COLOM-250,1.00,8200.00,0.00,8200.00,,8200.00,0.00,true
2025-04-01,2025-04,FAC 0003-00041248,FAC,C0103,Coffee Lab Belgrano II,CAF-BLEND-1K,5.00,19214.33,35.00,62446.56,,62446.57,-0.01,true
2025-01-10,2025-01,FAC 0003-00040111,FAC,C9002,VENTA ONLINE,CAF-COLOM-250,2.00,8200.00,0.00,16400.00,,16400.00,0.00,true
2025-06-12,2025-06,FAC 0003-00042097,FAC,C0105,Panaderia Villa Crespo II,CAP-FILTRO-100,5.00,3567.83,32.00,12130.63,R. Ibarra,12130.62,0.01,true
2025-06-03,2025-06,FAC 0003-00042393,FAC,C9002,VENTA ONLINE,CAF-BRAS-250,2.00,5909.22,0.00,11818.45,,11818.44,0.01,true
2025-04-01,2025-04,FAC 0003-00041291,FAC,C9002,VENTA ONLINE,CAF-BRAS-250,1.00,5657.55,0.00,5657.55,,5657.55,0.00,true
2025-02-28,2025-02,FAC 0003-00040652,FAC,C9002,VENTA ONLINE,CAF-BRAS-250,1.00,5416.60,0.00,5416.60,,5416.60,0.00,true
2025-05-07,2025-05,FAC 0003-00041973,FAC,C9001,CONSUMIDOR FINAL,CAF-ETIOP-250,1.00,10363.99,0.00,10363.99,,10363.99,0.00,true
2025-04-28,2025-04,FAC 0003-00041257,FAC,C0110,Panaderia Devoto,CAF-BRAS-1K,7.00,18146.87,35.00,82568.24,,82568.26,-0.02,true
2025-05-15,2025-05,FAC 0003-00041918,FAC,C9002,VENTA ONLINE,CAF-ETIOP-250,1.00,10363.99,0.00,10363.99,,10363.99,0.00,true
2025-05-26,2025-05,FAC 0003-00041987,FAC,C9001,CONSUMIDOR FINAL,CAF-ETIOP-250,2.00,10363.99,0.00,20727.99,,20727.98,0.01,true
2025-06-22,2025-06,FAC 0003-00042133,FAC,C0134,Bar Agronomia,CAF-BRAS-1K,6.00,18954.11,35.00,73921.03,R. Ibarra,73921.03,0.00,true
2025-06-09,2025-06,FAC 0003-00042158,FAC,C9002,VENTA ONLINE,CAF-BRAS-250,2.00,5909.22,0.00,11818.45,,11818.44,0.01,true
2025-05-17,2025-05,FAC 0003-00041884,FAC,C9002,VENTA ONLINE,CAF-ETIOP-250,1.00,10363.99,0.00,10363.99,,10363.99,0.00,true
2025-03-15,2025-03,FAC 0003-00041150,FAC,C9001,CONSUMIDOR FINAL,CAF-BLEND-250,1.00,5849.11,0.00,5849.11,,5849.11,0.00,true
2025-03-08,2025-03,FAC 0003-00041225,FAC,C9001,CONSUMIDOR FINAL,CAF-BLEND-250,1.00,5849.11,0.00,5849.11,,5849.11,0.00,true
2025-05-15,2025-05,FAC 0003-00042039,FAC,C9001,CONSUMIDOR FINAL,CAF-BLEND-1K,2.00,19637.04,0.00,39274.09,,39274.08,0.01,true
2025-06-14,2025-06,FAC 0003-00042450,FAC,C9001,CONSUMIDOR FINAL,CAF-COLOM-250,2.00,9142.57,0.00,18285.14,,18285.14,0.00,true
2025-01-12,2025-01,FAC 0003-00040121,FAC,C9002,VENTA ONLINE,CAF-ETIOP-250,3.00,9500.00,0.00,28500.00,,28500.00,0.00,true
2025-04-09,2025-04,FAC 0003-00041594,FAC,C9001,CONSUMIDOR FINAL,CAF-BLEND-250,1.00,5977.79,0.00,5977.79,,5977.79,0.00,true
2025-02-14,2025-02,FAC 0003-00040440,FAC,C0114,Usina Boedo,CAF-BLEND-1K,6.00,18396.00,32.00,75055.68,R. Ibarra,75055.68,0.00,true
2025-04-25,2025-04,FAC 0003-00041317,FAC,C9002,VENTA ONLINE,CAF-BRAS-250,2.00,5657.55,0.00,11315.10,,11315.10,0.00,true
2025-06-26,2025-06,FAC 0003-00042283,FAC,C9002,VENTA ONLINE,CAF-BLEND-250,1.00,6243.71,0.00,6243.71,,6243.71,0.00,true
2025-01-25,2025-01,FAC 0003-00040107,FAC,C9002,VENTA ONLINE,CAF-COLOM-250,1.00,8200.00,0.00,8200.00,,8200.00,0.00,true
2025-06-22,2025-06,FAC 0003-00042098,FAC,C0107,La Ventanita de Nunez II,CAP-FILTRO-100,3.00,3567.83,35.00,6957.27,R. Ibarra,6957.27,0.00,true
2025-05-23,2025-05,FAC 0003-00041729,FAC,C9002,VENTA ONLINE,CAF-DESCA-250,2.00,8073.01,0.00,16146.01,,16146.02,-0.01,true
2025-05-03,2025-05,FAC 0003-00041889,FAC,C9002,VENTA ONLINE,CAF-ETIOP-250,1.00,10363.99,0.00,10363.99,,10363.99,0.00,true
2025-03-11,2025-03,FAC 0003-00041047,FAC,C9002,VENTA ONLINE,CAF-CAPS-10,3.00,7206.94,0.00,21620.82,,21620.82,0.00,true
2025-01-27,2025-01,FAC 0003-00040144,FAC,C9002,VENTA ONLINE,CAF-ETIOP-250,2.00,9500.00,0.00,19000.00,,19000.00,0.00,true
2025-03-22,2025-03,FAC 0003-00040922,FAC,C9002,VENTA ONLINE,CAF-BLEND-250,1.00,5849.11,0.00,5849.11,,5849.11,0.00,true
2025-06-14,2025-06,FAC 0003-00042400,FAC,C9001,CONSUMIDOR FINAL,CAF-COLOM-250,2.00,9142.57,0.00,18285.14,,18285.14,0.00,true
2025-01-24,2025-01,FAC 0003-00040050,FAC,C0137,Panaderia Villa Urquiza II,CAF-BLEND-1K,3.00,18000.00,30.00,37800.00,,37800.00,0.00,true
2025-04-22,2025-04,FAC 0003-00041242,FAC,C0001,GRANOS DEL SUR S.A.,CAF-BLEND-1K,47.00,19214.33,40.00,541844.04,R. Ibarra,541844.11,-0.07,true
2025-03-22,2025-03,FAC 0003-00041128,FAC,C9001,CONSUMIDOR FINAL,CAF-BLEND-250,2.00,5849.11,0.00,11698.22,,11698.22,0.00,true
2025-05-23,2025-05,FAC 0003-00041937,FAC,C9002,VENTA ONLINE,CAP-TAZA,2.00,9709.43,0.00,19418.85,,19418.86,-0.01,true
2025-05-12,2025-05,FAC 0003-00041691,FAC,C0134,Bar Agronomia,CAF-BRAS-1K,7.00,18546.10,35.00,84384.74,M. Paz,84384.76,-0.02,true
2025-04-28,2025-04,FAC 0003-00041602,FAC,C9001,CONSUMIDOR FINAL,CAF-ETIOP-250,2.00,10140.90,0.00,20281.79,,20281.80,-0.01,true
2025-05-26,2025-05,FAC 0003-00041890,FAC,C9002,VENTA ONLINE,CAF-DESCA-250,1.00,8073.01,0.00,8073.01,,8073.01,0.00,true
2025-02-22,2025-02,FAC 0003-00040448,FAC,C0121,Panaderia Chacarita II,CAF-BLEND-1K,3.00,18396.00,35.00,35872.20,M. Paz,35872.20,0.00,true
2025-02-18,2025-02,FAC 0003-00040425,FAC,C0101,El Almacen de Palermo II,CAF-BLEND-1K,10.00,18396.00,35.00,119574.00,M. Paz,119574.00,0.00,true
2025-02-11,2025-02,FAC 0003-00040656,FAC,C9002,VENTA ONLINE,CAF-DESCA-250,2.00,7562.80,0.00,15125.60,,15125.60,0.00,true
2025-02-06,2025-02,FAC 0003-00040464,FAC,C0133,El Almacen de Barracas II,CAF-BRAS-1K,6.00,17374.00,35.00,67758.60,,67758.60,0.00,true
2025-03-24,2025-03,FAC 0003-00040945,FAC,C9002,VENTA ONLINE,CAF-BLEND-250,3.00,5849.11,0.00,17547.33,,17547.33,0.00,true
2025-03-08,2025-03,FAC 0003-00040842,FAC,C0001,GRANOS DEL SUR S.A.,CAF-BRAS-1K,16.00,17756.23,40.00,170459.79,R. Ibarra,170459.81,-0.02,true
2025-02-21,2025-02,FAC 0003-00040648,FAC,C9002,VENTA ONLINE,CAF-BLEND-250,1.00,5723.20,0.00,5723.20,,5723.20,0.00,true
2025-01-12,2025-01,FAC 0003-00040088,FAC,C9002,VENTA ONLINE,CAF-ETIOP-250,3.00,9500.00,0.00,28500.00,,28500.00,0.00,true
2025-06-04,2025-06,FAC 0003-00042233,FAC,C9002,VENTA ONLINE,CAF-DESCA-250,1.00,8250.61,0.00,8250.61,,8250.61,0.00,true
2025-02-11,2025-02,FAC 0003-00040656,FAC,C9002,VENTA ONLINE,CAP-FILTRO-100,3.00,3270.40,0.00,9811.20,,9811.20,0.00,true
2025-04-11,2025-04,FAC 0003-00041271,FAC,C0125,Usina Flores II,CAP-FILTRO-100,2.00,3415.88,32.00,4645.60,,4645.60,0.00,true
2025-01-08,2025-01,FAC 0003-00040058,FAC,C9002,VENTA ONLINE,CAF-DESCA-250,3.00,7400.00,0.00,22200.00,,22200.00,0.00,true
2025-04-14,2025-04,FAC 0003-00041629,FAC,C9001,CONSUMIDOR FINAL,CAF-ETIOP-250,2.00,10140.90,0.00,20281.79,,20281.80,-0.01,true
2025-04-12,2025-04,FAC 0003-00041402,FAC,C9002,VENTA ONLINE,CAF-COLOM-250,2.00,8753.19,0.00,17506.39,,17506.38,0.01,true
2025-03-20,2025-03,FAC 0003-00041222,FAC,C9001,CONSUMIDOR FINAL,CAF-BLEND-250,1.00,5849.11,0.00,5849.11,,5849.11,0.00,true
2025-03-26,2025-03,FAC 0003-00041074,FAC,C9002,VENTA ONLINE,CAF-ETIOP-250,3.00,9922.60,0.00,29767.79,,29767.80,-0.01,true
2025-06-16,2025-06,FAC 0003-00042128,FAC,C0130,Usina Coghlan,CAF-BLEND-1K,7.00,20069.06,30.00,98338.38,M. Paz,98338.39,-0.01,true
2025-05-27,2025-05,FAC 0003-00041745,FAC,C9002,VENTA ONLINE,CAF-COLOM-250,3.00,8945.76,0.00,26837.29,,26837.28,0.01,true
2025-04-13,2025-04,FAC 0003-00041356,FAC,C9002,VENTA ONLINE,CAF-COLOM-250,2.00,8753.19,0.00,17506.39,,17506.38,0.01,true
2025-06-16,2025-06,FAC 0003-00042279,FAC,C9002,VENTA ONLINE,CAF-BRAS-250,3.00,5909.22,0.00,17727.67,,17727.66,0.01,true
2025-01-08,2025-01,FAC 0003-00040026,FAC,C0112,La Ventanita de Recoleta,CAF-BLEND-1K,10.00,18000.00,35.00,117000.00,R. Ibarra,117000.00,0.00,true
2025-02-05,2025-02,FAC 0003-00040433,FAC,C0109,Usina Colegiales II,CAF-ETIOP-250,11.00,9709.00,32.00,72623.32,R. Ibarra,72623.32,0.00,true
2025-04-04,2025-04,FAC 0003-00041578,FAC,C9001,CONSUMIDOR FINAL,CAF-COLOM-250,2.00,8753.19,0.00,17506.39,,17506.38,0.01,true
2025-01-07,2025-01,FAC 0003-00040112,FAC,C9002,VENTA ONLINE,CAF-BRAS-250,2.00,5300.00,0.00,10600.00,,10600.00,0.00,true
2025-01-16,2025-01,FAC 0003-00040011,FAC,C0101,El Almacen de Palermo II,CAF-ETIOP-250,10.00,9500.00,35.00,61750.00,R. Ibarra,61750.00,0.00,true
2025-02-14,2025-02,FAC 0003-00040459,FAC,C0129,Bar San Telmo II,CAF-BRAS-1K,3.00,17374.00,32.00,35442.96,M. Paz,35442.96,0.00,true
2025-04-06,2025-04,FAC 0003-00041612,FAC,C9001,CONSUMIDOR FINAL,CAP-FILTRO-100,1.00,3415.88,0.00,3415.88,,3415.88,0.00,true
2025-06-13,2025-06,FAC 0003-00042223,FAC,C9002,VENTA ONLINE,CAF-COLOM-250,3.00,9142.57,0.00,27427.71,,27427.71,0.00,true
2025-02-01,2025-02,FAC 0003-00040638,FAC,C9002,VENTA ONLINE,CAF-CAPS-10,3.00,7051.80,0.00,21155.40,,21155.40,0.00,true
2025-03-12,2025-03,FAC 0003-00040845,FAC,C0100,Cafe Palermo,CAF-BRAS-1K,6.00,17756.23,32.00,72445.41,M. Paz,72445.42,-0.01,true
2025-06-02,2025-06,FAC 0003-00042392,FAC,C9002,VENTA ONLINE,CAF-ETIOP-250,2.00,10592.00,0.00,21184.01,,21184.00,0.01,true
2025-06-17,2025-06,FAC 0003-00042157,FAC,C9002,VENTA ONLINE,CAF-COLOM-250,1.00,9142.57,0.00,9142.57,,9142.57,0.00,true
2025-04-20,2025-04,FAC 0003-00041249,FAC,C0104,Tostado Villa Crespo,CAF-BLEND-1K,4.00,19214.33,35.00,49957.25,R. Ibarra,49957.26,-0.01,true
2025-01-24,2025-01,NC 0003-00001209,NC,C0132,Cafe Barracas,CAF-BRAS-1K,-4.00,17000.00,35.00,-44200.00,,-44200.00,0.00,true
2025-03-24,2025-03,FAC 0003-00040890,FAC,C9002,VENTA ONLINE,CAF-COLOM-250,3.00,8564.77,0.00,25694.31,,25694.31,0.00,true
2025-05-13,2025-05,FAC 0003-00041766,FAC,C9002,VENTA ONLINE,CAF-BLEND-250,1.00,6109.30,0.00,6109.30,,6109.30,0.00,true
2025-03-17,2025-03,FAC 0003-00041136,FAC,C9001,CONSUMIDOR FINAL,CAF-ETIOP-250,2.00,9922.60,0.00,19845.20,,19845.20,0.00,true
2025-06-11,2025-06,FAC 0003-00042235,FAC,C9002,VENTA ONLINE,CAF-BLEND-250,2.00,6243.71,0.00,12487.41,,12487.42,-0.01,true
2025-06-22,2025-06,FAC 0003-00042383,FAC,C9002,VENTA ONLINE,CAF-ETIOP-250,1.00,10592.00,0.00,10592.00,,10592.00,0.00,true
2025-06-01,2025-06,FAC 0003-00042389,FAC,C9002,VENTA ONLINE,CAF-BLEND-250,1.00,6243.71,0.00,6243.71,,6243.71,0.00,true
2025-04-10,2025-04,FAC 0003-00041404,FAC,C9002,VENTA ONLINE,CAF-COLOM-250,2.00,8753.19,0.00,17506.39,,17506.38,0.01,true
2025-02-06,2025-02,FAC 0003-00040437,FAC,C0112,La Ventanita de Recoleta,CAF-BLEND-1K,8.00,18396.00,35.00,95659.20,,95659.20,0.00,true
2025-03-20,2025-03,FAC 0003-00041039,FAC,C9002,VENTA ONLINE,CAF-CAPS-10,3.00,7206.94,0.00,21620.82,,21620.82,0.00,true
2025-05-13,2025-05,FAC 0003-00041706,FAC,C9002,VENTA ONLINE,CAF-BRAS-250,1.00,5782.02,0.00,5782.02,,5782.02,0.00,true
2025-02-26,2025-02,FAC 0003-00040746,FAC,C9001,CONSUMIDOR FINAL,CAF-BLEND-250,2.00,5723.20,0.00,11446.40,,11446.40,0.00,true
2025-06-19,2025-06,FAC 0003-00042319,FAC,C9002,VENTA ONLINE,CAF-DESCA-250,3.00,8250.61,0.00,24751.84,,24751.83,0.01,true
2025-06-03,2025-06,FAC 0003-00042262,FAC,C9002,VENTA ONLINE,CAF-DESCA-250,1.00,8250.61,0.00,8250.61,,8250.61,0.00,true
2025-05-17,2025-05,FAC 0003-00041671,FAC,C0116,Cafe Caballito,CAF-BLEND-1K,9.00,19637.04,32.00,120178.70,,120178.68,0.02,true
2025-04-21,2025-04,FAC 0003-00041438,FAC,C9002,VENTA ONLINE,CAF-COLOM-250,3.00,8753.19,0.00,26259.58,,26259.57,0.01,true
2025-03-06,2025-03,FAC 0003-00040991,FAC,C9002,VENTA ONLINE,CAF-ETIOP-250,1.00,9922.60,0.00,9922.60,,9922.60,0.00,true
2025-03-13,2025-03,FAC 0003-00040855,FAC,C0108,Coffee Lab Colegiales,CAF-BRAS-1K,8.00,17756.23,32.00,96593.88,R. Ibarra,96593.89,-0.01,true
2025-01-01,2025-01,FAC 0003-00040381,FAC,C9001,CONSUMIDOR FINAL,CAP-FILTRO-100,1.00,3200.00,0.00,3200.00,,3200.00,0.00,true
2025-03-12,2025-03,FAC 0003-00040887,FAC,C0138,El Almacen de Constitucion,CAF-BLEND-1K,9.00,18800.71,30.00,118444.49,,118444.47,0.02,true
2025-03-27,2025-03,FAC 0003-00041101,FAC,C9002,VENTA ONLINE,CAF-ETIOP-250,3.00,9922.60,0.00,29767.79,,29767.80,-0.01,true
2025-05-07,2025-05,FAC 0003-00041847,FAC,C9002,VENTA ONLINE,CAF-ETIOP-250,2.00,10363.99,0.00,20727.99,,20727.98,0.01,true
2025-03-24,2025-03,FAC 0003-00041071,FAC,C9002,VENTA ONLINE,CAP-FILTRO-100,2.00,3342.35,0.00,6684.70,,6684.70,0.00,true
2025-02-24,2025-02,FAC 0003-00040482,FAC,C9002,VENTA ONLINE,CAP-FILTRO-100,2.00,3270.40,0.00,6540.80,,6540.80,0.00,true
2025-03-22,2025-03,FAC 0003-00041110,FAC,C9002,VENTA ONLINE,CAF-COLOM-250,1.00,8564.77,0.00,8564.77,,8564.77,0.00,true
2025-06-25,2025-06,FAC 0003-00042358,FAC,C9002,VENTA ONLINE,CAF-COLOM-250,1.00,9142.57,0.00,9142.57,,9142.57,0.00,true
2025-02-24,2025-02,FAC 0003-00040477,FAC,C9002,VENTA ONLINE,CAF-COLOM-250,2.00,8380.40,0.00,16760.80,,16760.80,0.00,true
2025-04-27,2025-04,FAC 0003-00041282,FAC,C0134,Bar Agronomia,CAF-BRAS-1K,7.00,18146.87,35.00,82568.24,M. Paz,82568.26,-0.02,true
2025-05-22,2025-05,FAC 0003-00041663,FAC,C0110,Panaderia Devoto,CAF-BLEND-1K,4.00,19637.04,35.00,51056.31,R. Ibarra,51056.30,0.01,true
2025-02-19,2025-02,FAC 0003-00040792,FAC,C9001,CONSUMIDOR FINAL,CAF-ETIOP-250,2.00,9709.00,0.00,19418.00,,19418.00,0.00,true
2025-02-25,2025-02,FAC 0003-00040823,FAC,C9001,CONSUMIDOR FINAL,CAF-COLOM-250,1.00,8380.40,0.00,8380.40,,8380.40,0.00,true
2025-02-07,2025-02,FAC 0003-00040640,FAC,C9002,VENTA ONLINE,CAF-COLOM-250,3.00,8380.40,0.00,25141.20,,25141.20,0.00,true
2025-05-16,2025-05,FAC 0003-00041808,FAC,C9002,VENTA ONLINE,CAF-ETIOP-250,3.00,10363.99,0.00,31091.98,,31091.97,0.01,true
2025-01-19,2025-01,FAC 0003-00040185,FAC,C9002,VENTA ONLINE,CAF-BLEND-250,2.00,5600.00,0.00,11200.00,,11200.00,0.00,true
2025-06-17,2025-06,FAC 0003-00042347,FAC,C9002,VENTA ONLINE,CAF-ETIOP-250,3.00,10592.00,0.00,31776.01,,31776.00,0.01,true
2025-05-28,2025-05,FAC 0003-00041777,FAC,C9002,VENTA ONLINE,CAF-ETIOP-250,1.00,10363.99,0.00,10363.99,,10363.99,0.00,true
2025-01-26,2025-01,FAC 0003-00040227,FAC,C9002,VENTA ONLINE,CAF-ETIOP-250,3.00,9500.00,0.00,28500.00,,28500.00,0.00,true
2025-02-23,2025-02,FAC 0003-00040592,FAC,C9002,VENTA ONLINE,CAF-BLEND-250,1.00,5723.20,0.00,5723.20,,5723.20,0.00,true
2025-04-12,2025-04,FAC 0003-00041359,FAC,C9002,VENTA ONLINE,CAF-ETIOP-250,2.00,10140.90,0.00,20281.79,,20281.80,-0.01,true
2025-06-17,2025-06,FAC 0003-00042170,FAC,C9002,VENTA ONLINE,CAF-BRAS-250,2.00,5909.22,0.00,11818.45,,11818.44,0.01,true
2025-05-06,2025-05,FAC 0003-00041722,FAC,C9002,VENTA ONLINE,CAF-CAPS-10,2.00,7527.53,0.00,15055.07,,15055.06,0.01,true
2025-02-17,2025-02,FAC 0003-00040557,FAC,C9002,VENTA ONLINE,CAF-BLEND-250,1.00,5723.20,0.00,5723.20,,5723.20,0.00,true
2025-02-14,2025-02,FAC 0003-00040459,FAC,C0129,Bar San Telmo II,CAF-BLEND-1K,10.00,18396.00,32.00,125092.80,M. Paz,125092.80,0.00,true
2025-03-24,2025-03,FAC 0003-00041218,FAC,C9001,CONSUMIDOR FINAL,CAF-COLOM-250,1.00,8564.77,0.00,8564.77,,8564.77,0.00,true
2025-06-25,2025-06,FAC 0003-00042218,FAC,C9002,VENTA ONLINE,CAF-DESCA-250,1.00,8250.61,0.00,8250.61,,8250.61,0.00,true
2025-04-12,2025-04,FAC 0003-00041624,FAC,C9001,CONSUMIDOR FINAL,CAF-BLEND-1K,1.00,19214.33,0.00,19214.33,,19214.33,0.00,true
2025-03-15,2025-03,FAC 0003-00041038,FAC,C9002,VENTA ONLINE,CAF-BLEND-250,2.00,5849.11,0.00,11698.22,,11698.22,0.00,true
2025-01-23,2025-01,FAC 0003-00040105,FAC,C9002,VENTA ONLINE,CAF-COLOM-250,2.00,8200.00,0.00,16400.00,,16400.00,0.00,true
2025-02-04,2025-02,FAC 0003-00040623,FAC,C9002,VENTA ONLINE,CAF-BLEND-250,3.00,5723.20,0.00,17169.60,,17169.60,0.00,true
2025-05-17,2025-05,FAC 0003-00041724,FAC,C9002,VENTA ONLINE,CAF-BLEND-250,1.00,6109.30,0.00,6109.30,,6109.30,0.00,true
2025-03-21,2025-03,FAC 0003-00040997,FAC,C9002,VENTA ONLINE,CAF-ETIOP-250,2.00,9922.60,0.00,19845.20,,19845.20,0.00,true
2025-03-23,2025-03,FAC 0003-00041205,FAC,C9001,CONSUMIDOR FINAL,CAF-BLEND-250,1.00,5849.11,0.00,5849.11,,5849.11,0.00,true
2025-02-13,2025-02,FAC 0003-00040476,FAC,C9002,VENTA ONLINE,CAF-COLOM-250,2.00,8380.40,0.00,16760.80,,16760.80,0.00,true
2025-05-18,2025-05,FAC 0003-00042052,FAC,C9001,CONSUMIDOR FINAL,CAF-COLOM-250,1.00,8945.76,0.00,8945.76,,8945.76,0.00,true
2025-04-16,2025-04,FAC 0003-00041251,FAC,C0106,El Almacen de Nunez,CAF-BRAS-1K,2.00,18146.87,30.00,25405.61,M. Paz,25405.62,-0.01,true
2025-04-06,2025-04,FAC 0003-00041264,FAC,C0118,Bar Saavedra,CAF-BLEND-1K,3.00,19214.33,32.00,39197.23,M. Paz,39197.23,-0.00,true
2025-04-12,2025-04,FAC 0003-00041372,FAC,C9002,VENTA ONLINE,CAF-DESCA-250,2.00,7899.22,0.00,15798.45,,15798.44,0.01,true
2025-03-17,2025-03,FAC 0003-00041107,FAC,C9002,VENTA ONLINE,CAP-TAZA,3.00,9295.91,0.00,27887.72,,27887.73,-0.01,true
2025-06-09,2025-06,FAC 0003-00042198,FAC,C9002,VENTA ONLINE,CAF-ETIOP-250,2.00,10592.00,0.00,21184.01,,21184.00,0.01,true
2025-05-14,2025-05,FAC 0003-00041753,FAC,C9002,VENTA ONLINE,CAF-BLEND-250,1.00,6109.30,0.00,6109.30,,6109.30,0.00,true
2025-06-25,2025-06,FAC 0003-00042284,FAC,C9002,VENTA ONLINE,CAF-ETIOP-250,3.00,10592.00,0.00,31776.01,,31776.00,0.01,true
2025-01-28,2025-01,NC 0003-00001203,NC,C0120,Tostado Chacarita,CAF-BRAS-1K,-2.00,17000.00,32.00,-23120.00,,-23120.00,0.00,true
2025-04-14,2025-04,FAC 0003-00041243,FAC,C0001,GRANOS DEL SUR S.A.,CAF-BLEND-1K,28.00,19214.33,40.00,322800.70,M. Paz,322800.74,-0.04,true
2025-04-28,2025-04,FAC 0003-00041295,FAC,C9002,VENTA ONLINE,CAF-BLEND-250,2.00,5977.79,0.00,11955.58,,11955.58,0.00,true
2025-05-26,2025-05,FAC 0003-00041776,FAC,C9002,VENTA ONLINE,CAP-FILTRO-100,1.00,3491.03,0.00,3491.03,,3491.03,0.00,true
2025-06-18,2025-06,FAC 0003-00042461,FAC,C9001,CONSUMIDOR FINAL,CAF-ETIOP-250,1.00,10592.00,0.00,10592.00,,10592.00,0.00,true
2025-04-28,2025-04,FAC 0003-00041335,FAC,C9002,VENTA ONLINE,CAP-FILTRO-100,2.00,3415.88,0.00,6831.76,,6831.76,0.00,true
2025-05-10,2025-05,FAC 0003-00041887,FAC,C9002,VENTA ONLINE,CAF-ETIOP-250,3.00,10363.99,0.00,31091.98,,31091.97,0.01,true
2025-05-05,2025-05,FAC 0003-00041762,FAC,C9002,VENTA ONLINE,CAF-BLEND-250,2.00,6109.30,0.00,12218.60,,12218.60,0.00,true
2025-04-25,2025-04,FAC 0003-00041636,FAC,C9001,CONSUMIDOR FINAL,CAF-COLOM-250,2.00,8753.19,0.00,17506.39,,17506.38,0.01,true
2025-03-14,2025-03,FAC 0003-00041144,FAC,C9001,CONSUMIDOR FINAL,CAF-BLEND-1K,1.00,18800.71,0.00,18800.71,,18800.71,0.00,true
2025-06-09,2025-06,FAC 0003-00042158,FAC,C9002,VENTA ONLINE,CAF-COLOM-250,1.00,9142.57,0.00,9142.57,,9142.57,0.00,true
2025-05-04,2025-05,FAC 0003-00041938,FAC,C9002,VENTA ONLINE,CAF-COLOM-250,2.00,8945.76,0.00,17891.53,,17891.52,0.01,true
2025-05-14,2025-05,FAC 0003-00041679,FAC,C0123,La Ventanita de Almagro II,CAF-BRAS-1K,2.00,18546.10,35.00,24109.92,R. Ibarra,24109.93,-0.01,true
2025-02-18,2025-02,FAC 0003-00040426,FAC,C0102,Bar Belgrano,CAF-BRAS-1K,5.00,17374.00,35.00,56465.50,M. Paz,56465.50,0.00,true
2025-06-26,2025-06,FAC 0003-00042369,FAC,C9002,VENTA ONLINE,CAP-FILTRO-100,2.00,3567.83,0.00,7135.67,,7135.66,0.01,true
2025-05-06,2025-05,FAC 0003-00042028,FAC,C9001,CONSUMIDOR FINAL,CAP-FILTRO-100,2.00,3491.03,0.00,6982.06,,6982.06,0.00,true
2025-01-13,2025-01,FAC 0003-00040096,FAC,C9002,VENTA ONLINE,CAP-FILTRO-100,1.00,3200.00,0.00,3200.00,,3200.00,0.00,true
2025-04-08,2025-04,FAC 0003-00041395,FAC,C9002,VENTA ONLINE,CAF-COLOM-250,1.00,8753.19,0.00,8753.19,,8753.19,0.00,true
2025-02-26,2025-02,FAC 0003-00040423,FAC,C0100,Cafe Palermo,CAF-BLEND-1K,5.00,18396.00,32.00,62546.40,R. Ibarra,62546.40,0.00,true
2025-03-25,2025-03,FAC 0003-00040988,FAC,C9002,VENTA ONLINE,CAF-BLEND-250,1.00,5849.11,0.00,5849.11,,5849.11,0.00,true
2025-03-20,2025-03,FAC 0003-00041209,FAC,C9001,CONSUMIDOR FINAL,CAF-BLEND-250,1.00,5849.11,0.00,5849.11,,5849.11,0.00,true
2025-03-06,2025-03,FAC 0003-00041062,FAC,C9002,VENTA ONLINE,CAF-BRAS-250,1.00,5535.77,0.00,5535.77,,5535.77,0.00,true
2025-04-27,2025-04,FAC 0003-00041630,FAC,C9001,CONSUMIDOR FINAL,CAF-BLEND-250,1.00,5977.79,0.00,5977.79,,5977.79,0.00,true
2025-03-22,2025-03,FAC 0003-00041155,FAC,C9001,CONSUMIDOR FINAL,CAF-BLEND-250,1.00,5849.11,0.00,5849.11,,5849.11,0.00,true
2025-06-09,2025-06,FAC 0003-00042444,FAC,C9001,CONSUMIDOR FINAL,CAF-BLEND-250,1.00,6243.71,0.00,6243.71,,6243.71,0.00,true
2025-05-20,2025-05,FAC 0003-00041703,FAC,C9002,VENTA ONLINE,CAF-CAPS-10,1.00,7527.53,0.00,7527.53,,7527.53,0.00,true
2025-03-23,2025-03,FAC 0003-00040843,FAC,C0001,GRANOS DEL SUR S.A.,BLEND1K,26.00,18800.71,40.00,293291.11,M. Paz,293291.08,0.03,true
2025-04-21,2025-04,FAC 0003-00041423,FAC,C9002,VENTA ONLINE,CAF-BLEND-250,3.00,5977.79,0.00,17933.37,,17933.37,0.00,true
2025-05-24,2025-05,FAC 0003-00041747,FAC,C9002,VENTA ONLINE,CAF-BRAS-250,1.00,5782.02,0.00,5782.02,,5782.02,0.00,true
2025-01-02,2025-01,FAC 0003-00040003,FAC,C0001,GRANOS DEL SUR S.A.,CAF-BLEND-1K,51.00,18000.00,40.00,550800.00,R. Ibarra,550800.00,0.00,true
2025-06-28,2025-06,FAC 0003-00042289,FAC,C9002,VENTA ONLINE,CAF-BRAS-250,1.00,5909.22,0.00,5909.22,,5909.22,0.00,true
2025-02-24,2025-02,FAC 0003-00040480,FAC,C9002,VENTA ONLINE,CAF-ETIOP-250,2.00,9709.00,0.00,19418.00,,19418.00,0.00,true
2025-06-03,2025-06,FAC 0003-00042342,FAC,C9002,VENTA ONLINE,CAF-COLOM-250,2.00,9142.57,0.00,18285.14,,18285.14,0.00,true
2025-03-02,2025-03,FAC 0003-00041197,FAC,C9001,CONSUMIDOR FINAL,CAF-BLEND-250,1.00,5849.11,0.00,5849.11,,5849.11,0.00,true
2025-03-21,2025-03,FAC 0003-00041207,FAC,C9001,CONSUMIDOR FINAL,CAF-BLEND-250,2.00,5849.11,0.00,11698.22,,11698.22,0.00,true
2025-01-20,2025-01,FAC 0003-00040049,FAC,C0136,Tostado Villa Urquiza,CAF-BLEND-1K,10.00,18000.00,35.00,117000.00,M. Paz,117000.00,0.00,true
2025-02-28,2025-02,FAC 0003-00040475,FAC,C9002,VENTA ONLINE,CAF-ETIOP-250,2.00,9709.00,0.00,19418.00,,19418.00,0.00,true
2025-02-04,2025-02,FAC 0003-00040534,FAC,C9002,VENTA ONLINE,CAF-DESCA-250,3.00,7562.80,0.00,22688.40,,22688.40,0.00,true
2025-01-19,2025-01,FAC 0003-00040177,FAC,C9002,VENTA ONLINE,CAF-COLOM-250,2.00,8200.00,0.00,16400.00,,16400.00,0.00,true
2025-05-05,2025-05,FAC 0003-00041835,FAC,C9002,VENTA ONLINE,CAF-ETIOP-250,1.00,10363.99,0.00,10363.99,,10363.99,0.00,true
2025-02-01,2025-02,FAC 0003-00040721,FAC,C9001,CONSUMIDOR FINAL,CAF-COLOM-250,1.00,8380.40,0.00,8380.40,,8380.40,0.00,true
2025-05-12,2025-05,FAC 0003-00041915,FAC,C9002,VENTA ONLINE,CAF-BRAS-250,3.00,5782.02,0.00,17346.05,,17346.06,-0.01,true
2025-04-19,2025-04,FAC 0003-00041487,FAC,C9002,VENTA ONLINE,CAF-ETIOP-250,1.00,10140.90,0.00,10140.90,,10140.90,0.00,true
2025-01-16,2025-01,FAC 0003-00040313,FAC,C9001,CONSUMIDOR FINAL,CAP-FILTRO-100,2.00,3200.00,0.00,6400.00,,6400.00,0.00,true
2025-06-24,2025-06,FAC 0003-00042227,FAC,C9002,VENTA ONLINE,CAF-COLOM-250,1.00,9142.57,0.00,9142.57,,9142.57,0.00,true
2025-03-20,2025-03,FAC 0003-00041037,FAC,C9002,VENTA ONLINE,CAP-TAZA,1.00,9295.91,0.00,9295.91,,9295.91,0.00,true
2025-06-11,2025-06,FAC 0003-00042356,FAC,C9002,VENTA ONLINE,CAF-ETIOP-250,1.00,10592.00,0.00,10592.00,,10592.00,0.00,true
2025-02-24,2025-02,FAC 0003-00040573,FAC,C9002,VENTA ONLINE,CAF-BLEND-250,3.00,5723.20,0.00,17169.60,,17169.60,0.00,true
2025-05-04,2025-05,FAC 0003-00042055,FAC,C9001,CONSUMIDOR FINAL,CAF-BLEND-250,2.00,6109.30,0.00,12218.60,,12218.60,0.00,true
2025-06-15,2025-06,FAC 0003-00042318,FAC,C9002,VENTA ONLINE,CAF-COLOM-250,3.00,9142.57,0.00,27427.71,,27427.71,0.00,true
2025-05-05,2025-05,FAC 0003-00041762,FAC,C9002,VENTA ONLINE,CAF-COLOM-250,3.00,8945.76,0.00,26837.29,,26837.28,0.01,true
2025-03-16,2025-03,FAC 0003-00041090,FAC,C9002,VENTA ONLINE,CAF-CAPS-10,1.00,7206.94,0.00,7206.94,,7206.94,0.00,true
2025-02-20,2025-02,FAC 0003-00040788,FAC,C9001,CONSUMIDOR FINAL,CAF-ETIOP-250,1.00,9709.00,0.00,9709.00,,9709.00,0.00,true
2025-02-05,2025-02,FAC 0003-00040479,FAC,C9002,VENTA ONLINE,CAP-FILTRO-100,3.00,3270.40,0.00,9811.20,,9811.20,0.00,true
2025-05-10,2025-05,FAC 0003-00041650,FAC,C0001,GRANOS DEL SUR S.A.,CAF-BRAS-1K,17.00,18546.10,40.00,189170.18,R. Ibarra,189170.22,-0.04,true
2025-04-10,2025-04,FAC 0003-00041287,FAC,C9002,VENTA ONLINE,CAF-BLEND-250,1.00,5977.79,0.00,5977.79,,5977.79,0.00,true
2025-03-15,2025-03,FAC 0003-00041046,FAC,C9002,VENTA ONLINE,CAF-BLEND-250,2.00,5849.11,0.00,11698.22,,11698.22,0.00,true
2025-05-22,2025-05,FAC 0003-00042062,FAC,C9001,CONSUMIDOR FINAL,CAF-BLEND-250,2.00,6109.30,0.00,12218.60,,12218.60,0.00,true
2025-01-18,2025-01,FAC 0003-00040164,FAC,C9002,VENTA ONLINE,CAF-CAPS-10,1.00,6900.00,0.00,6900.00,,6900.00,0.00,true
2025-05-14,2025-05,FAC 0003-00041954,FAC,C9001,CONSUMIDOR FINAL,CAF-ETIOP-250,1.00,10363.99,0.00,10363.99,,10363.99,0.00,true
2025-01-24,2025-01,FAC 0003-00040109,FAC,C9002,VENTA ONLINE,CAF-BLEND-250,1.00,5600.00,0.00,5600.00,,5600.00,0.00,true
2025-02-10,2025-02,FAC 0003-00040469,FAC,C0137,Panaderia Villa Urquiza II,CAF-BRAS-1K,2.00,17374.00,30.00,24323.60,,24323.60,0.00,true
2025-06-11,2025-06,FAC 0003-00042472,FAC,C9001,CONSUMIDOR FINAL,CAF-COLOM-250,1.00,9142.57,0.00,9142.57,,9142.57,0.00,true
2025-06-15,2025-06,FAC 0003-00042354,FAC,C9002,VENTA ONLINE,CAF-BRAS-250,2.00,5909.22,0.00,11818.45,,11818.44,0.01,true
2025-03-14,2025-03,FAC 0003-00040848,FAC,C0103,Coffee Lab Belgrano II,CAF-BLEND-1K,4.00,18800.71,35.00,48881.85,R. Ibarra,48881.85,0.00,true
2025-04-16,2025-04,FAC 0003-00041433,FAC,C9002,VENTA ONLINE,CAF-BLEND-250,3.00,5977.79,0.00,17933.37,,17933.37,0.00,true
2025-01-13,2025-01,FAC 0003-00040127,FAC,C9002,VENTA ONLINE,CAF-BRAS-250,3.00,5300.00,0.00,15900.00,,15900.00,0.00,true
2025-01-24,2025-01,FAC 0003-00040122,FAC,C9002,VENTA ONLINE,CAF-COLOM-250,2.00,8200.00,0.00,16400.00,,16400.00,0.00,true
2025-04-26,2025-04,FAC 0003-00041499,FAC,C9002,VENTA ONLINE,CAF-ETIOP-250,2.00,10140.90,0.00,20281.79,,20281.80,-0.01,true
2025-01-06,2025-01,FAC 0003-00040329,FAC,C9001,CONSUMIDOR FINAL,CAF-ETIOP-250,1.00,9500.00,0.00,9500.00,,9500.00,0.00,true
2025-06-22,2025-06,FAC 0003-00042094,FAC,C0103,Coffee Lab Belgrano II,CAF-BRAS-1K,6.00,18954.11,35.00,73921.03,R. Ibarra,73921.03,0.00,true
2025-02-21,2025-02,FAC 0003-00040511,FAC,C9002,VENTA ONLINE,CAF-COLOM-250,3.00,8380.40,0.00,25141.20,,25141.20,0.00,true
2025-06-19,2025-06,FAC 0003-00042253,FAC,C9002,VENTA ONLINE,CAF-ETIOP-250,1.00,10592.00,0.00,10592.00,,10592.00,0.00,true
2025-01-17,2025-01,FAC 0003-00040268,FAC,C9001,CONSUMIDOR FINAL,CAF-BLEND-250,1.00,5600.00,0.00,5600.00,,5600.00,0.00,true
2025-06-25,2025-06,FAC 0003-00042403,FAC,C9001,CONSUMIDOR FINAL,CAF-COLOM-250,1.00,9142.57,0.00,9142.57,,9142.57,0.00,true
2025-01-03,2025-01,FAC 0003-00040195,FAC,C9002,VENTA ONLINE,CAF-BLEND-250,2.00,5600.00,0.00,11200.00,,11200.00,0.00,true
2025-06-01,2025-06,FAC 0003-00042355,FAC,C9002,VENTA ONLINE,CAP-TAZA,2.00,9923.03,0.00,19846.07,,19846.06,0.01,true
2025-01-13,2025-01,FAC 0003-00040339,FAC,C9001,CONSUMIDOR FINAL,CAP-FILTRO-100,1.00,3200.00,0.00,3200.00,,3200.00,0.00,true
2025-04-12,2025-04,FAC 0003-00041635,FAC,C9001,CONSUMIDOR FINAL,CAP-FILTRO-100,1.00,3415.88,0.00,3415.88,,3415.88,0.00,true
2025-01-12,2025-01,FAC 0003-00040012,FAC,C0102,Bar Belgrano,CAF-BLEND-1K,6.00,18000.00,35.00,70200.00,M. Paz,70200.00,0.00,true
2025-05-27,2025-05,FAC 0003-00041991,FAC,C9001,CONSUMIDOR FINAL,CAF-BLEND-1K,2.00,19637.04,0.00,39274.09,,39274.08,0.01,true
2025-02-23,2025-02,FAC 0003-00040787,FAC,C9001,CONSUMIDOR FINAL,CAF-COLOM-250,1.00,8380.40,0.00,8380.40,,8380.40,0.00,true
2025-03-21,2025-03,FAC 0003-00041026,FAC,C9002,VENTA ONLINE,CAF-DESCA-250,3.00,7729.18,0.00,23187.54,,23187.54,0.00,true
2025-03-04,2025-03,FAC 0003-00040883,FAC,C0135,Coffee Lab Agronomia II,CAF-BLEND-1K,3.00,18800.71,30.00,39481.50,R. Ibarra,39481.49,0.01,true
2025-05-09,2025-05,FAC 0003-00042010,FAC,C9001,CONSUMIDOR FINAL,CAF-COLOM-250,1.00,8945.76,0.00,8945.76,,8945.76,0.00,true
2025-02-16,2025-02,FAC 0003-00040627,FAC,C9002,VENTA ONLINE,CAF-ETIOP-250,2.00,9709.00,0.00,19418.00,,19418.00,0.00,true
2025-04-01,2025-04,FAC 0003-00041595,FAC,C9001,CONSUMIDOR FINAL,CAP-FILTRO-100,1.00,3415.88,0.00,3415.88,,3415.88,0.00,true
2025-06-12,2025-06,FAC 0003-00042140,FAC,C0138,El Almacen de Constitucion,CAF-BLEND-1K,5.00,20069.06,30.00,70241.70,,70241.71,-0.01,true
2025-04-07,2025-04,FAC 0003-00041296,FAC,C9002,VENTA ONLINE,CAF-COLOM-250,3.00,8753.19,0.00,26259.58,,26259.57,0.01,true
2025-03-14,2025-03,FAC 0003-00040898,FAC,C9002,VENTA ONLINE,CAF-BLEND-250,2.00,5849.11,0.00,11698.22,,11698.22,0.00,true
2025-06-27,2025-06,FAC 0003-00042478,FAC,C9001,CONSUMIDOR FINAL,CAF-BLEND-250,2.00,6243.71,0.00,12487.41,,12487.42,-0.01,true
2025-05-19,2025-05,FAC 0003-00041846,FAC,C9002,VENTA ONLINE,CAF-BLEND-250,3.00,6109.30,0.00,18327.91,,18327.90,0.01,true
2025-02-08,2025-02,FAC 0003-00040716,FAC,C9001,CONSUMIDOR FINAL,CAF-BLEND-250,2.00,5723.20,0.00,11446.40,,11446.40,0.00,true
2025-02-01,2025-02,FAC 0003-00040484,FAC,C9002,VENTA ONLINE,CAF-DESCA-250,2.00,7562.80,0.00,15125.60,,15125.60,0.00,true
2025-06-13,2025-06,FAC 0003-00042183,FAC,C9002,VENTA ONLINE,CAF-ETIOP-250,2.00,10592.00,0.00,21184.01,,21184.00,0.01,true
2025-03-07,2025-03,FAC 0003-00040851,FAC,C0105,Panaderia Villa Crespo II,CAP-FILTRO-100,5.00,3342.35,32.00,11363.99,,11363.99,0.00,true
2025-01-13,2025-01,FAC 0003-00040320,FAC,C9001,CONSUMIDOR FINAL,CAF-BLEND-1K,1.00,18000.00,0.00,18000.00,,18000.00,0.00,true
2025-02-09,2025-02,FAC 0003-00040617,FAC,C9002,VENTA ONLINE,CAF-BLEND-250,3.00,5723.20,0.00,17169.60,,17169.60,0.00,true
2025-04-11,2025-04,FAC 0003-00041399,FAC,C9002,VENTA ONLINE,CAF-BLEND-250,3.00,5977.79,0.00,17933.37,,17933.37,0.00,true
2025-02-19,2025-02,FAC 0003-00040434,FAC,C0110,Panaderia Devoto,CAF-BRAS-1K,4.00,17374.00,35.00,45172.40,M. Paz,45172.40,0.00,true
2025-04-27,2025-04,FAC 0003-00041502,FAC,C9002,VENTA ONLINE,CAF-BRAS-250,2.00,5657.55,0.00,11315.10,,11315.10,0.00,true
2025-04-12,2025-04,FAC 0003-00041597,FAC,C9001,CONSUMIDOR FINAL,CAF-BLEND-250,2.00,5977.79,0.00,11955.58,,11955.58,0.00,true
2025-05-22,2025-05,FAC 0003-00041910,FAC,C9002,VENTA ONLINE,CAF-COLOM-250,3.00,8945.76,0.00,26837.29,,26837.28,0.01,true
2025-02-10,2025-02,FAC 0003-00040660,FAC,C9002,VENTA ONLINE,CAP-FILTRO-100,1.00,3270.40,0.00,3270.40,,3270.40,0.00,true
2025-01-02,2025-01,FAC 0003-00040241,FAC,C9002,VENTA ONLINE,CAF-BLEND-250,1.00,5600.00,0.00,5600.00,,5600.00,0.00,true
2025-01-25,2025-01,FAC 0003-00040093,FAC,C9002,VENTA ONLINE,CAF-BLEND-250,1.00,5600.00,0.00,5600.00,,5600.00,0.00,true
2025-03-05,2025-03,FAC 0003-00040901,FAC,C9002,VENTA ONLINE,CAF-ETIOP-250,3.00,9922.60,0.00,29767.79,,29767.80,-0.01,true
2025-05-17,2025-05,FAC 0003-00042066,FAC,C9001,CONSUMIDOR FINAL,CAP-FILTRO-100,2.00,3491.03,0.00,6982.06,,6982.06,0.00,true
2025-06-04,2025-06,FAC 0003-00042487,FAC,C9001,CONSUMIDOR FINAL,CAF-COLOM-250,2.00,9142.57,0.00,18285.14,,18285.14,0.00,true
2025-02-03,2025-02,FAC 0003-00040500,FAC,C9002,VENTA ONLINE,CAF-BRAS-250,1.00,5416.60,0.00,5416.60,,5416.60,0.00,true
2025-05-02,2025-05,FAC 0003-00041828,FAC,C9002,VENTA ONLINE,CAP-FILTRO-100,2.00,3491.03,0.00,6982.06,,6982.06,0.00,true
2025-06-06,2025-06,FAC 0003-00042148,FAC,C9002,VENTA ONLINE,CAF-COLOM-250,1.00,9142.57,0.00,9142.57,,9142.57,0.00,true
2025-06-26,2025-06,FAC 0003-00042266,FAC,C9002,VENTA ONLINE,CAF-BLEND-250,2.00,6243.71,0.00,12487.41,,12487.42,-0.01,true
2025-06-17,2025-06,FAC 0003-00042124,FAC,C0126,Panaderia Parque Chas,CAP-FILTRO-100,2.00,3567.83,32.00,4852.25,,4852.25,0.00,true
2025-01-06,2025-01,FAC 0003-00040006,FAC,C0001,GRANOS DEL SUR S.A.,BLEND1K,32.00,18000.00,40.00,345600.00,R. Ibarra,345600.00,0.00,true
2025-06-25,2025-06,FAC 0003-00042151,FAC,C9002,VENTA ONLINE,CAP-TAZA,1.00,9923.03,0.00,9923.03,,9923.03,0.00,true
2025-03-06,2025-03,FAC 0003-00041097,FAC,C9002,VENTA ONLINE,CAF-BLEND-250,1.00,5849.11,0.00,5849.11,,5849.11,0.00,true
2025-04-05,2025-04,FAC 0003-00041472,FAC,C9002,VENTA ONLINE,CAF-ETIOP-250,1.00,10140.90,0.00,10140.90,,10140.90,0.00,true
2025-01-22,2025-01,FAC 0003-00040267,FAC,C9001,CONSUMIDOR FINAL,CAF-BLEND-1K,1.00,18000.00,0.00,18000.00,,18000.00,0.00,true
2025-03-21,2025-03,FAC 0003-00040979,FAC,C9002,VENTA ONLINE,CAF-ETIOP-250,2.00,9922.60,0.00,19845.20,,19845.20,0.00,true
2025-05-10,2025-05,FAC 0003-00041841,FAC,C9002,VENTA ONLINE,CAF-DESCA-250,2.00,8073.01,0.00,16146.01,,16146.02,-0.01,true
2025-04-25,2025-04,FAC 0003-00041483,FAC,C9002,VENTA ONLINE,CAF-CAPS-10,3.00,7365.49,0.00,22096.48,,22096.47,0.01,true
2025-02-22,2025-02,FAC 0003-00040595,FAC,C9002,VENTA ONLINE,CAF-ETIOP-250,1.00,9709.00,0.00,9709.00,,9709.00,0.00,true
2025-02-14,2025-02,FAC 0003-00040625,FAC,C9002,VENTA ONLINE,CAF-ETIOP-250,1.00,9709.00,0.00,9709.00,,9709.00,0.00,true
2025-05-23,2025-05,FAC 0003-00041645,FAC,C0001,GRANOS DEL SUR S.A.,CAF-BLEND-1K,45.00,19637.04,40.00,530200.16,,530200.08,0.08,true
2025-04-01,2025-04,FAC 0003-00041337,FAC,C9002,VENTA ONLINE,CAF-BRAS-250,2.00,5657.55,0.00,11315.10,,11315.10,0.00,true
2025-05-11,2025-05,FAC 0003-00041767,FAC,C9002,VENTA ONLINE,CAF-ETIOP-250,2.00,10363.99,0.00,20727.99,,20727.98,0.01,true
2025-06-23,2025-06,FAC 0003-00042458,FAC,C9001,CONSUMIDOR FINAL,CAF-BLEND-1K,1.00,20069.06,0.00,20069.06,,20069.06,0.00,true
2025-06-06,2025-06,FAC 0003-00042250,FAC,C9002,VENTA ONLINE,CAF-BLEND-250,2.00,6243.71,0.00,12487.41,,12487.42,-0.01,true
2025-02-21,2025-02,FAC 0003-00040648,FAC,C9002,VENTA ONLINE,CAF-ETIOP-250,3.00,9709.00,0.00,29127.00,,29127.00,0.00,true
2025-05-05,2025-05,FAC 0003-00041654,FAC,C0103,Coffee Lab Belgrano II,CAP-FILTRO-100,5.00,3491.03,35.00,11345.85,M. Paz,11345.85,0.00,true
2025-02-14,2025-02,FAC 0003-00040446,FAC,C0120,Tostado Chacarita,CAP-FILTRO-100,5.00,3270.40,32.00,11119.36,,11119.36,0.00,true
2025-04-14,2025-04,FAC 0003-00041501,FAC,C9002,VENTA ONLINE,CAF-DESCA-250,2.00,7899.22,0.00,15798.45,,15798.44,0.01,true
2025-01-26,2025-01,FAC 0003-00040051,FAC,C0138,El Almacen de Constitucion,CAF-BRAS-1K,5.00,17000.00,30.00,59500.00,M. Paz,59500.00,0.00,true
2025-01-23,2025-01,FAC 0003-00040118,FAC,C9002,VENTA ONLINE,CAF-CAPS-10,2.00,6900.00,0.00,13800.00,,13800.00,0.00,true
2025-02-17,2025-02,FAC 0003-00040621,FAC,C9002,VENTA ONLINE,CAP-FILTRO-100,2.00,3270.40,0.00,6540.80,,6540.80,0.00,true
2025-05-23,2025-05,FAC 0003-00041645,FAC,C0001,GRANOS DEL SUR S.A.,CAF-BLEND-CJ6,4.00,111276.58,40.00,267063.78,,267063.79,-0.01,true
2025-03-06,2025-03,FAC 0003-00040889,FAC,C9002,VENTA ONLINE,CAF-BLEND-250,3.00,5849.11,0.00,17547.33,,17547.33,0.00,true
2025-01-19,2025-01,FAC 0003-00040021,FAC,C0109,Usina Colegiales II,CAP-FILTRO-100,6.00,3200.00,32.00,13056.00,,13056.00,0.00,true
2025-03-20,2025-03,FAC 0003-00040992,FAC,C9002,VENTA ONLINE,CAF-BRAS-250,3.00,5535.77,0.00,16607.30,,16607.31,-0.01,true
2025-02-19,2025-02,FAC 0003-00040622,FAC,C9002,VENTA ONLINE,CAP-FILTRO-100,3.00,3270.40,0.00,9811.20,,9811.20,0.00,true
2025-03-16,2025-03,FAC 0003-00041143,FAC,C9001,CONSUMIDOR FINAL,CAP-FILTRO-100,2.00,3342.35,0.00,6684.70,,6684.70,0.00,true
2025-06-17,2025-06,FAC 0003-00042186,FAC,C9002,VENTA ONLINE,CAF-BRAS-250,2.00,5909.22,0.00,11818.45,,11818.44,0.01,true
2025-01-07,2025-01,FAC 0003-00040188,FAC,C9002,VENTA ONLINE,CAF-BLEND-250,2.00,5600.00,0.00,11200.00,,11200.00,0.00,true
2025-03-09,2025-03,FAC 0003-00040911,FAC,C9002,VENTA ONLINE,CAF-BLEND-250,1.00,5849.11,0.00,5849.11,,5849.11,0.00,true
2025-04-07,2025-04,FAC 0003-00041504,FAC,C9002,VENTA ONLINE,CAF-BRAS-250,3.00,5657.55,0.00,16972.66,,16972.65,0.01,true
2025-03-18,2025-03,FAC 0003-00040850,FAC,C0104,Tostado Villa Crespo,CAF-BRAS-1K,6.00,17756.23,35.00,69249.29,M. Paz,69249.30,-0.01,true
2025-06-01,2025-06,FAC 0003-00042505,FAC,C9001,CONSUMIDOR FINAL,CAF-BLEND-250,2.00,6243.71,0.00,12487.41,,12487.42,-0.01,true
2025-02-28,2025-02,FAC 0003-00040685,FAC,C9002,VENTA ONLINE,CAF-BRAS-250,2.00,5416.60,0.00,10833.20,,10833.20,0.00,true
2025-06-22,2025-06,FAC 0003-00042396,FAC,C9002,VENTA ONLINE,CAF-DESCA-250,2.00,8250.61,0.00,16501.23,,16501.22,0.01,true
2025-03-03,2025-03,FAC 0003-00040919,FAC,C9002,VENTA ONLINE,CAP-TAZA,3.00,9295.91,0.00,27887.72,,27887.73,-0.01,true
2025-03-21,2025-03,FAC 0003-00040877,FAC,C0131,Tostado Coghlan II,CAF-BRAS-1K,7.00,17756.23,35.00,80790.84,,80790.85,-0.01,true
2025-03-25,2025-03,FAC 0003-00041029,FAC,C9002,VENTA ONLINE,CAF-BRAS-250,2.00,5535.77,0.00,11071.53,,11071.54,-0.01,true
2025-04-26,2025-04,FAC 0003-00041417,FAC,C9002,VENTA ONLINE,CAF-ETIOP-250,3.00,10140.90,0.00,30422.69,,30422.70,-0.01,true
2025-05-17,2025-05,FAC 0003-00041944,FAC,C9002,VENTA ONLINE,CAF-DESCA-250,2.00,8073.01,0.00,16146.01,,16146.02,-0.01,true
2025-06-21,2025-06,FAC 0003-00042147,FAC,C9002,VENTA ONLINE,CAF-COLOM-250,1.00,9142.57,0.00,9142.57,,9142.57,0.00,true
2025-02-20,2025-02,FAC 0003-00040451,FAC,C0124,Coffee Lab Flores,CAF-BRAS-1K,2.00,17374.00,35.00,22586.20,,22586.20,0.00,true
2025-02-27,2025-02,FAC 0003-00040461,FAC,C0131,Tostado Coghlan II,CAF-ETIOP-250,5.00,9709.00,35.00,31554.25,,31554.25,0.00,true
2025-06-17,2025-06,FAC 0003-00042127,FAC,C0130,Usina Coghlan,CAF-BLEND-1K,8.00,20069.06,30.00,112386.72,M. Paz,112386.74,-0.02,true
2025-06-01,2025-06,FAC 0003-00042152,FAC,C9002,VENTA ONLINE,CAF-ETIOP-250,3.00,10592.00,0.00,31776.01,,31776.00,0.01,true
2025-02-04,2025-02,FAC 0003-00040454,FAC,C0126,Panaderia Parque Chas,CAF-BRAS-1K,7.00,17374.00,32.00,82700.24,M. Paz,82700.24,0.00,true
2025-05-23,2025-05,FAC 0003-00041811,FAC,C9002,VENTA ONLINE,CAF-ETIOP-250,2.00,10363.99,0.00,20727.99,,20727.98,0.01,true
2025-01-05,2025-01,FAC 0003-00040082,FAC,C9002,VENTA ONLINE,CAF-ETIOP-250,1.00,9500.00,0.00,9500.00,,9500.00,0.00,true
2025-01-02,2025-01,FAC 0003-00040194,FAC,C9002,VENTA ONLINE,CAF-CAPS-10,2.00,6900.00,0.00,13800.00,,13800.00,0.00,true
2025-01-07,2025-01,FAC 0003-00040285,FAC,C9001,CONSUMIDOR FINAL,CAF-BLEND-250,1.00,5600.00,0.00,5600.00,,5600.00,0.00,true
2025-03-05,2025-03,FAC 0003-00040967,FAC,C9002,VENTA ONLINE,CAF-COLOM-250,1.00,8564.77,0.00,8564.77,,8564.77,0.00,true
2025-05-06,2025-05,FAC 0003-00041927,FAC,C9002,VENTA ONLINE,CAP-FILTRO-100,2.00,3491.03,0.00,6982.06,,6982.06,0.00,true
2025-03-26,2025-03,FAC 0003-00041115,FAC,C9002,VENTA ONLINE,CAF-COLOM-250,1.00,8564.77,0.00,8564.77,,8564.77,0.00,true
2025-01-21,2025-01,FAC 0003-00040382,FAC,C9001,CONSUMIDOR FINAL,CAF-BLEND-250,2.00,5600.00,0.00,11200.00,,11200.00,0.00,true
2025-05-24,2025-05,FAC 0003-00042034,FAC,C9001,CONSUMIDOR FINAL,CAP-FILTRO-100,2.00,3491.03,0.00,6982.06,,6982.06,0.00,true
2025-03-11,2025-03,FAC 0003-00041102,FAC,C9002,VENTA ONLINE,CAF-BRAS-250,1.00,5535.77,0.00,5535.77,,5535.77,0.00,true
2025-03-28,2025-03,FAC 0003-00041048,FAC,C9002,VENTA ONLINE,CAP-FILTRO-100,3.00,3342.35,0.00,10027.05,,10027.05,0.00,true
2025-04-28,2025-04,FAC 0003-00041469,FAC,C9002,VENTA ONLINE,CAF-ETIOP-250,3.00,10140.90,0.00,30422.69,,30422.70,-0.01,true
2025-01-24,2025-01,FAC 0003-00040109,FAC,C9002,VENTA ONLINE,CAF-CAPS-10,3.00,6900.00,0.00,20700.00,,20700.00,0.00,true
2025-03-18,2025-03,FAC 0003-00041020,FAC,C9002,VENTA ONLINE,CAF-BLEND-250,3.00,5849.11,0.00,17547.33,,17547.33,0.00,true
2025-03-04,2025-03,FAC 0003-00040883,FAC,C0135,Coffee Lab Agronomia II,CAF-BRAS-1K,8.00,17756.23,30.00,99434.88,R. Ibarra,99434.89,-0.01,true
2025-02-06,2025-02,FAC 0003-00040694,FAC,C9001,CONSUMIDOR FINAL,CAF-COLOM-250,1.00,8380.40,0.00,8380.40,,8380.40,0.00,true
2025-06-03,2025-06,FAC 0003-00042134,FAC,C0135,Coffee Lab Agronomia II,CAF-BLEND-1K,8.00,20069.06,30.00,112386.72,M. Paz,112386.74,-0.02,true
2025-02-02,2025-02,NC 0003-00001214,NC,C0101,El Almacen de Palermo II,CAF-BRAS-1K,-4.00,17374.00,35.00,-45172.40,,-45172.40,0.00,true
2025-02-17,2025-02,FAC 0003-00040561,FAC,C9002,VENTA ONLINE,CAF-COLOM-250,1.00,8380.40,0.00,8380.40,,8380.40,0.00,true
2025-03-17,2025-03,FAC 0003-00041196,FAC,C9001,CONSUMIDOR FINAL,CAF-ETIOP-250,2.00,9922.60,0.00,19845.20,,19845.20,0.00,true
2025-02-24,2025-02,FAC 0003-00040503,FAC,C9002,VENTA ONLINE,CAF-COLOM-250,2.00,8380.40,0.00,16760.80,,16760.80,0.00,true
2025-03-22,2025-03,FAC 0003-00040860,FAC,C0115,Tostado Boedo II,CAF-BRAS-1K,2.00,17756.23,30.00,24858.72,M. Paz,24858.72,-0.00,true
2025-01-09,2025-01,FAC 0003-00040312,FAC,C9001,CONSUMIDOR FINAL,CAF-BLEND-1K,2.00,18000.00,0.00,36000.00,,36000.00,0.00,true
2025-06-05,2025-06,FAC 0003-00042460,FAC,C9001,CONSUMIDOR FINAL,CAF-ETIOP-250,1.00,10592.00,0.00,10592.00,,10592.00,0.00,true
2025-02-19,2025-02,FAC 0003-00040706,FAC,C9001,CONSUMIDOR FINAL,CAF-BLEND-250,2.00,5723.20,0.00,11446.40,,11446.40,0.00,true
2025-04-18,2025-04,FAC 0003-00041244,FAC,C0001,GRANOS DEL SUR S.A.,CAF-BLEND-CJ6,5.00,108881.19,40.00,326643.57,,326643.57,0.00,true
2025-02-25,2025-02,FAC 0003-00040543,FAC,C9002,VENTA ONLINE,CAF-BRAS-250,3.00,5416.60,0.00,16249.80,,16249.80,0.00,true
2025-01-07,2025-01,FAC 0003-00040245,FAC,C9002,VENTA ONLINE,CAF-COLOM-250,2.00,8200.00,0.00,16400.00,,16400.00,0.00,true
2025-06-03,2025-06,FAC 0003-00042360,FAC,C9002,VENTA ONLINE,CAF-BLEND-250,3.00,6243.71,0.00,18731.12,,18731.13,-0.01,true
2025-01-27,2025-01,FAC 0003-00040202,FAC,C9002,VENTA ONLINE,CAF-DESCA-250,1.00,7400.00,0.00,7400.00,,7400.00,0.00,true
2025-06-06,2025-06,FAC 0003-00042131,FAC,C0132,Cafe Barracas,CAF-BLEND-1K,4.00,20069.06,35.00,52179.55,,52179.56,-0.01,true
2025-02-20,2025-02,FAC 0003-00040682,FAC,C9002,VENTA ONLINE,CAF-COLOM-250,2.00,8380.40,0.00,16760.80,,16760.80,0.00,true
2025-04-06,2025-04,FAC 0003-00041396,FAC,C9002,VENTA ONLINE,CAF-COLOM-250,2.00,8753.19,0.00,17506.39,,17506.38,0.01,true
2025-05-27,2025-05,FAC 0003-00041975,FAC,C9001,CONSUMIDOR FINAL,CAF-COLOM-250,1.00,8945.76,0.00,8945.76,,8945.76,0.00,true
2025-06-08,2025-06,FAC 0003-00042240,FAC,C9002,VENTA ONLINE,CAF-CAPS-10,1.00,7693.14,0.00,7693.14,,7693.14,0.00,true
2025-01-18,2025-01,FAC 0003-00040337,FAC,C9001,CONSUMIDOR FINAL,CAF-ETIOP-250,1.00,9500.00,0.00,9500.00,,9500.00,0.00,true
2025-04-09,2025-04,FAC 0003-00041443,FAC,C9002,VENTA ONLINE,CAF-BLEND-250,2.00,5977.79,0.00,11955.58,,11955.58,0.00,true
2025-05-13,2025-05,FAC 0003-00041765,FAC,C9002,VENTA ONLINE,CAF-BRAS-250,2.00,5782.02,0.00,11564.04,,11564.04,0.00,true
2025-02-26,2025-02,FAC 0003-00040517,FAC,C9002,VENTA ONLINE,CAF-COLOM-250,3.00,8380.40,0.00,25141.20,,25141.20,0.00,true
2025-04-14,2025-04,FAC 0003-00041383,FAC,C9002,VENTA ONLINE,CAF-ETIOP-250,3.00,10140.90,0.00,30422.69,,30422.70,-0.01,true
2025-05-28,2025-05,FAC 0003-00041665,FAC,C0111,Cafe Devoto II,CAF-BLEND-1K,4.00,19637.04,35.00,51056.31,,51056.30,0.01,true
2025-03-04,2025-03,FAC 0003-00041093,FAC,C9002,VENTA ONLINE,CAF-BLEND-250,3.00,5849.11,0.00,17547.33,,17547.33,0.00,true
2025-05-04,2025-05,FAC 0003-00041980,FAC,C9001,CONSUMIDOR FINAL,CAP-FILTRO-100,2.00,3491.03,0.00,6982.06,,6982.06,0.00,true
2025-02-09,2025-02,FAC 0003-00040579,FAC,C9002,VENTA ONLINE,CAF-CAPS-10,1.00,7051.80,0.00,7051.80,,7051.80,0.00,true
2025-02-22,2025-02,FAC 0003-00040678,FAC,C9002,VENTA ONLINE,CAP-TAZA,1.00,9095.80,0.00,9095.80,,9095.80,0.00,true
2025-03-19,2025-03,FAC 0003-00041058,FAC,C9002,VENTA ONLINE,CAF-ETIOP-250,1.00,9922.60,0.00,9922.60,,9922.60,0.00,true
2025-03-03,2025-03,FAC 0003-00041007,FAC,C9002,VENTA ONLINE,CAF-ETIOP-250,3.00,9922.60,0.00,29767.79,,29767.80,-0.01,true
2025-04-14,2025-04,FAC 0003-00041596,FAC,C9001,CONSUMIDOR FINAL,CAF-BLEND-250,2.00,5977.79,0.00,11955.58,,11955.58,0.00,true
2025-02-23,2025-02,FAC 0003-00040636,FAC,C9002,VENTA ONLINE,CAF-ETIOP-250,1.00,9709.00,0.00,9709.00,,9709.00,0.00,true
2025-05-20,2025-05,FAC 0003-00041869,FAC,C9002,VENTA ONLINE,CAP-TAZA,1.00,9709.43,0.00,9709.43,,9709.43,0.00,true
2025-06-13,2025-06,FAC 0003-00042115,FAC,C0119,Coffee Lab Saavedra II,CAF-ETIOP-250,10.00,10592.00,35.00,68848.02,,68848.00,0.02,true
2025-03-06,2025-03,FAC 0003-00041052,FAC,C9002,VENTA ONLINE,CAF-DESCA-250,1.00,7729.18,0.00,7729.18,,7729.18,0.00,true
2025-04-04,2025-04,FAC 0003-00041543,FAC,C9001,CONSUMIDOR FINAL,CAF-BLEND-1K,1.00,19214.33,0.00,19214.33,,19214.33,0.00,true
2025-02-25,2025-02,FAC 0003-00040647,FAC,C9002,VENTA ONLINE,CAF-BLEND-250,3.00,5723.20,0.00,17169.60,,17169.60,0.00,true
2025-04-21,2025-04,FAC 0003-00041357,FAC,C9002,VENTA ONLINE,CAF-DESCA-250,1.00,7899.22,0.00,7899.22,,7899.22,0.00,true
2025-04-05,2025-04,FAC 0003-00041607,FAC,C9001,CONSUMIDOR FINAL,CAF-BLEND-1K,1.00,19214.33,0.00,19214.33,,19214.33,0.00,true
2025-06-26,2025-06,FAC 0003-00042257,FAC,C9002,VENTA ONLINE,CAF-BLEND-250,2.00,6243.71,0.00,12487.41,,12487.42,-0.01,true
2025-02-13,2025-02,FAC 0003-00040558,FAC,C9002,VENTA ONLINE,CAF-BLEND-250,3.00,5723.20,0.00,17169.60,,17169.60,0.00,true
2025-06-12,2025-06,FAC 0003-00042190,FAC,C9002,VENTA ONLINE,CAF-ETIOP-250,3.00,10592.00,0.00,31776.01,,31776.00,0.01,true
2025-01-22,2025-01,FAC 0003-00040159,FAC,C9002,VENTA ONLINE,CAF-CAPS-10,3.00,6900.00,0.00,20700.00,,20700.00,0.00,true
2025-01-07,2025-01,FAC 0003-00040375,FAC,C9001,CONSUMIDOR FINAL,CAF-COLOM-250,2.00,8200.00,0.00,16400.00,,16400.00,0.00,true
2025-04-11,2025-04,FAC 0003-00041508,FAC,C9002,VENTA ONLINE,CAF-ETIOP-250,2.00,10140.90,0.00,20281.79,,20281.80,-0.01,true
2025-03-14,2025-03,FAC 0003-00041175,FAC,C9001,CONSUMIDOR FINAL,CAF-BLEND-250,2.00,5849.11,0.00,11698.22,,11698.22,0.00,true
2025-03-21,2025-03,FAC 0003-00041132,FAC,C9001,CONSUMIDOR FINAL,CAF-BLEND-1K,2.00,18800.71,0.00,37601.42,,37601.42,0.00,true
2025-06-04,2025-06,FAC 0003-00042421,FAC,C9001,CONSUMIDOR FINAL,CAF-BLEND-1K,1.00,20069.06,0.00,20069.06,,20069.06,0.00,true
2025-03-24,2025-03,FAC 0003-00041000,FAC,C9002,VENTA ONLINE,CAP-TAZA,3.00,9295.91,0.00,27887.72,,27887.73,-0.01,true
2025-02-03,2025-02,FAC 0003-00040540,FAC,C9002,VENTA ONLINE,CAF-COLOM-250,1.00,8380.40,0.00,8380.40,,8380.40,0.00,true
2025-05-09,2025-05,FAC 0003-00041744,FAC,C9002,VENTA ONLINE,CAF-ETIOP-250,2.00,10363.99,0.00,20727.99,,20727.98,0.01,true
2025-01-11,2025-01,FAC 0003-00040390,FAC,C9001,CONSUMIDOR FINAL,CAF-ETIOP-250,2.00,9500.00,0.00,19000.00,,19000.00,0.00,true
2025-03-08,2025-03,FAC 0003-00040993,FAC,C9002,VENTA ONLINE,CAF-BRAS-250,2.00,5535.77,0.00,11071.53,,11071.54,-0.01,true
2025-01-28,2025-01,FAC 0003-00040226,FAC,C9002,VENTA ONLINE,CAF-ETIOP-250,3.00,9500.00,0.00,28500.00,,28500.00,0.00,true
2025-05-20,2025-05,FAC 0003-00041904,FAC,C9002,VENTA ONLINE,CAF-BRAS-250,2.00,5782.02,0.00,11564.04,,11564.04,0.00,true
2025-02-28,2025-02,FAC 0003-00040548,FAC,C9002,VENTA ONLINE,CAF-CAPS-10,1.00,7051.80,0.00,7051.80,,7051.80,0.00,true
2025-03-15,2025-03,FAC 0003-00041164,FAC,C9001,CONSUMIDOR FINAL,CAP-FILTRO-100,2.00,3342.35,0.00,6684.70,,6684.70,0.00,true
2025-05-12,2025-05,FAC 0003-00041951,FAC,C9001,CONSUMIDOR FINAL,CAF-BLEND-1K,1.00,19637.04,0.00,19637.04,,19637.04,0.00,true
2025-06-26,2025-06,FAC 0003-00042290,FAC,C9002,VENTA ONLINE,CAF-ETIOP-250,1.00,10592.00,0.00,10592.00,,10592.00,0.00,true
2025-01-17,2025-01,FAC 0003-00040074,FAC,C9002,VENTA ONLINE,CAF-COLOM-250,2.00,8200.00,0.00,16400.00,,16400.00,0.00,true
2025-04-08,2025-04,FAC 0003-00041517,FAC,C9002,VENTA ONLINE,CAF-BLEND-250,3.00,5977.79,0.00,17933.37,,17933.37,0.00,true
2025-04-25,2025-04,FAC 0003-00041363,FAC,C9002,VENTA ONLINE,CAF-DESCA-250,2.00,7899.22,0.00,15798.45,,15798.44,0.01,true
2025-02-09,2025-02,FAC 0003-00040424,FAC,C0100,Cafe Palermo,CAF-BLEND-1K,3.00,18396.00,32.00,37527.84,R. Ibarra,37527.84,0.00,true
2025-01-01,2025-01,FAC 0003-00040200,FAC,C9002,VENTA ONLINE,CAF-ETIOP-250,3.00,9500.00,0.00,28500.00,,28500.00,0.00,true
2025-06-14,2025-06,FAC 0003-00042485,FAC,C9001,CONSUMIDOR FINAL,CAF-BLEND-1K,2.00,20069.06,0.00,40138.12,,40138.12,0.00,true
2025-01-12,2025-01,FAC 0003-00040257,FAC,C9002,VENTA ONLINE,CAF-BRAS-250,2.00,5300.00,0.00,10600.00,,10600.00,0.00,true
2025-02-26,2025-02,FAC 0003-00040488,FAC,C9002,VENTA ONLINE,CAF-DESCA-250,2.00,7562.80,0.00,15125.60,,15125.60,0.00,true
2025-05-14,2025-05,FAC 0003-00041786,FAC,C9002,VENTA ONLINE,CAF-COLOM-250,2.00,8945.76,0.00,17891.53,,17891.52,0.01,true
2025-04-27,2025-04,FAC 0003-00041347,FAC,C9002,VENTA ONLINE,CAP-TAZA,2.00,9500.42,0.00,19000.84,,19000.84,0.00,true
2025-01-08,2025-01,FAC 0003-00040139,FAC,C9002,VENTA ONLINE,CAF-BLEND-250,3.00,5600.00,0.00,16800.00,,16800.00,0.00,true
2025-05-08,2025-05,FAC 0003-00041693,FAC,C0135,Coffee Lab Agronomia II,CAF-BLEND-1K,9.00,19637.04,30.00,123713.37,M. Paz,123713.35,0.02,true
2025-05-09,2025-05,FAC 0003-00041830,FAC,C9002,VENTA ONLINE,CAF-COLOM-250,2.00,8945.76,0.00,17891.53,,17891.52,0.01,true
2025-02-03,2025-02,FAC 0003-00040449,FAC,C0123,La Ventanita de Almagro II,CAF-BRAS-1K,6.00,17374.00,35.00,67758.60,M. Paz,67758.60,0.00,true
2025-06-03,2025-06,FAC 0003-00042214,FAC,C9002,VENTA ONLINE,CAF-ETIOP-250,1.00,10592.00,0.00,10592.00,,10592.00,0.00,true
2025-05-15,2025-05,FAC 0003-00041845,FAC,C9002,VENTA ONLINE,CAF-BLEND-250,1.00,6109.30,0.00,6109.30,,6109.30,0.00,true
2025-05-15,2025-05,FAC 0003-00041764,FAC,C9002,VENTA ONLINE,CAF-COLOM-250,2.00,8945.76,0.00,17891.53,,17891.52,0.01,true
2025-02-05,2025-02,FAC 0003-00040433,FAC,C0109,Usina Colegiales II,CAP-FILTRO-100,4.00,3270.40,32.00,8895.49,R. Ibarra,8895.49,0.00,true
2025-05-28,2025-05,FAC 0003-00041670,FAC,C0114,Usina Boedo,CAF-ETIOP-250,5.00,10363.99,32.00,35237.58,,35237.57,0.01,true
2025-03-11,2025-03,FAC 0003-00041108,FAC,C9002,VENTA ONLINE,CAF-BLEND-250,2.00,5849.11,0.00,11698.22,,11698.22,0.00,true
2025-06-17,2025-06,FAC 0003-00042246,FAC,C9002,VENTA ONLINE,CAP-FILTRO-100,2.00,3567.83,0.00,7135.67,,7135.66,0.01,true
2025-04-26,2025-04,FAC 0003-00041585,FAC,C9001,CONSUMIDOR FINAL,CAF-BLEND-1K,1.00,19214.33,0.00,19214.33,,19214.33,0.00,true
2025-02-21,2025-02,FAC 0003-00040528,FAC,C9002,VENTA ONLINE,CAF-COLOM-250,3.00,8380.40,0.00,25141.20,,25141.20,0.00,true
2025-06-01,2025-06,FAC 0003-00042110,FAC,C0115,Tostado Boedo II,CAF-BLEND-1K,6.00,20069.06,30.00,84290.04,,84290.05,-0.01,true
2025-05-24,2025-05,FAC 0003-00041924,FAC,C9002,VENTA ONLINE,CAF-ETIOP-250,2.00,10363.99,0.00,20727.99,,20727.98,0.01,true
2025-03-08,2025-03,FAC 0003-00040841,FAC,C0001,GRANOS DEL SUR S.A.,CAF-BRAS-1K,18.00,17756.23,40.00,191767.26,M. Paz,191767.28,-0.02,true
2025-06-22,2025-06,FAC 0003-00042165,FAC,C9002,VENTA ONLINE,CAF-COLOM-250,3.00,9142.57,0.00,27427.71,,27427.71,0.00,true
2025-03-23,2025-03,FAC 0003-00040879,FAC,C0132,Cafe Barracas,CAF-BLEND-1K,6.00,18800.71,35.00,73322.78,M. Paz,73322.77,0.01,true
2025-01-11,2025-01,FAC 0003-00040209,FAC,C9002,VENTA ONLINE,CAP-TAZA,1.00,8900.00,0.00,8900.00,,8900.00,0.00,true
2025-06-06,2025-06,FAC 0003-00042275,FAC,C9002,VENTA ONLINE,CAF-BLEND-250,3.00,6243.71,0.00,18731.12,,18731.13,-0.01,true
2025-02-02,2025-02,FAC 0003-00040718,FAC,C9001,CONSUMIDOR FINAL,CAF-ETIOP-250,1.00,9709.00,0.00,9709.00,,9709.00,0.00,true
2025-02-08,2025-02,FAC 0003-00040720,FAC,C9001,CONSUMIDOR FINAL,CAP-FILTRO-100,2.00,3270.40,0.00,6540.80,,6540.80,0.00,true
2025-06-09,2025-06,FAC 0003-00042362,FAC,C9002,VENTA ONLINE,CAF-ETIOP-250,2.00,10592.00,0.00,21184.01,,21184.00,0.01,true
2025-01-13,2025-01,FAC 0003-00040310,FAC,C9001,CONSUMIDOR FINAL,CAP-FILTRO-100,1.00,3200.00,0.00,3200.00,,3200.00,0.00,true
2025-01-16,2025-01,FAC 0003-00040318,FAC,C9001,CONSUMIDOR FINAL,CAF-COLOM-250,1.00,8200.00,0.00,8200.00,,8200.00,0.00,true
2025-06-01,2025-06,FAC 0003-00042110,FAC,C0115,Tostado Boedo II,CAF-BRAS-1K,4.00,18954.11,30.00,53071.51,,53071.51,0.00,true
2025-06-07,2025-06,FAC 0003-00042459,FAC,C9001,CONSUMIDOR FINAL,CAF-BLEND-1K,1.00,20069.06,0.00,20069.06,,20069.06,0.00,true
2025-01-06,2025-01,FAC 0003-00040181,FAC,C9002,VENTA ONLINE,CAF-ETIOP-250,2.00,9500.00,0.00,19000.00,,19000.00,0.00,true
2025-01-13,2025-01,FAC 0003-00040215,FAC,C9002,VENTA ONLINE,CAF-ETIOP-250,3.00,9500.00,0.00,28500.00,,28500.00,0.00,true
2025-01-22,2025-01,FAC 0003-00040259,FAC,C9002,VENTA ONLINE,CAF-BRAS-250,1.00,5300.00,0.00,5300.00,,5300.00,0.00,true
2025-04-08,2025-04,FAC 0003-00041453,FAC,C9002,VENTA ONLINE,CAF-BLEND-250,1.00,5977.79,0.00,5977.79,,5977.79,0.00,true
2025-05-11,2025-05,FAC 0003-00041822,FAC,C9002,VENTA ONLINE,CAF-ETIOP-250,3.00,10363.99,0.00,31091.98,,31091.97,0.01,true
2025-06-05,2025-06,FAC 0003-00042156,FAC,C9002,VENTA ONLINE,CAF-CAPS-10,2.00,7693.14,0.00,15386.28,,15386.28,0.00,true
2025-04-10,2025-04,FAC 0003-00041455,FAC,C9002,VENTA ONLINE,CAF-BRAS-250,1.00,5657.55,0.00,5657.55,,5657.55,0.00,true
2025-06-02,2025-06,FAC 0003-00042304,FAC,C9002,VENTA ONLINE,CAF-BLEND-250,3.00,6243.71,0.00,18731.12,,18731.13,-0.01,true
2025-03-10,2025-03,FAC 0003-00040973,FAC,C9002,VENTA ONLINE,CAF-BRAS-250,1.00,5535.77,0.00,5535.77,,5535.77,0.00,true
2025-03-27,2025-03,FAC 0003-00041117,FAC,C9001,CONSUMIDOR FINAL,CAF-BLEND-1K,1.00,18800.71,0.00,18800.71,,18800.71,0.00,true
2025-06-12,2025-06,FAC 0003-00042428,FAC,C9001,CONSUMIDOR FINAL,CAF-ETIOP-250,1.00,10592.00,0.00,10592.00,,10592.00,0.00,true
2025-06-03,2025-06,FAC 0003-00042145,FAC,C9002,VENTA ONLINE,CAF-BLEND-250,2.00,6243.71,0.00,12487.41,,12487.42,-0.01,true
2025-02-06,2025-02,FAC 0003-00040760,FAC,C9001,CONSUMIDOR FINAL,CAF-COLOM-250,2.00,8380.40,0.00,16760.80,,16760.80,0.00,true
2025-05-15,2025-05,FAC 0003-00041824,FAC,C9002,VENTA ONLINE,CAF-ETIOP-250,1.00,10363.99,0.00,10363.99,,10363.99,0.00,true
2025-03-20,2025-03,FAC 0003-00041161,FAC,C9001,CONSUMIDOR FINAL,CAF-COLOM-250,2.00,8564.77,0.00,17129.54,,17129.54,0.00,true
2025-03-01,2025-03,FAC 0003-00040987,FAC,C9002,VENTA ONLINE,CAF-BLEND-250,2.00,5849.11,0.00,11698.22,,11698.22,0.00,true
2025-02-19,2025-02,FAC 0003-00040564,FAC,C9002,VENTA ONLINE,CAF-CAPS-10,1.00,7051.80,0.00,7051.80,,7051.80,0.00,true
2025-02-04,2025-02,FAC 0003-00040681,FAC,C9002,VENTA ONLINE,CAF-COLOM-250,2.00,8380.40,0.00,16760.80,,16760.80,0.00,true
2025-04-04,2025-04,FAC 0003-00041605,FAC,C9001,CONSUMIDOR FINAL,CAF-ETIOP-250,1.00,10140.90,0.00,10140.90,,10140.90,0.00,true
2025-01-10,2025-01,FAC 0003-00040179,FAC,C9002,VENTA ONLINE,CAF-DESCA-250,2.00,7400.00,0.00,14800.00,,14800.00,0.00,true
2025-05-02,2025-05,FAC 0003-00041943,FAC,C9002,VENTA ONLINE,CAF-BLEND-250,3.00,6109.30,0.00,18327.91,,18327.90,0.01,true
2025-02-23,2025-02,FAC 0003-00040576,FAC,C9002,VENTA ONLINE,CAF-ETIOP-250,3.00,9709.00,0.00,29127.00,,29127.00,0.00,true
2025-03-15,2025-03,FAC 0003-00040844,FAC,C0100,Cafe Palermo,CAF-BLEND-1K,8.00,18800.71,32.00,102275.87,R. Ibarra,102275.86,0.01,true
2025-05-03,2025-05,FAC 0003-00041687,FAC,C0131,Tostado Coghlan II,CAF-BLEND-1K,8.00,19637.04,35.00,102112.62,R. Ibarra,102112.61,0.01,true
2025-02-25,2025-02,FAC 0003-00040542,FAC,C9002,VENTA ONLINE,CAF-COLOM-250,1.00,8380.40,0.00,8380.40,,8380.40,0.00,true
2025-06-04,2025-06,FAC 0003-00042504,FAC,C9001,CONSUMIDOR FINAL,CAF-ETIOP-250,2.00,10592.00,0.00,21184.01,,21184.00,0.01,true
2025-04-14,2025-04,FAC 0003-00041316,FAC,C9002,VENTA ONLINE,CAF-BRAS-250,1.00,5657.55,0.00,5657.55,,5657.55,0.00,true
2025-06-20,2025-06,FAC 0003-00042416,FAC,C9001,CONSUMIDOR FINAL,CAF-BLEND-1K,2.00,20069.06,0.00,40138.12,,40138.12,0.00,true
2025-04-06,2025-04,FAC 0003-00041321,FAC,C9002,VENTA ONLINE,CAF-DESCA-250,3.00,7899.22,0.00,23697.67,,23697.66,0.01,true
2025-03-08,2025-03,FAC 0003-00040857,FAC,C0110,Panaderia Devoto,CAF-BLEND-1K,4.00,18800.71,35.00,48881.85,,48881.85,0.00,true
2025-02-16,2025-02,FAC 0003-00040524,FAC,C9002,VENTA ONLINE,CAF-CAPS-10,3.00,7051.80,0.00,21155.40,,21155.40,0.00,true
2025-03-15,2025-03,FAC 0003-00041017,FAC,C9002,VENTA ONLINE,CAF-BLEND-250,3.00,5849.11,0.00,17547.33,,17547.33,0.00,true
2025-01-01,2025-01,FAC 0003-00040200,FAC,C9002,VENTA ONLINE,CAF-BLEND-250,2.00,5600.00,0.00,11200.00,,11200.00,0.00,true
2025-02-17,2025-02,FAC 0003-00040726,FAC,C9001,CONSUMIDOR FINAL,CAF-BLEND-250,1.00,5723.20,0.00,5723.20,,5723.20,0.00,true
2025-06-10,2025-06,FAC 0003-00042100,FAC,C0108,Coffee Lab Colegiales,CAF-BLEND-1K,4.00,20069.06,32.00,54587.84,,54587.84,-0.00,true
2025-02-28,2025-02,FAC 0003-00040652,FAC,C9002,VENTA ONLINE,CAF-DESCA-250,1.00,7562.80,0.00,7562.80,,7562.80,0.00,true
2025-04-23,2025-04,FAC 0003-00041253,FAC,C0107,La Ventanita de Nunez II,CAF-BLEND-1K,9.00,19214.33,35.00,112403.82,,112403.83,-0.01,true
2025-03-08,2025-03,FAC 0003-00041206,FAC,C9001,CONSUMIDOR FINAL,CAF-COLOM-250,2.00,8564.77,0.00,17129.54,,17129.54,0.00,true
2025-05-23,2025-05,FAC 0003-00042014,FAC,C9001,CONSUMIDOR FINAL,CAF-BLEND-250,1.00,6109.30,0.00,6109.30,,6109.30,0.00,true
2025-02-04,2025-02,FAC 0003-00040502,FAC,C9002,VENTA ONLINE,CAF-DESCA-250,3.00,7562.80,0.00,22688.40,,22688.40,0.00,true
2025-05-06,2025-05,FAC 0003-00041761,FAC,C9002,VENTA ONLINE,CAF-COLOM-250,3.00,8945.76,0.00,26837.29,,26837.28,0.01,true
2025-06-05,2025-06,FAC 0003-00042261,FAC,C9002,VENTA ONLINE,CAF-BLEND-250,2.00,6243.71,0.00,12487.41,,12487.42,-0.01,true
2025-01-09,2025-01,FAC 0003-00040041,FAC,C0127,Cafe Parque Chas II,CAF-BLEND-1K,3.00,18000.00,32.00,36720.00,,36720.00,0.00,true
2025-04-18,2025-04,FAC 0003-00041638,FAC,C9001,CONSUMIDOR FINAL,CAF-COLOM-250,2.00,8753.19,0.00,17506.39,,17506.38,0.01,true
2025-05-12,2025-05,FAC 0003-00041697,FAC,C0139,La Ventanita de Constitucion II,CAP-FILTRO-100,6.00,3491.03,30.00,14662.33,,14662.33,0.00,true
2025-03-19,2025-03,FAC 0003-00041002,FAC,C9002,VENTA ONLINE,CAF-BRAS-250,3.00,5535.77,0.00,16607.30,,16607.31,-0.01,true
2025-06-26,2025-06,FAC 0003-00042109,FAC,C0114,Usina Boedo,CAP-FILTRO-100,4.00,3567.83,32.00,9704.50,,9704.50,0.00,true
2025-06-18,2025-06,FAC 0003-00042224,FAC,C9002,VENTA ONLINE,CAP-FILTRO-100,2.00,3567.83,0.00,7135.67,,7135.66,0.01,true
2025-05-16,2025-05,FAC 0003-00041781,FAC,C9002,VENTA ONLINE,CAF-ETIOP-250,1.00,10363.99,0.00,10363.99,,10363.99,0.00,true
2025-03-24,2025-03,FAC 0003-00040957,FAC,C9002,VENTA ONLINE,CAF-CAPS-10,3.00,7206.94,0.00,21620.82,,21620.82,0.00,true
2025-05-02,2025-05,FAC 0003-00041873,FAC,C9002,VENTA ONLINE,CAF-COLOM-250,3.00,8945.76,0.00,26837.29,,26837.28,0.01,true
2025-06-27,2025-06,FAC 0003-00042425,FAC,C9001,CONSUMIDOR FINAL,CAF-BLEND-1K,1.00,20069.06,0.00,20069.06,,20069.06,0.00,true
2025-02-26,2025-02,FAC 0003-00040471,FAC,C0138,El Almacen de Constitucion,CAF-BLEND-1K,6.00,18396.00,30.00,77263.20,M. Paz,77263.20,0.00,true
2025-01-18,2025-01,FAC 0003-00040330,FAC,C9001,CONSUMIDOR FINAL,CAF-COLOM-250,2.00,8200.00,0.00,16400.00,,16400.00,0.00,true
2025-02-28,2025-02,FAC 0003-00040417,FAC,C0001,GRANOS DEL SUR S.A.,CAF-BLEND-CJ6,4.00,104244.00,40.00,250185.60,R. Ibarra,250185.60,0.00,true
2025-04-23,2025-04,FAC 0003-00041364,FAC,C9002,VENTA ONLINE,CAP-FILTRO-100,1.00,3415.88,0.00,3415.88,,3415.88,0.00,true
2025-06-02,2025-06,FAC 0003-00042112,FAC,C0117,El Almacen de Caballito II,CAF-BLEND-1K,6.00,20069.06,32.00,81881.76,,81881.76,-0.00,true
2025-03-21,2025-03,FAC 0003-00041081,FAC,C9002,VENTA ONLINE,CAF-BLEND-250,3.00,5849.11,0.00,17547.33,,17547.33,0.00,true
2025-03-05,2025-03,FAC 0003-00041091,FAC,C9002,VENTA ONLINE,CAP-TAZA,3.00,9295.91,0.00,27887.72,,27887.73,-0.01,true
2025-02-02,2025-02,FAC 0003-00040584,FAC,C9002,VENTA ONLINE,CAF-ETIOP-250,1.00,9709.00,0.00,9709.00,,9709.00,0.00,true
2025-04-21,2025-04,FAC 0003-00041351,FAC,C9002,VENTA ONLINE,CAF-BRAS-250,3.00,5657.55,0.00,16972.66,,16972.65,0.01,true
2025-05-23,2025-05,FAC 0003-00041733,FAC,C9002,VENTA ONLINE,CAF-COLOM-250,1.00,8945.76,0.00,8945.76,,8945.76,0.00,true
2025-06-07,2025-06,FAC 0003-00042160,FAC,C9002,VENTA ONLINE,CAF-COLOM-250,1.00,9142.57,0.00,9142.57,,9142.57,0.00,true
2025-03-10,2025-03,FAC 0003-00041086,FAC,C9002,VENTA ONLINE,CAF-ETIOP-250,3.00,9922.60,0.00,29767.79,,29767.80,-0.01,true
2025-01-07,2025-01,NC 0003-00001205,NC,C0119,Coffee Lab Saavedra II,CAF-BRAS-1K,-2.00,17000.00,35.00,-22100.00,,-22100.00,0.00,true
2025-03-26,2025-03,FAC 0003-00040837,FAC,C0001,GRANOS DEL SUR S.A.,CAF-BLEND-1K,27.00,18800.71,40.00,304571.53,,304571.50,0.03,true
2025-02-19,2025-02,FAC 0003-00040549,FAC,C9002,VENTA ONLINE,CAF-BLEND-250,2.00,5723.20,0.00,11446.40,,11446.40,0.00,true
2025-06-11,2025-06,FAC 0003-00042120,FAC,C0123,La Ventanita de Almagro II,CAF-BLEND-1K,8.00,20069.06,35.00,104359.10,R. Ibarra,104359.11,-0.01,true
2025-03-27,2025-03,FAC 0003-00041233,FAC,C9001,CONSUMIDOR FINAL,CAF-COLOM-250,1.00,8564.77,0.00,8564.77,,8564.77,0.00,true
2025-05-19,2025-05,FAC 0003-00041994,FAC,C9001,CONSUMIDOR FINAL,CAP-FILTRO-100,2.00,3491.03,0.00,6982.06,,6982.06,0.00,true
2025-05-02,2025-05,FAC 0003-00041788,FAC,C9002,VENTA ONLINE,CAF-DESCA-250,1.00,8073.01,0.00,8073.01,,8073.01,0.00,true
2025-05-09,2025-05,FAC 0003-00041983,FAC,C9001,CONSUMIDOR FINAL,CAF-BLEND-250,2.00,6109.30,0.00,12218.60,,12218.60,0.00,true
2025-06-03,2025-06,FAC 0003-00042297,FAC,C9002,VENTA ONLINE,CAF-BLEND-250,1.00,6243.71,0.00,6243.71,,6243.71,0.00,true
2025-02-11,2025-02,FAC 0003-00040552,FAC,C9002,VENTA ONLINE,CAF-BLEND-250,2.00,5723.20,0.00,11446.40,,11446.40,0.00,true
2025-05-16,2025-05,FAC 0003-00041668,FAC,C0113,Bar Recoleta II,CAF-BRAS-1K,2.00,18546.10,30.00,25964.53,R. Ibarra,25964.54,-0.01,true
2025-04-26,2025-04,FAC 0003-00041366,FAC,C9002,VENTA ONLINE,CAF-DESCA-250,3.00,7899.22,0.00,23697.67,,23697.66,0.01,true
2025-03-21,2025-03,FAC 0003-00041171,FAC,C9001,CONSUMIDOR FINAL,CAF-COLOM-250,1.00,8564.77,0.00,8564.77,,8564.77,0.00,true
2025-04-04,2025-04,FAC 0003-00041294,FAC,C9002,VENTA ONLINE,CAF-BRAS-250,2.00,5657.55,0.00,11315.10,,11315.10,0.00,true
2025-05-24,2025-05,FAC 0003-00041916,FAC,C9002,VENTA ONLINE,CAF-ETIOP-250,1.00,10363.99,0.00,10363.99,,10363.99,0.00,true
2025-04-05,2025-04,FAC 0003-00041247,FAC,C0101,El Almacen de Palermo II,CAF-BLEND-1K,5.00,19214.33,35.00,62446.56,,62446.57,-0.01,true
2025-03-10,2025-03,FAC 0003-00040960,FAC,C9002,VENTA ONLINE,CAF-CAPS-10,1.00,7206.94,0.00,7206.94,,7206.94,0.00,true
2025-02-28,2025-02,FAC 0003-00040417,FAC,C0001,GRANOS DEL SUR S.A.,CAF-BRAS-1K,25.00,17374.00,40.00,260610.00,R. Ibarra,260610.00,0.00,true
2025-03-17,2025-03,FAC 0003-00040862,FAC,C0117,El Almacen de Caballito II,CAF-ETIOP-250,11.00,9922.60,32.00,74221.03,,74221.05,-0.02,true
2025-03-27,2025-03,FAC 0003-00041208,FAC,C9001,CONSUMIDOR FINAL,CAF-BLEND-1K,2.00,18800.71,0.00,37601.42,,37601.42,0.00,true
2025-01-20,2025-01,FAC 0003-00040063,FAC,C9002,VENTA ONLINE,CAP-TAZA,2.00,8900.00,0.00,17800.00,,17800.00,0.00,true
2025-04-17,2025-04,FAC 0003-00041323,FAC,C9002,VENTA ONLINE,CAP-TAZA,2.00,9500.42,0.00,19000.84,,19000.84,0.00,true
2025-03-25,2025-03,FAC 0003-00040989,FAC,C9002,VENTA ONLINE,CAF-ETIOP-250,3.00,9922.60,0.00,29767.79,,29767.80,-0.01,true
2025-02-05,2025-02,NC 0003-00001213,NC,C0123,La Ventanita de Almagro II,CAF-BRAS-1K,-4.00,17374.00,35.00,-45172.40,,-45172.40,0.00,true
2025-05-08,2025-05,FAC 0003-00042073,FAC,C9001,CONSUMIDOR FINAL,CAF-COLOM-250,1.00,8945.76,0.00,8945.76,,8945.76,0.00,true
2025-02-13,2025-02,FAC 0003-00040764,FAC,C9001,CONSUMIDOR FINAL,CAF-BLEND-1K,2.00,18396.00,0.00,36792.00,,36792.00,0.00,true
2025-02-13,2025-02,FAC 0003-00040703,FAC,C9001,CONSUMIDOR FINAL,CAF-ETIOP-250,2.00,9709.00,0.00,19418.00,,19418.00,0.00,true
2025-03-18,2025-03,FAC 0003-00040850,FAC,C0104,Tostado Villa Crespo,CAF-ETIOP-250,9.00,9922.60,35.00,58047.20,M. Paz,58047.21,-0.01,true
2025-01-25,2025-01,FAC 0003-00040155,FAC,C9002,VENTA ONLINE,CAF-DESCA-250,2.00,7400.00,0.00,14800.00,,14800.00,0.00,true
2025-02-16,2025-02,FAC 0003-00040498,FAC,C9002,VENTA ONLINE,CAF-ETIOP-250,3.00,9709.00,0.00,29127.00,,29127.00,0.00,true
2025-01-23,2025-01,FAC 0003-00040192,FAC,C9002,VENTA ONLINE,CAF-BRAS-250,2.00,5300.00,0.00,10600.00,,10600.00,0.00,true
2025-01-27,2025-01,FAC 0003-00040182,FAC,C9002,VENTA ONLINE,CAF-BLEND-250,2.00,5600.00,0.00,11200.00,,11200.00,0.00,true
2025-02-16,2025-02,FAC 0003-00040765,FAC,C9001,CONSUMIDOR FINAL,CAF-ETIOP-250,2.00,9709.00,0.00,19418.00,,19418.00,0.00,true
2025-01-22,2025-01,FAC 0003-00040289,FAC,C9001,CONSUMIDOR FINAL,CAF-BLEND-250,1.00,5600.00,0.00,5600.00,,5600.00,0.00,true
2025-02-02,2025-02,FAC 0003-00040677,FAC,C9002,VENTA ONLINE,CAF-COLOM-250,2.00,8380.40,0.00,16760.80,,16760.80,0.00,true
2025-04-01,2025-04,FAC 0003-00041553,FAC,C9001,CONSUMIDOR FINAL,CAF-BLEND-1K,1.00,19214.33,0.00,19214.33,,19214.33,0.00,true
2025-01-11,2025-01,FAC 0003-00040277,FAC,C9001,CONSUMIDOR FINAL,CAF-BLEND-250,1.00,5600.00,0.00,5600.00,,5600.00,0.00,true
2025-06-24,2025-06,FAC 0003-00042255,FAC,C9002,VENTA ONLINE,CAF-COLOM-250,3.00,9142.57,0.00,27427.71,,27427.71,0.00,true
2025-01-01,2025-01,FAC 0003-00040060,FAC,C9002,VENTA ONLINE,CAF-DESCA-250,2.00,7400.00,0.00,14800.00,,14800.00,0.00,true
2025-05-13,2025-05,FAC 0003-00041700,FAC,C9002,VENTA ONLINE,CAF-DESCA-250,2.00,8073.01,0.00,16146.01,,16146.02,-0.01,true
2025-02-03,2025-02,FAC 0003-00040540,FAC,C9002,VENTA ONLINE,CAF-BLEND-250,3.00,5723.20,0.00,17169.60,,17169.60,0.00,true
2025-01-25,2025-01,FAC 0003-00040232,FAC,C9002,VENTA ONLINE,CAF-BLEND-250,1.00,5600.00,0.00,5600.00,,5600.00,0.00,true
2025-04-18,2025-04,FAC 0003-00041310,FAC,C9002,VENTA ONLINE,CAF-COLOM-250,1.00,8753.19,0.00,8753.19,,8753.19,0.00,true
2025-02-18,2025-02,FAC 0003-00040426,FAC,C0102,Bar Belgrano,CAF-BLEND-1K,6.00,18396.00,35.00,71744.40,M. Paz,71744.40,0.00,true
2025-02-01,2025-02,FAC 0003-00040468,FAC,C0136,Tostado Villa Urquiza,CAF-BLEND-1K,6.00,18396.00,35.00,71744.40,M. Paz,71744.40,0.00,true
2025-05-08,2025-05,FAC 0003-00041878,FAC,C9002,VENTA ONLINE,CAF-COLOM-250,3.00,8945.76,0.00,26837.29,,26837.28,0.01,true
2025-02-23,2025-02,FAC 0003-00040603,FAC,C9002,VENTA ONLINE,CAF-ETIOP-250,1.00,9709.00,0.00,9709.00,,9709.00,0.00,true
2025-02-25,2025-02,FAC 0003-00040817,FAC,C9001,CONSUMIDOR FINAL,CAF-ETIOP-250,1.00,9709.00,0.00,9709.00,,9709.00,0.00,true
2025-01-06,2025-01,FAC 0003-00040402,FAC,C9001,CONSUMIDOR FINAL,CAF-BLEND-1K,1.00,18000.00,0.00,18000.00,,18000.00,0.00,true
2025-05-24,2025-05,FAC 0003-00041818,FAC,C9002,VENTA ONLINE,CAF-BLEND-250,1.00,6109.30,0.00,6109.30,,6109.30,0.00,true
2025-04-15,2025-04,FAC 0003-00041431,FAC,C9002,VENTA ONLINE,CAF-ETIOP-250,2.00,10140.90,0.00,20281.79,,20281.80,-0.01,true
2025-05-20,2025-05,FAC 0003-00042015,FAC,C9001,CONSUMIDOR FINAL,CAF-BLEND-250,2.00,6109.30,0.00,12218.60,,12218.60,0.00,true
2025-03-21,2025-03,NC 0003-00001222,NC,C0001,GRANOS DEL SUR S.A.,CAF-BLEND-1K,-9.00,18800.71,40.00,-101523.84,,-101523.83,-0.01,true
2025-03-08,2025-03,FAC 0003-00041061,FAC,C9002,VENTA ONLINE,CAF-DESCA-250,3.00,7729.18,0.00,23187.54,,23187.54,0.00,true
2025-03-04,2025-03,FAC 0003-00041006,FAC,C9002,VENTA ONLINE,CAF-BLEND-250,2.00,5849.11,0.00,11698.22,,11698.22,0.00,true
2025-06-25,2025-06,FAC 0003-00042390,FAC,C9002,VENTA ONLINE,CAF-BLEND-250,3.00,6243.71,0.00,18731.12,,18731.13,-0.01,true
2025-06-03,2025-06,FAC 0003-00042104,FAC,C0110,Panaderia Devoto,CAP-FILTRO-100,2.00,3567.83,35.00,4638.18,M. Paz,4638.18,0.00,true
2025-02-01,2025-02,FAC 0003-00040532,FAC,C9002,VENTA ONLINE,CAF-DESCA-250,3.00,7562.80,0.00,22688.40,,22688.40,0.00,true
2025-04-26,2025-04,NC 0003-00001230,NC,C0109,Usina Colegiales II,CAF-BRAS-1K,-5.00,18146.87,32.00,-61699.34,,-61699.36,0.02,true
2025-03-07,2025-03,FAC 0003-00040851,FAC,C0105,Panaderia Villa Crespo II,CAF-BLEND-1K,10.00,18800.71,32.00,127844.84,,127844.83,0.01,true
2025-06-08,2025-06,FAC 0003-00042455,FAC,C9001,CONSUMIDOR FINAL,CAF-COLOM-250,1.00,9142.57,0.00,9142.57,,9142.57,0.00,true
2025-05-17,2025-05,FAC 0003-00041863,FAC,C9002,VENTA ONLINE,CAF-COLOM-250,2.00,8945.76,0.00,17891.53,,17891.52,0.01,true
2025-05-13,2025-05,FAC 0003-00041840,FAC,C9002,VENTA ONLINE,CAF-CAPS-10,3.00,7527.53,0.00,22582.60,,22582.59,0.01,true
2025-06-11,2025-06,FAC 0003-00042359,FAC,C9002,VENTA ONLINE,CAF-COLOM-250,2.00,9142.57,0.00,18285.14,,18285.14,0.00,true
2025-02-20,2025-02,FAC 0003-00040772,FAC,C9001,CONSUMIDOR FINAL,CAF-COLOM-250,1.00,8380.40,0.00,8380.40,,8380.40,0.00,true
2025-01-02,2025-01,FAC 0003-00040135,FAC,C9002,VENTA ONLINE,CAF-DESCA-250,2.00,7400.00,0.00,14800.00,,14800.00,0.00,true
2025-05-28,2025-05,FAC 0003-00041897,FAC,C9002,VENTA ONLINE,CAF-ETIOP-250,1.00,10363.99,0.00,10363.99,,10363.99,0.00,true
2025-01-16,2025-01,FAC 0003-00040014,FAC,C0103,Coffee Lab Belgrano II,CAF-BLEND-1K,9.00,18000.00,35.00,105300.00,R. Ibarra,105300.00,0.00,true
2025-01-25,2025-01,FAC 0003-00040343,FAC,C9001,CONSUMIDOR FINAL,CAF-BLEND-250,1.00,5600.00,0.00,5600.00,,5600.00,0.00,true
2025-03-10,2025-03,FAC 0003-00040846,FAC,C0101,El Almacen de Palermo II,CAP-FILTRO-100,4.00,3342.35,35.00,8690.11,M. Paz,8690.11,0.00,true
2025-01-25,2025-01,FAC 0003-00040280,FAC,C9001,CONSUMIDOR FINAL,CAF-BLEND-1K,1.00,18000.00,0.00,18000.00,,18000.00,0.00,true
2025-01-04,2025-01,FAC 0003-00040115,FAC,C9002,VENTA ONLINE,CAF-ETIOP-250,1.00,9500.00,0.00,9500.00,,9500.00,0.00,true
2025-02-27,2025-02,FAC 0003-00040495,FAC,C9002,VENTA ONLINE,CAF-BLEND-250,3.00,5723.20,0.00,17169.60,,17169.60,0.00,true
2025-03-20,2025-03,FAC 0003-00040992,FAC,C9002,VENTA ONLINE,CAF-ETIOP-250,2.00,9922.60,0.00,19845.20,,19845.20,0.00,true
2025-03-12,2025-03,FAC 0003-00041125,FAC,C9001,CONSUMIDOR FINAL,CAF-ETIOP-250,2.00,9922.60,0.00,19845.20,,19845.20,0.00,true
2025-03-03,2025-03,FAC 0003-00041166,FAC,C9001,CONSUMIDOR FINAL,CAF-ETIOP-250,1.00,9922.60,0.00,9922.60,,9922.60,0.00,true
2025-05-27,2025-05,FAC 0003-00041749,FAC,C9002,VENTA ONLINE,CAF-BRAS-250,1.00,5782.02,0.00,5782.02,,5782.02,0.00,true
2025-01-03,2025-01,FAC 0003-00040183,FAC,C9002,VENTA ONLINE,CAF-BRAS-250,2.00,5300.00,0.00,10600.00,,10600.00,0.00,true
2025-03-26,2025-03,FAC 0003-00041149,FAC,C9001,CONSUMIDOR FINAL,CAF-COLOM-250,2.00,8564.77,0.00,17129.54,,17129.54,0.00,true
2025-02-06,2025-02,FAC 0003-00040769,FAC,C9001,CONSUMIDOR FINAL,CAF-ETIOP-250,1.00,9709.00,0.00,9709.00,,9709.00,0.00,true
2025-01-09,2025-01,FAC 0003-00040099,FAC,C9002,VENTA ONLINE,CAF-BRAS-250,3.00,5300.00,0.00,15900.00,,15900.00,0.00,true
2025-06-01,2025-06,FAC 0003-00042181,FAC,C9002,VENTA ONLINE,CAF-DESCA-250,3.00,8250.61,0.00,24751.84,,24751.83,0.01,true
2025-02-28,2025-02,FAC 0003-00040609,FAC,C9002,VENTA ONLINE,CAF-ETIOP-250,3.00,9709.00,0.00,29127.00,,29127.00,0.00,true
2025-02-09,2025-02,FAC 0003-00040435,FAC,C0111,Cafe Devoto II,CAF-BRAS-1K,6.00,17374.00,35.00,67758.60,R. Ibarra,67758.60,0.00,true
2025-05-04,2025-05,FAC 0003-00041850,FAC,C9002,VENTA ONLINE,CAF-BLEND-250,3.00,6109.30,0.00,18327.91,,18327.90,0.01,true
2025-06-01,2025-06,FAC 0003-00042090,FAC,C0101,El Almacen de Palermo II,CAP-FILTRO-100,6.00,3567.83,35.00,13914.55,,13914.54,0.01,true
2025-02-13,2025-02,FAC 0003-00040533,FAC,C9002,VENTA ONLINE,CAF-COLOM-250,3.00,8380.40,0.00,25141.20,,25141.20,0.00,true
2025-01-21,2025-01,FAC 0003-00040211,FAC,C9002,VENTA ONLINE,CAF-BLEND-250,3.00,5600.00,0.00,16800.00,,16800.00,0.00,true
2025-05-03,2025-05,FAC 0003-00041956,FAC,C9001,CONSUMIDOR FINAL,CAF-BLEND-1K,1.00,19637.04,0.00,19637.04,,19637.04,0.00,true
2025-06-07,2025-06,FAC 0003-00042476,FAC,C9001,CONSUMIDOR FINAL,CAF-BLEND-250,1.00,6243.71,0.00,6243.71,,6243.71,0.00,true
2025-06-04,2025-06,FAC 0003-00042085,FAC,C0001,GRANOS DEL SUR S.A.,CAF-BLEND-CJ6,5.00,113724.66,40.00,341173.98,R. Ibarra,341173.98,0.00,true
2025-05-12,2025-05,FAC 0003-00041691,FAC,C0134,Bar Agronomia,CAF-BLEND-1K,5.00,19637.04,35.00,63820.39,M. Paz,63820.38,0.01,true
2025-02-23,2025-02,FAC 0003-00040603,FAC,C9002,VENTA ONLINE,CAF-DESCA-250,1.00,7562.80,0.00,7562.80,,7562.80,0.00,true
2025-01-07,2025-01,FAC 0003-00040075,FAC,C9002,VENTA ONLINE,CAF-ETIOP-250,2.00,9500.00,0.00,19000.00,,19000.00,0.00,true
2025-03-25,2025-03,FAC 0003-00040950,FAC,C9002,VENTA ONLINE,CAF-COLOM-250,3.00,8564.77,0.00,25694.31,,25694.31,0.00,true
2025-05-06,2025-05,FAC 0003-00041688,FAC,C0131,Tostado Coghlan II,CAF-BLEND-1K,3.00,19637.04,35.00,38292.23,R. Ibarra,38292.23,0.00,true
2025-03-13,2025-03,FAC 0003-00040865,FAC,C0119,Coffee Lab Saavedra II,CAF-ETIOP-250,9.00,9922.60,35.00,58047.20,,58047.21,-0.01,true
2025-02-04,2025-02,FAC 0003-00040681,FAC,C9002,VENTA ONLINE,CAF-ETIOP-250,2.00,9709.00,0.00,19418.00,,19418.00,0.00,true
2025-06-12,2025-06,FAC 0003-00042097,FAC,C0105,Panaderia Villa Crespo II,CAF-BLEND-1K,3.00,20069.06,32.00,40940.88,R. Ibarra,40940.88,-0.00,true
2025-05-23,2025-05,FAC 0003-00041826,FAC,C9002,VENTA ONLINE,CAF-COLOM-250,3.00,8945.76,0.00,26837.29,,26837.28,0.01,true
2025-01-09,2025-01,FAC 0003-00040041,FAC,C0127,Cafe Parque Chas II,CAF-BRAS-1K,2.00,17000.00,32.00,23120.00,,23120.00,0.00,true
2025-04-15,2025-04,FAC 0003-00041428,FAC,C9002,VENTA ONLINE,CAF-DESCA-250,1.00,7899.22,0.00,7899.22,,7899.22,0.00,true
2025-03-23,2025-03,FAC 0003-00040879,FAC,C0132,Cafe Barracas,CAF-BRAS-1K,7.00,17756.23,35.00,80790.84,M. Paz,80790.85,-0.01,true
2025-04-07,2025-04,FAC 0003-00041330,FAC,C9002,VENTA ONLINE,CAF-ETIOP-250,2.00,10140.90,0.00,20281.79,,20281.80,-0.01,true
2025-04-08,2025-04,FAC 0003-00041252,FAC,C0106,El Almacen de Nunez,CAF-ETIOP-250,11.00,10140.90,30.00,78084.89,M. Paz,78084.93,-0.04,true
2025-03-02,2025-03,FAC 0003-00040912,FAC,C9002,VENTA ONLINE,CAP-TAZA,3.00,9295.91,0.00,27887.72,,27887.73,-0.01,true
2025-02-09,2025-02,FAC 0003-00040580,FAC,C9002,VENTA ONLINE,CAF-COLOM-250,1.00,8380.40,0.00,8380.40,,8380.40,0.00,true
2025-02-25,2025-02,FAC 0003-00040514,FAC,C9002,VENTA ONLINE,CAF-COLOM-250,2.00,8380.40,0.00,16760.80,,16760.80,0.00,true
2025-05-26,2025-05,FAC 0003-00041964,FAC,C9001,CONSUMIDOR FINAL,CAF-COLOM-250,2.00,8945.76,0.00,17891.53,,17891.52,0.01,true
2025-04-08,2025-04,FAC 0003-00041560,FAC,C9001,CONSUMIDOR FINAL,CAP-FILTRO-100,1.00,3415.88,0.00,3415.88,,3415.88,0.00,true
2025-03-22,2025-03,FAC 0003-00041016,FAC,C9002,VENTA ONLINE,CAF-BRAS-250,1.00,5535.77,0.00,5535.77,,5535.77,0.00,true
2025-02-08,2025-02,FAC 0003-00040519,FAC,C9002,VENTA ONLINE,CAF-BLEND-250,3.00,5723.20,0.00,17169.60,,17169.60,0.00,true
2025-03-11,2025-03,NC 0003-00001218,NC,C0115,Tostado Boedo II,CAF-BRAS-1K,-4.00,17756.23,30.00,-49717.44,,-49717.44,0.00,true
2025-03-17,2025-03,FAC 0003-00041214,FAC,C9001,CONSUMIDOR FINAL,CAF-BLEND-1K,2.00,18800.71,0.00,37601.42,,37601.42,0.00,true
2025-01-16,2025-01,FAC 0003-00040025,FAC,C0112,La Ventanita de Recoleta,CAF-BRAS-1K,5.00,17000.00,35.00,55250.00,M. Paz,55250.00,0.00,true
2025-06-15,2025-06,FAC 0003-00042086,FAC,C0001,GRANOS DEL SUR S.A.,BLEND1K,60.00,20069.06,40.00,722486.08,,722486.16,-0.08,true
2025-04-25,2025-04,FAC 0003-00041279,FAC,C0132,Cafe Barracas,CAP-FILTRO-100,5.00,3415.88,35.00,11101.61,R. Ibarra,11101.61,0.00,true
2025-05-23,2025-05,FAC 0003-00041785,FAC,C9002,VENTA ONLINE,CAF-COLOM-250,1.00,8945.76,0.00,8945.76,,8945.76,0.00,true
2025-03-16,2025-03,FAC 0003-00040894,FAC,C9002,VENTA ONLINE,CAF-ETIOP-250,3.00,9922.60,0.00,29767.79,,29767.80,-0.01,true
2025-04-15,2025-04,FAC 0003-00041434,FAC,C9002,VENTA ONLINE,CAF-COLOM-250,1.00,8753.19,0.00,8753.19,,8753.19,0.00,true
2025-06-09,2025-06,FAC 0003-00042362,FAC,C9002,VENTA ONLINE,CAF-BLEND-250,3.00,6243.71,0.00,18731.12,,18731.13,-0.01,true
2025-05-13,2025-05,FAC 0003-00041734,FAC,C9002,VENTA ONLINE,CAF-BLEND-250,2.00,6109.30,0.00,12218.60,,12218.60,0.00,true
2025-06-17,2025-06,FAC 0003-00042376,FAC,C9002,VENTA ONLINE,CAF-ETIOP-250,3.00,10592.00,0.00,31776.01,,31776.00,0.01,true
2025-01-03,2025-01,FAC 0003-00040252,FAC,C9002,VENTA ONLINE,CAF-DESCA-250,2.00,7400.00,0.00,14800.00,,14800.00,0.00,true
2025-04-03,2025-04,FAC 0003-00041355,FAC,C9002,VENTA ONLINE,CAF-ETIOP-250,1.00,10140.90,0.00,10140.90,,10140.90,0.00,true
2025-06-09,2025-06,FAC 0003-00042366,FAC,C9002,VENTA ONLINE,CAF-COLOM-250,1.00,9142.57,0.00,9142.57,,9142.57,0.00,true
2025-02-08,2025-02,FAC 0003-00040727,FAC,C9001,CONSUMIDOR FINAL,CAF-BLEND-1K,2.00,18396.00,0.00,36792.00,,36792.00,0.00,true
2025-06-19,2025-06,FAC 0003-00042229,FAC,C9002,VENTA ONLINE,CAF-BLEND-250,2.00,6243.71,0.00,12487.41,,12487.42,-0.01,true
2025-02-04,2025-02,FAC 0003-00040774,FAC,C9001,CONSUMIDOR FINAL,CAP-FILTRO-100,2.00,3270.40,0.00,6540.80,,6540.80,0.00,true
2025-02-14,2025-02,FAC 0003-00040431,FAC,C0107,La Ventanita de Nunez II,CAP-FILTRO-100,4.00,3270.40,35.00,8503.04,R. Ibarra,8503.04,0.00,true
2025-04-27,2025-04,FAC 0003-00041365,FAC,C9002,VENTA ONLINE,CAF-COLOM-250,3.00,8753.19,0.00,26259.58,,26259.57,0.01,true
2025-02-15,2025-02,FAC 0003-00040574,FAC,C9002,VENTA ONLINE,CAF-ETIOP-250,2.00,9709.00,0.00,19418.00,,19418.00,0.00,true
2025-06-14,2025-06,FAC 0003-00042398,FAC,C9002,VENTA ONLINE,CAF-COLOM-250,1.00,9142.57,0.00,9142.57,,9142.57,0.00,true
2025-01-26,2025-01,FAC 0003-00040413,FAC,C9001,CONSUMIDOR FINAL,CAF-BLEND-1K,2.00,18000.00,0.00,36000.00,,36000.00,0.00,true
2025-04-22,2025-04,FAC 0003-00041614,FAC,C9001,CONSUMIDOR FINAL,CAF-BLEND-250,2.00,5977.79,0.00,11955.58,,11955.58,0.00,true
2025-05-11,2025-05,FAC 0003-00041742,FAC,C9002,VENTA ONLINE,CAF-ETIOP-250,2.00,10363.99,0.00,20727.99,,20727.98,0.01,true
2025-04-25,2025-04,FAC 0003-00041317,FAC,C9002,VENTA ONLINE,CAF-COLOM-250,3.00,8753.19,0.00,26259.58,,26259.57,0.01,true
2025-01-25,2025-01,FAC 0003-00040134,FAC,C9002,VENTA ONLINE,CAF-CAPS-10,1.00,6900.00,0.00,6900.00,,6900.00,0.00,true
2025-03-19,2025-03,FAC 0003-00040871,FAC,C0126,Panaderia Parque Chas,CAF-ETIOP-250,4.00,9922.60,32.00,26989.47,M. Paz,26989.47,-0.00,true
2025-06-21,2025-06,FAC 0003-00042391,FAC,C9002,VENTA ONLINE,CAF-ETIOP-250,2.00,10592.00,0.00,21184.01,,21184.00,0.01,true
2025-05-02,2025-05,FAC 0003-00041699,FAC,C9002,VENTA ONLINE,CAP-TAZA,3.00,9709.43,0.00,29128.28,,29128.29,-0.01,true
2025-02-21,2025-02,FAC 0003-00040570,FAC,C9002,VENTA ONLINE,CAF-ETIOP-250,3.00,9709.00,0.00,29127.00,,29127.00,0.00,true
2025-05-21,2025-05,FAC 0003-00041755,FAC,C9002,VENTA ONLINE,CAF-COLOM-250,3.00,8945.76,0.00,26837.29,,26837.28,0.01,true
2025-05-03,2025-05,FAC 0003-00041759,FAC,C9002,VENTA ONLINE,CAF-ETIOP-250,3.00,10363.99,0.00,31091.98,,31091.97,0.01,true
2025-02-06,2025-02,FAC 0003-00040504,FAC,C9002,VENTA ONLINE,CAF-COLOM-250,1.00,8380.40,0.00,8380.40,,8380.40,0.00,true
2025-05-14,2025-05,FAC 0003-00041756,FAC,C9002,VENTA ONLINE,CAF-BRAS-250,1.00,5782.02,0.00,5782.02,,5782.02,0.00,true
2025-02-28,2025-02,FAC 0003-00040643,FAC,C9002,VENTA ONLINE,CAF-COLOM-250,1.00,8380.40,0.00,8380.40,,8380.40,0.00,true
2025-05-28,2025-05,FAC 0003-00041897,FAC,C9002,VENTA ONLINE,CAP-FILTRO-100,1.00,3491.03,0.00,3491.03,,3491.03,0.00,true
2025-06-25,2025-06,FAC 0003-00042292,FAC,C9002,VENTA ONLINE,CAF-BRAS-250,2.00,5909.22,0.00,11818.45,,11818.44,0.01,true
2025-01-02,2025-01,FAC 0003-00040241,FAC,C9002,VENTA ONLINE,CAF-COLOM-250,2.00,8200.00,0.00,16400.00,,16400.00,0.00,true
2025-02-14,2025-02,FAC 0003-00040444,FAC,C0119,Coffee Lab Saavedra II,CAF-BRAS-1K,3.00,17374.00,35.00,33879.30,M. Paz,33879.30,0.00,true
2025-04-23,2025-04,FAC 0003-00041498,FAC,C9002,VENTA ONLINE,CAF-CAPS-10,1.00,7365.49,0.00,7365.49,,7365.49,0.00,true
2025-05-12,2025-05,FAC 0003-00041690,FAC,C0134,Bar Agronomia,CAF-BLEND-1K,3.00,19637.04,35.00,38292.23,R. Ibarra,38292.23,0.00,true
2025-04-28,2025-04,FAC 0003-00041488,FAC,C9002,VENTA ONLINE,CAF-COLOM-250,1.00,8753.19,0.00,8753.19,,8753.19,0.00,true
2025-03-20,2025-03,FAC 0003-00041114,FAC,C9002,VENTA ONLINE,CAF-ETIOP-250,3.00,9922.60,0.00,29767.79,,29767.80,-0.01,true
2025-04-10,2025-04,FAC 0003-00041474,FAC,C9002,VENTA ONLINE,CAF-BLEND-250,2.00,5977.79,0.00,11955.58,,11955.58,0.00,true
2025-06-25,2025-06,FAC 0003-00042358,FAC,C9002,VENTA ONLINE,CAF-ETIOP-250,3.00,10592.00,0.00,31776.01,,31776.00,0.01,true
2025-04-12,2025-04,FAC 0003-00041318,FAC,C9002,VENTA ONLINE,CAF-BLEND-250,2.00,5977.79,0.00,11955.58,,11955.58,0.00,true
2025-06-02,2025-06,FAC 0003-00042106,FAC,C0112,La Ventanita de Recoleta,CAF-BLEND-1K,5.00,20069.06,35.00,65224.44,,65224.45,-0.01,true
2025-04-19,2025-04,FAC 0003-00041405,FAC,C9002,VENTA ONLINE,CAF-COLOM-250,3.00,8753.19,0.00,26259.58,,26259.57,0.01,true
2025-01-18,2025-01,FAC 0003-00040053,FAC,C0139,La Ventanita de Constitucion II,CAP-FILTRO-100,4.00,3200.00,30.00,8960.00,R. Ibarra,8960.00,0.00,true
2025-02-25,2025-02,FAC 0003-00040815,FAC,C9001,CONSUMIDOR FINAL,CAF-BLEND-1K,2.00,18396.00,0.00,36792.00,,36792.00,0.00,true
2025-06-10,2025-06,FAC 0003-00042361,FAC,C9002,VENTA ONLINE,CAF-BRAS-250,3.00,5909.22,0.00,17727.67,,17727.66,0.01,true
2025-05-21,2025-05,FAC 0003-00041647,FAC,C0001,GRANOS DEL SUR S.A.,CAF-BLEND-1K,33.00,19637.04,40.00,388813.45,R. Ibarra,388813.39,0.06,true
2025-03-19,2025-03,FAC 0003-00041034,FAC,C9002,VENTA ONLINE,CAF-ETIOP-250,1.00,9922.60,0.00,9922.60,,9922.60,0.00,true
2025-05-06,2025-05,FAC 0003-00041986,FAC,C9001,CONSUMIDOR FINAL,CAP-FILTRO-100,2.00,3491.03,0.00,6982.06,,6982.06,0.00,true
2025-06-06,2025-06,FAC 0003-00042337,FAC,C9002,VENTA ONLINE,CAF-BRAS-250,1.00,5909.22,0.00,5909.22,,5909.22,0.00,true
2025-03-05,2025-03,FAC 0003-00041078,FAC,C9002,VENTA ONLINE,CAF-BLEND-250,1.00,5849.11,0.00,5849.11,,5849.11,0.00,true
2025-03-20,2025-03,FAC 0003-00041041,FAC,C9002,VENTA ONLINE,CAP-FILTRO-100,2.00,3342.35,0.00,6684.70,,6684.70,0.00,true
2025-06-09,2025-06,FAC 0003-00042375,FAC,C9002,VENTA ONLINE,CAF-COLOM-250,3.00,9142.57,0.00,27427.71,,27427.71,0.00,true
2025-02-17,2025-02,FAC 0003-00040578,FAC,C9002,VENTA ONLINE,CAF-DESCA-250,2.00,7562.80,0.00,15125.60,,15125.60,0.00,true
2025-05-23,2025-05,FAC 0003-00041645,FAC,C0001,GRANOS DEL SUR S.A.,CAF-BRAS-1K,22.00,18546.10,40.00,244808.47,,244808.52,-0.05,true
2025-01-10,2025-01,FAC 0003-00040283,FAC,C9001,CONSUMIDOR FINAL,CAF-ETIOP-250,1.00,9500.00,0.00,9500.00,,9500.00,0.00,true
2025-03-23,2025-03,FAC 0003-00040951,FAC,C9002,VENTA ONLINE,CAP-TAZA,3.00,9295.91,0.00,27887.72,,27887.73,-0.01,true
2025-04-23,2025-04,FAC 0003-00041456,FAC,C9002,VENTA ONLINE,CAF-DESCA-250,2.00,7899.22,0.00,15798.45,,15798.44,0.01,true
2025-01-14,2025-01,FAC 0003-00040196,FAC,C9002,VENTA ONLINE,CAF-BLEND-250,2.00,5600.00,0.00,11200.00,,11200.00,0.00,true
2025-02-22,2025-02,FAC 0003-00040448,FAC,C0121,Panaderia Chacarita II,CAP-FILTRO-100,5.00,3270.40,35.00,10628.80,M. Paz,10628.80,0.00,true
2025-06-06,2025-06,FAC 0003-00042267,FAC,C9002,VENTA ONLINE,CAF-ETIOP-250,2.00,10592.00,0.00,21184.01,,21184.00,0.01,true
2025-06-08,2025-06,FAC 0003-00042089,FAC,C0100,Cafe Palermo,CAF-BRAS-1K,4.00,18954.11,32.00,51555.18,R. Ibarra,51555.18,0.00,true
2025-03-24,2025-03,FAC 0003-00040995,FAC,C9002,VENTA ONLINE,CAF-ETIOP-250,3.00,9922.60,0.00,29767.79,,29767.80,-0.01,true
2025-04-24,2025-04,FAC 0003-00041422,FAC,C9002,VENTA ONLINE,CAF-BLEND-250,1.00,5977.79,0.00,5977.79,,5977.79,0.00,true
2025-05-04,2025-05,FAC 0003-00042061,FAC,C9001,CONSUMIDOR FINAL,CAF-ETIOP-250,2.00,10363.99,0.00,20727.99,,20727.98,0.01,true
2025-05-24,2025-05,FAC 0003-00041984,FAC,C9001,CONSUMIDOR FINAL,CAF-ETIOP-250,2.00,10363.99,0.00,20727.99,,20727.98,0.01,true
2025-04-11,2025-04,FAC 0003-00041484,FAC,C9002,VENTA ONLINE,CAF-DESCA-250,3.00,7899.22,0.00,23697.67,,23697.66,0.01,true
2025-02-21,2025-02,FAC 0003-00040570,FAC,C9002,VENTA ONLINE,CAF-COLOM-250,2.00,8380.40,0.00,16760.80,,16760.80,0.00,true
2025-02-17,2025-02,FAC 0003-00040723,FAC,C9001,CONSUMIDOR FINAL,CAF-COLOM-250,2.00,8380.40,0.00,16760.80,,16760.80,0.00,true
2025-04-01,2025-04,FAC 0003-00041641,FAC,C9001,CONSUMIDOR FINAL,CAF-ETIOP-250,2.00,10140.90,0.00,20281.79,,20281.80,-0.01,true
2025-03-08,2025-03,FAC 0003-00040842,FAC,C0001,GRANOS DEL SUR S.A.,CAF-BLEND-1K,53.00,18800.71,40.00,597862.64,R. Ibarra,597862.58,0.06,true
2025-03-14,2025-03,FAC 0003-00041099,FAC,C9002,VENTA ONLINE,CAF-BRAS-250,1.00,5535.77,0.00,5535.77,,5535.77,0.00,true
2025-04-20,2025-04,FAC 0003-00041328,FAC,C9002,VENTA ONLINE,CAP-TAZA,1.00,9500.42,0.00,9500.42,,9500.42,0.00,true
2025-03-21,2025-03,FAC 0003-00040997,FAC,C9002,VENTA ONLINE,CAF-COLOM-250,2.00,8564.77,0.00,17129.54,,17129.54,0.00,true
2025-01-09,2025-01,FAC 0003-00040087,FAC,C9002,VENTA ONLINE,CAF-CAPS-10,1.00,6900.00,0.00,6900.00,,6900.00,0.00,true
2025-02-23,2025-02,FAC 0003-00040603,FAC,C9002,VENTA ONLINE,CAF-BLEND-250,3.00,5723.20,0.00,17169.60,,17169.60,0.00,true
2025-06-01,2025-06,FAC 0003-00042092,FAC,C0102,Bar Belgrano,CAF-BLEND-1K,3.00,20069.06,35.00,39134.66,,39134.67,-0.01,true
2025-06-07,2025-06,FAC 0003-00042378,FAC,C9002,VENTA ONLINE,CAF-BLEND-250,1.00,6243.71,0.00,6243.71,,6243.71,0.00,true
2025-02-03,2025-02,FAC 0003-00040449,FAC,C0123,La Ventanita de Almagro II,CAF-ETIOP-250,9.00,9709.00,35.00,56797.65,M. Paz,56797.65,0.00,true
2025-03-05,2025-03,FAC 0003-00041237,FAC,C9001,CONSUMIDOR FINAL,CAF-BLEND-1K,1.00,18800.71,0.00,18800.71,,18800.71,0.00,true
2025-03-27,2025-03,FAC 0003-00040976,FAC,C9002,VENTA ONLINE,CAF-COLOM-250,2.00,8564.77,0.00,17129.54,,17129.54,0.00,true
2025-05-19,2025-05,NC 0003-00001235,NC,C0001,GRANOS DEL SUR S.A.,CAF-BLEND-1K,-8.00,19637.04,40.00,-94257.81,,-94257.79,-0.02,true
2025-02-07,2025-02,FAC 0003-00040419,FAC,C0001,GRANOS DEL SUR S.A.,CAF-BLEND-CJ6,4.00,104244.00,40.00,250185.60,M. Paz,250185.60,0.00,true
2025-02-19,2025-02,FAC 0003-00040564,FAC,C9002,VENTA ONLINE,CAF-COLOM-250,3.00,8380.40,0.00,25141.20,,25141.20,0.00,true
2025-04-08,2025-04,FAC 0003-00041494,FAC,C9002,VENTA ONLINE,CAF-BRAS-250,1.00,5657.55,0.00,5657.55,,5657.55,0.00,true
2025-02-27,2025-02,FAC 0003-00040828,FAC,C9001,CONSUMIDOR FINAL,CAF-BLEND-1K,1.00,18396.00,0.00,18396.00,,18396.00,0.00,true
2025-01-15,2025-01,FAC 0003-00040316,FAC,C9001,CONSUMIDOR FINAL,CAP-FILTRO-100,1.00,3200.00,0.00,3200.00,,3200.00,0.00,true
2025-03-03,2025-03,FAC 0003-00041008,FAC,C9002,VENTA ONLINE,CAF-BRAS-250,2.00,5535.77,0.00,11071.53,,11071.54,-0.01,true
2025-04-21,2025-04,FAC 0003-00041523,FAC,C9002,VENTA ONLINE,CAF-ETIOP-250,1.00,10140.90,0.00,10140.90,,10140.90,0.00,true
2025-05-10,2025-05,FAC 0003-00041650,FAC,C0001,GRANOS DEL SUR S.A.,CAF-BLEND-1K,37.00,19637.04,40.00,435942.35,R. Ibarra,435942.29,0.06,true
2025-06-17,2025-06,FAC 0003-00042095,FAC,C0104,Tostado Villa Crespo,CAF-BRAS-1K,2.00,18954.11,35.00,24640.34,R. Ibarra,24640.34,-0.00,true
2025-05-07,2025-05,FAC 0003-00041727,FAC,C9002,VENTA ONLINE,CAF-BLEND-250,1.00,6109.30,0.00,6109.30,,6109.30,0.00,true
2025-04-21,2025-04,FAC 0003-00041388,FAC,C9002,VENTA ONLINE,CAF-DESCA-250,1.00,7899.22,0.00,7899.22,,7899.22,0.00,true
2025-01-27,2025-01,FAC 0003-00040208,FAC,C9002,VENTA ONLINE,CAF-COLOM-250,2.00,8200.00,0.00,16400.00,,16400.00,0.00,true
2025-06-14,2025-06,FAC 0003-00042132,FAC,C0133,El Almacen de Barracas II,CAF-BRAS-1K,2.00,18954.11,35.00,24640.34,M. Paz,24640.34,-0.00,true
2025-03-06,2025-03,FAC 0003-00041187,FAC,C9001,CONSUMIDOR FINAL,CAF-COLOM-250,2.00,8564.77,0.00,17129.54,,17129.54,0.00,true
2025-02-20,2025-02,FAC 0003-00040629,FAC,C9002,VENTA ONLINE,CAF-BRAS-250,1.00,5416.60,0.00,5416.60,,5416.60,0.00,true
2025-01-09,2025-01,FAC 0003-00040039,FAC,C0125,Usina Flores II,CAF-BLEND-1K,8.00,18000.00,32.00,97920.00,M. Paz,97920.00,0.00,true
2025-03-06,2025-03,FAC 0003-00040913,FAC,C9002,VENTA ONLINE,CAF-BRAS-250,3.00,5535.77,0.00,16607.30,,16607.31,-0.01,true
2025-03-04,2025-03,FAC 0003-00040937,FAC,C9002,VENTA ONLINE,CAF-BLEND-250,3.00,5849.11,0.00,17547.33,,17547.33,0.00,true
2025-05-28,2025-05,FAC 0003-00041940,FAC,C9002,VENTA ONLINE,CAF-COLOM-250,2.00,8945.76,0.00,17891.53,,17891.52,0.01,true
2025-01-15,2025-01,FAC 0003-00040130,FAC,C9002,VENTA ONLINE,CAF-COLOM-250,2.00,8200.00,0.00,16400.00,,16400.00,0.00,true
2025-02-06,2025-02,FAC 0003-00040717,FAC,C9001,CONSUMIDOR FINAL,CAF-BLEND-1K,1.00,18396.00,0.00,18396.00,,18396.00,0.00,true
2025-04-06,2025-04,FAC 0003-00041621,FAC,C9001,CONSUMIDOR FINAL,CAF-BLEND-250,2.00,5977.79,0.00,11955.58,,11955.58,0.00,true
2025-05-08,2025-05,FAC 0003-00041666,FAC,C0111,Cafe Devoto II,CAF-BLEND-1K,7.00,19637.04,35.00,89348.55,M. Paz,89348.53,0.02,true
2025-05-10,2025-05,FAC 0003-00041921,FAC,C9002,VENTA ONLINE,CAF-BLEND-250,2.00,6109.30,0.00,12218.60,,12218.60,0.00,true
2025-04-18,2025-04,FAC 0003-00041310,FAC,C9002,VENTA ONLINE,CAF-DESCA-250,3.00,7899.22,0.00,23697.67,,23697.66,0.01,true
2025-05-09,2025-05,FAC 0003-00041644,FAC,C0001,GRANOS DEL SUR S.A.,CAF-BLEND-1K,56.00,19637.04,40.00,659804.64,M. Paz,659804.54,0.10,true
2025-02-13,2025-02,FAC 0003-00040824,FAC,C9001,CONSUMIDOR FINAL,CAF-BLEND-250,2.00,5723.20,0.00,11446.40,,11446.40,0.00,true
2025-02-21,2025-02,FAC 0003-00040528,FAC,C9002,VENTA ONLINE,CAF-BLEND-250,1.00,5723.20,0.00,5723.20,,5723.20,0.00,true
2025-05-06,2025-05,FAC 0003-00041688,FAC,C0131,Tostado Coghlan II,CAF-BRAS-1K,4.00,18546.10,35.00,48219.85,R. Ibarra,48219.86,-0.01,true
2025-06-26,2025-06,FAC 0003-00042088,FAC,C0001,GRANOS DEL SUR S.A.,CAF-BRAS-1K,11.00,18954.11,40.00,125097.13,R. Ibarra,125097.13,0.00,true
2025-04-11,2025-04,FAC 0003-00041271,FAC,C0125,Usina Flores II,CAF-BLEND-1K,10.00,19214.33,32.00,130657.43,,130657.44,-0.01,true
2025-05-08,2025-05,FAC 0003-00041656,FAC,C0104,Tostado Villa Crespo,CAP-FILTRO-100,3.00,3491.03,35.00,6807.51,,6807.51,0.00,true
2025-04-20,2025-04,FAC 0003-00041283,FAC,C0135,Coffee Lab Agronomia II,CAF-BRAS-1K,2.00,18146.87,30.00,25405.61,R. Ibarra,25405.62,-0.01,true
2025-06-17,2025-06,FAC 0003-00042143,FAC,C9002,VENTA ONLINE,CAP-FILTRO-100,1.00,3567.83,0.00,3567.83,,3567.83,0.00,true
2025-03-09,2025-03,FAC 0003-00040911,FAC,C9002,VENTA ONLINE,CAF-DESCA-250,2.00,7729.18,0.00,15458.36,,15458.36,0.00,true
2025-05-14,2025-05,FAC 0003-00041926,FAC,C9002,VENTA ONLINE,CAF-ETIOP-250,3.00,10363.99,0.00,31091.98,,31091.97,0.01,true
2025-04-25,2025-04,FAC 0003-00041276,FAC,C0129,Bar San Telmo II,CAF-BLEND-1K,9.00,19214.33,32.00,117591.69,,117591.70,-0.01,true
2025-05-14,2025-05,FAC 0003-00041702,FAC,C9002,VENTA ONLINE,CAF-ETIOP-250,1.00,10363.99,0.00,10363.99,,10363.99,0.00,true
2025-04-23,2025-04,FAC 0003-00041456,FAC,C9002,VENTA ONLINE,CAF-COLOM-250,3.00,8753.19,0.00,26259.58,,26259.57,0.01,true
2025-02-13,2025-02,FAC 0003-00040575,FAC,C9002,VENTA ONLINE,CAF-BRAS-250,2.00,5416.60,0.00,10833.20,,10833.20,0.00,true
2025-01-09,2025-01,FAC 0003-00040039,FAC,C0125,Usina Flores II,CAF-ETIOP-250,5.00,9500.00,32.00,32300.00,M. Paz,32300.00,0.00,true
2025-01-18,2025-01,FAC 0003-00040360,FAC,C9001,CONSUMIDOR FINAL,CAF-BLEND-250,2.00,5600.00,0.00,11200.00,,11200.00,0.00,true
2025-03-25,2025-03,FAC 0003-00040975,FAC,C9002,VENTA ONLINE,CAF-DESCA-250,3.00,7729.18,0.00,23187.54,,23187.54,0.00,true
2025-05-24,2025-05,FAC 0003-00041946,FAC,C9001,CONSUMIDOR FINAL,CAF-BLEND-1K,1.00,19637.04,0.00,19637.04,,19637.04,0.00,true
2025-06-06,2025-06,FAC 0003-00042131,FAC,C0132,Cafe Barracas,CAF-BRAS-1K,7.00,18954.11,35.00,86241.20,,86241.20,-0.00,true
2025-05-04,2025-05,FAC 0003-00041751,FAC,C9002,VENTA ONLINE,CAF-COLOM-250,3.00,8945.76,0.00,26837.29,,26837.28,0.01,true
2025-05-18,2025-05,FAC 0003-00041827,FAC,C9002,VENTA ONLINE,CAF-CAPS-10,2.00,7527.53,0.00,15055.07,,15055.06,0.01,true
2025-01-15,2025-01,FAC 0003-00040243,FAC,C9002,VENTA ONLINE,CAF-ETIOP-250,1.00,9500.00,0.00,9500.00,,9500.00,0.00,true
2025-05-18,2025-05,FAC 0003-00041905,FAC,C9002,VENTA ONLINE,CAF-ETIOP-250,2.00,10363.99,0.00,20727.99,,20727.98,0.01,true
2025-04-10,2025-04,FAC 0003-00041404,FAC,C9002,VENTA ONLINE,CAF-ETIOP-250,1.00,10140.90,0.00,10140.90,,10140.90,0.00,true
2025-06-18,2025-06,FAC 0003-00042224,FAC,C9002,VENTA ONLINE,CAF-BLEND-250,3.00,6243.71,0.00,18731.12,,18731.13,-0.01,true
2025-01-18,2025-01,FAC 0003-00040018,FAC,C0106,El Almacen de Nunez,CAF-BRAS-1K,3.00,17000.00,30.00,35700.00,M. Paz,35700.00,0.00,true
2025-01-16,2025-01,FAC 0003-00040169,FAC,C9002,VENTA ONLINE,CAF-BLEND-250,3.00,5600.00,0.00,16800.00,,16800.00,0.00,true
2025-06-07,2025-06,FAC 0003-00042199,FAC,C9002,VENTA ONLINE,CAF-BRAS-250,1.00,5909.22,0.00,5909.22,,5909.22,0.00,true
2025-01-17,2025-01,FAC 0003-00040302,FAC,C9001,CONSUMIDOR FINAL,CAF-BLEND-1K,2.00,18000.00,0.00,36000.00,,36000.00,0.00,true
2025-03-12,2025-03,FAC 0003-00041138,FAC,C9001,CONSUMIDOR FINAL,CAF-COLOM-250,2.00,8564.77,0.00,17129.54,,17129.54,0.00,true
2025-05-16,2025-05,FAC 0003-00041999,FAC,C9001,CONSUMIDOR FINAL,CAF-BLEND-250,1.00,6109.30,0.00,6109.30,,6109.30,0.00,true
2025-05-18,2025-05,FAC 0003-00041989,FAC,C9001,CONSUMIDOR FINAL,CAF-BLEND-250,2.00,6109.30,0.00,12218.60,,12218.60,0.00,true
2025-05-12,2025-05,FAC 0003-00041773,FAC,C9002,VENTA ONLINE,CAF-ETIOP-250,2.00,10363.99,0.00,20727.99,,20727.98,0.01,true
2025-06-16,2025-06,FAC 0003-00042419,FAC,C9001,CONSUMIDOR FINAL,CAF-BLEND-1K,2.00,20069.06,0.00,40138.12,,40138.12,0.00,true
2025-02-10,2025-02,FAC 0003-00040734,FAC,C9001,CONSUMIDOR FINAL,CAF-BLEND-1K,2.00,18396.00,0.00,36792.00,,36792.00,0.00,true
2025-02-20,2025-02,FAC 0003-00040583,FAC,C9002,VENTA ONLINE,CAF-ETIOP-250,2.00,9709.00,0.00,19418.00,,19418.00,0.00,true
2025-06-24,2025-06,FAC 0003-00042138,FAC,C0137,Panaderia Villa Urquiza II,CAP-FILTRO-100,5.00,3567.83,30.00,12487.41,,12487.41,0.01,true
2025-04-17,2025-04,FAC 0003-00041447,FAC,C9002,VENTA ONLINE,CAF-CAPS-10,2.00,7365.49,0.00,14730.98,,14730.98,0.00,true
2025-02-14,2025-02,FAC 0003-00040799,FAC,C9001,CONSUMIDOR FINAL,CAF-ETIOP-250,1.00,9709.00,0.00,9709.00,,9709.00,0.00,true
2025-01-12,2025-01,FAC 0003-00040305,FAC,C9001,CONSUMIDOR FINAL,CAF-BLEND-250,2.00,5600.00,0.00,11200.00,,11200.00,0.00,true
2025-06-14,2025-06,FAC 0003-00042166,FAC,C9002,VENTA ONLINE,CAF-DESCA-250,2.00,8250.61,0.00,16501.23,,16501.22,0.01,true
2025-04-10,2025-04,FAC 0003-00041411,FAC,C9002,VENTA ONLINE,CAF-ETIOP-250,1.00,10140.90,0.00,10140.90,,10140.90,0.00,true
2025-01-15,2025-01,FAC 0003-00040178,FAC,C9002,VENTA ONLINE,CAF-BLEND-250,3.00,5600.00,0.00,16800.00,,16800.00,0.00,true
2025-01-16,2025-01,FAC 0003-00040011,FAC,C0101,El Almacen de Palermo II,CAF-BRAS-1K,4.00,17000.00,35.00,44200.00,R. Ibarra,44200.00,0.00,true
2025-04-13,2025-04,FAC 0003-00041342,FAC,C9002,VENTA ONLINE,CAF-DESCA-250,1.00,7899.22,0.00,7899.22,,7899.22,0.00,true
2025-05-28,2025-05,FAC 0003-00041857,FAC,C9002,VENTA ONLINE,CAF-ETIOP-250,1.00,10363.99,0.00,10363.99,,10363.99,0.00,true
2025-01-12,2025-01,FAC 0003-00040247,FAC,C9002,VENTA ONLINE,CAF-ETIOP-250,2.00,9500.00,0.00,19000.00,,19000.00,0.00,true
2025-04-21,2025-04,FAC 0003-00041542,FAC,C9001,CONSUMIDOR FINAL,CAF-COLOM-250,2.00,8753.19,0.00,17506.39,,17506.38,0.01,true
2025-06-18,2025-06,FAC 0003-00042350,FAC,C9002,VENTA ONLINE,CAP-FILTRO-100,3.00,3567.83,0.00,10703.50,,10703.49,0.01,true
2025-01-17,2025-01,FAC 0003-00040219,FAC,C9002,VENTA ONLINE,CAP-FILTRO-100,2.00,3200.00,0.00,6400.00,,6400.00,0.00,true
2025-03-25,2025-03,FAC 0003-00041145,FAC,C9001,CONSUMIDOR FINAL,CAF-BLEND-250,1.00,5849.11,0.00,5849.11,,5849.11,0.00,true
2025-02-24,2025-02,FAC 0003-00040801,FAC,C9001,CONSUMIDOR FINAL,CAP-FILTRO-100,1.00,3270.40,0.00,3270.40,,3270.40,0.00,true
2025-01-22,2025-01,FAC 0003-00040372,FAC,C9001,CONSUMIDOR FINAL,CAF-ETIOP-250,1.00,9500.00,0.00,9500.00,,9500.00,0.00,true
2025-05-02,2025-05,FAC 0003-00041842,FAC,C9002,VENTA ONLINE,CAF-COLOM-250,3.00,8945.76,0.00,26837.29,,26837.28,0.01,true
2025-01-20,2025-01,FAC 0003-00040031,FAC,C0118,Bar Saavedra,CAF-BLEND-1K,8.00,18000.00,32.00,97920.00,R. Ibarra,97920.00,0.00,true
2025-05-22,2025-05,FAC 0003-00041674,FAC,C0120,Tostado Chacarita,CAF-BLEND-1K,3.00,19637.04,32.00,40059.57,,40059.56,0.01,true
2025-02-26,2025-02,FAC 0003-00040423,FAC,C0100,Cafe Palermo,CAF-BRAS-1K,4.00,17374.00,32.00,47257.28,R. Ibarra,47257.28,0.00,true
2025-03-03,2025-03,FAC 0003-00040919,FAC,C9002,VENTA ONLINE,CAF-BLEND-250,1.00,5849.11,0.00,5849.11,,5849.11,0.00,true
2025-04-11,2025-04,FAC 0003-00041271,FAC,C0125,Usina Flores II,CAF-ETIOP-250,9.00,10140.90,32.00,62062.28,,62062.31,-0.03,true
2025-02-28,2025-02,FAC 0003-00040417,FAC,C0001,GRANOS DEL SUR S.A.,CAF-BLEND-1K,47.00,18396.00,40.00,518767.20,R. Ibarra,518767.20,0.00,true
2025-01-12,2025-01,FAC 0003-00040012,FAC,C0102,Bar Belgrano,CAF-BRAS-1K,5.00,17000.00,35.00,55250.00,M. Paz,55250.00,0.00,true
2025-04-22,2025-04,FAC 0003-00041384,FAC,C9002,VENTA ONLINE,CAF-ETIOP-250,2.00,10140.90,0.00,20281.79,,20281.80,-0.01,true
2025-03-27,2025-03,FAC 0003-00040916,FAC,C9002,VENTA ONLINE,CAP-TAZA,2.00,9295.91,0.00,18591.82,,18591.82,0.00,true
2025-01-16,2025-01,FAC 0003-00040089,FAC,C9002,VENTA ONLINE,CAF-CAPS-10,2.00,6900.00,0.00,13800.00,,13800.00,0.00,true
2025-02-05,2025-02,FAC 0003-00040433,FAC,C0109,Usina Colegiales II,CAF-BRAS-1K,2.00,17374.00,32.00,23628.64,R. Ibarra,23628.64,0.00,true
2025-01-23,2025-01,FAC 0003-00040403,FAC,C9001,CONSUMIDOR FINAL,CAF-COLOM-250,2.00,8200.00,0.00,16400.00,,16400.00,0.00,true
2025-03-22,2025-03,NC 0003-00001219,NC,C0136,Tostado Villa Urquiza,CAF-BRAS-1K,-5.00,17756.23,35.00,-57707.74,,-57707.75,0.01,true
2025-02-27,2025-02,FAC 0003-00040458,FAC,C0129,Bar San Telmo II,CAF-BLEND-1K,4.00,18396.00,32.00,50037.12,,50037.12,0.00,true
2025-02-23,2025-02,FAC 0003-00040628,FAC,C9002,VENTA ONLINE,CAF-ETIOP-250,1.00,9709.00,0.00,9709.00,,9709.00,0.00,true
2025-03-04,2025-03,FAC 0003-00040883,FAC,C0135,Coffee Lab Agronomia II,CAP-FILTRO-100,6.00,3342.35,30.00,14037.86,R. Ibarra,14037.87,-0.01,true
2025-01-09,2025-01,FAC 0003-00040083,FAC,C9002,VENTA ONLINE,CAF-CAPS-10,3.00,6900.00,0.00,20700.00,,20700.00,0.00,true
2025-06-28,2025-06,FAC 0003-00042377,FAC,C9002,VENTA ONLINE,CAF-COLOM-250,3.00,9142.57,0.00,27427.71,,27427.71,0.00,true
2025-03-23,2025-03,FAC 0003-00041084,FAC,C9002,VENTA ONLINE,CAF-ETIOP-250,1.00,9922.60,0.00,9922.60,,9922.60,0.00,true
2025-02-04,2025-02,FAC 0003-00040421,FAC,C0001,GRANOS DEL SUR S.A.,CAF-BLEND-CJ6,10.00,104244.00,40.00,625464.00,M. Paz,625464.00,0.00,true
2025-06-01,2025-06,NC 0003-00001242,NC,C0001,GRANOS DEL SUR S.A.,CAF-BLEND-1K,-10.00,20069.06,40.00,-120414.35,,-120414.36,0.01,true
2025-05-09,2025-05,FAC 0003-00041644,FAC,C0001,GRANOS DEL SUR S.A.,CAF-BRAS-1K,23.00,18546.10,40.00,255936.13,M. Paz,255936.18,-0.05,true
2025-03-07,2025-03,FAC 0003-00040949,FAC,C9002,VENTA ONLINE,CAF-BLEND-250,2.00,5849.11,0.00,11698.22,,11698.22,0.00,true
2025-02-09,2025-02,FAC 0003-00040424,FAC,C0100,Cafe Palermo,CAP-FILTRO-100,4.00,3270.40,32.00,8895.49,R. Ibarra,8895.49,0.00,true
2025-01-09,2025-01,FAC 0003-00040199,FAC,C9002,VENTA ONLINE,CAF-DESCA-250,1.00,7400.00,0.00,7400.00,,7400.00,0.00,true
2025-06-12,2025-06,FAC 0003-00042395,FAC,C9002,VENTA ONLINE,CAF-BLEND-250,1.00,6243.71,0.00,6243.71,,6243.71,0.00,true
2025-01-07,2025-01,FAC 0003-00040007,FAC,C0001,GRANOS DEL SUR S.A.,CAF-BLEND-CJ6,10.00,102000.00,40.00,612000.00,R. Ibarra,612000.00,0.00,true
2025-03-17,2025-03,FAC 0003-00041217,FAC,C9001,CONSUMIDOR FINAL,CAF-BLEND-250,2.00,5849.11,0.00,11698.22,,11698.22,0.00,true
2025-01-28,2025-01,FAC 0003-00040226,FAC,C9002,VENTA ONLINE,CAF-COLOM-250,2.00,8200.00,0.00,16400.00,,16400.00,0.00,true
2025-01-10,2025-01,FAC 0003-00040304,FAC,C9001,CONSUMIDOR FINAL,CAF-BLEND-1K,2.00,18000.00,0.00,36000.00,,36000.00,0.00,true
2025-03-06,2025-03,FAC 0003-00041059,FAC,C9002,VENTA ONLINE,CAF-ETIOP-250,3.00,9922.60,0.00,29767.79,,29767.80,-0.01,true
2025-03-19,2025-03,FAC 0003-00040906,FAC,C9002,VENTA ONLINE,CAF-ETIOP-250,3.00,9922.60,0.00,29767.79,,29767.80,-0.01,true
2025-06-17,2025-06,FAC 0003-00042124,FAC,C0126,Panaderia Parque Chas,CAF-BLEND-1K,7.00,20069.06,32.00,95528.72,,95528.73,-0.01,true
2025-06-16,2025-06,FAC 0003-00042107,FAC,C0113,Bar Recoleta II,CAF-BLEND-1K,10.00,20069.06,30.00,140483.40,,140483.42,-0.02,true
2025-02-19,2025-02,FAC 0003-00040596,FAC,C9002,VENTA ONLINE,CAF-BLEND-250,1.00,5723.20,0.00,5723.20,,5723.20,0.00,true
2025-01-14,2025-01,FAC 0003-00040254,FAC,C9002,VENTA ONLINE,CAF-BRAS-250,2.00,5300.00,0.00,10600.00,,10600.00,0.00,true
2025-03-19,2025-03,FAC 0003-00041051,FAC,C9002,VENTA ONLINE,CAF-BRAS-250,2.00,5535.77,0.00,11071.53,,11071.54,-0.01,true
2025-06-09,2025-06,FAC 0003-00042119,FAC,C0123,La Ventanita de Almagro II,CAF-BLEND-1K,4.00,20069.06,35.00,52179.55,,52179.56,-0.01,true
2025-05-01,2025-05,FAC 0003-00041692,FAC,C0135,Coffee Lab Agronomia II,CAF-BLEND-1K,4.00,19637.04,30.00,54983.72,M. Paz,54983.71,0.01,true
2025-05-25,2025-05,FAC 0003-00042064,FAC,C9001,CONSUMIDOR FINAL,CAF-ETIOP-250,1.00,10363.99,0.00,10363.99,,10363.99,0.00,true
2025-04-26,2025-04,FAC 0003-00041417,FAC,C9002,VENTA ONLINE,CAF-BLEND-250,2.00,5977.79,0.00,11955.58,,11955.58,0.00,true
2025-04-17,2025-04,FAC 0003-00041554,FAC,C9001,CONSUMIDOR FINAL,CAF-COLOM-250,1.00,8753.19,0.00,8753.19,,8753.19,0.00,true
2025-04-07,2025-04,FAC 0003-00041538,FAC,C9001,CONSUMIDOR FINAL,CAF-BLEND-250,2.00,5977.79,0.00,11955.58,,11955.58,0.00,true
2025-04-13,2025-04,NC 0003-00001226,NC,C0129,Bar San Telmo II,CAF-BRAS-1K,-4.00,18146.87,32.00,-49359.47,,-49359.49,0.02,true
2025-04-28,2025-04,FAC 0003-00041485,FAC,C9002,VENTA ONLINE,CAF-COLOM-250,3.00,8753.19,0.00,26259.58,,26259.57,0.01,true
2025-04-22,2025-04,FAC 0003-00041575,FAC,C9001,CONSUMIDOR FINAL,CAP-FILTRO-100,2.00,3415.88,0.00,6831.76,,6831.76,0.00,true
2025-05-02,2025-05,FAC 0003-00041682,FAC,C0127,Cafe Parque Chas II,CAP-FILTRO-100,4.00,3491.03,32.00,9495.60,,9495.60,-0.00,true
2025-05-16,2025-05,FAC 0003-00041748,FAC,C9002,VENTA ONLINE,CAP-TAZA,3.00,9709.43,0.00,29128.28,,29128.29,-0.01,true
2025-05-23,2025-05,FAC 0003-00042077,FAC,C9001,CONSUMIDOR FINAL,CAF-ETIOP-250,2.00,10363.99,0.00,20727.99,,20727.98,0.01,true
2025-05-07,2025-05,FAC 0003-00041925,FAC,C9002,VENTA ONLINE,CAF-CAPS-10,1.00,7527.53,0.00,7527.53,,7527.53,0.00,true
2025-04-03,2025-04,FAC 0003-00041409,FAC,C9002,VENTA ONLINE,CAP-FILTRO-100,1.00,3415.88,0.00,3415.88,,3415.88,0.00,true
2025-05-28,2025-05,FAC 0003-00041940,FAC,C9002,VENTA ONLINE,CAF-CAPS-10,2.00,7527.53,0.00,15055.07,,15055.06,0.01,true
2025-02-06,2025-02,FAC 0003-00040689,FAC,C9002,VENTA ONLINE,CAF-CAPS-10,2.00,7051.80,0.00,14103.60,,14103.60,0.00,true
2025-04-14,2025-04,FAC 0003-00041513,FAC,C9002,VENTA ONLINE,CAF-ETIOP-250,1.00,10140.90,0.00,10140.90,,10140.90,0.00,true
2025-06-13,2025-06,FAC 0003-00042503,FAC,C9001,CONSUMIDOR FINAL,CAF-BLEND-250,1.00,6243.71,0.00,6243.71,,6243.71,0.00,true
2025-04-01,2025-04,FAC 0003-00041631,FAC,C9001,CONSUMIDOR FINAL,CAF-BLEND-250,2.00,5977.79,0.00,11955.58,,11955.58,0.00,true
2025-06-02,2025-06,FAC 0003-00042082,FAC,C0001,GRANOS DEL SUR S.A.,CAF-BLEND-CJ6,6.00,113724.66,40.00,409408.78,M. Paz,409408.78,0.00,true
2025-04-26,2025-04,FAC 0003-00041380,FAC,C9002,VENTA ONLINE,CAF-BRAS-250,3.00,5657.55,0.00,16972.66,,16972.65,0.01,true
2025-05-28,2025-05,FAC 0003-00041680,FAC,C0126,Panaderia Parque Chas,CAF-BLEND-1K,6.00,19637.04,32.00,80119.13,,80119.12,0.01,true
2025-06-15,2025-06,FAC 0003-00042307,FAC,C9002,VENTA ONLINE,CAF-COLOM-250,3.00,9142.57,0.00,27427.71,,27427.71,0.00,true
2025-05-05,2025-05,FAC 0003-00041654,FAC,C0103,Coffee Lab Belgrano II,CAF-BRAS-1K,2.00,18546.10,35.00,24109.92,M. Paz,24109.93,-0.01,true
2025-06-15,2025-06,FAC 0003-00042086,FAC,C0001,GRANOS DEL SUR S.A.,CAF-BRAS-1K,12.00,18954.11,40.00,136469.59,,136469.59,-0.00,true
2025-01-13,2025-01,FAC 0003-00040167,FAC,C9002,VENTA ONLINE,CAF-ETIOP-250,2.00,9500.00,0.00,19000.00,,19000.00,0.00,true
2025-02-10,2025-02,FAC 0003-00040469,FAC,C0137,Panaderia Villa Urquiza II,CAF-BLEND-1K,4.00,18396.00,30.00,51508.80,,51508.80,0.00,true
2025-03-28,2025-03,FAC 0003-00041079,FAC,C9002,VENTA ONLINE,CAF-ETIOP-250,2.00,9922.60,0.00,19845.20,,19845.20,0.00,true
2025-03-28,2025-03,FAC 0003-00041118,FAC,C9001,CONSUMIDOR FINAL,CAP-FILTRO-100,1.00,3342.35,0.00,3342.35,,3342.35,0.00,true
2025-06-21,2025-06,FAC 0003-00042489,FAC,C9001,CONSUMIDOR FINAL,CAF-COLOM-250,2.00,9142.57,0.00,18285.14,,18285.14,0.00,true
2025-03-24,2025-03,FAC 0003-00040836,FAC,C0001,GRANOS DEL SUR S.A.,CAF-BLEND-1K,41.00,18800.71,40.00,462497.52,,462497.47,0.05,true
2025-04-16,2025-04,FAC 0003-00041461,FAC,C9002,VENTA ONLINE,CAF-CAPS-10,2.00,7365.49,0.00,14730.98,,14730.98,0.00,true
2025-02-23,2025-02,FAC 0003-00040671,FAC,C9002,VENTA ONLINE,CAP-TAZA,1.00,9095.80,0.00,9095.80,,9095.80,0.00,true
2025-06-05,2025-06,FAC 0003-00042315,FAC,C9002,VENTA ONLINE,CAF-BRAS-250,2.00,5909.22,0.00,11818.45,,11818.44,0.01,true
2025-05-11,2025-05,FAC 0003-00042002,FAC,C9001,CONSUMIDOR FINAL,CAF-BLEND-250,2.00,6109.30,0.00,12218.60,,12218.60,0.00,true
2025-04-16,2025-04,FAC 0003-00041552,FAC,C9001,CONSUMIDOR FINAL,CAF-BLEND-250,1.00,5977.79,0.00,5977.79,,5977.79,0.00,true
2025-04-23,2025-04,FAC 0003-00041495,FAC,C9002,VENTA ONLINE,CAF-BLEND-250,3.00,5977.79,0.00,17933.37,,17933.37,0.00,true
2025-01-01,2025-01,FAC 0003-00040315,FAC,C9001,CONSUMIDOR FINAL,CAF-BLEND-250,2.00,5600.00,0.00,11200.00,,11200.00,0.00,true
2025-02-17,2025-02,FAC 0003-00040725,FAC,C9001,CONSUMIDOR FINAL,CAF-BLEND-1K,1.00,18396.00,0.00,18396.00,,18396.00,0.00,true
2025-01-17,2025-01,FAC 0003-00040303,FAC,C9001,CONSUMIDOR FINAL,CAF-ETIOP-250,2.00,9500.00,0.00,19000.00,,19000.00,0.00,true
2025-06-08,2025-06,FAC 0003-00042084,FAC,C0001,GRANOS DEL SUR S.A.,CAF-BLEND-1K,53.00,20069.06,40.00,638196.04,,638196.11,-0.07,true
2025-05-26,2025-05,FAC 0003-00042045,FAC,C9001,CONSUMIDOR FINAL,CAF-COLOM-250,2.00,8945.76,0.00,17891.53,,17891.52,0.01,true
2025-01-09,2025-01,FAC 0003-00040071,FAC,C9002,VENTA ONLINE,CAF-COLOM-250,3.00,8200.00,0.00,24600.00,,24600.00,0.00,true
2025-04-12,2025-04,FAC 0003-00041314,FAC,C9002,VENTA ONLINE,CAF-BLEND-250,1.00,5977.79,0.00,5977.79,,5977.79,0.00,true
2025-02-21,2025-02,FAC 0003-00040648,FAC,C9002,VENTA ONLINE,CAF-CAPS-10,1.00,7051.80,0.00,7051.80,,7051.80,0.00,true
2025-05-13,2025-05,FAC 0003-00041832,FAC,C9002,VENTA ONLINE,CAF-ETIOP-250,2.00,10363.99,0.00,20727.99,,20727.98,0.01,true
2025-04-13,2025-04,FAC 0003-00041260,FAC,C0113,Bar Recoleta II,CAF-BLEND-1K,10.00,19214.33,30.00,134500.29,,134500.31,-0.02,true
2025-02-22,2025-02,FAC 0003-00040696,FAC,C9001,CONSUMIDOR FINAL,CAF-ETIOP-250,2.00,9709.00,0.00,19418.00,,19418.00,0.00,true
2025-04-28,2025-04,FAC 0003-00041469,FAC,C9002,VENTA ONLINE,CAF-BRAS-250,3.00,5657.55,0.00,16972.66,,16972.65,0.01,true
2025-04-02,2025-04,FAC 0003-00041571,FAC,C9001,CONSUMIDOR FINAL,CAF-BLEND-250,1.00,5977.79,0.00,5977.79,,5977.79,0.00,true
2025-01-17,2025-01,FAC 0003-00040015,FAC,C0104,Tostado Villa Crespo,CAF-BRAS-1K,8.00,17000.00,35.00,88400.00,M. Paz,88400.00,0.00,true
2025-04-08,2025-04,FAC 0003-00041412,FAC,C9002,VENTA ONLINE,CAF-ETIOP-250,2.00,10140.90,0.00,20281.79,,20281.80,-0.01,true
2025-06-25,2025-06,FAC 0003-00042370,FAC,C9002,VENTA ONLINE,CAP-TAZA,2.00,9923.03,0.00,19846.07,,19846.06,0.01,true
2025-04-21,2025-04,FAC 0003-00041468,FAC,C9002,VENTA ONLINE,CAF-BLEND-250,3.00,5977.79,0.00,17933.37,,17933.37,0.00,true
2025-03-05,2025-03,FAC 0003-00040870,FAC,C0124,Coffee Lab Flores,CAF-BLEND-1K,3.00,18800.71,35.00,36661.39,R. Ibarra,36661.38,0.01,true
2025-04-19,2025-04,FAC 0003-00041361,FAC,C9002,VENTA ONLINE,CAP-TAZA,3.00,9500.42,0.00,28501.25,,28501.26,-0.01,true
2025-04-21,2025-04,NC 0003-00001228,NC,C0001,GRANOS DEL SUR S.A.,CAF-BLEND-1K,-4.00,19214.33,40.00,-46114.39,,-46114.39,0.00,true
2025-03-09,2025-03,FAC 0003-00041105,FAC,C9002,VENTA ONLINE,CAF-BRAS-250,2.00,5535.77,0.00,11071.53,,11071.54,-0.01,true
2025-01-09,2025-01,FAC 0003-00040087,FAC,C9002,VENTA ONLINE,CAF-BLEND-250,2.00,5600.00,0.00,11200.00,,11200.00,0.00,true
2025-06-21,2025-06,FAC 0003-00042312,FAC,C9002,VENTA ONLINE,CAF-COLOM-250,1.00,9142.57,0.00,9142.57,,9142.57,0.00,true
2025-06-05,2025-06,FAC 0003-00042251,FAC,C9002,VENTA ONLINE,CAF-ETIOP-250,3.00,10592.00,0.00,31776.01,,31776.00,0.01,true
2025-06-22,2025-06,FAC 0003-00042252,FAC,C9002,VENTA ONLINE,CAF-DESCA-250,3.00,8250.61,0.00,24751.84,,24751.83,0.01,true
2025-05-11,2025-05,FAC 0003-00041862,FAC,C9002,VENTA ONLINE,CAP-TAZA,2.00,9709.43,0.00,19418.85,,19418.86,-0.01,true
2025-04-13,2025-04,FAC 0003-00041520,FAC,C9002,VENTA ONLINE,CAF-ETIOP-250,3.00,10140.90,0.00,30422.69,,30422.70,-0.01,true
2025-05-25,2025-05,FAC 0003-00041740,FAC,C9002,VENTA ONLINE,CAF-BLEND-250,1.00,6109.30,0.00,6109.30,,6109.30,0.00,true
2025-03-12,2025-03,FAC 0003-00041182,FAC,C9001,CONSUMIDOR FINAL,CAF-BLEND-1K,2.00,18800.71,0.00,37601.42,,37601.42,0.00,true
2025-04-19,2025-04,FAC 0003-00041405,FAC,C9002,VENTA ONLINE,CAF-ETIOP-250,2.00,10140.90,0.00,20281.79,,20281.80,-0.01,true
2025-01-27,2025-01,FAC 0003-00040220,FAC,C9002,VENTA ONLINE,CAF-ETIOP-250,1.00,9500.00,0.00,9500.00,,9500.00,0.00,true
2025-03-24,2025-03,FAC 0003-00041137,FAC,C9001,CONSUMIDOR FINAL,CAF-ETIOP-250,2.00,9922.60,0.00,19845.20,,19845.20,0.00,true
2025-01-11,2025-01,FAC 0003-00040255,FAC,C9002,VENTA ONLINE,CAF-BLEND-250,3.00,5600.00,0.00,16800.00,,16800.00,0.00,true
2025-05-09,2025-05,FAC 0003-00041963,FAC,C9001,CONSUMIDOR FINAL,CAF-ETIOP-250,1.00,10363.99,0.00,10363.99,,10363.99,0.00,true
2025-01-12,2025-01,FAC 0003-00040257,FAC,C9002,VENTA ONLINE,CAP-TAZA,1.00,8900.00,0.00,8900.00,,8900.00,0.00,true
2025-05-10,2025-05,FAC 0003-00041887,FAC,C9002,VENTA ONLINE,CAP-TAZA,3.00,9709.43,0.00,29128.28,,29128.29,-0.01,true
2025-01-18,2025-01,FAC 0003-00040002,FAC,C0001,GRANOS DEL SUR S.A.,CAF-BLEND-CJ6,8.00,102000.00,40.00,489600.00,M. Paz,489600.00,0.00,true
2025-04-16,2025-04,FAC 0003-00041397,FAC,C9002,VENTA ONLINE,CAF-ETIOP-250,1.00,10140.90,0.00,10140.90,,10140.90,0.00,true
2025-06-15,2025-06,FAC 0003-00042426,FAC,C9001,CONSUMIDOR FINAL,CAF-BLEND-250,2.00,6243.71,0.00,12487.41,,12487.42,-0.01,true
2025-04-16,2025-04,FAC 0003-00041275,FAC,C0128,La Ventanita de San Telmo,CAF-BLEND-1K,10.00,19214.33,32.00,130657.43,R. Ibarra,130657.44,-0.01,true
2025-01-19,2025-01,FAC 0003-00040185,FAC,C9002,VENTA ONLINE,CAF-COLOM-250,1.00,8200.00,0.00,8200.00,,8200.00,0.00,true
2025-04-16,2025-04,FAC 0003-00041397,FAC,C9002,VENTA ONLINE,CAF-BLEND-250,3.00,5977.79,0.00,17933.37,,17933.37,0.00,true
2025-04-07,2025-04,FAC 0003-00041270,FAC,C0124,Coffee Lab Flores,CAP-FILTRO-100,2.00,3415.88,35.00,4440.64,M. Paz,4440.64,-0.00,true
2025-05-10,2025-05,FAC 0003-00041735,FAC,C9002,VENTA ONLINE,CAF-BLEND-250,3.00,6109.30,0.00,18327.91,,18327.90,0.01,true
2025-01-11,2025-01,FAC 0003-00040288,FAC,C9001,CONSUMIDOR FINAL,CAP-FILTRO-100,2.00,3200.00,0.00,6400.00,,6400.00,0.00,true
2025-06-10,2025-06,FAC 0003-00042096,FAC,C0104,Tostado Villa Crespo,CAF-BRAS-1K,2.00,18954.11,35.00,24640.34,R. Ibarra,24640.34,-0.00,true
2025-04-19,2025-04,FAC 0003-00041557,FAC,C9001,CONSUMIDOR FINAL,CAF-BLEND-1K,2.00,19214.33,0.00,38428.66,,38428.66,0.00,true
2025-06-05,2025-06,FAC 0003-00042149,FAC,C9002,VENTA ONLINE,CAF-ETIOP-250,2.00,10592.00,0.00,21184.01,,21184.00,0.01,true
2025-06-25,2025-06,FAC 0003-00042260,FAC,C9002,VENTA ONLINE,CAF-BRAS-250,2.00,5909.22,0.00,11818.45,,11818.44,0.01,true
2025-02-06,2025-02,FAC 0003-00040464,FAC,C0133,El Almacen de Barracas II,CAF-ETIOP-250,6.00,9709.00,35.00,37865.10,,37865.10,0.00,true
2025-04-21,2025-04,FAC 0003-00041491,FAC,C9002,VENTA ONLINE,CAF-COLOM-250,1.00,8753.19,0.00,8753.19,,8753.19,0.00,true
2025-05-07,2025-05,FAC 0003-00041646,FAC,C0001,GRANOS DEL SUR S.A.,CAF-BLEND-1K,60.00,19637.04,40.00,706933.54,R. Ibarra,706933.44,0.10,true
2025-01-19,2025-01,FAC 0003-00040110,FAC,C9002,VENTA ONLINE,CAF-CAPS-10,2.00,6900.00,0.00,13800.00,,13800.00,0.00,true
2025-03-21,2025-03,FAC 0003-00041112,FAC,C9002,VENTA ONLINE,CAF-CAPS-10,1.00,7206.94,0.00,7206.94,,7206.94,0.00,true
2025-03-06,2025-03,FAC 0003-00041060,FAC,C9002,VENTA ONLINE,CAP-FILTRO-100,2.00,3342.35,0.00,6684.70,,6684.70,0.00,true
2025-02-01,2025-02,FAC 0003-00040809,FAC,C9001,CONSUMIDOR FINAL,CAF-BLEND-250,1.00,5723.20,0.00,5723.20,,5723.20,0.00,true
2025-01-09,2025-01,FAC 0003-00040294,FAC,C9001,CONSUMIDOR FINAL,CAF-BLEND-250,2.00,5600.00,0.00,11200.00,,11200.00,0.00,true
2025-03-15,2025-03,FAC 0003-00041038,FAC,C9002,VENTA ONLINE,CAF-COLOM-250,3.00,8564.77,0.00,25694.31,,25694.31,0.00,true
2025-03-26,2025-03,FAC 0003-00041146,FAC,C9001,CONSUMIDOR FINAL,CAP-FILTRO-100,1.00,3342.35,0.00,3342.35,,3342.35,0.00,true
2025-03-10,2025-03,FAC 0003-00040893,FAC,C9002,VENTA ONLINE,CAF-BRAS-250,3.00,5535.77,0.00,16607.30,,16607.31,-0.01,true
2025-04-21,2025-04,FAC 0003-00041423,FAC,C9002,VENTA ONLINE,CAF-ETIOP-250,1.00,10140.90,0.00,10140.90,,10140.90,0.00,true
2025-06-24,2025-06,FAC 0003-00042217,FAC,C9002,VENTA ONLINE,CAF-COLOM-250,1.00,9142.57,0.00,9142.57,,9142.57,0.00,true
2025-01-13,2025-01,FAC 0003-00040033,FAC,C0121,Panaderia Chacarita II,CAF-BLEND-1K,6.00,18000.00,35.00,70200.00,,70200.00,0.00,true
2025-01-27,2025-01,FAC 0003-00040324,FAC,C9001,CONSUMIDOR FINAL,CAF-BLEND-1K,2.00,18000.00,0.00,36000.00,,36000.00,0.00,true
2025-04-12,2025-04,FAC 0003-00041549,FAC,C9001,CONSUMIDOR FINAL,CAF-BLEND-1K,1.00,19214.33,0.00,19214.33,,19214.33,0.00,true
2025-05-10,2025-05,FAC 0003-00041852,FAC,C9002,VENTA ONLINE,CAF-BRAS-250,2.00,5782.02,0.00,11564.04,,11564.04,0.00,true
2025-01-17,2025-01,FAC 0003-00040184,FAC,C9002,VENTA ONLINE,CAF-ETIOP-250,1.00,9500.00,0.00,9500.00,,9500.00,0.00,true
2025-01-22,2025-01,FAC 0003-00040150,FAC,C9002,VENTA ONLINE,CAF-COLOM-250,3.00,8200.00,0.00,24600.00,,24600.00,0.00,true
2025-04-27,2025-04,FAC 0003-00041505,FAC,C9002,VENTA ONLINE,CAF-DESCA-250,3.00,7899.22,0.00,23697.67,,23697.66,0.01,true
2025-01-17,2025-01,NC 0003-00001207,NC,C0104,Tostado Villa Crespo,CAF-BRAS-1K,-1.00,17000.00,35.00,-11050.00,,-11050.00,0.00,true
2025-05-22,2025-05,FAC 0003-00041708,FAC,C9002,VENTA ONLINE,CAF-ETIOP-250,1.00,10363.99,0.00,10363.99,,10363.99,0.00,true
2025-05-10,2025-05,FAC 0003-00041841,FAC,C9002,VENTA ONLINE,CAF-BLEND-250,2.00,6109.30,0.00,12218.60,,12218.60,0.00,true
2025-04-08,2025-04,FAC 0003-00041252,FAC,C0106,El Almacen de Nunez,CAF-BLEND-1K,10.00,19214.33,30.00,134500.29,M. Paz,134500.31,-0.02,true
2025-03-18,2025-03,FAC 0003-00041077,FAC,C9002,VENTA ONLINE,CAF-COLOM-250,1.00,8564.77,0.00,8564.77,,8564.77,0.00,true
2025-01-04,2025-01,FAC 0003-00040153,FAC,C9002,VENTA ONLINE,CAF-CAPS-10,1.00,6900.00,0.00,6900.00,,6900.00,0.00,true
2025-02-06,2025-02,FAC 0003-00040462,FAC,C0131,Tostado Coghlan II,CAP-FILTRO-100,3.00,3270.40,35.00,6377.28,M. Paz,6377.28,0.00,true
2025-06-10,2025-06,FAC 0003-00042096,FAC,C0104,Tostado Villa Crespo,CAF-BLEND-1K,9.00,20069.06,35.00,117403.99,R. Ibarra,117404.00,-0.01,true
2025-06-16,2025-06,FAC 0003-00042280,FAC,C9002,VENTA ONLINE,CAF-ETIOP-250,1.00,10592.00,0.00,10592.00,,10592.00,0.00,true
2025-01-15,2025-01,FAC 0003-00040244,FAC,C9002,VENTA ONLINE,CAF-DESCA-250,2.00,7400.00,0.00,14800.00,,14800.00,0.00,true
2025-02-10,2025-02,FAC 0003-00040750,FAC,C9001,CONSUMIDOR FINAL,CAF-ETIOP-250,2.00,9709.00,0.00,19418.00,,19418.00,0.00,true
2025-02-13,2025-02,FAC 0003-00040715,FAC,C9001,CONSUMIDOR FINAL,CAP-FILTRO-100,2.00,3270.40,0.00,6540.80,,6540.80,0.00,true
2025-02-21,2025-02,FAC 0003-00040497,FAC,C9002,VENTA ONLINE,CAF-COLOM-250,1.00,8380.40,0.00,8380.40,,8380.40,0.00,true
2025-03-26,2025-03,FAC 0003-00040838,FAC,C0001,GRANOS DEL SUR S.A.,BLEND1K,59.00,18800.71,40.00,665545.20,,665545.13,0.07,true
2025-04-01,2025-04,FAC 0003-00041369,FAC,C9002,VENTA ONLINE,CAF-COLOM-250,2.00,8753.19,0.00,17506.39,,17506.38,0.01,true
2025-06-27,2025-06,FAC 0003-00042117,FAC,C0121,Panaderia Chacarita II,CAF-BLEND-1K,7.00,20069.06,35.00,91314.21,M. Paz,91314.22,-0.01,true
2025-04-11,2025-04,FAC 0003-00041399,FAC,C9002,VENTA ONLINE,CAP-TAZA,1.00,9500.42,0.00,9500.42,,9500.42,0.00,true
2025-02-06,2025-02,FAC 0003-00040472,FAC,C0138,El Almacen de Constitucion,CAF-BLEND-1K,5.00,18396.00,30.00,64386.00,R. Ibarra,64386.00,0.00,true
2025-06-24,2025-06,FAC 0003-00042288,FAC,C9002,VENTA ONLINE,CAF-COLOM-250,2.00,9142.57,0.00,18285.14,,18285.14,0.00,true
2025-01-25,2025-01,FAC 0003-00040093,FAC,C9002,VENTA ONLINE,CAP-FILTRO-100,2.00,3200.00,0.00,6400.00,,6400.00,0.00,true
2025-01-07,2025-01,FAC 0003-00040013,FAC,C0103,Coffee Lab Belgrano II,CAP-FILTRO-100,5.00,3200.00,35.00,10400.00,R. Ibarra,10400.00,0.00,true
2025-02-20,2025-02,FAC 0003-00040599,FAC,C9002,VENTA ONLINE,CAF-BLEND-250,1.00,5723.20,0.00,5723.20,,5723.20,0.00,true
2025-02-26,2025-02,FAC 0003-00040587,FAC,C9002,VENTA ONLINE,CAF-BRAS-250,3.00,5416.60,0.00,16249.80,,16249.80,0.00,true
2025-01-07,2025-01,FAC 0003-00040188,FAC,C9002,VENTA ONLINE,CAF-BRAS-250,2.00,5300.00,0.00,10600.00,,10600.00,0.00,true
2025-04-09,2025-04,FAC 0003-00041565,FAC,C9001,CONSUMIDOR FINAL,CAP-FILTRO-100,1.00,3415.88,0.00,3415.88,,3415.88,0.00,true
2025-02-15,2025-02,FAC 0003-00040663,FAC,C9002,VENTA ONLINE,CAF-COLOM-250,3.00,8380.40,0.00,25141.20,,25141.20,0.00,true
2025-01-19,2025-01,FAC 0003-00040100,FAC,C9002,VENTA ONLINE,CAF-BLEND-250,1.00,5600.00,0.00,5600.00,,5600.00,0.00,true
2025-04-05,2025-04,FAC 0003-00041448,FAC,C9002,VENTA ONLINE,CAF-DESCA-250,3.00,7899.22,0.00,23697.67,,23697.66,0.01,true
2025-04-07,2025-04,FAC 0003-00041270,FAC,C0124,Coffee Lab Flores,CAF-BRAS-1K,7.00,18146.87,35.00,82568.24,M. Paz,82568.26,-0.02,true
2025-01-17,2025-01,FAC 0003-00040328,FAC,C9001,CONSUMIDOR FINAL,CAF-ETIOP-250,2.00,9500.00,0.00,19000.00,,19000.00,0.00,true
2025-02-08,2025-02,FAC 0003-00040669,FAC,C9002,VENTA ONLINE,CAF-COLOM-250,1.00,8380.40,0.00,8380.40,,8380.40,0.00,true
2025-04-08,2025-04,FAC 0003-00041274,FAC,C0127,Cafe Parque Chas II,CAF-BRAS-1K,4.00,18146.87,32.00,49359.47,M. Paz,49359.49,-0.02,true
2025-01-04,2025-01,FAC 0003-00040153,FAC,C9002,VENTA ONLINE,CAF-BLEND-250,2.00,5600.00,0.00,11200.00,,11200.00,0.00,true
2025-03-14,2025-03,FAC 0003-00041200,FAC,C9001,CONSUMIDOR FINAL,CAF-BLEND-250,2.00,5849.11,0.00,11698.22,,11698.22,0.00,true
2025-05-03,2025-05,FAC 0003-00041928,FAC,C9002,VENTA ONLINE,CAF-BRAS-250,3.00,5782.02,0.00,17346.05,,17346.06,-0.01,true
2025-01-21,2025-01,FAC 0003-00040218,FAC,C9002,VENTA ONLINE,CAF-BLEND-250,2.00,5600.00,0.00,11200.00,,11200.00,0.00,true
2025-04-03,2025-04,FAC 0003-00041245,FAC,C0001,GRANOS DEL SUR S.A.,BLEND1K,35.00,19214.33,40.00,403500.88,M. Paz,403500.93,-0.05,true
2025-04-27,2025-04,FAC 0003-00041336,FAC,C9002,VENTA ONLINE,CAF-CAPS-10,1.00,7365.49,0.00,7365.49,,7365.49,0.00,true
2025-03-18,2025-03,FAC 0003-00041020,FAC,C9002,VENTA ONLINE,CAF-ETIOP-250,1.00,9922.60,0.00,9922.60,,9922.60,0.00,true
2025-02-03,2025-02,FAC 0003-00040600,FAC,C9002,VENTA ONLINE,CAF-BLEND-250,2.00,5723.20,0.00,11446.40,,11446.40,0.00,true
2025-02-25,2025-02,FAC 0003-00040688,FAC,C9002,VENTA ONLINE,CAF-COLOM-250,2.00,8380.40,0.00,16760.80,,16760.80,0.00,true
2025-03-24,2025-03,FAC 0003-00040980,FAC,C9002,VENTA ONLINE,CAF-ETIOP-250,2.00,9922.60,0.00,19845.20,,19845.20,0.00,true
2025-06-26,2025-06,FAC 0003-00042231,FAC,C9002,VENTA ONLINE,CAF-COLOM-250,1.00,9142.57,0.00,9142.57,,9142.57,0.00,true
2025-06-11,2025-06,FAC 0003-00042180,FAC,C9002,VENTA ONLINE,CAF-COLOM-250,1.00,9142.57,0.00,9142.57,,9142.57,0.00,true
2025-01-19,2025-01,FAC 0003-00040034,FAC,C0122,El Almacen de Almagro,CAF-BRAS-1K,4.00,17000.00,32.00,46240.00,R. Ibarra,46240.00,0.00,true
2025-06-25,2025-06,NC 0003-00001236,NC,C0118,Bar Saavedra,CAF-BRAS-1K,-5.00,18954.11,32.00,-64443.97,,-64443.97,0.00,true
2025-03-13,2025-03,FAC 0003-00040982,FAC,C9002,VENTA ONLINE,CAF-DESCA-250,3.00,7729.18,0.00,23187.54,,23187.54,0.00,true
2025-02-13,2025-02,FAC 0003-00040588,FAC,C9002,VENTA ONLINE,CAP-FILTRO-100,1.00,3270.40,0.00,3270.40,,3270.40,0.00,true
2025-01-14,2025-01,FAC 0003-00040204,FAC,C9002,VENTA ONLINE,CAF-COLOM-250,2.00,8200.00,0.00,16400.00,,16400.00,0.00,true
2025-06-15,2025-06,FAC 0003-00042254,FAC,C9002,VENTA ONLINE,CAF-BLEND-250,2.00,6243.71,0.00,12487.41,,12487.42,-0.01,true
2025-05-08,2025-05,FAC 0003-00041689,FAC,C0133,El Almacen de Barracas II,CAF-BLEND-1K,4.00,19637.04,35.00,51056.31,R. Ibarra,51056.30,0.01,true
2025-06-07,2025-06,FAC 0003-00042323,FAC,C9002,VENTA ONLINE,CAF-COLOM-250,2.00,9142.57,0.00,18285.14,,18285.14,0.00,true
2025-06-15,2025-06,FAC 0003-00042254,FAC,C9002,VENTA ONLINE,CAF-COLOM-250,3.00,9142.57,0.00,27427.71,,27427.71,0.00,true
2025-05-04,2025-05,FAC 0003-00041981,FAC,C9001,CONSUMIDOR FINAL,CAP-FILTRO-100,2.00,3491.03,0.00,6982.06,,6982.06,0.00,true
2025-02-22,2025-02,FAC 0003-00040416,FAC,C0001,GRANOS DEL SUR S.A.,CAF-BLEND-CJ6,9.00,104244.00,40.00,562917.60,R. Ibarra,562917.60,0.00,true
2025-02-09,2025-02,FAC 0003-00040530,FAC,C9002,VENTA ONLINE,CAF-COLOM-250,1.00,8380.40,0.00,8380.40,,8380.40,0.00,true
2025-01-15,2025-01,FAC 0003-00040132,FAC,C9002,VENTA ONLINE,CAF-BRAS-250,1.00,5300.00,0.00,5300.00,,5300.00,0.00,true
2025-06-23,2025-06,FAC 0003-00042431,FAC,C9001,CONSUMIDOR FINAL,CAF-ETIOP-250,1.00,10592.00,0.00,10592.00,,10592.00,0.00,true
2025-03-10,2025-03,FAC 0003-00040969,FAC,C9002,VENTA ONLINE,CAF-COLOM-250,1.00,8564.77,0.00,8564.77,,8564.77,0.00,true
2025-06-07,2025-06,FAC 0003-00042447,FAC,C9001,CONSUMIDOR FINAL,CAF-COLOM-250,2.00,9142.57,0.00,18285.14,,18285.14,0.00,true
2025-04-02,2025-04,FAC 0003-00041581,FAC,C9001,CONSUMIDOR FINAL,CAF-BLEND-250,2.00,5977.79,0.00,11955.58,,11955.58,0.00,true
2025-05-24,2025-05,FAC 0003-00041752,FAC,C9002,VENTA ONLINE,CAF-BRAS-250,2.00,5782.02,0.00,11564.04,,11564.04,0.00,true
2025-02-07,2025-02,FAC 0003-00040811,FAC,C9001,CONSUMIDOR FINAL,CAF-ETIOP-250,2.00,9709.00,0.00,19418.00,,19418.00,0.00,true
2025-01-22,2025-01,FAC 0003-00040059,FAC,C9002,VENTA ONLINE,CAP-TAZA,3.00,8900.00,0.00,26700.00,,26700.00,0.00,true
2025-06-22,2025-06,FAC 0003-00042133,FAC,C0134,Bar Agronomia,CAF-BLEND-1K,3.00,20069.06,35.00,39134.66,R. Ibarra,39134.67,-0.01,true
2025-05-09,2025-05,FAC 0003-00041714,FAC,C9002,VENTA ONLINE,CAF-COLOM-250,2.00,8945.76,0.00,17891.53,,17891.52,0.01,true
2025-03-25,2025-03,FAC 0003-00040950,FAC,C9002,VENTA ONLINE,CAF-BRAS-250,3.00,5535.77,0.00,16607.30,,16607.31,-0.01,true
2025-03-04,2025-03,FAC 0003-00041198,FAC,C9001,CONSUMIDOR FINAL,CAP-FILTRO-100,2.00,3342.35,0.00,6684.70,,6684.70,0.00,true
2025-01-13,2025-01,FAC 0003-00040024,FAC,C0111,Cafe Devoto II,CAF-BLEND-1K,7.00,18000.00,35.00,81900.00,M. Paz,81900.00,0.00,true
2025-04-04,2025-04,FAC 0003-00041390,FAC,C9002,VENTA ONLINE,CAF-DESCA-250,1.00,7899.22,0.00,7899.22,,7899.22,0.00,true
2025-03-13,2025-03,FAC 0003-00041056,FAC,C9002,VENTA ONLINE,CAF-ETIOP-250,1.00,9922.60,0.00,9922.60,,9922.60,0.00,true
2025-04-24,2025-04,FAC 0003-00041413,FAC,C9002,VENTA ONLINE,CAF-COLOM-250,1.00,8753.19,0.00,8753.19,,8753.19,0.00,true
2025-04-21,2025-04,FAC 0003-00041423,FAC,C9002,VENTA ONLINE,CAP-FILTRO-100,3.00,3415.88,0.00,10247.64,,10247.64,0.00,true
2025-02-22,2025-02,FAC 0003-00040414,FAC,C0001,GRANOS DEL SUR S.A.,CAF-BRAS-1K,12.00,17374.00,40.00,125092.80,M. Paz,125092.80,0.00,true
2025-05-12,2025-05,FAC 0003-00041789,FAC,C9002,VENTA ONLINE,CAF-DESCA-250,2.00,8073.01,0.00,16146.01,,16146.02,-0.01,true
2025-01-19,2025-01,FAC 0003-00040177,FAC,C9002,VENTA ONLINE,CAF-ETIOP-250,3.00,9500.00,0.00,28500.00,,28500.00,0.00,true
2025-05-04,2025-05,FAC 0003-00041919,FAC,C9002,VENTA ONLINE,CAF-COLOM-250,3.00,8945.76,0.00,26837.29,,26837.28,0.01,true
2025-01-17,2025-01,FAC 0003-00040219,FAC,C9002,VENTA ONLINE,CAF-ETIOP-250,3.00,9500.00,0.00,28500.00,,28500.00,0.00,true
2025-04-24,2025-04,FAC 0003-00041427,FAC,C9002,VENTA ONLINE,CAF-ETIOP-250,1.00,10140.90,0.00,10140.90,,10140.90,0.00,true
2025-02-07,2025-02,FAC 0003-00040466,FAC,C0134,Bar Agronomia,CAF-BLEND-1K,3.00,18396.00,35.00,35872.20,R. Ibarra,35872.20,0.00,true
2025-05-28,2025-05,FAC 0003-00041797,FAC,C9002,VENTA ONLINE,CAF-BRAS-250,1.00,5782.02,0.00,5782.02,,5782.02,0.00,true
2025-04-18,2025-04,FAC 0003-00041407,FAC,C9002,VENTA ONLINE,CAF-ETIOP-250,3.00,10140.90,0.00,30422.69,,30422.70,-0.01,true
2025-05-17,2025-05,FAC 0003-00041672,FAC,C0118,Bar Saavedra,CAF-BLEND-1K,4.00,19637.04,32.00,53412.76,M. Paz,53412.75,0.01,true
2025-04-11,2025-04,FAC 0003-00041484,FAC,C9002,VENTA ONLINE,CAF-BRAS-250,1.00,5657.55,0.00,5657.55,,5657.55,0.00,true
2025-04-22,2025-04,FAC 0003-00041576,FAC,C9001,CONSUMIDOR FINAL,CAF-BLEND-250,1.00,5977.79,0.00,5977.79,,5977.79,0.00,true
2025-01-23,2025-01,FAC 0003-00040091,FAC,C9002,VENTA ONLINE,CAF-BRAS-250,3.00,5300.00,0.00,15900.00,,15900.00,0.00,true
2025-03-21,2025-03,FAC 0003-00040946,FAC,C9002,VENTA ONLINE,CAP-TAZA,2.00,9295.91,0.00,18591.82,,18591.82,0.00,true
2025-02-21,2025-02,FAC 0003-00040494,FAC,C9002,VENTA ONLINE,CAF-BLEND-250,3.00,5723.20,0.00,17169.60,,17169.60,0.00,true
2025-03-08,2025-03,FAC 0003-00040954,FAC,C9002,VENTA ONLINE,CAF-BRAS-250,2.00,5535.77,0.00,11071.53,,11071.54,-0.01,true
2025-01-14,2025-01,FAC 0003-00040290,FAC,C9001,CONSUMIDOR FINAL,CAF-BLEND-250,2.00,5600.00,0.00,11200.00,,11200.00,0.00,true
2025-01-04,2025-01,FAC 0003-00040248,FAC,C9002,VENTA ONLINE,CAF-COLOM-250,2.00,8200.00,0.00,16400.00,,16400.00,0.00,true
2025-05-18,2025-05,FAC 0003-00041997,FAC,C9001,CONSUMIDOR FINAL,CAF-ETIOP-250,1.00,10363.99,0.00,10363.99,,10363.99,0.00,true
2025-04-26,2025-04,FAC 0003-00041522,FAC,C9002,VENTA ONLINE,CAF-CAPS-10,3.00,7365.49,0.00,22096.48,,22096.47,0.01,true
2025-03-07,2025-03,FAC 0003-00041009,FAC,C9002,VENTA ONLINE,CAF-COLOM-250,2.00,8564.77,0.00,17129.54,,17129.54,0.00,true
2025-02-16,2025-02,FAC 0003-00040524,FAC,C9002,VENTA ONLINE,CAF-BLEND-250,2.00,5723.20,0.00,11446.40,,11446.40,0.00,true
2025-05-08,2025-05,FAC 0003-00041971,FAC,C9001,CONSUMIDOR FINAL,CAF-BLEND-250,2.00,6109.30,0.00,12218.60,,12218.60,0.00,true
2025-06-26,2025-06,FAC 0003-00042492,FAC,C9001,CONSUMIDOR FINAL,CAF-BLEND-250,1.00,6243.71,0.00,6243.71,,6243.71,0.00,true
2025-02-01,2025-02,FAC 0003-00040672,FAC,C9002,VENTA ONLINE,CAF-CAPS-10,2.00,7051.80,0.00,14103.60,,14103.60,0.00,true
2025-06-19,2025-06,FAC 0003-00042434,FAC,C9001,CONSUMIDOR FINAL,CAF-COLOM-250,2.00,9142.57,0.00,18285.14,,18285.14,0.00,true
2025-05-20,2025-05,FAC 0003-00041869,FAC,C9002,VENTA ONLINE,CAF-DESCA-250,3.00,8073.01,0.00,24219.02,,24219.03,-0.01,true
2025-02-15,2025-02,FAC 0003-00040743,FAC,C9001,CONSUMIDOR FINAL,CAF-BLEND-250,2.00,5723.20,0.00,11446.40,,11446.40,0.00,true
2025-03-21,2025-03,FAC 0003-00040964,FAC,C9002,VENTA ONLINE,CAF-BLEND-250,2.00,5849.11,0.00,11698.22,,11698.22,0.00,true
2025-06-26,2025-06,NC 0003-00001237,NC,C0001,GRANOS DEL SUR S.A.,CAF-BLEND-1K,-8.00,20069.06,40.00,-96331.48,,-96331.49,0.01,true
2025-01-16,2025-01,FAC 0003-00040011,FAC,C0101,El Almacen de Palermo II,CAF-BLEND-1K,6.00,18000.00,35.00,70200.00,R. Ibarra,70200.00,0.00,true
2025-05-09,2025-05,FAC 0003-00041758,FAC,C9002,VENTA ONLINE,CAF-ETIOP-250,2.00,10363.99,0.00,20727.99,,20727.98,0.01,true
2025-04-21,2025-04,FAC 0003-00041288,FAC,C9002,VENTA ONLINE,CAF-ETIOP-250,2.00,10140.90,0.00,20281.79,,20281.80,-0.01,true
2025-03-18,2025-03,FAC 0003-00040999,FAC,C9002,VENTA ONLINE,CAF-ETIOP-250,1.00,9922.60,0.00,9922.60,,9922.60,0.00,true
2025-02-28,2025-02,FAC 0003-00040651,FAC,C9002,VENTA ONLINE,CAF-COLOM-250,3.00,8380.40,0.00,25141.20,,25141.20,0.00,true
2025-03-14,2025-03,FAC 0003-00041236,FAC,C9001,CONSUMIDOR FINAL,CAF-ETIOP-250,1.00,9922.60,0.00,9922.60,,9922.60,0.00,true
2025-02-19,2025-02,FAC 0003-00040639,FAC,C9002,VENTA ONLINE,CAF-ETIOP-250,2.00,9709.00,0.00,19418.00,,19418.00,0.00,true
2025-05-01,2025-05,FAC 0003-00042031,FAC,C9001,CONSUMIDOR FINAL,CAF-COLOM-250,1.00,8945.76,0.00,8945.76,,8945.76,0.00,true
2025-04-17,2025-04,FAC 0003-00041598,FAC,C9001,CONSUMIDOR FINAL,CAF-BLEND-250,2.00,5977.79,0.00,11955.58,,11955.58,0.00,true
2025-03-12,2025-03,FAC 0003-00041055,FAC,C9002,VENTA ONLINE,CAF-BLEND-250,2.00,5849.11,0.00,11698.22,,11698.22,0.00,true
2025-01-14,2025-01,FAC 0003-00040204,FAC,C9002,VENTA ONLINE,CAF-BLEND-250,2.00,5600.00,0.00,11200.00,,11200.00,0.00,true
2025-06-19,2025-06,FAC 0003-00042229,FAC,C9002,VENTA ONLINE,CAP-TAZA,3.00,9923.03,0.00,29769.10,,29769.09,0.01,true
2025-01-05,2025-01,FAC 0003-00040349,FAC,C9001,CONSUMIDOR FINAL,CAF-COLOM-250,1.00,8200.00,0.00,8200.00,,8200.00,0.00,true
2025-03-17,2025-03,FAC 0003-00040994,FAC,C9002,VENTA ONLINE,CAF-ETIOP-250,2.00,9922.60,0.00,19845.20,,19845.20,0.00,true
2025-03-02,2025-03,FAC 0003-00040881,FAC,C0133,El Almacen de Barracas II,CAF-BLEND-1K,8.00,18800.71,35.00,97763.70,,97763.69,0.01,true
2025-05-14,2025-05,FAC 0003-00041879,FAC,C9002,VENTA ONLINE,CAF-BRAS-250,1.00,5782.02,0.00,5782.02,,5782.02,0.00,true
2025-06-22,2025-06,FAC 0003-00042234,FAC,C9002,VENTA ONLINE,CAF-ETIOP-250,3.00,10592.00,0.00,31776.01,,31776.00,0.01,true
2025-01-20,2025-01,FAC 0003-00040253,FAC,C9002,VENTA ONLINE,CAF-ETIOP-250,3.00,9500.00,0.00,28500.00,,28500.00,0.00,true
2025-06-27,2025-06,FAC 0003-00042117,FAC,C0121,Panaderia Chacarita II,CAF-BRAS-1K,5.00,18954.11,35.00,61600.86,M. Paz,61600.86,0.00,true
2025-03-02,2025-03,FAC 0003-00041053,FAC,C9002,VENTA ONLINE,CAF-COLOM-250,1.00,8564.77,0.00,8564.77,,8564.77,0.00,true
2025-02-03,2025-02,FAC 0003-00040430,FAC,C0106,El Almacen de Nunez,CAF-BLEND-1K,7.00,18396.00,30.00,90140.40,,90140.40,0.00,true
2025-06-10,2025-06,FAC 0003-00042215,FAC,C9002,VENTA ONLINE,CAF-BRAS-250,3.00,5909.22,0.00,17727.67,,17727.66,0.01,true
2025-02-13,2025-02,FAC 0003-00040616,FAC,C9002,VENTA ONLINE,CAF-DESCA-250,2.00,7562.80,0.00,15125.60,,15125.60,0.00,true
2025-06-12,2025-06,FAC 0003-00042388,FAC,C9002,VENTA ONLINE,CAP-TAZA,1.00,9923.03,0.00,9923.03,,9923.03,0.00,true
2025-02-22,2025-02,FAC 0003-00040678,FAC,C9002,VENTA ONLINE,CAF-CAPS-10,3.00,7051.80,0.00,21155.40,,21155.40,0.00,true
2025-04-14,2025-04,FAC 0003-00041536,FAC,C9001,CONSUMIDOR FINAL,CAF-BLEND-250,1.00,5977.79,0.00,5977.79,,5977.79,0.00,true
2025-06-26,2025-06,FAC 0003-00042328,FAC,C9002,VENTA ONLINE,CAF-COLOM-250,1.00,9142.57,0.00,9142.57,,9142.57,0.00,true
2025-01-16,2025-01,FAC 0003-00040223,FAC,C9002,VENTA ONLINE,CAF-CAPS-10,3.00,6900.00,0.00,20700.00,,20700.00,0.00,true
2025-02-08,2025-02,FAC 0003-00040602,FAC,C9002,VENTA ONLINE,CAF-COLOM-250,3.00,8380.40,0.00,25141.20,,25141.20,0.00,true
2025-05-25,2025-05,FAC 0003-00042043,FAC,C9001,CONSUMIDOR FINAL,CAF-BLEND-250,1.00,6109.30,0.00,6109.30,,6109.30,0.00,true
2025-06-01,2025-06,FAC 0003-00042181,FAC,C9002,VENTA ONLINE,CAF-COLOM-250,1.00,9142.57,0.00,9142.57,,9142.57,0.00,true
2025-01-04,2025-01,FAC 0003-00040153,FAC,C9002,VENTA ONLINE,CAF-DESCA-250,3.00,7400.00,0.00,22200.00,,22200.00,0.00,true
2025-02-26,2025-02,FAC 0003-00040517,FAC,C9002,VENTA ONLINE,CAF-BLEND-250,3.00,5723.20,0.00,17169.60,,17169.60,0.00,true
2025-03-16,2025-03,FAC 0003-00041073,FAC,C9002,VENTA ONLINE,CAF-BLEND-250,2.00,5849.11,0.00,11698.22,,11698.22,0.00,true
2025-06-12,2025-06,FAC 0003-00042490,FAC,C9001,CONSUMIDOR FINAL,CAF-BLEND-1K,1.00,20069.06,0.00,20069.06,,20069.06,0.00,true
2025-03-10,2025-03,FAC 0003-00040983,FAC,C9002,VENTA ONLINE,CAF-BRAS-250,3.00,5535.77,0.00,16607.30,,16607.31,-0.01,true
2025-04-05,2025-04,FAC 0003-00041379,FAC,C9002,VENTA ONLINE,CAF-ETIOP-250,2.00,10140.90,0.00,20281.79,,20281.80,-0.01,true
2025-04-17,2025-04,FAC 0003-00041278,FAC,C0131,Tostado Coghlan II,CAF-BRAS-1K,7.00,18146.87,35.00,82568.24,R. Ibarra,82568.26,-0.02,true
2025-03-04,2025-03,FAC 0003-00040839,FAC,C0001,GRANOS DEL SUR S.A.,BLEND1K,52.00,18800.71,40.00,586582.21,M. Paz,586582.15,0.06,true
2025-04-25,2025-04,FAC 0003-00041327,FAC,C9002,VENTA ONLINE,CAF-DESCA-250,1.00,7899.22,0.00,7899.22,,7899.22,0.00,true
2025-02-03,2025-02,FAC 0003-00040571,FAC,C9002,VENTA ONLINE,CAF-ETIOP-250,3.00,9709.00,0.00,29127.00,,29127.00,0.00,true
2025-03-19,2025-03,FAC 0003-00041111,FAC,C9002,VENTA ONLINE,CAF-COLOM-250,1.00,8564.77,0.00,8564.77,,8564.77,0.00,true
2025-01-06,2025-01,FAC 0003-00040023,FAC,C0110,Panaderia Devoto,CAF-BRAS-1K,4.00,17000.00,35.00,44200.00,R. Ibarra,44200.00,0.00,true
2025-01-06,2025-01,FAC 0003-00040023,FAC,C0110,Panaderia Devoto,CAF-BLEND-1K,9.00,18000.00,35.00,105300.00,R. Ibarra,105300.00,0.00,true
2025-03-19,2025-03,FAC 0003-00041169,FAC,C9001,CONSUMIDOR FINAL,CAF-ETIOP-250,1.00,9922.60,0.00,9922.60,,9922.60,0.00,true
2025-06-19,2025-06,FAC 0003-00042228,FAC,C9002,VENTA ONLINE,CAF-ETIOP-250,2.00,10592.00,0.00,21184.01,,21184.00,0.01,true
2025-02-25,2025-02,FAC 0003-00040483,FAC,C9002,VENTA ONLINE,CAF-COLOM-250,3.00,8380.40,0.00,25141.20,,25141.20,0.00,true
2025-06-21,2025-06,FAC 0003-00042456,FAC,C9001,CONSUMIDOR FINAL,CAF-BLEND-250,2.00,6243.71,0.00,12487.41,,12487.42,-0.01,true
2025-03-01,2025-03,FAC 0003-00040868,FAC,C0123,La Ventanita de Almagro II,CAF-BLEND-1K,6.00,18800.71,35.00,73322.78,,73322.77,0.01,true
2025-05-08,2025-05,FAC 0003-00041881,FAC,C9002,VENTA ONLINE,CAF-DESCA-250,1.00,8073.01,0.00,8073.01,,8073.01,0.00,true
2025-06-17,2025-06,FAC 0003-00042281,FAC,C9002,VENTA ONLINE,CAF-BRAS-250,2.00,5909.22,0.00,11818.45,,11818.44,0.01,true
2025-02-27,2025-02,FAC 0003-00040674,FAC,C9002,VENTA ONLINE,CAF-COLOM-250,2.00,8380.40,0.00,16760.80,,16760.80,0.00,true
2025-02-11,2025-02,FAC 0003-00040645,FAC,C9002,VENTA ONLINE,CAF-ETIOP-250,1.00,9709.00,0.00,9709.00,,9709.00,0.00,true
2025-02-14,2025-02,FAC 0003-00040625,FAC,C9002,VENTA ONLINE,CAF-BLEND-250,2.00,5723.20,0.00,11446.40,,11446.40,0.00,true
2025-01-04,2025-01,FAC 0003-00040311,FAC,C9001,CONSUMIDOR FINAL,CAF-BLEND-250,2.00,5600.00,0.00,11200.00,,11200.00,0.00,true
2025-05-10,2025-05,FAC 0003-00041705,FAC,C9002,VENTA ONLINE,CAF-DESCA-250,2.00,8073.01,0.00,16146.01,,16146.02,-0.01,true
2025-02-06,2025-02,FAC 0003-00040662,FAC,C9002,VENTA ONLINE,CAP-TAZA,3.00,9095.80,0.00,27287.40,,27287.40,0.00,true
2025-04-21,2025-04,FAC 0003-00041518,FAC,C9002,VENTA ONLINE,CAF-COLOM-250,1.00,8753.19,0.00,8753.19,,8753.19,0.00,true
2025-02-06,2025-02,FAC 0003-00040567,FAC,C9002,VENTA ONLINE,CAF-BLEND-250,1.00,5723.20,0.00,5723.20,,5723.20,0.00,true
2025-03-02,2025-03,FAC 0003-00040961,FAC,C9002,VENTA ONLINE,CAP-FILTRO-100,2.00,3342.35,0.00,6684.70,,6684.70,0.00,true
2025-05-09,2025-05,FAC 0003-00042079,FAC,C9001,CONSUMIDOR FINAL,CAF-COLOM-250,1.00,8945.76,0.00,8945.76,,8945.76,0.00,true
2025-03-12,2025-03,FAC 0003-00040845,FAC,C0100,Cafe Palermo,CAP-FILTRO-100,5.00,3342.35,32.00,11363.99,M. Paz,11363.99,0.00,true
2025-06-14,2025-06,FAC 0003-00042132,FAC,C0133,El Almacen de Barracas II,CAF-BLEND-1K,6.00,20069.06,35.00,78269.33,M. Paz,78269.33,-0.00,true
2025-06-18,2025-06,FAC 0003-00042144,FAC,C9002,VENTA ONLINE,CAF-COLOM-250,3.00,9142.57,0.00,27427.71,,27427.71,0.00,true
2025-02-28,2025-02,FAC 0003-00040714,FAC,C9001,CONSUMIDOR FINAL,CAF-BLEND-250,2.00,5723.20,0.00,11446.40,,11446.40,0.00,true
2025-02-13,2025-02,FAC 0003-00040794,FAC,C9001,CONSUMIDOR FINAL,CAF-ETIOP-250,2.00,9709.00,0.00,19418.00,,19418.00,0.00,true
2025-01-01,2025-01,FAC 0003-00040237,FAC,C9002,VENTA ONLINE,CAF-COLOM-250,3.00,8200.00,0.00,24600.00,,24600.00,0.00,true
2025-02-27,2025-02,FAC 0003-00040687,FAC,C9002,VENTA ONLINE,CAF-COLOM-250,1.00,8380.40,0.00,8380.40,,8380.40,0.00,true
2025-03-04,2025-03,FAC 0003-00041156,FAC,C9001,CONSUMIDOR FINAL,CAF-COLOM-250,2.00,8564.77,0.00,17129.54,,17129.54,0.00,true
2025-03-07,2025-03,FAC 0003-00040933,FAC,C9002,VENTA ONLINE,CAF-DESCA-250,3.00,7729.18,0.00,23187.54,,23187.54,0.00,true
2025-04-04,2025-04,FAC 0003-00041464,FAC,C9002,VENTA ONLINE,CAF-BLEND-250,1.00,5977.79,0.00,5977.79,,5977.79,0.00,true
2025-06-20,2025-06,FAC 0003-00042105,FAC,C0111,Cafe Devoto II,CAF-ETIOP-250,11.00,10592.00,35.00,75732.82,M. Paz,75732.80,0.02,true
2025-03-20,2025-03,FAC 0003-00041212,FAC,C9001,CONSUMIDOR FINAL,CAF-BLEND-250,2.00,5849.11,0.00,11698.22,,11698.22,0.00,true
2025-06-01,2025-06,FAC 0003-00042090,FAC,C0101,El Almacen de Palermo II,CAF-BLEND-1K,8.00,20069.06,35.00,104359.10,,104359.11,-0.01,true
2025-01-13,2025-01,FAC 0003-00040240,FAC,C9002,VENTA ONLINE,CAF-COLOM-250,2.00,8200.00,0.00,16400.00,,16400.00,0.00,true
2025-03-15,2025-03,FAC 0003-00041042,FAC,C9002,VENTA ONLINE,CAF-COLOM-250,1.00,8564.77,0.00,8564.77,,8564.77,0.00,true
2025-05-15,2025-05,FAC 0003-00042040,FAC,C9001,CONSUMIDOR FINAL,CAF-BLEND-250,2.00,6109.30,0.00,12218.60,,12218.60,0.00,true
2025-05-12,2025-05,FAC 0003-00041915,FAC,C9002,VENTA ONLINE,CAF-COLOM-250,1.00,8945.76,0.00,8945.76,,8945.76,0.00,true
2025-05-07,2025-05,FAC 0003-00041819,FAC,C9002,VENTA ONLINE,CAF-COLOM-250,3.00,8945.76,0.00,26837.29,,26837.28,0.01,true
2025-04-24,2025-04,FAC 0003-00041413,FAC,C9002,VENTA ONLINE,CAF-BLEND-250,1.00,5977.79,0.00,5977.79,,5977.79,0.00,true
2025-01-15,2025-01,FAC 0003-00040158,FAC,C9002,VENTA ONLINE,CAF-BRAS-250,3.00,5300.00,0.00,15900.00,,15900.00,0.00,true
2025-04-07,2025-04,FAC 0003-00041497,FAC,C9002,VENTA ONLINE,CAF-COLOM-250,2.00,8753.19,0.00,17506.39,,17506.38,0.01,true
2025-06-13,2025-06,NC 0003-00001241,NC,C0107,La Ventanita de Nunez II,CAF-BRAS-1K,-2.00,18954.11,35.00,-24640.34,,-24640.34,0.00,true
2025-03-23,2025-03,FAC 0003-00041098,FAC,C9002,VENTA ONLINE,CAF-BLEND-250,1.00,5849.11,0.00,5849.11,,5849.11,0.00,true
2025-04-10,2025-04,FAC 0003-00041474,FAC,C9002,VENTA ONLINE,CAF-COLOM-250,1.00,8753.19,0.00,8753.19,,8753.19,0.00,true
2025-04-23,2025-04,FAC 0003-00041246,FAC,C0100,Cafe Palermo,CAF-BLEND-1K,3.00,19214.33,32.00,39197.23,,39197.23,-0.00,true
2025-01-27,2025-01,FAC 0003-00040367,FAC,C9001,CONSUMIDOR FINAL,CAF-ETIOP-250,1.00,9500.00,0.00,9500.00,,9500.00,0.00,true
2025-05-08,2025-05,FAC 0003-00041655,FAC,C0104,Tostado Villa Crespo,CAF-BLEND-1K,6.00,19637.04,35.00,76584.47,,76584.46,0.01,true
2025-04-14,2025-04,FAC 0003-00041266,FAC,C0120,Tostado Chacarita,CAF-BLEND-1K,9.00,19214.33,32.00,117591.69,,117591.70,-0.01,true
2025-05-23,2025-05,FAC 0003-00041733,FAC,C9002,VENTA ONLINE,CAF-ETIOP-250,1.00,10363.99,0.00,10363.99,,10363.99,0.00,true
2025-01-17,2025-01,FAC 0003-00040389,FAC,C9001,CONSUMIDOR FINAL,CAF-ETIOP-250,1.00,9500.00,0.00,9500.00,,9500.00,0.00,true
2025-04-11,2025-04,FAC 0003-00041489,FAC,C9002,VENTA ONLINE,CAF-BRAS-250,3.00,5657.55,0.00,16972.66,,16972.65,0.01,true
2025-06-07,2025-06,FAC 0003-00042352,FAC,C9002,VENTA ONLINE,CAP-TAZA,2.00,9923.03,0.00,19846.07,,19846.06,0.01,true
2025-04-28,2025-04,FAC 0003-00041524,FAC,C9002,VENTA ONLINE,CAF-BLEND-250,1.00,5977.79,0.00,5977.79,,5977.79,0.00,true
2025-04-06,2025-04,FAC 0003-00041321,FAC,C9002,VENTA ONLINE,CAP-TAZA,3.00,9500.42,0.00,28501.25,,28501.26,-0.01,true
2025-05-17,2025-05,NC 0003-00001233,NC,C0135,Coffee Lab Agronomia II,CAF-BRAS-1K,-5.00,18546.10,30.00,-64911.34,,-64911.35,0.01,true
2025-05-28,2025-05,FAC 0003-00042067,FAC,C9001,CONSUMIDOR FINAL,CAF-ETIOP-250,1.00,10363.99,0.00,10363.99,,10363.99,0.00,true
2025-03-16,2025-03,FAC 0003-00041010,FAC,C9002,VENTA ONLINE,CAF-COLOM-250,2.00,8564.77,0.00,17129.54,,17129.54,0.00,true
2025-03-04,2025-03,FAC 0003-00040900,FAC,C9002,VENTA ONLINE,CAF-ETIOP-250,3.00,9922.60,0.00,29767.79,,29767.80,-0.01,true
2025-05-27,2025-05,FAC 0003-00041796,FAC,C9002,VENTA ONLINE,CAF-COLOM-250,1.00,8945.76,0.00,8945.76,,8945.76,0.00,true
2025-05-05,2025-05,FAC 0003-00041882,FAC,C9002,VENTA ONLINE,CAF-ETIOP-250,2.00,10363.99,0.00,20727.99,,20727.98,0.01,true
2025-05-23,2025-05,FAC 0003-00041931,FAC,C9002,VENTA ONLINE,CAF-CAPS-10,2.00,7527.53,0.00,15055.07,,15055.06,0.01,true
2025-05-10,2025-05,FAC 0003-00041877,FAC,C9002,VENTA ONLINE,CAF-BRAS-250,2.00,5782.02,0.00,11564.04,,11564.04,0.00,true
2025-05-07,2025-05,FAC 0003-00041717,FAC,C9002,VENTA ONLINE,CAP-TAZA,2.00,9709.43,0.00,19418.85,,19418.86,-0.01,true
2025-05-24,2025-05,FAC 0003-00041901,FAC,C9002,VENTA ONLINE,CAF-COLOM-250,1.00,8945.76,0.00,8945.76,,8945.76,0.00,true
2025-04-21,2025-04,FAC 0003-00041486,FAC,C9002,VENTA ONLINE,CAF-COLOM-250,3.00,8753.19,0.00,26259.58,,26259.57,0.01,true
2025-05-03,2025-05,FAC 0003-00041759,FAC,C9002,VENTA ONLINE,CAF-BLEND-250,3.00,6109.30,0.00,18327.91,,18327.90,0.01,true
2025-06-11,2025-06,FAC 0003-00042129,FAC,C0131,Tostado Coghlan II,CAF-BLEND-1K,3.00,20069.06,35.00,39134.66,M. Paz,39134.67,-0.01,true
2025-02-15,2025-02,FAC 0003-00040452,FAC,C0124,Coffee Lab Flores,CAF-BRAS-1K,8.00,17374.00,35.00,90344.80,R. Ibarra,90344.80,0.00,true
2025-04-06,2025-04,FAC 0003-00041326,FAC,C9002,VENTA ONLINE,CAF-DESCA-250,3.00,7899.22,0.00,23697.67,,23697.66,0.01,true
2025-06-25,2025-06,FAC 0003-00042370,FAC,C9002,VENTA ONLINE,CAP-FILTRO-100,2.00,3567.83,0.00,7135.67,,7135.66,0.01,true
2025-01-19,2025-01,FAC 0003-00040110,FAC,C9002,VENTA ONLINE,CAF-ETIOP-250,2.00,9500.00,0.00,19000.00,,19000.00,0.00,true
2025-01-22,2025-01,FAC 0003-00040117,FAC,C9002,VENTA ONLINE,CAF-BLEND-250,2.00,5600.00,0.00,11200.00,,11200.00,0.00,true
2025-06-19,2025-06,FAC 0003-00042314,FAC,C9002,VENTA ONLINE,CAP-TAZA,3.00,9923.03,0.00,29769.10,,29769.09,0.01,true
2025-02-02,2025-02,FAC 0003-00040832,FAC,C9001,CONSUMIDOR FINAL,CAF-COLOM-250,2.00,8380.40,0.00,16760.80,,16760.80,0.00,true
2025-05-23,2025-05,FAC 0003-00041783,FAC,C9002,VENTA ONLINE,CAF-BRAS-250,2.00,5782.02,0.00,11564.04,,11564.04,0.00,true
2025-05-07,2025-05,FAC 0003-00042008,FAC,C9001,CONSUMIDOR FINAL,CAF-BLEND-250,2.00,6109.30,0.00,12218.60,,12218.60,0.00,true
2025-05-13,2025-05,FAC 0003-00041810,FAC,C9002,VENTA ONLINE,CAF-BLEND-250,3.00,6109.30,0.00,18327.91,,18327.90,0.01,true
2025-01-15,2025-01,FAC 0003-00040225,FAC,C9002,VENTA ONLINE,CAF-BLEND-250,3.00,5600.00,0.00,16800.00,,16800.00,0.00,true
2025-05-17,2025-05,FAC 0003-00041798,FAC,C9002,VENTA ONLINE,CAF-BRAS-250,3.00,5782.02,0.00,17346.05,,17346.06,-0.01,true
2025-01-16,2025-01,FAC 0003-00040052,FAC,C0138,El Almacen de Constitucion,CAF-BRAS-1K,4.00,17000.00,30.00,47600.00,,47600.00,0.00,true
2025-06-18,2025-06,FAC 0003-00042167,FAC,C9002,VENTA ONLINE,CAF-CAPS-10,2.00,7693.14,0.00,15386.28,,15386.28,0.00,true
2025-01-23,2025-01,FAC 0003-00040412,FAC,C9001,CONSUMIDOR FINAL,CAF-BLEND-250,2.00,5600.00,0.00,11200.00,,11200.00,0.00,true
2025-04-02,2025-04,FAC 0003-00041435,FAC,C9002,VENTA ONLINE,CAF-BRAS-250,3.00,5657.55,0.00,16972.66,,16972.65,0.01,true
2025-03-17,2025-03,FAC 0003-00040873,FAC,C0128,La Ventanita de San Telmo,CAF-BRAS-1K,3.00,17756.23,32.00,36222.71,M. Paz,36222.71,0.00,true
2025-02-03,2025-02,FAC 0003-00040449,FAC,C0123,La Ventanita de Almagro II,CAP-FILTRO-100,4.00,3270.40,35.00,8503.04,M. Paz,8503.04,0.00,true
2025-05-27,2025-05,FAC 0003-00041875,FAC,C9002,VENTA ONLINE,CAF-ETIOP-250,2.00,10363.99,0.00,20727.99,,20727.98,0.01,true
2025-04-11,2025-04,FAC 0003-00041436,FAC,C9002,VENTA ONLINE,CAP-TAZA,2.00,9500.42,0.00,19000.84,,19000.84,0.00,true
2025-03-26,2025-03,FAC 0003-00041074,FAC,C9002,VENTA ONLINE,CAF-COLOM-250,1.00,8564.77,0.00,8564.77,,8564.77,0.00,true
2025-06-07,2025-06,FAC 0003-00042441,FAC,C9001,CONSUMIDOR FINAL,CAF-BLEND-1K,2.00,20069.06,0.00,40138.12,,40138.12,0.00,true
2025-02-21,2025-02,NC 0003-00001215,NC,C0101,El Almacen de Palermo II,CAF-BRAS-1K,-5.00,17374.00,35.00,-56465.50,,-56465.50,0.00,true
2025-03-02,2025-03,FAC 0003-00040932,FAC,C9002,VENTA ONLINE,CAF-BRAS-250,2.00,5535.77,0.00,11071.53,,11071.54,-0.01,true
2025-04-24,2025-04,FAC 0003-00041570,FAC,C9001,CONSUMIDOR FINAL,CAP-FILTRO-100,1.00,3415.88,0.00,3415.88,,3415.88,0.00,true
2025-05-23,2025-05,FAC 0003-00041790,FAC,C9002,VENTA ONLINE,CAF-BRAS-250,1.00,5782.02,0.00,5782.02,,5782.02,0.00,true
2025-06-25,2025-06,FAC 0003-00042237,FAC,C9002,VENTA ONLINE,CAF-COLOM-250,1.00,9142.57,0.00,9142.57,,9142.57,0.00,true
2025-06-15,2025-06,FAC 0003-00042374,FAC,C9002,VENTA ONLINE,CAF-BRAS-250,1.00,5909.22,0.00,5909.22,,5909.22,0.00,true
2025-05-17,2025-05,FAC 0003-00041672,FAC,C0118,Bar Saavedra,CAF-BRAS-1K,2.00,18546.10,32.00,25222.69,M. Paz,25222.70,-0.01,true
2025-01-09,2025-01,FAC 0003-00040137,FAC,C9002,VENTA ONLINE,CAF-COLOM-250,2.00,8200.00,0.00,16400.00,,16400.00,0.00,true
2025-06-16,2025-06,FAC 0003-00042411,FAC,C9001,CONSUMIDOR FINAL,CAF-ETIOP-250,1.00,10592.00,0.00,10592.00,,10592.00,0.00,true
2025-04-24,2025-04,FAC 0003-00041534,FAC,C9001,CONSUMIDOR FINAL,CAF-ETIOP-250,1.00,10140.90,0.00,10140.90,,10140.90,0.00,true
2025-01-16,2025-01,FAC 0003-00040308,FAC,C9001,CONSUMIDOR FINAL,CAF-COLOM-250,2.00,8200.00,0.00,16400.00,,16400.00,0.00,true
2025-03-16,2025-03,FAC 0003-00041015,FAC,C9002,VENTA ONLINE,CAF-ETIOP-250,3.00,9922.60,0.00,29767.79,,29767.80,-0.01,true
2025-01-16,2025-01,FAC 0003-00040043,FAC,C0130,Usina Coghlan,CAF-BLEND-1K,5.00,18000.00,30.00,63000.00,,63000.00,0.00,true
2025-01-24,2025-01,FAC 0003-00040206,FAC,C9002,VENTA ONLINE,CAF-ETIOP-250,3.00,9500.00,0.00,28500.00,,28500.00,0.00,true
2025-01-01,2025-01,FAC 0003-00040027,FAC,C0113,Bar Recoleta II,CAP-FILTRO-100,2.00,3200.00,30.00,4480.00,M. Paz,4480.00,0.00,true
2025-05-11,2025-05,FAC 0003-00041767,FAC,C9002,VENTA ONLINE,CAF-COLOM-250,1.00,8945.76,0.00,8945.76,,8945.76,0.00,true
2025-01-18,2025-01,FAC 0003-00040053,FAC,C0139,La Ventanita de Constitucion II,CAF-BRAS-1K,8.00,17000.00,30.00,95200.00,R. Ibarra,95200.00,0.00,true
2025-01-09,2025-01,FAC 0003-00040407,FAC,C9001,CONSUMIDOR FINAL,CAF-BLEND-250,1.00,5600.00,0.00,5600.00,,5600.00,0.00,true
2025-05-10,2025-05,FAC 0003-00042009,FAC,C9001,CONSUMIDOR FINAL,CAP-FILTRO-100,1.00,3491.03,0.00,3491.03,,3491.03,0.00,true
2025-02-28,2025-02,FAC 0003-00040548,FAC,C9002,VENTA ONLINE,CAP-TAZA,2.00,9095.80,0.00,18191.60,,18191.60,0.00,true
2025-01-07,2025-01,FAC 0003-00040007,FAC,C0001,GRANOS DEL SUR S.A.,CAF-BLEND-1K,52.00,18000.00,40.00,561600.00,R. Ibarra,561600.00,0.00,true
2025-05-09,2025-05,FAC 0003-00041698,FAC,C9002,VENTA ONLINE,CAF-COLOM-250,1.00,8945.76,0.00,8945.76,,8945.76,0.00,true
2025-06-18,2025-06,FAC 0003-00042295,FAC,C9002,VENTA ONLINE,CAF-ETIOP-250,3.00,10592.00,0.00,31776.01,,31776.00,0.01,true
2025-02-24,2025-02,FAC 0003-00040428,FAC,C0104,Tostado Villa Crespo,CAF-BLEND-1K,9.00,18396.00,35.00,107616.60,,107616.60,0.00,true
2025-06-18,2025-06,FAC 0003-00042125,FAC,C0128,La Ventanita de San Telmo,CAP-FILTRO-100,6.00,3567.83,32.00,14556.76,M. Paz,14556.75,0.01,true
2025-04-27,2025-04,FAC 0003-00041358,FAC,C9002,VENTA ONLINE,CAF-BRAS-250,1.00,5657.55,0.00,5657.55,,5657.55,0.00,true
2025-05-02,2025-05,FAC 0003-00041868,FAC,C9002,VENTA ONLINE,CAF-BRAS-250,1.00,5782.02,0.00,5782.02,,5782.02,0.00,true
2025-03-04,2025-03,FAC 0003-00040900,FAC,C9002,VENTA ONLINE,CAF-BLEND-250,1.00,5849.11,0.00,5849.11,,5849.11,0.00,true
2025-04-23,2025-04,FAC 0003-00041495,FAC,C9002,VENTA ONLINE,CAF-COLOM-250,2.00,8753.19,0.00,17506.39,,17506.38,0.01,true
2025-03-10,2025-03,FAC 0003-00041086,FAC,C9002,VENTA ONLINE,CAF-COLOM-250,3.00,8564.77,0.00,25694.31,,25694.31,0.00,true
2025-01-04,2025-01,FAC 0003-00040356,FAC,C9001,CONSUMIDOR FINAL,CAF-COLOM-250,2.00,8200.00,0.00,16400.00,,16400.00,0.00,true
2025-01-03,2025-01,FAC 0003-00040004,FAC,C0001,GRANOS DEL SUR S.A.,CAF-BRAS-1K,12.00,17000.00,40.00,122400.00,R. Ibarra,122400.00,0.00,true
2025-04-20,2025-04,FAC 0003-00041256,FAC,C0109,Usina Colegiales II,CAF-BLEND-1K,8.00,19214.33,32.00,104525.94,R. Ibarra,104525.96,-0.02,true
2025-04-07,2025-04,FAC 0003-00041296,FAC,C9002,VENTA ONLINE,CAF-BLEND-250,3.00,5977.79,0.00,17933.37,,17933.37,0.00,true
2025-05-21,2025-05,FAC 0003-00041809,FAC,C9002,VENTA ONLINE,CAF-BRAS-250,3.00,5782.02,0.00,17346.05,,17346.06,-0.01,true
2025-01-11,2025-01,FAC 0003-00040095,FAC,C9002,VENTA ONLINE,CAF-ETIOP-250,1.00,9500.00,0.00,9500.00,,9500.00,0.00,true
2025-02-10,2025-02,FAC 0003-00040469,FAC,C0137,Panaderia Villa Urquiza II,CAF-ETIOP-250,5.00,9709.00,30.00,33981.50,,33981.50,0.00,true
2025-06-15,2025-06,FAC 0003-00042101,FAC,C0109,Usina Colegiales II,CAF-BLEND-1K,6.00,20069.06,32.00,81881.76,,81881.76,-0.00,true
2025-04-02,2025-04,FAC 0003-00041634,FAC,C9001,CONSUMIDOR FINAL,CAF-ETIOP-250,2.00,10140.90,0.00,20281.79,,20281.80,-0.01,true
2025-04-19,2025-04,FAC 0003-00041341,FAC,C9002,VENTA ONLINE,CAP-TAZA,2.00,9500.42,0.00,19000.84,,19000.84,0.00,true
2025-01-10,2025-01,FAC 0003-00040179,FAC,C9002,VENTA ONLINE,CAF-BRAS-250,2.00,5300.00,0.00,10600.00,,10600.00,0.00,true
2025-03-02,2025-03,FAC 0003-00041130,FAC,C9001,CONSUMIDOR FINAL,CAP-FILTRO-100,2.00,3342.35,0.00,6684.70,,6684.70,0.00,true
2025-03-06,2025-03,FAC 0003-00040991,FAC,C9002,VENTA ONLINE,CAF-BLEND-250,2.00,5849.11,0.00,11698.22,,11698.22,0.00,true
2025-04-21,2025-04,FAC 0003-00041518,FAC,C9002,VENTA ONLINE,CAF-BLEND-250,3.00,5977.79,0.00,17933.37,,17933.37,0.00,true
2025-02-10,2025-02,FAC 0003-00040619,FAC,C9002,VENTA ONLINE,CAF-BLEND-250,1.00,5723.20,0.00,5723.20,,5723.20,0.00,true
2025-06-16,2025-06,FAC 0003-00042300,FAC,C9002,VENTA ONLINE,CAF-BRAS-250,1.00,5909.22,0.00,5909.22,,5909.22,0.00,true
2025-04-20,2025-04,FAC 0003-00041283,FAC,C0135,Coffee Lab Agronomia II,CAF-BLEND-1K,4.00,19214.33,30.00,53800.12,R. Ibarra,53800.12,-0.00,true
2025-06-26,2025-06,FAC 0003-00042430,FAC,C9001,CONSUMIDOR FINAL,CAF-COLOM-250,2.00,9142.57,0.00,18285.14,,18285.14,0.00,true
2025-06-07,2025-06,FAC 0003-00042212,FAC,C9002,VENTA ONLINE,CAF-CAPS-10,3.00,7693.14,0.00,23079.42,,23079.42,0.00,true
2025-04-18,2025-04,FAC 0003-00041370,FAC,C9002,VENTA ONLINE,CAF-ETIOP-250,1.00,10140.90,0.00,10140.90,,10140.90,0.00,true
2025-06-02,2025-06,FAC 0003-00042298,FAC,C9002,VENTA ONLINE,CAF-BLEND-250,3.00,6243.71,0.00,18731.12,,18731.13,-0.01,true
2025-05-18,2025-05,FAC 0003-00041696,FAC,C0138,El Almacen de Constitucion,CAF-BRAS-1K,3.00,18546.10,30.00,38946.80,,38946.81,-0.01,true
2025-04-09,2025-04,FAC 0003-00041515,FAC,C9002,VENTA ONLINE,CAF-ETIOP-250,2.00,10140.90,0.00,20281.79,,20281.80,-0.01,true
2025-06-12,2025-06,FAC 0003-00042190,FAC,C9002,VENTA ONLINE,CAF-BLEND-250,2.00,6243.71,0.00,12487.41,,12487.42,-0.01,true
2025-01-25,2025-01,FAC 0003-00040134,FAC,C9002,VENTA ONLINE,CAF-BLEND-250,3.00,5600.00,0.00,16800.00,,16800.00,0.00,true
2025-05-28,2025-05,FAC 0003-00041906,FAC,C9002,VENTA ONLINE,CAF-CAPS-10,2.00,7527.53,0.00,15055.07,,15055.06,0.01,true
2025-03-12,2025-03,FAC 0003-00040852,FAC,C0106,El Almacen de Nunez,CAF-BLEND-1K,10.00,18800.71,30.00,131604.98,,131604.97,0.01,true
2025-02-03,2025-02,FAC 0003-00040510,FAC,C9002,VENTA ONLINE,CAP-FILTRO-100,3.00,3270.40,0.00,9811.20,,9811.20,0.00,true
2025-03-08,2025-03,FAC 0003-00041028,FAC,C9002,VENTA ONLINE,CAP-FILTRO-100,1.00,3342.35,0.00,3342.35,,3342.35,0.00,true
2025-04-21,2025-04,FAC 0003-00041351,FAC,C9002,VENTA ONLINE,CAF-DESCA-250,3.00,7899.22,0.00,23697.67,,23697.66,0.01,true
2025-05-11,2025-05,FAC 0003-00041742,FAC,C9002,VENTA ONLINE,CAF-COLOM-250,2.00,8945.76,0.00,17891.53,,17891.52,0.01,true
2025-06-02,2025-06,FAC 0003-00042191,FAC,C9002,VENTA ONLINE,CAF-COLOM-250,1.00,9142.57,0.00,9142.57,,9142.57,0.00,true
2025-02-10,2025-02,FAC 0003-00040499,FAC,C9002,VENTA ONLINE,CAF-BLEND-250,2.00,5723.20,0.00,11446.40,,11446.40,0.00,true
2025-06-17,2025-06,FAC 0003-00042246,FAC,C9002,VENTA ONLINE,CAF-COLOM-250,2.00,9142.57,0.00,18285.14,,18285.14,0.00,true
2025-06-23,2025-06,FAC 0003-00042265,FAC,C9002,VENTA ONLINE,CAF-ETIOP-250,3.00,10592.00,0.00,31776.01,,31776.00,0.01,true
2025-04-11,2025-04,FAC 0003-00041484,FAC,C9002,VENTA ONLINE,CAF-COLOM-250,1.00,8753.19,0.00,8753.19,,8753.19,0.00,true
2025-03-09,2025-03,FAC 0003-00041159,FAC,C9001,CONSUMIDOR FINAL,CAF-COLOM-250,1.00,8564.77,0.00,8564.77,,8564.77,0.00,true
2025-01-17,2025-01,FAC 0003-00040230,FAC,C9002,VENTA ONLINE,CAF-COLOM-250,3.00,8200.00,0.00,24600.00,,24600.00,0.00,true
2025-03-18,2025-03,FAC 0003-00040942,FAC,C9002,VENTA ONLINE,CAF-BLEND-250,3.00,5849.11,0.00,17547.33,,17547.33,0.00,true
2025-03-03,2025-03,FAC 0003-00041163,FAC,C9001,CONSUMIDOR FINAL,CAF-BLEND-1K,1.00,18800.71,0.00,18800.71,,18800.71,0.00,true
2025-03-13,2025-03,FAC 0003-00041056,FAC,C9002,VENTA ONLINE,CAF-BRAS-250,3.00,5535.77,0.00,16607.30,,16607.31,-0.01,true
2025-06-28,2025-06,FAC 0003-00042502,FAC,C9001,CONSUMIDOR FINAL,CAF-COLOM-250,1.00,9142.57,0.00,9142.57,,9142.57,0.00,true
2025-02-04,2025-02,FAC 0003-00040808,FAC,C9001,CONSUMIDOR FINAL,CAF-BLEND-250,1.00,5723.20,0.00,5723.20,,5723.20,0.00,true
2025-06-11,2025-06,FAC 0003-00042162,FAC,C9002,VENTA ONLINE,CAF-BRAS-250,3.00,5909.22,0.00,17727.67,,17727.66,0.01,true
2025-03-16,2025-03,FAC 0003-00040948,FAC,C9002,VENTA ONLINE,CAF-BRAS-250,1.00,5535.77,0.00,5535.77,,5535.77,0.00,true
2025-05-26,2025-05,FAC 0003-00041990,FAC,C9001,CONSUMIDOR FINAL,CAP-FILTRO-100,1.00,3491.03,0.00,3491.03,,3491.03,0.00,true
2025-03-10,2025-03,FAC 0003-00041185,FAC,C9001,CONSUMIDOR FINAL,CAF-BLEND-250,1.00,5849.11,0.00,5849.11,,5849.11,0.00,true
2025-03-04,2025-03,FAC 0003-00041092,FAC,C9002,VENTA ONLINE,CAF-ETIOP-250,1.00,9922.60,0.00,9922.60,,9922.60,0.00,true
2025-05-18,2025-05,FAC 0003-00041827,FAC,C9002,VENTA ONLINE,CAF-DESCA-250,2.00,8073.01,0.00,16146.01,,16146.02,-0.01,true
2025-04-24,2025-04,FAC 0003-00041392,FAC,C9002,VENTA ONLINE,CAF-COLOM-250,3.00,8753.19,0.00,26259.58,,26259.57,0.01,true
2025-03-11,2025-03,FAC 0003-00041235,FAC,C9001,CONSUMIDOR FINAL,CAF-COLOM-250,1.00,8564.77,0.00,8564.77,,8564.77,0.00,true
2025-06-02,2025-06,FAC 0003-00042498,FAC,C9001,CONSUMIDOR FINAL,CAF-COLOM-250,2.00,9142.57,0.00,18285.14,,18285.14,0.00,true
2025-05-25,2025-05,FAC 0003-00041941,FAC,C9002,VENTA ONLINE,CAF-CAPS-10,3.00,7527.53,0.00,22582.60,,22582.59,0.01,true
2025-06-18,2025-06,FAC 0003-00042414,FAC,C9001,CONSUMIDOR FINAL,CAF-BLEND-250,2.00,6243.71,0.00,12487.41,,12487.42,-0.01,true
2025-05-02,2025-05,FAC 0003-00041800,FAC,C9002,VENTA ONLINE,CAF-CAPS-10,2.00,7527.53,0.00,15055.07,,15055.06,0.01,true
2025-03-10,2025-03,FAC 0003-00041160,FAC,C9001,CONSUMIDOR FINAL,CAF-ETIOP-250,2.00,9922.60,0.00,19845.20,,19845.20,0.00,true
2025-02-12,2025-02,FAC 0003-00040450,FAC,C0123,La Ventanita de Almagro II,CAF-BLEND-1K,3.00,18396.00,35.00,35872.20,,35872.20,0.00,true
2025-03-14,2025-03,FAC 0003-00040898,FAC,C9002,VENTA ONLINE,CAF-ETIOP-250,2.00,9922.60,0.00,19845.20,,19845.20,0.00,true
2025-04-24,2025-04,FAC 0003-00041263,FAC,C0116,Cafe Caballito,CAF-BRAS-1K,7.00,18146.87,32.00,86379.08,M. Paz,86379.10,-0.02,true
2025-05-24,2025-05,FAC 0003-00041916,FAC,C9002,VENTA ONLINE,CAF-BRAS-250,1.00,5782.02,0.00,5782.02,,5782.02,0.00,true
2025-03-22,2025-03,FAC 0003-00041157,FAC,C9001,CONSUMIDOR FINAL,CAF-BLEND-250,2.00,5849.11,0.00,11698.22,,11698.22,0.00,true
2025-01-25,2025-01,FAC 0003-00040265,FAC,C9001,CONSUMIDOR FINAL,CAF-BLEND-250,2.00,5600.00,0.00,11200.00,,11200.00,0.00,true
2025-01-24,2025-01,FAC 0003-00040231,FAC,C9002,VENTA ONLINE,CAP-FILTRO-100,2.00,3200.00,0.00,6400.00,,6400.00,0.00,true
2025-06-21,2025-06,FAC 0003-00042373,FAC,C9002,VENTA ONLINE,CAF-COLOM-250,3.00,9142.57,0.00,27427.71,,27427.71,0.00,true
2025-02-25,2025-02,FAC 0003-00040691,FAC,C9002,VENTA ONLINE,CAF-COLOM-250,2.00,8380.40,0.00,16760.80,,16760.80,0.00,true
2025-05-05,2025-05,FAC 0003-00041769,FAC,C9002,VENTA ONLINE,CAF-DESCA-250,1.00,8073.01,0.00,8073.01,,8073.01,0.00,true
2025-05-16,2025-05,FAC 0003-00041965,FAC,C9001,CONSUMIDOR FINAL,CAF-ETIOP-250,2.00,10363.99,0.00,20727.99,,20727.98,0.01,true
2025-05-13,2025-05,FAC 0003-00041765,FAC,C9002,VENTA ONLINE,CAF-ETIOP-250,2.00,10363.99,0.00,20727.99,,20727.98,0.01,true
2025-05-22,2025-05,FAC 0003-00041709,FAC,C9002,VENTA ONLINE,CAF-BRAS-250,3.00,5782.02,0.00,17346.05,,17346.06,-0.01,true
2025-01-24,2025-01,FAC 0003-00040077,FAC,C9002,VENTA ONLINE,CAF-COLOM-250,3.00,8200.00,0.00,24600.00,,24600.00,0.00,true
2025-01-26,2025-01,FAC 0003-00040008,FAC,C0001,GRANOS DEL SUR S.A.,BLEND1K,51.00,18000.00,40.00,550800.00,R. Ibarra,550800.00,0.00,true
2025-03-23,2025-03,FAC 0003-00041031,FAC,C9002,VENTA ONLINE,CAF-COLOM-250,3.00,8564.77,0.00,25694.31,,25694.31,0.00,true
2025-04-01,2025-04,FAC 0003-00041248,FAC,C0103,Coffee Lab Belgrano II,CAP-FILTRO-100,6.00,3415.88,35.00,13321.93,,13321.93,-0.00,true
2025-01-06,2025-01,FAC 0003-00040006,FAC,C0001,GRANOS DEL SUR S.A.,CAF-BLEND-CJ6,11.00,102000.00,40.00,673200.00,R. Ibarra,673200.00,0.00,true
2025-03-24,2025-03,FAC 0003-00041071,FAC,C9002,VENTA ONLINE,CAF-COLOM-250,1.00,8564.77,0.00,8564.77,,8564.77,0.00,true
2025-01-22,2025-01,FAC 0003-00040229,FAC,C9002,VENTA ONLINE,CAF-BLEND-250,3.00,5600.00,0.00,16800.00,,16800.00,0.00,true
2025-05-04,2025-05,FAC 0003-00041919,FAC,C9002,VENTA ONLINE,CAP-TAZA,3.00,9709.43,0.00,29128.28,,29128.29,-0.01,true
2025-06-08,2025-06,FAC 0003-00042202,FAC,C9002,VENTA ONLINE,CAF-CAPS-10,2.00,7693.14,0.00,15386.28,,15386.28,0.00,true
2025-05-23,2025-05,FAC 0003-00041770,FAC,C9002,VENTA ONLINE,CAP-TAZA,2.00,9709.43,0.00,19418.85,,19418.86,-0.01,true
2025-01-16,2025-01,FAC 0003-00040169,FAC,C9002,VENTA ONLINE,CAF-ETIOP-250,2.00,9500.00,0.00,19000.00,,19000.00,0.00,true
2025-06-23,2025-06,FAC 0003-00042135,FAC,C0135,Coffee Lab Agronomia II,CAF-BLEND-1K,8.00,20069.06,30.00,112386.72,,112386.74,-0.02,true
2025-01-10,2025-01,FAC 0003-00040256,FAC,C9002,VENTA ONLINE,CAF-ETIOP-250,1.00,9500.00,0.00,9500.00,,9500.00,0.00,true
2025-05-13,2025-05,FAC 0003-00041658,FAC,C0107,La Ventanita de Nunez II,CAP-FILTRO-100,3.00,3491.03,35.00,6807.51,,6807.51,0.00,true
2025-05-16,2025-05,FAC 0003-00041704,FAC,C9002,VENTA ONLINE,CAF-BRAS-250,3.00,5782.02,0.00,17346.05,,17346.06,-0.01,true
2025-04-04,2025-04,FAC 0003-00041390,FAC,C9002,VENTA ONLINE,CAP-TAZA,1.00,9500.42,0.00,9500.42,,9500.42,0.00,true
2025-01-22,2025-01,FAC 0003-00040117,FAC,C9002,VENTA ONLINE,CAF-CAPS-10,1.00,6900.00,0.00,6900.00,,6900.00,0.00,true
2025-06-07,2025-06,FAC 0003-00042241,FAC,C9002,VENTA ONLINE,CAF-COLOM-250,2.00,9142.57,0.00,18285.14,,18285.14,0.00,true
2025-02-01,2025-02,FAC 0003-00040582,FAC,C9002,VENTA ONLINE,CAF-ETIOP-250,1.00,9709.00,0.00,9709.00,,9709.00,0.00,true
2025-05-22,2025-05,FAC 0003-00042072,FAC,C9001,CONSUMIDOR FINAL,CAF-COLOM-250,2.00,8945.76,0.00,17891.53,,17891.52,0.01,true
2025-04-13,2025-04,FAC 0003-00041531,FAC,C9001,CONSUMIDOR FINAL,CAF-BLEND-250,1.00,5977.79,0.00,5977.79,,5977.79,0.00,true
2025-05-05,2025-05,FAC 0003-00042053,FAC,C9001,CONSUMIDOR FINAL,CAF-BLEND-250,1.00,6109.30,0.00,6109.30,,6109.30,0.00,true
2025-01-25,2025-01,FAC 0003-00040035,FAC,C0123,La Ventanita de Almagro II,CAP-FILTRO-100,2.00,3200.00,35.00,4160.00,R. Ibarra,4160.00,0.00,true
2025-05-05,2025-05,FAC 0003-00041859,FAC,C9002,VENTA ONLINE,CAF-COLOM-250,2.00,8945.76,0.00,17891.53,,17891.52,0.01,true
2025-06-27,2025-06,FAC 0003-00042467,FAC,C9001,CONSUMIDOR FINAL,CAF-BLEND-250,2.00,6243.71,0.00,12487.41,,12487.42,-0.01,true
2025-03-17,2025-03,FAC 0003-00041167,FAC,C9001,CONSUMIDOR FINAL,CAF-ETIOP-250,2.00,9922.60,0.00,19845.20,,19845.20,0.00,true
2025-01-13,2025-01,FAC 0003-00040033,FAC,C0121,Panaderia Chacarita II,CAF-BRAS-1K,8.00,17000.00,35.00,88400.00,,88400.00,0.00,true
2025-03-17,2025-03,FAC 0003-00040873,FAC,C0128,La Ventanita de San Telmo,CAF-BLEND-1K,3.00,18800.71,32.00,38353.45,M. Paz,38353.45,0.00,true
2025-06-11,2025-06,FAC 0003-00042282,FAC,C9002,VENTA ONLINE,CAF-COLOM-250,3.00,9142.57,0.00,27427.71,,27427.71,0.00,true
2025-02-08,2025-02,FAC 0003-00040465,FAC,C0133,El Almacen de Barracas II,CAF-BLEND-1K,6.00,18396.00,35.00,71744.40,,71744.40,0.00,true
2025-02-03,2025-02,FAC 0003-00040589,FAC,C9002,VENTA ONLINE,CAF-BRAS-250,1.00,5416.60,0.00,5416.60,,5416.60,0.00,true
2025-03-26,2025-03,FAC 0003-00041154,FAC,C9001,CONSUMIDOR FINAL,CAF-COLOM-250,2.00,8564.77,0.00,17129.54,,17129.54,0.00,true
2025-01-10,2025-01,FAC 0003-00040405,FAC,C9001,CONSUMIDOR FINAL,CAP-FILTRO-100,1.00,3200.00,0.00,3200.00,,3200.00,0.00,true
2025-05-21,2025-05,FAC 0003-00041707,FAC,C9002,VENTA ONLINE,CAF-COLOM-250,3.00,8945.76,0.00,26837.29,,26837.28,0.01,true
2025-04-24,2025-04,FAC 0003-00041413,FAC,C9002,VENTA ONLINE,CAF-BRAS-250,3.00,5657.55,0.00,16972.66,,16972.65,0.01,true
2025-01-20,2025-01,FAC 0003-00040300,FAC,C9001,CONSUMIDOR FINAL,CAF-ETIOP-250,2.00,9500.00,0.00,19000.00,,19000.00,0.00,true
2025-04-16,2025-04,FAC 0003-00041569,FAC,C9001,CONSUMIDOR FINAL,CAF-ETIOP-250,2.00,10140.90,0.00,20281.79,,20281.80,-0.01,true
2025-04-26,2025-04,FAC 0003-00041268,FAC,C0123,La Ventanita de Almagro II,CAP-FILTRO-100,2.00,3415.88,35.00,4440.64,,4440.64,-0.00,true
2025-02-13,2025-02,FAC 0003-00040476,FAC,C9002,VENTA ONLINE,CAF-ETIOP-250,1.00,9709.00,0.00,9709.00,,9709.00,0.00,true
2025-02-11,2025-02,FAC 0003-00040438,FAC,C0113,Bar Recoleta II,CAF-BLEND-1K,5.00,18396.00,30.00,64386.00,R. Ibarra,64386.00,0.00,true
2025-01-07,2025-01,FAC 0003-00040309,FAC,C9001,CONSUMIDOR FINAL,CAF-BLEND-250,2.00,5600.00,0.00,11200.00,,11200.00,0.00,true
2025-02-14,2025-02,FAC 0003-00040418,FAC,C0001,GRANOS DEL SUR S.A.,BLEND1K,58.00,18396.00,40.00,640180.80,,640180.80,0.00,true
2025-04-02,2025-04,FAC 0003-00041623,FAC,C9001,CONSUMIDOR FINAL,CAF-BLEND-250,2.00,5977.79,0.00,11955.58,,11955.58,0.00,true
2025-06-16,2025-06,FAC 0003-00042263,FAC,C9002,VENTA ONLINE,CAF-BRAS-250,2.00,5909.22,0.00,11818.45,,11818.44,0.01,true
2025-01-13,2025-01,FAC 0003-00040307,FAC,C9001,CONSUMIDOR FINAL,CAF-COLOM-250,2.00,8200.00,0.00,16400.00,,16400.00,0.00,true
2025-02-24,2025-02,FAC 0003-00040758,FAC,C9001,CONSUMIDOR FINAL,CAF-BLEND-250,2.00,5723.20,0.00,11446.40,,11446.40,0.00,true
2025-02-21,2025-02,FAC 0003-00040666,FAC,C9002,VENTA ONLINE,CAF-BLEND-250,1.00,5723.20,0.00,5723.20,,5723.20,0.00,true
2025-04-25,2025-04,FAC 0003-00041600,FAC,C9001,CONSUMIDOR FINAL,CAF-BLEND-1K,1.00,19214.33,0.00,19214.33,,19214.33,0.00,true
2025-05-16,2025-05,FAC 0003-00041945,FAC,C9001,CONSUMIDOR FINAL,CAF-BLEND-250,2.00,6109.30,0.00,12218.60,,12218.60,0.00,true
2025-04-20,2025-04,FAC 0003-00041349,FAC,C9002,VENTA ONLINE,CAF-BRAS-250,2.00,5657.55,0.00,11315.10,,11315.10,0.00,true
2025-05-13,2025-05,FAC 0003-00041832,FAC,C9002,VENTA ONLINE,CAF-DESCA-250,1.00,8073.01,0.00,8073.01,,8073.01,0.00,true
2025-03-22,2025-03,FAC 0003-00040860,FAC,C0115,Tostado Boedo II,CAF-BLEND-1K,9.00,18800.71,30.00,118444.49,M. Paz,118444.47,0.02,true
2025-03-07,2025-03,FAC 0003-00040875,FAC,C0129,Bar San Telmo II,CAF-BLEND-1K,8.00,18800.71,32.00,102275.87,M. Paz,102275.86,0.01,true
2025-05-17,2025-05,FAC 0003-00042013,FAC,C9001,CONSUMIDOR FINAL,CAF-ETIOP-250,1.00,10363.99,0.00,10363.99,,10363.99,0.00,true
2025-06-19,2025-06,FAC 0003-00042228,FAC,C9002,VENTA ONLINE,CAF-COLOM-250,2.00,9142.57,0.00,18285.14,,18285.14,0.00,true
2025-02-17,2025-02,FAC 0003-00040557,FAC,C9002,VENTA ONLINE,CAP-TAZA,1.00,9095.80,0.00,9095.80,,9095.80,0.00,true
2025-03-24,2025-03,FAC 0003-00041000,FAC,C9002,VENTA ONLINE,CAF-BLEND-250,1.00,5849.11,0.00,5849.11,,5849.11,0.00,true
2025-01-26,2025-01,FAC 0003-00040358,FAC,C9001,CONSUMIDOR FINAL,CAF-BLEND-1K,2.00,18000.00,0.00,36000.00,,36000.00,0.00,true
2025-03-07,2025-03,FAC 0003-00041186,FAC,C9001,CONSUMIDOR FINAL,CAF-ETIOP-250,1.00,9922.60,0.00,9922.60,,9922.60,0.00,true
2025-05-23,2025-05,FAC 0003-00041849,FAC,C9002,VENTA ONLINE,CAP-FILTRO-100,3.00,3491.03,0.00,10473.09,,10473.09,0.00,true
2025-06-22,2025-06,FAC 0003-00042423,FAC,C9001,CONSUMIDOR FINAL,CAF-BLEND-250,2.00,6243.71,0.00,12487.41,,12487.42,-0.01,true
2025-04-20,2025-04,FAC 0003-00041269,FAC,C0124,Coffee Lab Flores,CAF-BLEND-1K,7.00,19214.33,35.00,87425.19,M. Paz,87425.20,-0.01,true
2025-06-09,2025-06,FAC 0003-00042119,FAC,C0123,La Ventanita de Almagro II,CAP-FILTRO-100,3.00,3567.83,35.00,6957.27,,6957.27,0.00,true
2025-03-14,2025-03,FAC 0003-00040958,FAC,C9002,VENTA ONLINE,CAF-ETIOP-250,1.00,9922.60,0.00,9922.60,,9922.60,0.00,true
2025-02-20,2025-02,FAC 0003-00040501,FAC,C9002,VENTA ONLINE,CAF-COLOM-250,2.00,8380.40,0.00,16760.80,,16760.80,0.00,true
2025-02-24,2025-02,FAC 0003-00040477,FAC,C9002,VENTA ONLINE,CAF-BLEND-250,3.00,5723.20,0.00,17169.60,,17169.60,0.00,true
2025-06-11,2025-06,FAC 0003-00042368,FAC,C9002,VENTA ONLINE,CAF-CAPS-10,2.00,7693.14,0.00,15386.28,,15386.28,0.00,true
2025-06-16,2025-06,FAC 0003-00042093,FAC,C0103,Coffee Lab Belgrano II,CAF-BLEND-1K,7.00,20069.06,35.00,91314.21,M. Paz,91314.22,-0.01,true
2025-05-11,2025-05,FAC 0003-00041657,FAC,C0106,El Almacen de Nunez,CAF-BLEND-1K,3.00,19637.04,30.00,41237.79,,41237.78,0.01,true
2025-02-28,2025-02,FAC 0003-00040643,FAC,C9002,VENTA ONLINE,CAF-ETIOP-250,3.00,9709.00,0.00,29127.00,,29127.00,0.00,true
2025-03-04,2025-03,FAC 0003-00040839,FAC,C0001,GRANOS DEL SUR S.A.,CAF-BRAS-1K,12.00,17756.23,40.00,127844.84,M. Paz,127844.86,-0.02,true
2025-01-23,2025-01,FAC 0003-00040306,FAC,C9001,CONSUMIDOR FINAL,CAF-BLEND-1K,2.00,18000.00,0.00,36000.00,,36000.00,0.00,true
2025-02-26,2025-02,FAC 0003-00040471,FAC,C0138,El Almacen de Constitucion,CAF-ETIOP-250,4.00,9709.00,30.00,27185.20,M. Paz,27185.20,0.00,true
2025-02-16,2025-02,FAC 0003-00040524,FAC,C9002,VENTA ONLINE,CAP-TAZA,1.00,9095.80,0.00,9095.80,,9095.80,0.00,true
2025-04-11,2025-04,FAC 0003-00041403,FAC,C9002,VENTA ONLINE,CAF-BRAS-250,2.00,5657.55,0.00,11315.10,,11315.10,0.00,true
2025-05-17,2025-05,FAC 0003-00041864,FAC,C9002,VENTA ONLINE,CAF-COLOM-250,3.00,8945.76,0.00,26837.29,,26837.28,0.01,true
2025-02-23,2025-02,FAC 0003-00040576,FAC,C9002,VENTA ONLINE,CAP-FILTRO-100,3.00,3270.40,0.00,9811.20,,9811.20,0.00,true
2025-06-07,2025-06,FAC 0003-00042301,FAC,C9002,VENTA ONLINE,CAF-CAPS-10,3.00,7693.14,0.00,23079.42,,23079.42,0.00,true
2025-05-04,2025-05,FAC 0003-00041938,FAC,C9002,VENTA ONLINE,CAF-CAPS-10,2.00,7527.53,0.00,15055.07,,15055.06,0.01,true
2025-06-10,2025-06,FAC 0003-00042187,FAC,C9002,VENTA ONLINE,CAF-COLOM-250,1.00,9142.57,0.00,9142.57,,9142.57,0.00,true
2025-06-25,2025-06,FAC 0003-00042284,FAC,C9002,VENTA ONLINE,CAF-BLEND-250,3.00,6243.71,0.00,18731.12,,18731.13,-0.01,true
2025-06-19,2025-06,FAC 0003-00042394,FAC,C9002,VENTA ONLINE,CAF-BLEND-250,3.00,6243.71,0.00,18731.12,,18731.13,-0.01,true
2025-01-28,2025-01,FAC 0003-00040156,FAC,C9002,VENTA ONLINE,CAF-CAPS-10,3.00,6900.00,0.00,20700.00,,20700.00,0.00,true
2025-05-25,2025-05,FAC 0003-00041895,FAC,C9002,VENTA ONLINE,CAF-ETIOP-250,3.00,10363.99,0.00,31091.98,,31091.97,0.01,true
2025-05-21,2025-05,FAC 0003-00041707,FAC,C9002,VENTA ONLINE,CAP-TAZA,2.00,9709.43,0.00,19418.85,,19418.86,-0.01,true
2025-01-02,2025-01,FAC 0003-00040135,FAC,C9002,VENTA ONLINE,CAF-COLOM-250,3.00,8200.00,0.00,24600.00,,24600.00,0.00,true
2025-05-10,2025-05,FAC 0003-00042005,FAC,C9001,CONSUMIDOR FINAL,CAF-ETIOP-250,1.00,10363.99,0.00,10363.99,,10363.99,0.00,true
2025-04-07,2025-04,FAC 0003-00041330,FAC,C9002,VENTA ONLINE,CAF-BLEND-250,2.00,5977.79,0.00,11955.58,,11955.58,0.00,true
2025-06-03,2025-06,FAC 0003-00042116,FAC,C0120,Tostado Chacarita,CAF-BRAS-1K,4.00,18954.11,32.00,51555.18,R. Ibarra,51555.18,0.00,true
2025-04-15,2025-04,FAC 0003-00041617,FAC,C9001,CONSUMIDOR FINAL,CAF-COLOM-250,2.00,8753.19,0.00,17506.39,,17506.38,0.01,true
2025-05-18,2025-05,FAC 0003-00042049,FAC,C9001,CONSUMIDOR FINAL,CAF-BLEND-1K,2.00,19637.04,0.00,39274.09,,39274.08,0.01,true
2025-05-06,2025-05,FAC 0003-00041856,FAC,C9002,VENTA ONLINE,CAP-TAZA,3.00,9709.43,0.00,29128.28,,29128.29,-0.01,true
2025-02-10,2025-02,FAC 0003-00040499,FAC,C9002,VENTA ONLINE,CAF-CAPS-10,1.00,7051.80,0.00,7051.80,,7051.80,0.00,true
2025-02-15,2025-02,FAC 0003-00040581,FAC,C9002,VENTA ONLINE,CAF-BRAS-250,2.00,5416.60,0.00,10833.20,,10833.20,0.00,true
2025-01-20,2025-01,FAC 0003-00040394,FAC,C9001,CONSUMIDOR FINAL,CAF-BLEND-250,2.00,5600.00,0.00,11200.00,,11200.00,0.00,true
2025-03-16,2025-03,FAC 0003-00040998,FAC,C9002,VENTA ONLINE,CAF-ETIOP-250,2.00,9922.60,0.00,19845.20,,19845.20,0.00,true
2025-03-11,2025-03,FAC 0003-00041178,FAC,C9001,CONSUMIDOR FINAL,CAF-BLEND-250,2.00,5849.11,0.00,11698.22,,11698.22,0.00,true
2025-04-13,2025-04,FAC 0003-00041260,FAC,C0113,Bar Recoleta II,CAP-FILTRO-100,5.00,3415.88,30.00,11955.58,,11955.58,0.00,true
2025-04-07,2025-04,FAC 0003-00041615,FAC,C9001,CONSUMIDOR FINAL,CAF-BLEND-250,1.00,5977.79,0.00,5977.79,,5977.79,0.00,true
2025-01-12,2025-01,FAC 0003-00040398,FAC,C9001,CONSUMIDOR FINAL,CAF-BLEND-250,2.00,5600.00,0.00,11200.00,,11200.00,0.00,true
2025-05-17,2025-05,FAC 0003-00041950,FAC,C9001,CONSUMIDOR FINAL,CAF-BLEND-1K,1.00,19637.04,0.00,19637.04,,19637.04,0.00,true
2025-01-01,2025-01,FAC 0003-00040162,FAC,C9002,VENTA ONLINE,CAF-BRAS-250,2.00,5300.00,0.00,10600.00,,10600.00,0.00,true
2025-03-01,2025-03,FAC 0003-00041087,FAC,C9002,VENTA ONLINE,CAF-COLOM-250,2.00,8564.77,0.00,17129.54,,17129.54,0.00,true
2025-01-19,2025-01,FAC 0003-00040021,FAC,C0109,Usina Colegiales II,CAF-BLEND-1K,4.00,18000.00,32.00,48960.00,,48960.00,0.00,true
2025-03-21,2025-03,FAC 0003-00040877,FAC,C0131,Tostado Coghlan II,CAF-BLEND-1K,10.00,18800.71,35.00,122204.63,,122204.62,0.02,true
2025-01-09,2025-01,FAC 0003-00040048,FAC,C0135,Coffee Lab Agronomia II,CAF-BRAS-1K,2.00,17000.00,30.00,23800.00,,23800.00,0.00,true
2025-06-02,2025-06,FAC 0003-00042381,FAC,C9002,VENTA ONLINE,CAF-BLEND-250,2.00,6243.71,0.00,12487.41,,12487.42,-0.01,true
2025-06-03,2025-06,FAC 0003-00042104,FAC,C0110,Panaderia Devoto,CAF-BLEND-1K,5.00,20069.06,35.00,65224.44,M. Paz,65224.45,-0.01,true
2025-03-08,2025-03,FAC 0003-00040985,FAC,C9002,VENTA ONLINE,CAF-BLEND-250,1.00,5849.11,0.00,5849.11,,5849.11,0.00,true
2025-02-25,2025-02,FAC 0003-00040691,FAC,C9002,VENTA ONLINE,CAF-CAPS-10,1.00,7051.80,0.00,7051.80,,7051.80,0.00,true
2025-01-11,2025-01,FAC 0003-00040046,FAC,C0133,El Almacen de Barracas II,CAF-BLEND-1K,3.00,18000.00,35.00,35100.00,,35100.00,0.00,true
2025-06-13,2025-06,FAC 0003-00042477,FAC,C9001,CONSUMIDOR FINAL,CAF-BLEND-1K,2.00,20069.06,0.00,40138.12,,40138.12,0.00,true
2025-03-15,2025-03,FAC 0003-00041036,FAC,C9002,VENTA ONLINE,CAF-BRAS-250,2.00,5535.77,0.00,11071.53,,11071.54,-0.01,true
2025-03-16,2025-03,FAC 0003-00041090,FAC,C9002,VENTA ONLINE,CAF-ETIOP-250,1.00,9922.60,0.00,9922.60,,9922.60,0.00,true
2025-03-05,2025-03,FAC 0003-00041180,FAC,C9001,CONSUMIDOR FINAL,CAF-ETIOP-250,2.00,9922.60,0.00,19845.20,,19845.20,0.00,true
2025-05-08,2025-05,FAC 0003-00041666,FAC,C0111,Cafe Devoto II,CAF-BRAS-1K,5.00,18546.10,35.00,60274.81,M. Paz,60274.83,-0.02,true
2025-06-24,2025-06,FAC 0003-00042346,FAC,C9002,VENTA ONLINE,CAF-ETIOP-250,2.00,10592.00,0.00,21184.01,,21184.00,0.01,true
2025-05-09,2025-05,FAC 0003-00041698,FAC,C9002,VENTA ONLINE,CAP-FILTRO-100,1.00,3491.03,0.00,3491.03,,3491.03,0.00,true
2025-01-04,2025-01,FAC 0003-00040336,FAC,C9001,CONSUMIDOR FINAL,CAF-ETIOP-250,1.00,9500.00,0.00,9500.00,,9500.00,0.00,true
2025-05-05,2025-05,FAC 0003-00041853,FAC,C9002,VENTA ONLINE,CAF-COLOM-250,3.00,8945.76,0.00,26837.29,,26837.28,0.01,true
2025-05-11,2025-05,FAC 0003-00041829,FAC,C9002,VENTA ONLINE,CAF-BLEND-250,3.00,6109.30,0.00,18327.91,,18327.90,0.01,true
2025-02-20,2025-02,FAC 0003-00040806,FAC,C9001,CONSUMIDOR FINAL,CAP-FILTRO-100,1.00,3270.40,0.00,3270.40,,3270.40,0.00,true
2025-03-14,2025-03,FAC 0003-00040928,FAC,C9002,VENTA ONLINE,CAF-ETIOP-250,3.00,9922.60,0.00,29767.79,,29767.80,-0.01,true
2025-03-14,2025-03,FAC 0003-00040898,FAC,C9002,VENTA ONLINE,CAF-COLOM-250,3.00,8564.77,0.00,25694.31,,25694.31,0.00,true
2025-03-05,2025-03,FAC 0003-00041083,FAC,C9002,VENTA ONLINE,CAF-ETIOP-250,3.00,9922.60,0.00,29767.79,,29767.80,-0.01,true
2025-04-13,2025-04,FAC 0003-00041250,FAC,C0105,Panaderia Villa Crespo II,CAP-FILTRO-100,4.00,3415.88,32.00,9291.19,M. Paz,9291.19,-0.00,true
2025-02-18,2025-02,FAC 0003-00040426,FAC,C0102,Bar Belgrano,CAF-ETIOP-250,5.00,9709.00,35.00,31554.25,M. Paz,31554.25,0.00,true
2025-06-08,2025-06,FAC 0003-00042089,FAC,C0100,Cafe Palermo,CAF-BLEND-1K,5.00,20069.06,32.00,68234.80,R. Ibarra,68234.80,-0.00,true
2025-01-06,2025-01,FAC 0003-00040400,FAC,C9001,CONSUMIDOR FINAL,CAF-BLEND-250,1.00,5600.00,0.00,5600.00,,5600.00,0.00,true
2025-04-25,2025-04,FAC 0003-00041363,FAC,C9002,VENTA ONLINE,CAP-FILTRO-100,1.00,3415.88,0.00,3415.88,,3415.88,0.00,true
2025-02-26,2025-02,FAC 0003-00040442,FAC,C0116,Cafe Caballito,CAF-BLEND-1K,6.00,18396.00,32.00,75055.68,M. Paz,75055.68,0.00,true
2025-01-05,2025-01,FAC 0003-00040047,FAC,C0133,El Almacen de Barracas II,CAF-BLEND-1K,8.00,18000.00,35.00,93600.00,M. Paz,93600.00,0.00,true
2025-02-24,2025-02,FAC 0003-00040568,FAC,C9002,VENTA ONLINE,CAF-DESCA-250,3.00,7562.80,0.00,22688.40,,22688.40,0.00,true
2025-06-09,2025-06,FAC 0003-00042185,FAC,C9002,VENTA ONLINE,CAF-BRAS-250,1.00,5909.22,0.00,5909.22,,5909.22,0.00,true
2025-06-09,2025-06,FAC 0003-00042440,FAC,C9001,CONSUMIDOR FINAL,CAF-BLEND-250,2.00,6243.71,0.00,12487.41,,12487.42,-0.01,true
2025-01-11,2025-01,FAC 0003-00040410,FAC,C9001,CONSUMIDOR FINAL,CAF-COLOM-250,2.00,8200.00,0.00,16400.00,,16400.00,0.00,true
2025-06-25,2025-06,FAC 0003-00042303,FAC,C9002,VENTA ONLINE,CAF-BRAS-250,1.00,5909.22,0.00,5909.22,,5909.22,0.00,true
2025-01-03,2025-01,FAC 0003-00040246,FAC,C9002,VENTA ONLINE,CAF-DESCA-250,1.00,7400.00,0.00,7400.00,,7400.00,0.00,true
2025-02-11,2025-02,FAC 0003-00040505,FAC,C9002,VENTA ONLINE,CAF-ETIOP-250,2.00,9709.00,0.00,19418.00,,19418.00,0.00,true
2025-06-25,2025-06,FAC 0003-00042121,FAC,C0124,Coffee Lab Flores,CAF-BLEND-1K,8.00,20069.06,35.00,104359.10,R. Ibarra,104359.11,-0.01,true
2025-03-28,2025-03,FAC 0003-00040947,FAC,C9002,VENTA ONLINE,CAF-COLOM-250,1.00,8564.77,0.00,8564.77,,8564.77,0.00,true
2025-05-13,2025-05,FAC 0003-00041891,FAC,C9002,VENTA ONLINE,CAF-CAPS-10,1.00,7527.53,0.00,7527.53,,7527.53,0.00,true
2025-05-05,2025-05,FAC 0003-00041662,FAC,C0109,Usina Colegiales II,CAF-BLEND-1K,3.00,19637.04,32.00,40059.57,,40059.56,0.01,true
2025-06-14,2025-06,FAC 0003-00042469,FAC,C9001,CONSUMIDOR FINAL,CAF-BLEND-250,2.00,6243.71,0.00,12487.41,,12487.42,-0.01,true
2025-05-07,2025-05,FAC 0003-00041725,FAC,C9002,VENTA ONLINE,CAF-CAPS-10,3.00,7527.53,0.00,22582.60,,22582.59,0.01,true
2025-02-12,2025-02,FAC 0003-00040740,FAC,C9001,CONSUMIDOR FINAL,CAP-FILTRO-100,1.00,3270.40,0.00,3270.40,,3270.40,0.00,true
2025-01-15,2025-01,FAC 0003-00040222,FAC,C9002,VENTA ONLINE,CAF-COLOM-250,3.00,8200.00,0.00,24600.00,,24600.00,0.00,true
2025-05-15,2025-05,FAC 0003-00041854,FAC,C9002,VENTA ONLINE,CAP-TAZA,1.00,9709.43,0.00,9709.43,,9709.43,0.00,true
2025-05-24,2025-05,FAC 0003-00041661,FAC,C0109,Usina Colegiales II,CAF-BRAS-1K,3.00,18546.10,32.00,37834.04,,37834.04,-0.00,true
2025-06-18,2025-06,FAC 0003-00042195,FAC,C9002,VENTA ONLINE,CAF-BLEND-250,2.00,6243.71,0.00,12487.41,,12487.42,-0.01,true
2025-02-13,2025-02,FAC 0003-00040775,FAC,C9001,CONSUMIDOR FINAL,CAF-ETIOP-250,2.00,9709.00,0.00,19418.00,,19418.00,0.00,true
2025-01-20,2025-01,FAC 0003-00040114,FAC,C9002,VENTA ONLINE,CAF-BLEND-250,2.00,5600.00,0.00,11200.00,,11200.00,0.00,true
2025-06-25,2025-06,FAC 0003-00042168,FAC,C9002,VENTA ONLINE,CAF-DESCA-250,1.00,8250.61,0.00,8250.61,,8250.61,0.00,true
2025-05-09,2025-05,FAC 0003-00041885,FAC,C9002,VENTA ONLINE,CAF-BLEND-250,3.00,6109.30,0.00,18327.91,,18327.90,0.01,true
2025-01-25,2025-01,FAC 0003-00040371,FAC,C9001,CONSUMIDOR FINAL,CAF-COLOM-250,2.00,8200.00,0.00,16400.00,,16400.00,0.00,true
2025-01-11,2025-01,FAC 0003-00040081,FAC,C9002,VENTA ONLINE,CAF-BLEND-250,1.00,5600.00,0.00,5600.00,,5600.00,0.00,true
2025-02-19,2025-02,FAC 0003-00040641,FAC,C9002,VENTA ONLINE,CAF-COLOM-250,1.00,8380.40,0.00,8380.40,,8380.40,0.00,true
2025-01-10,2025-01,FAC 0003-00040111,FAC,C9002,VENTA ONLINE,CAF-BRAS-250,2.00,5300.00,0.00,10600.00,,10600.00,0.00,true
2025-02-16,2025-02,FAC 0003-00040555,FAC,C9002,VENTA ONLINE,CAF-BLEND-250,1.00,5723.20,0.00,5723.20,,5723.20,0.00,true
2025-05-28,2025-05,FAC 0003-00041857,FAC,C9002,VENTA ONLINE,CAF-DESCA-250,1.00,8073.01,0.00,8073.01,,8073.01,0.00,true
2025-01-23,2025-01,FAC 0003-00040296,FAC,C9001,CONSUMIDOR FINAL,CAF-ETIOP-250,2.00,9500.00,0.00,19000.00,,19000.00,0.00,true
2025-06-15,2025-06,FAC 0003-00042470,FAC,C9001,CONSUMIDOR FINAL,CAF-COLOM-250,1.00,9142.57,0.00,9142.57,,9142.57,0.00,true
2025-02-27,2025-02,FAC 0003-00040670,FAC,C9002,VENTA ONLINE,CAF-COLOM-250,2.00,8380.40,0.00,16760.80,,16760.80,0.00,true
2025-06-22,2025-06,FAC 0003-00042396,FAC,C9002,VENTA ONLINE,CAF-CAPS-10,3.00,7693.14,0.00,23079.42,,23079.42,0.00,true
2025-04-15,2025-04,FAC 0003-00041428,FAC,C9002,VENTA ONLINE,CAF-BLEND-250,3.00,5977.79,0.00,17933.37,,17933.37,0.00,true
2025-05-24,2025-05,FAC 0003-00041871,FAC,C9002,VENTA ONLINE,CAP-TAZA,1.00,9709.43,0.00,9709.43,,9709.43,0.00,true
2025-01-21,2025-01,FAC 0003-00040373,FAC,C9001,CONSUMIDOR FINAL,CAF-ETIOP-250,2.00,9500.00,0.00,19000.00,,19000.00,0.00,true
2025-06-22,2025-06,FAC 0003-00042252,FAC,C9002,VENTA ONLINE,CAF-COLOM-250,3.00,9142.57,0.00,27427.71,,27427.71,0.00,true
2025-05-22,2025-05,FAC 0003-00041708,FAC,C9002,VENTA ONLINE,CAF-COLOM-250,3.00,8945.76,0.00,26837.29,,26837.28,0.01,true
2025-02-25,2025-02,FAC 0003-00040486,FAC,C9002,VENTA ONLINE,CAF-BLEND-250,3.00,5723.20,0.00,17169.60,,17169.60,0.00,true
2025-05-19,2025-05,FAC 0003-00041886,FAC,C9002,VENTA ONLINE,CAF-ETIOP-250,2.00,10363.99,0.00,20727.99,,20727.98,0.01,true
2025-04-24,2025-04,FAC 0003-00041610,FAC,C9001,CONSUMIDOR FINAL,CAF-BLEND-1K,1.00,19214.33,0.00,19214.33,,19214.33,0.00,true
2025-06-22,2025-06,FAC 0003-00042080,FAC,C0001,GRANOS DEL SUR S.A.,CAF-BLEND-1K,45.00,20069.06,40.00,541864.56,,541864.62,-0.06,true
2025-05-18,2025-05,FAC 0003-00041754,FAC,C9002,VENTA ONLINE,CAF-COLOM-250,3.00,8945.76,0.00,26837.29,,26837.28,0.01,true
2025-06-26,2025-06,FAC 0003-00042290,FAC,C9002,VENTA ONLINE,CAF-COLOM-250,1.00,9142.57,0.00,9142.57,,9142.57,0.00,true
2025-04-16,2025-04,FAC 0003-00041461,FAC,C9002,VENTA ONLINE,CAF-COLOM-250,3.00,8753.19,0.00,26259.58,,26259.57,0.01,true
2025-05-13,2025-05,FAC 0003-00041766,FAC,C9002,VENTA ONLINE,CAF-ETIOP-250,2.00,10363.99,0.00,20727.99,,20727.98,0.01,true
2025-06-06,2025-06,FAC 0003-00042081,FAC,C0001,GRANOS DEL SUR S.A.,CAF-BLEND-CJ6,5.00,113724.66,40.00,341173.98,R. Ibarra,341173.98,0.00,true
2025-01-09,2025-01,FAC 0003-00040238,FAC,C9002,VENTA ONLINE,CAF-BRAS-250,3.00,5300.00,0.00,15900.00,,15900.00,0.00,true
2025-02-19,2025-02,FAC 0003-00040432,FAC,C0108,Coffee Lab Colegiales,CAF-BRAS-1K,8.00,17374.00,32.00,94514.56,R. Ibarra,94514.56,0.00,true
2025-02-23,2025-02,FAC 0003-00040671,FAC,C9002,VENTA ONLINE,CAF-ETIOP-250,2.00,9709.00,0.00,19418.00,,19418.00,0.00,true
2025-03-25,2025-03,FAC 0003-00041141,FAC,C9001,CONSUMIDOR FINAL,CAF-ETIOP-250,2.00,9922.60,0.00,19845.20,,19845.20,0.00,true
2025-04-18,2025-04,FAC 0003-00041312,FAC,C9002,VENTA ONLINE,CAF-ETIOP-250,3.00,10140.90,0.00,30422.69,,30422.70,-0.01,true
2025-05-09,2025-05,FAC 0003-00042047,FAC,C9001,CONSUMIDOR FINAL,CAP-FILTRO-100,2.00,3491.03,0.00,6982.06,,6982.06,0.00,true
2025-02-15,2025-02,FAC 0003-00040614,FAC,C9002,VENTA ONLINE,CAF-COLOM-250,2.00,8380.40,0.00,16760.80,,16760.80,0.00,true
2025-03-11,2025-03,FAC 0003-00041162,FAC,C9001,CONSUMIDOR FINAL,CAP-FILTRO-100,1.00,3342.35,0.00,3342.35,,3342.35,0.00,true
2025-06-24,2025-06,FAC 0003-00042217,FAC,C9002,VENTA ONLINE,CAF-CAPS-10,3.00,7693.14,0.00,23079.42,,23079.42,0.00,true
2025-04-12,2025-04,FAC 0003-00041439,FAC,C9002,VENTA ONLINE,CAF-DESCA-250,3.00,7899.22,0.00,23697.67,,23697.66,0.01,true
2025-01-14,2025-01,FAC 0003-00040017,FAC,C0105,Panaderia Villa Crespo II,CAF-BLEND-1K,6.00,18000.00,32.00,73440.00,R. Ibarra,73440.00,0.00,true
2025-02-22,2025-02,FAC 0003-00040490,FAC,C9002,VENTA ONLINE,CAF-ETIOP-250,3.00,9709.00,0.00,29127.00,,29127.00,0.00,true
2025-06-21,2025-06,FAC 0003-00042313,FAC,C9002,VENTA ONLINE,CAF-BRAS-250,3.00,5909.22,0.00,17727.67,,17727.66,0.01,true
2025-06-27,2025-06,FAC 0003-00042412,FAC,C9001,CONSUMIDOR FINAL,CAF-BLEND-250,1.00,6243.71,0.00,6243.71,,6243.71,0.00,true
2025-04-17,2025-04,FAC 0003-00041323,FAC,C9002,VENTA ONLINE,CAF-ETIOP-250,3.00,10140.90,0.00,30422.69,,30422.70,-0.01,true
2025-05-08,2025-05,FAC 0003-00042037,FAC,C9001,CONSUMIDOR FINAL,CAF-BLEND-250,1.00,6109.30,0.00,6109.30,,6109.30,0.00,true
2025-05-07,2025-05,FAC 0003-00041774,FAC,C9002,VENTA ONLINE,CAF-ETIOP-250,1.00,10363.99,0.00,10363.99,,10363.99,0.00,true
2025-02-06,2025-02,FAC 0003-00040827,FAC,C9001,CONSUMIDOR FINAL,CAF-BLEND-250,1.00,5723.20,0.00,5723.20,,5723.20,0.00,true
2025-06-06,2025-06,FAC 0003-00042203,FAC,C9002,VENTA ONLINE,CAF-BRAS-250,2.00,5909.22,0.00,11818.45,,11818.44,0.01,true
2025-03-28,2025-03,FAC 0003-00040888,FAC,C0139,La Ventanita de Constitucion II,CAP-FILTRO-100,4.00,3342.35,30.00,9358.58,,9358.58,0.00,true
2025-05-03,2025-05,FAC 0003-00042044,FAC,C9001,CONSUMIDOR FINAL,CAF-ETIOP-250,1.00,10363.99,0.00,10363.99,,10363.99,0.00,true
2025-04-01,2025-04,FAC 0003-00041492,FAC,C9002,VENTA ONLINE,CAF-DESCA-250,2.00,7899.22,0.00,15798.45,,15798.44,0.01,true
2025-01-07,2025-01,FAC 0003-00040188,FAC,C9002,VENTA ONLINE,CAF-COLOM-250,1.00,8200.00,0.00,8200.00,,8200.00,0.00,true
2025-05-02,2025-05,FAC 0003-00041682,FAC,C0127,Cafe Parque Chas II,CAF-BLEND-1K,8.00,19637.04,32.00,106825.51,,106825.50,0.01,true
2025-02-25,2025-02,FAC 0003-00040604,FAC,C9002,VENTA ONLINE,CAF-ETIOP-250,1.00,9709.00,0.00,9709.00,,9709.00,0.00,true
2025-03-06,2025-03,FAC 0003-00040889,FAC,C9002,VENTA ONLINE,CAF-ETIOP-250,1.00,9922.60,0.00,9922.60,,9922.60,0.00,true
2025-01-07,2025-01,FAC 0003-00040286,FAC,C9001,CONSUMIDOR FINAL,CAF-BLEND-250,1.00,5600.00,0.00,5600.00,,5600.00,0.00,true
2025-01-20,2025-01,FAC 0003-00040253,FAC,C9002,VENTA ONLINE,CAP-TAZA,2.00,8900.00,0.00,17800.00,,17800.00,0.00,true
2025-02-08,2025-02,FAC 0003-00040633,FAC,C9002,VENTA ONLINE,CAF-DESCA-250,3.00,7562.80,0.00,22688.40,,22688.40,0.00,true
2025-02-14,2025-02,FAC 0003-00040551,FAC,C9002,VENTA ONLINE,CAF-CAPS-10,1.00,7051.80,0.00,7051.80,,7051.80,0.00,true
2025-06-11,2025-06,FAC 0003-00042399,FAC,C9001,CONSUMIDOR FINAL,CAF-BLEND-1K,1.00,20069.06,0.00,20069.06,,20069.06,0.00,true
2025-06-24,2025-06,FAC 0003-00042451,FAC,C9001,CONSUMIDOR FINAL,CAF-BLEND-250,2.00,6243.71,0.00,12487.41,,12487.42,-0.01,true
2025-06-23,2025-06,FAC 0003-00042364,FAC,C9002,VENTA ONLINE,CAF-BLEND-250,2.00,6243.71,0.00,12487.41,,12487.42,-0.01,true
2025-02-07,2025-02,FAC 0003-00040586,FAC,C9002,VENTA ONLINE,CAF-COLOM-250,3.00,8380.40,0.00,25141.20,,25141.20,0.00,true
2025-02-07,2025-02,FAC 0003-00040419,FAC,C0001,GRANOS DEL SUR S.A.,CAF-BLEND-1K,44.00,18396.00,40.00,485654.40,M. Paz,485654.40,0.00,true
2025-01-12,2025-01,FAC 0003-00040119,FAC,C9002,VENTA ONLINE,CAF-COLOM-250,1.00,8200.00,0.00,8200.00,,8200.00,0.00,true
2025-02-14,2025-02,FAC 0003-00040625,FAC,C9002,VENTA ONLINE,CAF-BRAS-250,2.00,5416.60,0.00,10833.20,,10833.20,0.00,true
2025-05-13,2025-05,FAC 0003-00041899,FAC,C9002,VENTA ONLINE,CAF-BRAS-250,1.00,5782.02,0.00,5782.02,,5782.02,0.00,true
2025-03-28,2025-03,FAC 0003-00040888,FAC,C0139,La Ventanita de Constitucion II,CAF-BLEND-1K,9.00,18800.71,30.00,118444.49,,118444.47,0.02,true
2025-05-24,2025-05,FAC 0003-00041813,FAC,C9002,VENTA ONLINE,CAF-COLOM-250,1.00,8945.76,0.00,8945.76,,8945.76,0.00,true
2025-03-20,2025-03,FAC 0003-00041195,FAC,C9001,CONSUMIDOR FINAL,CAF-COLOM-250,1.00,8564.77,0.00,8564.77,,8564.77,0.00,true
2025-05-08,2025-05,FAC 0003-00041867,FAC,C9002,VENTA ONLINE,CAF-BRAS-250,1.00,5782.02,0.00,5782.02,,5782.02,0.00,true
2025-06-10,2025-06,FAC 0003-00042438,FAC,C9001,CONSUMIDOR FINAL,CAF-COLOM-250,2.00,9142.57,0.00,18285.14,,18285.14,0.00,true
2025-01-01,2025-01,FAC 0003-00040369,FAC,C9001,CONSUMIDOR FINAL,CAF-BLEND-1K,2.00,18000.00,0.00,36000.00,,36000.00,0.00,true
2025-04-14,2025-04,NC 0003-00001229,NC,C0109,Usina Colegiales II,CAF-BRAS-1K,-2.00,18146.87,32.00,-24679.74,,-24679.74,0.00,true
2025-06-17,2025-06,FAC 0003-00042188,FAC,C9002,VENTA ONLINE,CAF-ETIOP-250,2.00,10592.00,0.00,21184.01,,21184.00,0.01,true
2025-03-22,2025-03,FAC 0003-00040956,FAC,C9002,VENTA ONLINE,CAF-BRAS-250,1.00,5535.77,0.00,5535.77,,5535.77,0.00,true
2025-03-16,2025-03,FAC 0003-00041172,FAC,C9001,CONSUMIDOR FINAL,CAP-FILTRO-100,1.00,3342.35,0.00,3342.35,,3342.35,0.00,true
2025-04-11,2025-04,FAC 0003-00041403,FAC,C9002,VENTA ONLINE,CAF-COLOM-250,3.00,8753.19,0.00,26259.58,,26259.57,0.01,true
2025-02-14,2025-02,FAC 0003-00040833,FAC,C9001,CONSUMIDOR FINAL,CAF-ETIOP-250,2.00,9709.00,0.00,19418.00,,19418.00,0.00,true
2025-03-25,2025-03,FAC 0003-00040905,FAC,C9002,VENTA ONLINE,CAF-ETIOP-250,2.00,9922.60,0.00,19845.20,,19845.20,0.00,true
2025-06-20,2025-06,FAC 0003-00042496,FAC,C9001,CONSUMIDOR FINAL,CAP-FILTRO-100,2.00,3567.83,0.00,7135.67,,7135.66,0.01,true
2025-01-02,2025-01,FAC 0003-00040401,FAC,C9001,CONSUMIDOR FINAL,CAF-ETIOP-250,2.00,9500.00,0.00,19000.00,,19000.00,0.00,true
2025-01-08,2025-01,FAC 0003-00040032,FAC,C0120,Tostado Chacarita,CAF-BRAS-1K,7.00,17000.00,32.00,80920.00,M. Paz,80920.00,0.00,true
2025-01-08,2025-01,NC 0003-00001204,NC,C0127,Cafe Parque Chas II,CAF-BRAS-1K,-1.00,17000.00,32.00,-11560.00,,-11560.00,0.00,true
2025-01-21,2025-01,FAC 0003-00040350,FAC,C9001,CONSUMIDOR FINAL,CAF-BLEND-250,2.00,5600.00,0.00,11200.00,,11200.00,0.00,true
2025-03-16,2025-03,FAC 0003-00040931,FAC,C9002,VENTA ONLINE,CAP-TAZA,2.00,9295.91,0.00,18591.82,,18591.82,0.00,true
2025-05-22,2025-05,FAC 0003-00041910,FAC,C9002,VENTA ONLINE,CAF-BRAS-250,1.00,5782.02,0.00,5782.02,,5782.02,0.00,true
2025-03-15,2025-03,FAC 0003-00040840,FAC,C0001,GRANOS DEL SUR S.A.,BLEND1K,40.00,18800.71,40.00,451217.09,R. Ibarra,451217.04,0.05,true
2025-05-18,2025-05,FAC 0003-00041719,FAC,C9002,VENTA ONLINE,CAF-COLOM-250,3.00,8945.76,0.00,26837.29,,26837.28,0.01,true
2025-01-02,2025-01,FAC 0003-00040341,FAC,C9001,CONSUMIDOR FINAL,CAF-BLEND-250,1.00,5600.00,0.00,5600.00,,5600.00,0.00,true
2025-04-04,2025-04,FAC 0003-00041482,FAC,C9002,VENTA ONLINE,CAF-BLEND-250,2.00,5977.79,0.00,11955.58,,11955.58,0.00,true
2025-01-21,2025-01,FAC 0003-00040085,FAC,C9002,VENTA ONLINE,CAP-FILTRO-100,3.00,3200.00,0.00,9600.00,,9600.00,0.00,true
2025-02-26,2025-02,FAC 0003-00040471,FAC,C0138,El Almacen de Constitucion,CAF-BRAS-1K,4.00,17374.00,30.00,48647.20,M. Paz,48647.20,0.00,true
2025-05-23,2025-05,FAC 0003-00041729,FAC,C9002,VENTA ONLINE,CAF-BLEND-250,1.00,6109.30,0.00,6109.30,,6109.30,0.00,true
2025-04-10,2025-04,FAC 0003-00041442,FAC,C9002,VENTA ONLINE,CAF-ETIOP-250,3.00,10140.90,0.00,30422.69,,30422.70,-0.01,true
2025-01-15,2025-01,FAC 0003-00040098,FAC,C9002,VENTA ONLINE,CAF-CAPS-10,1.00,6900.00,0.00,6900.00,,6900.00,0.00,true
2025-02-27,2025-02,FAC 0003-00040473,FAC,C0139,La Ventanita de Constitucion II,CAP-FILTRO-100,2.00,3270.40,30.00,4578.56,R. Ibarra,4578.56,0.00,true
2025-01-02,2025-01,FAC 0003-00040003,FAC,C0001,GRANOS DEL SUR S.A.,CAF-BRAS-1K,20.00,17000.00,40.00,204000.00,R. Ibarra,204000.00,0.00,true
2025-02-18,2025-02,FAC 0003-00040702,FAC,C9001,CONSUMIDOR FINAL,CAF-ETIOP-250,1.00,9709.00,0.00,9709.00,,9709.00,0.00,true
2025-01-28,2025-01,FAC 0003-00040359,FAC,C9001,CONSUMIDOR FINAL,CAF-COLOM-250,2.00,8200.00,0.00,16400.00,,16400.00,0.00,true
2025-04-27,2025-04,FAC 0003-00041347,FAC,C9002,VENTA ONLINE,CAF-BRAS-250,1.00,5657.55,0.00,5657.55,,5657.55,0.00,true
2025-04-19,2025-04,FAC 0003-00041555,FAC,C9001,CONSUMIDOR FINAL,CAF-COLOM-250,2.00,8753.19,0.00,17506.39,,17506.38,0.01,true
2025-01-01,2025-01,FAC 0003-00040060,FAC,C9002,VENTA ONLINE,CAP-TAZA,3.00,8900.00,0.00,26700.00,,26700.00,0.00,true
2025-02-13,2025-02,FAC 0003-00040427,FAC,C0103,Coffee Lab Belgrano II,CAF-BLEND-1K,8.00,18396.00,35.00,95659.20,R. Ibarra,95659.20,0.00,true
2025-02-01,2025-02,NC 0003-00001212,NC,C0117,El Almacen de Caballito II,CAF-BRAS-1K,-1.00,17374.00,32.00,-11814.32,,-11814.32,0.00,true
2025-03-15,2025-03,FAC 0003-00041085,FAC,C9002,VENTA ONLINE,CAF-BRAS-250,2.00,5535.77,0.00,11071.53,,11071.54,-0.01,true
2025-03-18,2025-03,FAC 0003-00040955,FAC,C9002,VENTA ONLINE,CAF-BLEND-250,1.00,5849.11,0.00,5849.11,,5849.11,0.00,true
2025-03-26,2025-03,FAC 0003-00041074,FAC,C9002,VENTA ONLINE,CAF-BRAS-250,3.00,5535.77,0.00,16607.30,,16607.31,-0.01,true
2025-01-18,2025-01,FAC 0003-00040002,FAC,C0001,GRANOS DEL SUR S.A.,BLEND1K,48.00,18000.00,40.00,518400.00,M. Paz,518400.00,0.00,true
2025-03-21,2025-03,FAC 0003-00040953,FAC,C9002,VENTA ONLINE,CAF-DESCA-250,1.00,7729.18,0.00,7729.18,,7729.18,0.00,true
2025-03-13,2025-03,FAC 0003-00040962,FAC,C9002,VENTA ONLINE,CAP-FILTRO-100,2.00,3342.35,0.00,6684.70,,6684.70,0.00,true
2025-04-18,2025-04,FAC 0003-00041312,FAC,C9002,VENTA ONLINE,CAF-DESCA-250,3.00,7899.22,0.00,23697.67,,23697.66,0.01,true
2025-06-17,2025-06,FAC 0003-00042124,FAC,C0126,Panaderia Parque Chas,CAF-BRAS-1K,2.00,18954.11,32.00,25777.59,,25777.59,0.00,true
2025-03-16,2025-03,FAC 0003-00040927,FAC,C9002,VENTA ONLINE,CAF-ETIOP-250,2.00,9922.60,0.00,19845.20,,19845.20,0.00,true
2025-05-11,2025-05,FAC 0003-00041834,FAC,C9002,VENTA ONLINE,CAF-ETIOP-250,3.00,10363.99,0.00,31091.98,,31091.97,0.01,true
2025-02-22,2025-02,FAC 0003-00040445,FAC,C0119,Coffee Lab Saavedra II,CAF-BLEND-1K,3.00,18396.00,35.00,35872.20,M. Paz,35872.20,0.00,true
2025-05-14,2025-05,FAC 0003-00041718,FAC,C9002,VENTA ONLINE,CAF-COLOM-250,3.00,8945.76,0.00,26837.29,,26837.28,0.01,true
2025-06-26,2025-06,FAC 0003-00042369,FAC,C9002,VENTA ONLINE,CAF-CAPS-10,1.00,7693.14,0.00,7693.14,,7693.14,0.00,true
2025-05-15,2025-05,FAC 0003-00041694,FAC,C0136,Tostado Villa Urquiza,CAF-BLEND-1K,10.00,19637.04,35.00,127640.78,M. Paz,127640.76,0.02,true
2025-04-17,2025-04,FAC 0003-00041466,FAC,C9002,VENTA ONLINE,CAF-COLOM-250,2.00,8753.19,0.00,17506.39,,17506.38,0.01,true
2025-06-03,2025-06,FAC 0003-00042509,FAC,C9001,CONSUMIDOR FINAL,CAF-BLEND-250,2.00,6243.71,0.00,12487.41,,12487.42,-0.01,true
2025-03-02,2025-03,NC 0003-00001217,NC,C0103,Coffee Lab Belgrano II,CAF-BRAS-1K,-3.00,17756.23,35.00,-34624.64,,-34624.65,0.01,true
2025-01-02,2025-01,FAC 0003-00040062,FAC,C9002,VENTA ONLINE,CAF-ETIOP-250,3.00,9500.00,0.00,28500.00,,28500.00,0.00,true
2025-05-08,2025-05,FAC 0003-00041855,FAC,C9002,VENTA ONLINE,CAF-ETIOP-250,3.00,10363.99,0.00,31091.98,,31091.97,0.01,true
2025-04-21,2025-04,FAC 0003-00041438,FAC,C9002,VENTA ONLINE,CAF-BLEND-250,2.00,5977.79,0.00,11955.58,,11955.58,0.00,true
2025-06-21,2025-06,FAC 0003-00042331,FAC,C9002,VENTA ONLINE,CAF-ETIOP-250,3.00,10592.00,0.00,31776.01,,31776.00,0.01,true
2025-01-09,2025-01,FAC 0003-00040321,FAC,C9001,CONSUMIDOR FINAL,CAF-BLEND-250,1.00,5600.00,0.00,5600.00,,5600.00,0.00,true
2025-03-08,2025-03,FAC 0003-00040866,FAC,C0120,Tostado Chacarita,CAF-BLEND-1K,5.00,18800.71,32.00,63922.42,,63922.41,0.01,true
2025-06-06,2025-06,FAC 0003-00042182,FAC,C9002,VENTA ONLINE,CAF-ETIOP-250,1.00,10592.00,0.00,10592.00,,10592.00,0.00,true
2025-04-09,2025-04,FAC 0003-00041353,FAC,C9002,VENTA ONLINE,CAF-DESCA-250,1.00,7899.22,0.00,7899.22,,7899.22,0.00,true
2025-04-23,2025-04,FAC 0003-00041301,FAC,C9002,VENTA ONLINE,CAF-COLOM-250,1.00,8753.19,0.00,8753.19,,8753.19,0.00,true
2025-05-21,2025-05,FAC 0003-00041755,FAC,C9002,VENTA ONLINE,CAF-ETIOP-250,3.00,10363.99,0.00,31091.98,,31091.97,0.01,true
2025-02-24,2025-02,FAC 0003-00040813,FAC,C9001,CONSUMIDOR FINAL,CAF-BLEND-250,2.00,5723.20,0.00,11446.40,,11446.40,0.00,true
2025-06-21,2025-06,FAC 0003-00042345,FAC,C9002,VENTA ONLINE,CAF-ETIOP-250,2.00,10592.00,0.00,21184.01,,21184.00,0.01,true
2025-02-17,2025-02,FAC 0003-00040675,FAC,C9002,VENTA ONLINE,CAP-FILTRO-100,1.00,3270.40,0.00,3270.40,,3270.40,0.00,true
2025-01-07,2025-01,FAC 0003-00040125,FAC,C9002,VENTA ONLINE,CAF-COLOM-250,3.00,8200.00,0.00,24600.00,,24600.00,0.00,true
2025-02-21,2025-02,FAC 0003-00040494,FAC,C9002,VENTA ONLINE,CAF-COLOM-250,1.00,8380.40,0.00,8380.40,,8380.40,0.00,true
2025-05-23,2025-05,FAC 0003-00041651,FAC,C0100,Cafe Palermo,CAF-BLEND-1K,10.00,19637.04,32.00,133531.89,M. Paz,133531.87,0.02,true
2025-06-12,2025-06,FAC 0003-00042388,FAC,C9002,VENTA ONLINE,CAF-BLEND-250,2.00,6243.71,0.00,12487.41,,12487.42,-0.01,true
2025-02-16,2025-02,FAC 0003-00040704,FAC,C9001,CONSUMIDOR FINAL,CAF-ETIOP-250,2.00,9709.00,0.00,19418.00,,19418.00,0.00,true
2025-06-11,2025-06,FAC 0003-00042118,FAC,C0122,El Almacen de Almagro,CAF-BLEND-1K,3.00,20069.06,32.00,40940.88,M. Paz,40940.88,-0.00,true
2025-02-25,2025-02,FAC 0003-00040789,FAC,C9001,CONSUMIDOR FINAL,CAF-BLEND-1K,1.00,18396.00,0.00,18396.00,,18396.00,0.00,true
2025-03-24,2025-03,FAC 0003-00040995,FAC,C9002,VENTA ONLINE,CAF-COLOM-250,2.00,8564.77,0.00,17129.54,,17129.54,0.00,true
2025-06-08,2025-06,FAC 0003-00042219,FAC,C9002,VENTA ONLINE,CAF-DESCA-250,3.00,8250.61,0.00,24751.84,,24751.83,0.01,true
2025-06-25,2025-06,FAC 0003-00042184,FAC,C9002,VENTA ONLINE,CAF-BRAS-250,2.00,5909.22,0.00,11818.45,,11818.44,0.01,true
2025-02-23,2025-02,FAC 0003-00040736,FAC,C9001,CONSUMIDOR FINAL,CAF-ETIOP-250,2.00,9709.00,0.00,19418.00,,19418.00,0.00,true
2025-02-10,2025-02,FAC 0003-00040660,FAC,C9002,VENTA ONLINE,CAF-BRAS-250,2.00,5416.60,0.00,10833.20,,10833.20,0.00,true
2025-06-21,2025-06,FAC 0003-00042483,FAC,C9001,CONSUMIDOR FINAL,CAF-ETIOP-250,2.00,10592.00,0.00,21184.01,,21184.00,0.01,true
2025-03-04,2025-03,FAC 0003-00040977,FAC,C9002,VENTA ONLINE,CAF-BLEND-250,3.00,5849.11,0.00,17547.33,,17547.33,0.00,true
2025-01-10,2025-01,FAC 0003-00040291,FAC,C9001,CONSUMIDOR FINAL,CAF-COLOM-250,2.00,8200.00,0.00,16400.00,,16400.00,0.00,true
2025-01-04,2025-01,FAC 0003-00040115,FAC,C9002,VENTA ONLINE,CAF-BLEND-250,2.00,5600.00,0.00,11200.00,,11200.00,0.00,true
2025-03-04,2025-03,FAC 0003-00040900,FAC,C9002,VENTA ONLINE,CAF-CAPS-10,3.00,7206.94,0.00,21620.82,,21620.82,0.00,true
2025-04-01,2025-04,FAC 0003-00041277,FAC,C0130,Usina Coghlan,CAF-BLEND-1K,5.00,19214.33,30.00,67250.15,M. Paz,67250.16,-0.01,true
2025-03-28,2025-03,FAC 0003-00041129,FAC,C9001,CONSUMIDOR FINAL,CAP-FILTRO-100,1.00,3342.35,0.00,3342.35,,3342.35,0.00,true
2025-03-15,2025-03,FAC 0003-00041085,FAC,C9002,VENTA ONLINE,CAF-BLEND-250,1.00,5849.11,0.00,5849.11,,5849.11,0.00,true
2025-06-08,2025-06,FAC 0003-00042202,FAC,C9002,VENTA ONLINE,CAF-ETIOP-250,2.00,10592.00,0.00,21184.01,,21184.00,0.01,true
2025-06-12,2025-06,FAC 0003-00042249,FAC,C9002,VENTA ONLINE,CAF-COLOM-250,3.00,9142.57,0.00,27427.71,,27427.71,0.00,true
2025-04-23,2025-04,FAC 0003-00041572,FAC,C9001,CONSUMIDOR FINAL,CAP-FILTRO-100,1.00,3415.88,0.00,3415.88,,3415.88,0.00,true
2025-06-03,2025-06,FAC 0003-00042116,FAC,C0120,Tostado Chacarita,CAF-BLEND-1K,10.00,20069.06,32.00,136469.59,R. Ibarra,136469.61,-0.02,true
2025-02-15,2025-02,FAC 0003-00040744,FAC,C9001,CONSUMIDOR FINAL,CAF-COLOM-250,2.00,8380.40,0.00,16760.80,,16760.80,0.00,true
2025-05-21,2025-05,FAC 0003-00042050,FAC,C9001,CONSUMIDOR FINAL,CAF-ETIOP-250,2.00,10363.99,0.00,20727.99,,20727.98,0.01,true
2025-05-07,2025-05,FAC 0003-00041717,FAC,C9002,VENTA ONLINE,CAF-COLOM-250,1.00,8945.76,0.00,8945.76,,8945.76,0.00,true
2025-02-28,2025-02,FAC 0003-00040439,FAC,C0113,Bar Recoleta II,CAF-BLEND-1K,8.00,18396.00,30.00,103017.60,M. Paz,103017.60,0.00,true
2025-01-13,2025-01,FAC 0003-00040096,FAC,C9002,VENTA ONLINE,CAF-COLOM-250,3.00,8200.00,0.00,24600.00,,24600.00,0.00,true
2025-03-26,2025-03,FAC 0003-00041115,FAC,C9002,VENTA ONLINE,CAF-BLEND-250,1.00,5849.11,0.00,5849.11,,5849.11,0.00,true
2025-03-06,2025-03,FAC 0003-00040889,FAC,C9002,VENTA ONLINE,CAF-DESCA-250,1.00,7729.18,0.00,7729.18,,7729.18,0.00,true
2025-05-16,2025-05,FAC 0003-00041681,FAC,C0126,Panaderia Parque Chas,CAF-BRAS-1K,4.00,18546.10,32.00,50445.38,,50445.39,-0.01,true
2025-01-21,2025-01,FAC 0003-00040143,FAC,C9002,VENTA ONLINE,CAF-BLEND-250,2.00,5600.00,0.00,11200.00,,11200.00,0.00,true
2025-01-25,2025-01,FAC 0003-00040107,FAC,C9002,VENTA ONLINE,CAF-DESCA-250,1.00,7400.00,0.00,7400.00,,7400.00,0.00,true
2025-04-10,2025-04,FAC 0003-00041303,FAC,C9002,VENTA ONLINE,CAF-ETIOP-250,3.00,10140.90,0.00,30422.69,,30422.70,-0.01,true
2025-06-07,2025-06,FAC 0003-00042099,FAC,C0108,Coffee Lab Colegiales,CAF-BLEND-1K,3.00,20069.06,32.00,40940.88,,40940.88,-0.00,true
2025-01-04,2025-01,FAC 0003-00040038,FAC,C0125,Usina Flores II,CAF-ETIOP-250,12.00,9500.00,32.00,77520.00,R. Ibarra,77520.00,0.00,true
2025-02-26,2025-02,FAC 0003-00040559,FAC,C9002,VENTA ONLINE,CAF-COLOM-250,3.00,8380.40,0.00,25141.20,,25141.20,0.00,true
2025-02-14,2025-02,FAC 0003-00040446,FAC,C0120,Tostado Chacarita,CAF-BLEND-1K,6.00,18396.00,32.00,75055.68,,75055.68,0.00,true
2025-06-13,2025-06,FAC 0003-00042306,FAC,C9002,VENTA ONLINE,CAF-ETIOP-250,3.00,10592.00,0.00,31776.01,,31776.00,0.01,true
2025-01-24,2025-01,FAC 0003-00040109,FAC,C9002,VENTA ONLINE,CAF-ETIOP-250,1.00,9500.00,0.00,9500.00,,9500.00,0.00,true
2025-05-04,2025-05,FAC 0003-00041751,FAC,C9002,VENTA ONLINE,CAF-BLEND-250,1.00,6109.30,0.00,6109.30,,6109.30,0.00,true
2025-01-16,2025-01,FAC 0003-00040014,FAC,C0103,Coffee Lab Belgrano II,CAF-BRAS-1K,3.00,17000.00,35.00,33150.00,R. Ibarra,33150.00,0.00,true
2025-05-02,2025-05,FAC 0003-00041911,FAC,C9002,VENTA ONLINE,CAF-CAPS-10,1.00,7527.53,0.00,7527.53,,7527.53,0.00,true
2025-03-17,2025-03,FAC 0003-00040874,FAC,C0129,Bar San Telmo II,CAF-BLEND-1K,9.00,18800.71,32.00,115060.36,M. Paz,115060.35,0.01,true
2025-05-14,2025-05,FAC 0003-00041728,FAC,C9002,VENTA ONLINE,CAF-CAPS-10,2.00,7527.53,0.00,15055.07,,15055.06,0.01,true
2025-02-18,2025-02,FAC 0003-00040624,FAC,C9002,VENTA ONLINE,CAF-BLEND-250,2.00,5723.20,0.00,11446.40,,11446.40,0.00,true
2025-01-26,2025-01,FAC 0003-00040061,FAC,C9002,VENTA ONLINE,CAF-ETIOP-250,1.00,9500.00,0.00,9500.00,,9500.00,0.00,true
2025-04-16,2025-04,FAC 0003-00041509,FAC,C9002,VENTA ONLINE,CAF-COLOM-250,1.00,8753.19,0.00,8753.19,,8753.19,0.00,true
2025-01-16,2025-01,FAC 0003-00040334,FAC,C9001,CONSUMIDOR FINAL,CAF-BLEND-1K,2.00,18000.00,0.00,36000.00,,36000.00,0.00,true
2025-04-03,2025-04,FAC 0003-00041245,FAC,C0001,GRANOS DEL SUR S.A.,CAF-BLEND-CJ6,9.00,108881.19,40.00,587958.43,M. Paz,587958.43,0.00,true
2025-04-09,2025-04,FAC 0003-00041625,FAC,C9001,CONSUMIDOR FINAL,CAF-BLEND-250,1.00,5977.79,0.00,5977.79,,5977.79,0.00,true
2025-06-13,2025-06,FAC 0003-00042115,FAC,C0119,Coffee Lab Saavedra II,CAP-FILTRO-100,6.00,3567.83,35.00,13914.55,,13914.54,0.01,true
2025-04-05,2025-04,FAC 0003-00041284,FAC,C0137,Panaderia Villa Urquiza II,CAF-BRAS-1K,3.00,18146.87,30.00,38108.42,M. Paz,38108.43,-0.01,true
2025-02-02,2025-02,FAC 0003-00040584,FAC,C9002,VENTA ONLINE,CAF-COLOM-250,1.00,8380.40,0.00,8380.40,,8380.40,0.00,true
2025-03-10,2025-03,FAC 0003-00041192,FAC,C9001,CONSUMIDOR FINAL,CAF-ETIOP-250,1.00,9922.60,0.00,9922.60,,9922.60,0.00,true
2025-05-05,2025-05,FAC 0003-00041662,FAC,C0109,Usina Colegiales II,CAF-BRAS-1K,4.00,18546.10,32.00,50445.38,,50445.39,-0.01,true
2025-06-05,2025-06,FAC 0003-00042206,FAC,C9002,VENTA ONLINE,CAF-ETIOP-250,3.00,10592.00,0.00,31776.01,,31776.00,0.01,true
2025-06-17,2025-06,NC 0003-00001239,NC,C0109,Usina Colegiales II,CAF-BRAS-1K,-4.00,18954.11,32.00,-51555.18,,-51555.18,-0.00,true
2025-01-01,2025-01,FAC 0003-00040200,FAC,C9002,VENTA ONLINE,CAP-TAZA,2.00,8900.00,0.00,17800.00,,17800.00,0.00,true
2025-06-02,2025-06,FAC 0003-00042106,FAC,C0112,La Ventanita de Recoleta,CAF-BRAS-1K,8.00,18954.11,35.00,98561.37,,98561.37,-0.00,true
2025-03-07,2025-03,FAC 0003-00040949,FAC,C9002,VENTA ONLINE,CAF-COLOM-250,3.00,8564.77,0.00,25694.31,,25694.31,0.00,true
2025-06-23,2025-06,FAC 0003-00042367,FAC,C9002,VENTA ONLINE,CAF-BLEND-250,3.00,6243.71,0.00,18731.12,,18731.13,-0.01,true
2025-06-23,2025-06,FAC 0003-00042353,FAC,C9002,VENTA ONLINE,CAF-COLOM-250,1.00,9142.57,0.00,9142.57,,9142.57,0.00,true
2025-01-15,2025-01,FAC 0003-00040140,FAC,C9002,VENTA ONLINE,CAF-CAPS-10,3.00,6900.00,0.00,20700.00,,20700.00,0.00,true
2025-01-08,2025-01,FAC 0003-00040380,FAC,C9001,CONSUMIDOR FINAL,CAF-ETIOP-250,1.00,9500.00,0.00,9500.00,,9500.00,0.00,true
2025-04-06,2025-04,FAC 0003-00041305,FAC,C9002,VENTA ONLINE,CAF-COLOM-250,2.00,8753.19,0.00,17506.39,,17506.38,0.01,true
2025-06-18,2025-06,FAC 0003-00042350,FAC,C9002,VENTA ONLINE,CAF-COLOM-250,3.00,9142.57,0.00,27427.71,,27427.71,0.00,true
2025-06-17,2025-06,FAC 0003-00042163,FAC,C9002,VENTA ONLINE,CAP-FILTRO-100,2.00,3567.83,0.00,7135.67,,7135.66,0.01,true
2025-01-01,2025-01,FAC 0003-00040160,FAC,C9002,VENTA ONLINE,CAF-BRAS-250,2.00,5300.00,0.00,10600.00,,10600.00,0.00,true
2025-03-19,2025-03,FAC 0003-00041227,FAC,C9001,CONSUMIDOR FINAL,CAF-BLEND-250,1.00,5849.11,0.00,5849.11,,5849.11,0.00,true
2025-04-24,2025-04,FAC 0003-00041583,FAC,C9001,CONSUMIDOR FINAL,CAF-BLEND-250,2.00,5977.79,0.00,11955.58,,11955.58,0.00,true
2025-03-06,2025-03,FAC 0003-00041170,FAC,C9001,CONSUMIDOR FINAL,CAF-BLEND-1K,1.00,18800.71,0.00,18800.71,,18800.71,0.00,true
2025-01-01,2025-01,FAC 0003-00040027,FAC,C0113,Bar Recoleta II,CAF-BLEND-1K,4.00,18000.00,30.00,50400.00,M. Paz,50400.00,0.00,true
2025-01-09,2025-01,FAC 0003-00040238,FAC,C9002,VENTA ONLINE,CAF-DESCA-250,2.00,7400.00,0.00,14800.00,,14800.00,0.00,true
2025-03-18,2025-03,FAC 0003-00040876,FAC,C0130,Usina Coghlan,CAF-BLEND-1K,9.00,18800.71,30.00,118444.49,R. Ibarra,118444.47,0.02,true
2025-03-06,2025-03,FAC 0003-00041052,FAC,C9002,VENTA ONLINE,CAF-ETIOP-250,1.00,9922.60,0.00,9922.60,,9922.60,0.00,true
2025-04-12,2025-04,FAC 0003-00041562,FAC,C9001,CONSUMIDOR FINAL,CAF-COLOM-250,2.00,8753.19,0.00,17506.39,,17506.38,0.01,true
2025-02-15,2025-02,FAC 0003-00040620,FAC,C9002,VENTA ONLINE,CAF-BLEND-250,1.00,5723.20,0.00,5723.20,,5723.20,0.00,true
2025-04-21,2025-04,FAC 0003-00041357,FAC,C9002,VENTA ONLINE,CAP-TAZA,3.00,9500.42,0.00,28501.25,,28501.26,-0.01,true
2025-06-09,2025-06,FAC 0003-00042468,FAC,C9001,CONSUMIDOR FINAL,CAF-BLEND-1K,1.00,20069.06,0.00,20069.06,,20069.06,0.00,true
2025-04-24,2025-04,FAC 0003-00041493,FAC,C9002,VENTA ONLINE,CAF-BRAS-250,1.00,5657.55,0.00,5657.55,,5657.55,0.00,true
2025-02-12,2025-02,FAC 0003-00040630,FAC,C9002,VENTA ONLINE,CAF-COLOM-250,3.00,8380.40,0.00,25141.20,,25141.20,0.00,true
2025-01-19,2025-01,FAC 0003-00040100,FAC,C9002,VENTA ONLINE,CAF-ETIOP-250,2.00,9500.00,0.00,19000.00,,19000.00,0.00,true
2025-05-13,2025-05,FAC 0003-00041700,FAC,C9002,VENTA ONLINE,CAF-COLOM-250,2.00,8945.76,0.00,17891.53,,17891.52,0.01,true
2025-02-18,2025-02,FAC 0003-00040493,FAC,C9002,VENTA ONLINE,CAF-BRAS-250,2.00,5416.60,0.00,10833.20,,10833.20,0.00,true
2025-05-11,2025-05,FAC 0003-00041872,FAC,C9002,VENTA ONLINE,CAF-BLEND-250,2.00,6109.30,0.00,12218.60,,12218.60,0.00,true
2025-05-08,2025-05,FAC 0003-00041746,FAC,C9002,VENTA ONLINE,CAF-BRAS-250,1.00,5782.02,0.00,5782.02,,5782.02,0.00,true
2025-05-14,2025-05,FAC 0003-00041728,FAC,C9002,VENTA ONLINE,CAF-BLEND-250,1.00,6109.30,0.00,6109.30,,6109.30,0.00,true
2025-06-04,2025-06,FAC 0003-00042372,FAC,C9002,VENTA ONLINE,CAP-FILTRO-100,2.00,3567.83,0.00,7135.67,,7135.66,0.01,true
2025-02-12,2025-02,FAC 0003-00040605,FAC,C9002,VENTA ONLINE,CAF-ETIOP-250,3.00,9709.00,0.00,29127.00,,29127.00,0.00,true
2025-04-14,2025-04,FAC 0003-00041360,FAC,C9002,VENTA ONLINE,CAF-COLOM-250,2.00,8753.19,0.00,17506.39,,17506.38,0.01,true
2025-01-13,2025-01,FAC 0003-00040154,FAC,C9002,VENTA ONLINE,CAF-CAPS-10,2.00,6900.00,0.00,13800.00,,13800.00,0.00,true
2025-02-20,2025-02,FAC 0003-00040547,FAC,C9002,VENTA ONLINE,CAF-BRAS-250,2.00,5416.60,0.00,10833.20,,10833.20,0.00,true
2025-03-27,2025-03,FAC 0003-00040959,FAC,C9002,VENTA ONLINE,CAF-ETIOP-250,3.00,9922.60,0.00,29767.79,,29767.80,-0.01,true
2025-03-14,2025-03,FAC 0003-00040930,FAC,C9002,VENTA ONLINE,CAF-BLEND-250,1.00,5849.11,0.00,5849.11,,5849.11,0.00,true
2025-04-20,2025-04,FAC 0003-00041249,FAC,C0104,Tostado Villa Crespo,CAF-ETIOP-250,8.00,10140.90,35.00,52732.65,R. Ibarra,52732.68,-0.03,true
2025-02-16,2025-02,FAC 0003-00040661,FAC,C9002,VENTA ONLINE,CAF-BLEND-250,2.00,5723.20,0.00,11446.40,,11446.40,0.00,true
2025-03-25,2025-03,FAC 0003-00040950,FAC,C9002,VENTA ONLINE,CAF-ETIOP-250,1.00,9922.60,0.00,9922.60,,9922.60,0.00,true
2025-03-27,2025-03,FAC 0003-00041101,FAC,C9002,VENTA ONLINE,CAF-BRAS-250,1.00,5535.77,0.00,5535.77,,5535.77,0.00,true
2025-05-03,2025-05,FAC 0003-00042071,FAC,C9001,CONSUMIDOR FINAL,CAF-BLEND-1K,1.00,19637.04,0.00,19637.04,,19637.04,0.00,true
2025-01-26,2025-01,FAC 0003-00040340,FAC,C9001,CONSUMIDOR FINAL,CAF-BLEND-250,1.00,5600.00,0.00,5600.00,,5600.00,0.00,true
2025-04-20,2025-04,FAC 0003-00041331,FAC,C9002,VENTA ONLINE,CAF-COLOM-250,1.00,8753.19,0.00,8753.19,,8753.19,0.00,true
2025-02-11,2025-02,FAC 0003-00040529,FAC,C9002,VENTA ONLINE,CAF-ETIOP-250,1.00,9709.00,0.00,9709.00,,9709.00,0.00,true
2025-04-21,2025-04,FAC 0003-00041506,FAC,C9002,VENTA ONLINE,CAF-ETIOP-250,2.00,10140.90,0.00,20281.79,,20281.80,-0.01,true
2025-02-19,2025-02,FAC 0003-00040608,FAC,C9002,VENTA ONLINE,CAF-COLOM-250,2.00,8380.40,0.00,16760.80,,16760.80,0.00,true
2025-04-13,2025-04,FAC 0003-00041254,FAC,C0108,Coffee Lab Colegiales,CAF-BLEND-1K,6.00,19214.33,32.00,78394.46,R. Ibarra,78394.47,-0.01,true
2025-03-17,2025-03,FAC 0003-00040862,FAC,C0117,El Almacen de Caballito II,CAP-FILTRO-100,6.00,3342.35,32.00,13636.78,,13636.79,-0.01,true
2025-06-07,2025-06,FAC 0003-00042238,FAC,C9002,VENTA ONLINE,CAF-ETIOP-250,1.00,10592.00,0.00,10592.00,,10592.00,0.00,true
2025-04-15,2025-04,FAC 0003-00041544,FAC,C9001,CONSUMIDOR FINAL,CAF-BLEND-1K,2.00,19214.33,0.00,38428.66,,38428.66,0.00,true
2025-03-28,2025-03,FAC 0003-00040899,FAC,C9002,VENTA ONLINE,CAF-BLEND-250,2.00,5849.11,0.00,11698.22,,11698.22,0.00,true
2025-01-26,2025-01,FAC 0003-00040103,FAC,C9002,VENTA ONLINE,CAF-ETIOP-250,3.00,9500.00,0.00,28500.00,,28500.00,0.00,true
2025-05-11,2025-05,FAC 0003-00041657,FAC,C0106,El Almacen de Nunez,CAP-FILTRO-100,4.00,3491.03,30.00,9774.88,,9774.88,-0.00,true
2025-05-27,2025-05,FAC 0003-00041796,FAC,C9002,VENTA ONLINE,CAF-ETIOP-250,1.00,10363.99,0.00,10363.99,,10363.99,0.00,true
2025-04-28,2025-04,FAC 0003-00041339,FAC,C9002,VENTA ONLINE,CAF-CAPS-10,2.00,7365.49,0.00,14730.98,,14730.98,0.00,true
2025-01-27,2025-01,FAC 0003-00040338,FAC,C9001,CONSUMIDOR FINAL,CAF-BLEND-250,2.00,5600.00,0.00,11200.00,,11200.00,0.00,true
2025-06-23,2025-06,FAC 0003-00042247,FAC,C9002,VENTA ONLINE,CAF-BLEND-250,1.00,6243.71,0.00,6243.71,,6243.71,0.00,true
2025-02-27,2025-02,FAC 0003-00040821,FAC,C9001,CONSUMIDOR FINAL,CAF-COLOM-250,2.00,8380.40,0.00,16760.80,,16760.80,0.00,true
2025-05-04,2025-05,FAC 0003-00041805,FAC,C9002,VENTA ONLINE,CAF-DESCA-250,1.00,8073.01,0.00,8073.01,,8073.01,0.00,true
2025-06-11,2025-06,FAC 0003-00042126,FAC,C0129,Bar San Telmo II,CAF-BLEND-1K,8.00,20069.06,32.00,109175.67,M. Paz,109175.69,-0.02,true
2025-05-21,2025-05,FAC 0003-00041974,FAC,C9001,CONSUMIDOR FINAL,CAF-BLEND-250,2.00,6109.30,0.00,12218.60,,12218.60,0.00,true
2025-03-13,2025-03,FAC 0003-00040982,FAC,C9002,VENTA ONLINE,CAF-BLEND-250,1.00,5849.11,0.00,5849.11,,5849.11,0.00,true
2025-01-05,2025-01,FAC 0003-00040216,FAC,C9002,VENTA ONLINE,CAF-COLOM-250,1.00,8200.00,0.00,8200.00,,8200.00,0.00,true
2025-03-13,2025-03,FAC 0003-00040865,FAC,C0119,Coffee Lab Saavedra II,CAF-BLEND-1K,8.00,18800.71,35.00,97763.70,,97763.69,0.01,true
2025-01-07,2025-01,FAC 0003-00040104,FAC,C9002,VENTA ONLINE,CAF-ETIOP-250,3.00,9500.00,0.00,28500.00,,28500.00,0.00,true
2025-06-26,2025-06,FAC 0003-00042231,FAC,C9002,VENTA ONLINE,CAF-BRAS-250,1.00,5909.22,0.00,5909.22,,5909.22,0.00,true
2025-02-01,2025-02,FAC 0003-00040565,FAC,C9002,VENTA ONLINE,CAF-BLEND-250,2.00,5723.20,0.00,11446.40,,11446.40,0.00,true
2025-05-08,2025-05,FAC 0003-00041992,FAC,C9001,CONSUMIDOR FINAL,CAF-BLEND-1K,1.00,19637.04,0.00,19637.04,,19637.04,0.00,true
2025-05-07,2025-05,FAC 0003-00041685,FAC,C0129,Bar San Telmo II,CAF-BLEND-1K,6.00,19637.04,32.00,80119.13,M. Paz,80119.12,0.01,true
2025-02-05,2025-02,FAC 0003-00040455,FAC,C0127,Cafe Parque Chas II,CAF-BLEND-1K,7.00,18396.00,32.00,87564.96,R. Ibarra,87564.96,0.00,true
2025-04-13,2025-04,FAC 0003-00041254,FAC,C0108,Coffee Lab Colegiales,CAF-BRAS-1K,7.00,18146.87,32.00,86379.08,R. Ibarra,86379.10,-0.02,true
2025-06-12,2025-06,FAC 0003-00042462,FAC,C9001,CONSUMIDOR FINAL,CAF-BLEND-1K,2.00,20069.06,0.00,40138.12,,40138.12,0.00,true
2025-01-07,2025-01,FAC 0003-00040145,FAC,C9002,VENTA ONLINE,CAF-DESCA-250,1.00,7400.00,0.00,7400.00,,7400.00,0.00,true
2025-01-17,2025-01,FAC 0003-00040184,FAC,C9002,VENTA ONLINE,CAF-CAPS-10,1.00,6900.00,0.00,6900.00,,6900.00,0.00,true
2025-06-25,2025-06,FAC 0003-00042201,FAC,C9002,VENTA ONLINE,CAF-DESCA-250,1.00,8250.61,0.00,8250.61,,8250.61,0.00,true
2025-05-02,2025-05,FAC 0003-00041873,FAC,C9002,VENTA ONLINE,CAF-BRAS-250,2.00,5782.02,0.00,11564.04,,11564.04,0.00,true
2025-04-14,2025-04,FAC 0003-00041477,FAC,C9002,VENTA ONLINE,CAP-TAZA,1.00,9500.42,0.00,9500.42,,9500.42,0.00,true
2025-04-24,2025-04,FAC 0003-00041451,FAC,C9002,VENTA ONLINE,CAF-CAPS-10,3.00,7365.49,0.00,22096.48,,22096.47,0.01,true
2025-01-01,2025-01,FAC 0003-00040037,FAC,C0124,Coffee Lab Flores,CAF-BRAS-1K,7.00,17000.00,35.00,77350.00,,77350.00,0.00,true
2025-06-11,2025-06,FAC 0003-00042162,FAC,C9002,VENTA ONLINE,CAF-ETIOP-250,3.00,10592.00,0.00,31776.01,,31776.00,0.01,true
2025-01-01,2025-01,FAC 0003-00040237,FAC,C9002,VENTA ONLINE,CAF-ETIOP-250,1.00,9500.00,0.00,9500.00,,9500.00,0.00,true
2025-05-16,2025-05,FAC 0003-00041681,FAC,C0126,Panaderia Parque Chas,CAP-FILTRO-100,2.00,3491.03,32.00,4747.80,,4747.80,-0.00,true
2025-05-21,2025-05,FAC 0003-00041713,FAC,C9002,VENTA ONLINE,CAF-ETIOP-250,2.00,10363.99,0.00,20727.99,,20727.98,0.01,true
2025-05-22,2025-05,FAC 0003-00041709,FAC,C9002,VENTA ONLINE,CAF-ETIOP-250,3.00,10363.99,0.00,31091.98,,31091.97,0.01,true
2025-06-07,2025-06,FAC 0003-00042301,FAC,C9002,VENTA ONLINE,CAF-COLOM-250,1.00,9142.57,0.00,9142.57,,9142.57,0.00,true
2025-06-26,2025-06,FAC 0003-00042239,FAC,C9002,VENTA ONLINE,CAF-DESCA-250,2.00,8250.61,0.00,16501.23,,16501.22,0.01,true
2025-02-14,2025-02,FAC 0003-00040526,FAC,C9002,VENTA ONLINE,CAF-COLOM-250,2.00,8380.40,0.00,16760.80,,16760.80,0.00,true
2025-03-02,2025-03,FAC 0003-00040917,FAC,C9002,VENTA ONLINE,CAP-FILTRO-100,1.00,3342.35,0.00,3342.35,,3342.35,0.00,true
2025-02-04,2025-02,FAC 0003-00040421,FAC,C0001,GRANOS DEL SUR S.A.,BLEND1K,31.00,18396.00,40.00,342165.60,M. Paz,342165.60,0.00,true
2025-04-27,2025-04,FAC 0003-00041568,FAC,C9001,CONSUMIDOR FINAL,CAF-COLOM-250,2.00,8753.19,0.00,17506.39,,17506.38,0.01,true
2025-03-27,2025-03,FAC 0003-00040915,FAC,C9002,VENTA ONLINE,CAF-BRAS-250,1.00,5535.77,0.00,5535.77,,5535.77,0.00,true
2025-05-28,2025-05,FAC 0003-00041897,FAC,C9002,VENTA ONLINE,CAF-COLOM-250,2.00,8945.76,0.00,17891.53,,17891.52,0.01,true
2025-04-01,2025-04,FAC 0003-00041437,FAC,C9002,VENTA ONLINE,CAF-COLOM-250,1.00,8753.19,0.00,8753.19,,8753.19,0.00,true
2025-03-22,2025-03,FAC 0003-00041013,FAC,C9002,VENTA ONLINE,CAF-BLEND-250,1.00,5849.11,0.00,5849.11,,5849.11,0.00,true
2025-03-19,2025-03,FAC 0003-00041044,FAC,C9002,VENTA ONLINE,CAF-ETIOP-250,2.00,9922.60,0.00,19845.20,,19845.20,0.00,true
2025-02-14,2025-02,FAC 0003-00040446,FAC,C0120,Tostado Chacarita,CAF-BRAS-1K,7.00,17374.00,32.00,82700.24,,82700.24,0.00,true
2025-06-12,2025-06,FAC 0003-00042213,FAC,C9002,VENTA ONLINE,CAF-BLEND-250,2.00,6243.71,0.00,12487.41,,12487.42,-0.01,true
2025-05-26,2025-05,FAC 0003-00041839,FAC,C9002,VENTA ONLINE,CAF-ETIOP-250,3.00,10363.99,0.00,31091.98,,31091.97,0.01,true
2025-03-25,2025-03,FAC 0003-00041025,FAC,C9002,VENTA ONLINE,CAP-FILTRO-100,1.00,3342.35,0.00,3342.35,,3342.35,0.00,true
2025-01-18,2025-01,FAC 0003-00040233,FAC,C9002,VENTA ONLINE,CAF-BRAS-250,1.00,5300.00,0.00,5300.00,,5300.00,0.00,true
2025-04-15,2025-04,FAC 0003-00041307,FAC,C9002,VENTA ONLINE,CAF-ETIOP-250,2.00,10140.90,0.00,20281.79,,20281.80,-0.01,true
2025-06-01,2025-06,FAC 0003-00042340,FAC,C9002,VENTA ONLINE,CAF-CAPS-10,1.00,7693.14,0.00,7693.14,,7693.14,0.00,true
2025-05-13,2025-05,FAC 0003-00041799,FAC,C9002,VENTA ONLINE,CAF-COLOM-250,3.00,8945.76,0.00,26837.29,,26837.28,0.01,true
2025-01-03,2025-01,FAC 0003-00040393,FAC,C9001,CONSUMIDOR FINAL,CAF-COLOM-250,2.00,8200.00,0.00,16400.00,,16400.00,0.00,true
2025-03-13,2025-03,FAC 0003-00041056,FAC,C9002,VENTA ONLINE,CAF-COLOM-250,1.00,8564.77,0.00,8564.77,,8564.77,0.00,true
2025-04-03,2025-04,FAC 0003-00041446,FAC,C9002,VENTA ONLINE,CAF-CAPS-10,2.00,7365.49,0.00,14730.98,,14730.98,0.00,true
2025-05-11,2025-05,FAC 0003-00041959,FAC,C9001,CONSUMIDOR FINAL,CAF-BLEND-250,2.00,6109.30,0.00,12218.60,,12218.60,0.00,true
2025-02-22,2025-02,FAC 0003-00040749,FAC,C9001,CONSUMIDOR FINAL,CAF-BLEND-250,1.00,5723.20,0.00,5723.20,,5723.20,0.00,true
2025-06-12,2025-06,FAC 0003-00042242,FAC,C9002,VENTA ONLINE,CAF-COLOM-250,2.00,9142.57,0.00,18285.14,,18285.14,0.00,true
2025-03-23,2025-03,FAC 0003-00041003,FAC,C9002,VENTA ONLINE,CAF-ETIOP-250,3.00,9922.60,0.00,29767.79,,29767.80,-0.01,true
2025-06-23,2025-06,FAC 0003-00042274,FAC,C9002,VENTA ONLINE,CAF-ETIOP-250,1.00,10592.00,0.00,10592.00,,10592.00,0.00,true
2025-04-10,2025-04,FAC 0003-00041410,FAC,C9002,VENTA ONLINE,CAF-DESCA-250,3.00,7899.22,0.00,23697.67,,23697.66,0.01,true
2025-01-05,2025-01,FAC 0003-00040047,FAC,C0133,El Almacen de Barracas II,CAF-ETIOP-250,11.00,9500.00,35.00,67925.00,M. Paz,67925.00,0.00,true
2025-01-20,2025-01,FAC 0003-00040347,FAC,C9001,CONSUMIDOR FINAL,CAF-COLOM-250,1.00,8200.00,0.00,8200.00,,8200.00,0.00,true
2025-04-11,2025-04,FAC 0003-00041489,FAC,C9002,VENTA ONLINE,CAF-COLOM-250,2.00,8753.19,0.00,17506.39,,17506.38,0.01,true
2025-05-15,2025-05,FAC 0003-00041771,FAC,C9002,VENTA ONLINE,CAF-COLOM-250,2.00,8945.76,0.00,17891.53,,17891.52,0.01,true
2025-01-01,2025-01,FAC 0003-00040136,FAC,C9002,VENTA ONLINE,CAF-COLOM-250,1.00,8200.00,0.00,8200.00,,8200.00,0.00,true
2025-02-07,2025-02,FAC 0003-00040752,FAC,C9001,CONSUMIDOR FINAL,CAF-BLEND-250,2.00,5723.20,0.00,11446.40,,11446.40,0.00,true
2025-04-25,2025-04,FAC 0003-00041276,FAC,C0129,Bar San Telmo II,CAP-FILTRO-100,5.00,3415.88,32.00,11613.99,,11613.99,-0.00,true
2025-02-07,2025-02,FAC 0003-00040466,FAC,C0134,Bar Agronomia,CAF-BRAS-1K,4.00,17374.00,35.00,45172.40,R. Ibarra,45172.40,0.00,true
2025-04-07,2025-04,FAC 0003-00041616,FAC,C9001,CONSUMIDOR FINAL,CAF-COLOM-250,2.00,8753.19,0.00,17506.39,,17506.38,0.01,true
2025-03-25,2025-03,FAC 0003-00041210,FAC,C9001,CONSUMIDOR FINAL,CAF-COLOM-250,1.00,8564.77,0.00,8564.77,,8564.77,0.00,true
2025-06-21,2025-06,FAC 0003-00042482,FAC,C9001,CONSUMIDOR FINAL,CAF-BLEND-1K,1.00,20069.06,0.00,20069.06,,20069.06,0.00,true
2025-06-01,2025-06,FAC 0003-00042181,FAC,C9002,VENTA ONLINE,CAF-BLEND-250,2.00,6243.71,0.00,12487.41,,12487.42,-0.01,true
2025-04-12,2025-04,FAC 0003-00041240,FAC,C0001,GRANOS DEL SUR S.A.,CAF-BLEND-1K,50.00,19214.33,40.00,576429.83,,576429.90,-0.07,true
2025-01-17,2025-01,FAC 0003-00040184,FAC,C9002,VENTA ONLINE,CAP-TAZA,2.00,8900.00,0.00,17800.00,,17800.00,0.00,true
2025-02-25,2025-02,FAC 0003-00040483,FAC,C9002,VENTA ONLINE,CAF-ETIOP-250,2.00,9709.00,0.00,19418.00,,19418.00,0.00,true
2025-01-18,2025-01,FAC 0003-00040009,FAC,C0001,GRANOS DEL SUR S.A.,CAF-BLEND-1K,34.00,18000.00,40.00,367200.00,M. Paz,367200.00,0.00,true
2025-02-18,2025-02,FAC 0003-00040425,FAC,C0101,El Almacen de Palermo II,CAF-BRAS-1K,6.00,17374.00,35.00,67758.60,M. Paz,67758.60,0.00,true
2025-06-18,2025-06,FAC 0003-00042344,FAC,C9002,VENTA ONLINE,CAF-BLEND-250,3.00,6243.71,0.00,18731.12,,18731.13,-0.01,true
2025-05-24,2025-05,FAC 0003-00041787,FAC,C9002,VENTA ONLINE,CAF-BRAS-250,3.00,5782.02,0.00,17346.05,,17346.06,-0.01,true
2025-05-15,2025-05,FAC 0003-00041812,FAC,C9002,VENTA ONLINE,CAF-ETIOP-250,3.00,10363.99,0.00,31091.98,,31091.97,0.01,true
2025-05-16,2025-05,FAC 0003-00041979,FAC,C9001,CONSUMIDOR FINAL,CAF-BLEND-1K,2.00,19637.04,0.00,39274.09,,39274.08,0.01,true
2025-06-02,2025-06,FAC 0003-00042304,FAC,C9002,VENTA ONLINE,CAF-ETIOP-250,3.00,10592.00,0.00,31776.01,,31776.00,0.01,true
2025-03-14,2025-03,FAC 0003-00040958,FAC,C9002,VENTA ONLINE,CAF-COLOM-250,1.00,8564.77,0.00,8564.77,,8564.77,0.00,true
2025-06-01,2025-06,FAC 0003-00042424,FAC,C9001,CONSUMIDOR FINAL,CAF-ETIOP-250,1.00,10592.00,0.00,10592.00,,10592.00,0.00,true
2025-04-20,2025-04,FAC 0003-00041519,FAC,C9002,VENTA ONLINE,CAP-TAZA,1.00,9500.42,0.00,9500.42,,9500.42,0.00,true
2025-06-05,2025-06,FAC 0003-00042302,FAC,C9002,VENTA ONLINE,CAF-BLEND-250,3.00,6243.71,0.00,18731.12,,18731.13,-0.01,true
2025-04-20,2025-04,NC 0003-00001224,NC,C0001,GRANOS DEL SUR S.A.,CAF-BLEND-1K,-13.00,19214.33,40.00,-149871.76,,-149871.77,0.01,true
2025-02-09,2025-02,FAC 0003-00040530,FAC,C9002,VENTA ONLINE,CAF-BRAS-250,2.00,5416.60,0.00,10833.20,,10833.20,0.00,true
2025-03-16,2025-03,FAC 0003-00041177,FAC,C9001,CONSUMIDOR FINAL,CAF-BLEND-250,2.00,5849.11,0.00,11698.22,,11698.22,0.00,true
2025-06-17,2025-06,FAC 0003-00042222,FAC,C9002,VENTA ONLINE,CAF-BRAS-250,3.00,5909.22,0.00,17727.67,,17727.66,0.01,true
2025-05-12,2025-05,FAC 0003-00041649,FAC,C0001,GRANOS DEL SUR S.A.,CAF-BLEND-1K,44.00,19637.04,40.00,518417.93,R. Ibarra,518417.86,0.07,true
2025-05-01,2025-05,FAC 0003-00041738,FAC,C9002,VENTA ONLINE,CAF-ETIOP-250,2.00,10363.99,0.00,20727.99,,20727.98,0.01,true
2025-02-04,2025-02,FAC 0003-00040601,FAC,C9002,VENTA ONLINE,CAF-BRAS-250,1.00,5416.60,0.00,5416.60,,5416.60,0.00,true
2025-05-21,2025-05,FAC 0003-00041888,FAC,C9002,VENTA ONLINE,CAF-ETIOP-250,3.00,10363.99,0.00,31091.98,,31091.97,0.01,true
2025-01-20,2025-01,FAC 0003-00040123,FAC,C9002,VENTA ONLINE,CAF-BRAS-250,1.00,5300.00,0.00,5300.00,,5300.00,0.00,true
2025-03-18,2025-03,FAC 0003-00041035,FAC,C9002,VENTA ONLINE,CAF-COLOM-250,1.00,8564.77,0.00,8564.77,,8564.77,0.00,true
2025-01-23,2025-01,FAC 0003-00040409,FAC,C9001,CONSUMIDOR FINAL,CAF-BLEND-250,1.00,5600.00,0.00,5600.00,,5600.00,0.00,true
2025-05-09,2025-05,FAC 0003-00041903,FAC,C9002,VENTA ONLINE,CAF-ETIOP-250,2.00,10363.99,0.00,20727.99,,20727.98,0.01,true
2025-06-09,2025-06,FAC 0003-00042406,FAC,C9001,CONSUMIDOR FINAL,CAF-BLEND-250,1.00,6243.71,0.00,6243.71,,6243.71,0.00,true
2025-03-22,2025-03,FAC 0003-00041016,FAC,C9002,VENTA ONLINE,CAF-CAPS-10,2.00,7206.94,0.00,14413.88,,14413.88,0.00,true
2025-04-16,2025-04,FAC 0003-00041476,FAC,C9002,VENTA ONLINE,CAF-BLEND-250,2.00,5977.79,0.00,11955.58,,11955.58,0.00,true
2025-02-23,2025-02,FAC 0003-00040628,FAC,C9002,VENTA ONLINE,CAF-COLOM-250,1.00,8380.40,0.00,8380.40,,8380.40,0.00,true
2025-03-16,2025-03,FAC 0003-00040886,FAC,C0137,Panaderia Villa Urquiza II,CAF-BLEND-1K,4.00,18800.71,30.00,52641.99,R. Ibarra,52641.99,0.00,true
2025-02-08,2025-02,FAC 0003-00040712,FAC,C9001,CONSUMIDOR FINAL,CAP-FILTRO-100,1.00,3270.40,0.00,3270.40,,3270.40,0.00,true
2025-06-19,2025-06,FAC 0003-00042236,FAC,C9002,VENTA ONLINE,CAF-ETIOP-250,1.00,10592.00,0.00,10592.00,,10592.00,0.00,true
2025-04-17,2025-04,FAC 0003-00041278,FAC,C0131,Tostado Coghlan II,CAF-BLEND-1K,9.00,19214.33,35.00,112403.82,R. Ibarra,112403.83,-0.01,true
2025-02-04,2025-02,FAC 0003-00040594,FAC,C9002,VENTA ONLINE,CAF-COLOM-250,3.00,8380.40,0.00,25141.20,,25141.20,0.00,true
2025-02-28,2025-02,FAC 0003-00040686,FAC,C9002,VENTA ONLINE,CAP-TAZA,1.00,9095.80,0.00,9095.80,,9095.80,0.00,true
2025-01-07,2025-01,FAC 0003-00040007,FAC,C0001,GRANOS DEL SUR S.A.,CAF-BRAS-1K,16.00,17000.00,40.00,163200.00,R. Ibarra,163200.00,0.00,true
2025-04-13,2025-04,FAC 0003-00041462,FAC,C9002,VENTA ONLINE,CAF-COLOM-250,2.00,8753.19,0.00,17506.39,,17506.38,0.01,true
2025-01-07,2025-01,FAC 0003-00040152,FAC,C9002,VENTA ONLINE,CAF-CAPS-10,2.00,6900.00,0.00,13800.00,,13800.00,0.00,true
2025-05-28,2025-05,FAC 0003-00041906,FAC,C9002,VENTA ONLINE,CAF-COLOM-250,3.00,8945.76,0.00,26837.29,,26837.28,0.01,true
2025-02-12,2025-02,FAC 0003-00040450,FAC,C0123,La Ventanita de Almagro II,CAF-BRAS-1K,2.00,17374.00,35.00,22586.20,,22586.20,0.00,true
2025-04-23,2025-04,FAC 0003-00041458,FAC,C9002,VENTA ONLINE,CAF-ETIOP-250,2.00,10140.90,0.00,20281.79,,20281.80,-0.01,true
2025-03-06,2025-03,FAC 0003-00041062,FAC,C9002,VENTA ONLINE,CAF-DESCA-250,3.00,7729.18,0.00,23187.54,,23187.54,0.00,true
2025-03-19,2025-03,FAC 0003-00040869,FAC,C0124,Coffee Lab Flores,CAF-BRAS-1K,4.00,17756.23,35.00,46166.19,M. Paz,46166.20,-0.01,true
2025-04-04,2025-04,FAC 0003-00041329,FAC,C9002,VENTA ONLINE,CAF-ETIOP-250,3.00,10140.90,0.00,30422.69,,30422.70,-0.01,true
2025-01-20,2025-01,FAC 0003-00040031,FAC,C0118,Bar Saavedra,CAF-ETIOP-250,5.00,9500.00,32.00,32300.00,R. Ibarra,32300.00,0.00,true
2025-01-04,2025-01,FAC 0003-00040370,FAC,C9001,CONSUMIDOR FINAL,CAF-COLOM-250,1.00,8200.00,0.00,8200.00,,8200.00,0.00,true
2025-06-24,2025-06,FAC 0003-00042139,FAC,C0138,El Almacen de Constitucion,CAF-BRAS-1K,4.00,18954.11,30.00,53071.51,R. Ibarra,53071.51,0.00,true
2025-02-18,2025-02,FAC 0003-00040783,FAC,C9001,CONSUMIDOR FINAL,CAF-BLEND-1K,2.00,18396.00,0.00,36792.00,,36792.00,0.00,true
2025-01-17,2025-01,FAC 0003-00040070,FAC,C9002,VENTA ONLINE,CAF-BLEND-250,3.00,5600.00,0.00,16800.00,,16800.00,0.00,true
2025-03-09,2025-03,FAC 0003-00040911,FAC,C9002,VENTA ONLINE,CAF-COLOM-250,3.00,8564.77,0.00,25694.31,,25694.31,0.00,true
2025-02-12,2025-02,FAC 0003-00040739,FAC,C9001,CONSUMIDOR FINAL,CAF-BLEND-250,2.00,5723.20,0.00,11446.40,,11446.40,0.00,true
2025-02-23,2025-02,FAC 0003-00040618,FAC,C9002,VENTA ONLINE,CAF-COLOM-250,3.00,8380.40,0.00,25141.20,,25141.20,0.00,true
2025-05-13,2025-05,FAC 0003-00041891,FAC,C9002,VENTA ONLINE,CAF-ETIOP-250,1.00,10363.99,0.00,10363.99,,10363.99,0.00,true
2025-04-04,2025-04,FAC 0003-00041464,FAC,C9002,VENTA ONLINE,CAF-ETIOP-250,3.00,10140.90,0.00,30422.69,,30422.70,-0.01,true
2025-01-01,2025-01,FAC 0003-00040377,FAC,C9001,CONSUMIDOR FINAL,CAF-BLEND-1K,1.00,18000.00,0.00,18000.00,,18000.00,0.00,true
2025-04-20,2025-04,FAC 0003-00041420,FAC,C9002,VENTA ONLINE,CAF-ETIOP-250,3.00,10140.90,0.00,30422.69,,30422.70,-0.01,true
2025-02-16,2025-02,FAC 0003-00040826,FAC,C9001,CONSUMIDOR FINAL,CAF-BLEND-1K,2.00,18396.00,0.00,36792.00,,36792.00,0.00,true
2025-04-10,2025-04,FAC 0003-00041455,FAC,C9002,VENTA ONLINE,CAP-FILTRO-100,2.00,3415.88,0.00,6831.76,,6831.76,0.00,true
2025-01-04,2025-01,FAC 0003-00040213,FAC,C9002,VENTA ONLINE,CAF-DESCA-250,2.00,7400.00,0.00,14800.00,,14800.00,0.00,true
2025-02-07,2025-02,FAC 0003-00040756,FAC,C9001,CONSUMIDOR FINAL,CAF-ETIOP-250,1.00,9709.00,0.00,9709.00,,9709.00,0.00,true
2025-06-21,2025-06,FAC 0003-00042312,FAC,C9002,VENTA ONLINE,CAF-ETIOP-250,3.00,10592.00,0.00,31776.01,,31776.00,0.01,true
2025-01-21,2025-01,FAC 0003-00040143,FAC,C9002,VENTA ONLINE,CAF-ETIOP-250,1.00,9500.00,0.00,9500.00,,9500.00,0.00,true
2025-01-12,2025-01,FAC 0003-00040133,FAC,C9002,VENTA ONLINE,CAF-CAPS-10,3.00,6900.00,0.00,20700.00,,20700.00,0.00,true
2025-03-28,2025-03,FAC 0003-00040924,FAC,C9002,VENTA ONLINE,CAP-TAZA,3.00,9295.91,0.00,27887.72,,27887.73,-0.01,true
2025-04-09,2025-04,FAC 0003-00041353,FAC,C9002,VENTA ONLINE,CAF-ETIOP-250,1.00,10140.90,0.00,10140.90,,10140.90,0.00,true
2025-06-07,2025-06,FAC 0003-00042404,FAC,C9001,CONSUMIDOR FINAL,CAF-COLOM-250,1.00,9142.57,0.00,9142.57,,9142.57,0.00,true
2025-04-07,2025-04,FAC 0003-00041465,FAC,C9002,VENTA ONLINE,CAF-ETIOP-250,3.00,10140.90,0.00,30422.69,,30422.70,-0.01,true
2025-05-02,2025-05,FAC 0003-00041682,FAC,C0127,Cafe Parque Chas II,CAF-BRAS-1K,4.00,18546.10,32.00,50445.38,,50445.39,-0.01,true
2025-04-13,2025-04,FAC 0003-00041254,FAC,C0108,Coffee Lab Colegiales,CAP-FILTRO-100,6.00,3415.88,32.00,13936.79,R. Ibarra,13936.79,-0.00,true
2025-06-12,2025-06,FAC 0003-00042293,FAC,C9002,VENTA ONLINE,CAF-CAPS-10,1.00,7693.14,0.00,7693.14,,7693.14,0.00,true
2025-06-01,2025-06,FAC 0003-00042161,FAC,C9002,VENTA ONLINE,CAF-COLOM-250,2.00,9142.57,0.00,18285.14,,18285.14,0.00,true
2025-04-01,2025-04,FAC 0003-00041492,FAC,C9002,VENTA ONLINE,CAF-ETIOP-250,3.00,10140.90,0.00,30422.69,,30422.70,-0.01,true
2025-04-14,2025-04,FAC 0003-00041501,FAC,C9002,VENTA ONLINE,CAF-ETIOP-250,2.00,10140.90,0.00,20281.79,,20281.80,-0.01,true
2025-05-09,2025-05,FAC 0003-00041644,FAC,C0001,GRANOS DEL SUR S.A.,CAF-BLEND-CJ6,4.00,111276.58,40.00,267063.78,M. Paz,267063.79,-0.01,true
2025-05-18,2025-05,FAC 0003-00041711,FAC,C9002,VENTA ONLINE,CAF-ETIOP-250,3.00,10363.99,0.00,31091.98,,31091.97,0.01,true
2025-02-13,2025-02,FAC 0003-00040613,FAC,C9002,VENTA ONLINE,CAF-ETIOP-250,2.00,9709.00,0.00,19418.00,,19418.00,0.00,true
2025-01-06,2025-01,FAC 0003-00040236,FAC,C9002,VENTA ONLINE,CAF-DESCA-250,1.00,7400.00,0.00,7400.00,,7400.00,0.00,true
2025-03-07,2025-03,FAC 0003-00040885,FAC,C0136,Tostado Villa Urquiza,CAF-BLEND-1K,6.00,18800.71,35.00,73322.78,,73322.77,0.01,true
2025-01-18,2025-01,FAC 0003-00040203,FAC,C9002,VENTA ONLINE,CAF-ETIOP-250,1.00,9500.00,0.00,9500.00,,9500.00,0.00,true
2025-06-17,2025-06,FAC 0003-00042433,FAC,C9001,CONSUMIDOR FINAL,CAF-COLOM-250,1.00,9142.57,0.00,9142.57,,9142.57,0.00,true
2025-05-12,2025-05,FAC 0003-00041649,FAC,C0001,GRANOS DEL SUR S.A.,CAF-BLEND-CJ6,11.00,111276.58,40.00,734425.40,R. Ibarra,734425.43,-0.03,true
2025-04-25,2025-04,FAC 0003-00041593,FAC,C9001,CONSUMIDOR FINAL,CAF-ETIOP-250,1.00,10140.90,0.00,10140.90,,10140.90,0.00,true
2025-05-07,2025-05,FAC 0003-00041774,FAC,C9002,VENTA ONLINE,CAF-DESCA-250,1.00,8073.01,0.00,8073.01,,8073.01,0.00,true
2025-04-25,2025-04,FAC 0003-00041363,FAC,C9002,VENTA ONLINE,CAF-BLEND-250,3.00,5977.79,0.00,17933.37,,17933.37,0.00,true
2025-01-21,2025-01,FAC 0003-00040005,FAC,C0001,GRANOS DEL SUR S.A.,CAF-BRAS-1K,18.00,17000.00,40.00,183600.00,,183600.00,0.00,true
2025-01-12,2025-01,FAC 0003-00040072,FAC,C9002,VENTA ONLINE,CAF-BRAS-250,1.00,5300.00,0.00,5300.00,,5300.00,0.00,true
2025-02-06,2025-02,FAC 0003-00040437,FAC,C0112,La Ventanita de Recoleta,CAP-FILTRO-100,6.00,3270.40,35.00,12754.56,,12754.56,0.00,true
2025-02-23,2025-02,FAC 0003-00040513,FAC,C9002,VENTA ONLINE,CAF-BLEND-250,1.00,5723.20,0.00,5723.20,,5723.20,0.00,true
2025-01-11,2025-01,NC 0003-00001208,NC,C0118,Bar Saavedra,CAF-BRAS-1K,-1.00,17000.00,32.00,-11560.00,,-11560.00,0.00,true
2025-06-03,2025-06,FAC 0003-00042145,FAC,C9002,VENTA ONLINE,CAF-COLOM-250,3.00,9142.57,0.00,27427.71,,27427.71,0.00,true
2025-01-11,2025-01,FAC 0003-00040287,FAC,C9001,CONSUMIDOR FINAL,CAF-BLEND-250,2.00,5600.00,0.00,11200.00,,11200.00,0.00,true
2025-03-02,2025-03,FAC 0003-00041193,FAC,C9001,CONSUMIDOR FINAL,CAF-ETIOP-250,1.00,9922.60,0.00,9922.60,,9922.60,0.00,true
2025-03-24,2025-03,FAC 0003-00041075,FAC,C9002,VENTA ONLINE,CAF-ETIOP-250,3.00,9922.60,0.00,29767.79,,29767.80,-0.01,true
2025-01-19,2025-01,FAC 0003-00040044,FAC,C0130,Usina Coghlan,CAP-FILTRO-100,5.00,3200.00,30.00,11200.00,R. Ibarra,11200.00,0.00,true
2025-06-03,2025-06,FAC 0003-00042380,FAC,C9002,VENTA ONLINE,CAF-ETIOP-250,2.00,10592.00,0.00,21184.01,,21184.00,0.01,true
2025-02-21,2025-02,FAC 0003-00040523,FAC,C9002,VENTA ONLINE,CAF-ETIOP-250,1.00,9709.00,0.00,9709.00,,9709.00,0.00,true
2025-05-10,2025-05,FAC 0003-00041896,FAC,C9002,VENTA ONLINE,CAF-BRAS-250,1.00,5782.02,0.00,5782.02,,5782.02,0.00,true
2025-02-26,2025-02,FAC 0003-00040790,FAC,C9001,CONSUMIDOR FINAL,CAF-BLEND-250,1.00,5723.20,0.00,5723.20,,5723.20,0.00,true
2025-02-01,2025-02,FAC 0003-00040556,FAC,C9002,VENTA ONLINE,CAF-COLOM-250,3.00,8380.40,0.00,25141.20,,25141.20,0.00,true
2025-06-26,2025-06,FAC 0003-00042283,FAC,C9002,VENTA ONLINE,CAF-COLOM-250,2.00,9142.57,0.00,18285.14,,18285.14,0.00,true
2025-05-27,2025-05,FAC 0003-00041730,FAC,C9002,VENTA ONLINE,CAP-TAZA,3.00,9709.43,0.00,29128.28,,29128.29,-0.01,true
2025-01-01,2025-01,FAC 0003-00040037,FAC,C0124,Coffee Lab Flores,CAF-BLEND-1K,3.00,18000.00,35.00,35100.00,,35100.00,0.00,true
2025-01-15,2025-01,FAC 0003-00040101,FAC,C9002,VENTA ONLINE,CAF-ETIOP-250,1.00,9500.00,0.00,9500.00,,9500.00,0.00,true
2025-02-27,2025-02,NC 0003-00001211,NC,C0001,GRANOS DEL SUR S.A.,CAF-BLEND-1K,-12.00,18396.00,40.00,-132451.20,,-132451.20,0.00,true
2025-02-20,2025-02,FAC 0003-00040724,FAC,C9001,CONSUMIDOR FINAL,CAF-ETIOP-250,2.00,9709.00,0.00,19418.00,,19418.00,0.00,true
2025-04-05,2025-04,FAC 0003-00041454,FAC,C9002,VENTA ONLINE,CAF-COLOM-250,1.00,8753.19,0.00,8753.19,,8753.19,0.00,true
2025-01-09,2025-01,FAC 0003-00040176,FAC,C9002,VENTA ONLINE,CAF-CAPS-10,2.00,6900.00,0.00,13800.00,,13800.00,0.00,true
2025-03-13,2025-03,FAC 0003-00040856,FAC,C0110,Panaderia Devoto,CAF-BLEND-1K,3.00,18800.71,35.00,36661.39,R. Ibarra,36661.38,0.01,true
2025-04-09,2025-04,FAC 0003-00041500,FAC,C9002,VENTA ONLINE,CAF-BRAS-250,1.00,5657.55,0.00,5657.55,,5657.55,0.00,true
2025-03-04,2025-03,FAC 0003-00041093,FAC,C9002,VENTA ONLINE,CAF-BRAS-250,1.00,5535.77,0.00,5535.77,,5535.77,0.00,true
2025-03-07,2025-03,FAC 0003-00041165,FAC,C9001,CONSUMIDOR FINAL,CAF-BLEND-1K,1.00,18800.71,0.00,18800.71,,18800.71,0.00,true
2025-02-13,2025-02,FAC 0003-00040753,FAC,C9001,CONSUMIDOR FINAL,CAF-BLEND-250,1.00,5723.20,0.00,5723.20,,5723.20,0.00,true
2025-05-26,2025-05,FAC 0003-00041968,FAC,C9001,CONSUMIDOR FINAL,CAF-BLEND-250,1.00,6109.30,0.00,6109.30,,6109.30,0.00,true
2025-01-12,2025-01,FAC 0003-00040133,FAC,C9002,VENTA ONLINE,CAF-COLOM-250,2.00,8200.00,0.00,16400.00,,16400.00,0.00,true
2025-06-01,2025-06,FAC 0003-00042103,FAC,C0110,Panaderia Devoto,CAF-BLEND-1K,4.00,20069.06,35.00,52179.55,M. Paz,52179.56,-0.01,true
2025-02-28,2025-02,NC 0003-00001216,NC,C0102,Bar Belgrano,CAF-BRAS-1K,-5.00,17374.00,35.00,-56465.50,,-56465.50,0.00,true
2025-02-25,2025-02,FAC 0003-00040611,FAC,C9002,VENTA ONLINE,CAF-BRAS-250,1.00,5416.60,0.00,5416.60,,5416.60,0.00,true
2025-06-18,2025-06,FAC 0003-00042427,FAC,C9001,CONSUMIDOR FINAL,CAP-FILTRO-100,1.00,3567.83,0.00,3567.83,,3567.83,0.00,true
2025-05-12,2025-05,FAC 0003-00041892,FAC,C9002,VENTA ONLINE,CAF-CAPS-10,3.00,7527.53,0.00,22582.60,,22582.59,0.01,true
2025-03-17,2025-03,FAC 0003-00041158,FAC,C9001,CONSUMIDOR FINAL,CAF-BLEND-1K,2.00,18800.71,0.00,37601.42,,37601.42,0.00,true
2025-05-02,2025-05,FAC 0003-00042030,FAC,C9001,CONSUMIDOR FINAL,CAF-BLEND-250,2.00,6109.30,0.00,12218.60,,12218.60,0.00,true
2025-05-14,2025-05,FAC 0003-00041870,FAC,C9002,VENTA ONLINE,CAF-BLEND-250,1.00,6109.30,0.00,6109.30,,6109.30,0.00,true
2025-05-18,2025-05,FAC 0003-00041741,FAC,C9002,VENTA ONLINE,CAP-FILTRO-100,3.00,3491.03,0.00,10473.09,,10473.09,0.00,true
2025-02-16,2025-02,FAC 0003-00040626,FAC,C9002,VENTA ONLINE,CAF-DESCA-250,1.00,7562.80,0.00,7562.80,,7562.80,0.00,true
2025-06-20,2025-06,FAC 0003-00042417,FAC,C9001,CONSUMIDOR FINAL,CAF-ETIOP-250,1.00,10592.00,0.00,10592.00,,10592.00,0.00,true
2025-05-28,2025-05,FAC 0003-00041797,FAC,C9002,VENTA ONLINE,CAF-COLOM-250,2.00,8945.76,0.00,17891.53,,17891.52,0.01,true
2025-06-01,2025-06,FAC 0003-00042090,FAC,C0101,El Almacen de Palermo II,CAF-BRAS-1K,8.00,18954.11,35.00,98561.37,,98561.37,-0.00,true
2025-04-01,2025-04,FAC 0003-00041567,FAC,C9001,CONSUMIDOR FINAL,CAF-BLEND-1K,2.00,19214.33,0.00,38428.66,,38428.66,0.00,true
2025-01-08,2025-01,FAC 0003-00040019,FAC,C0107,La Ventanita de Nunez II,CAF-BRAS-1K,6.00,17000.00,35.00,66300.00,M. Paz,66300.00,0.00,true
2025-01-25,2025-01,FAC 0003-00040273,FAC,C9001,CONSUMIDOR FINAL,CAF-ETIOP-250,1.00,9500.00,0.00,9500.00,,9500.00,0.00,true
2025-01-10,2025-01,FAC 0003-00040256,FAC,C9002,VENTA ONLINE,CAP-FILTRO-100,1.00,3200.00,0.00,3200.00,,3200.00,0.00,true
2025-03-16,2025-03,FAC 0003-00041001,FAC,C9002,VENTA ONLINE,CAF-BLEND-250,3.00,5849.11,0.00,17547.33,,17547.33,0.00,true
2025-05-18,2025-05,FAC 0003-00041696,FAC,C0138,El Almacen de Constitucion,CAF-BLEND-1K,8.00,19637.04,30.00,109967.44,,109967.42,0.02,true
2025-03-16,2025-03,FAC 0003-00040918,FAC,C9002,VENTA ONLINE,CAF-CAPS-10,3.00,7206.94,0.00,21620.82,,21620.82,0.00,true
2025-03-07,2025-03,FAC 0003-00041067,FAC,C9002,VENTA ONLINE,CAF-COLOM-250,3.00,8564.77,0.00,25694.31,,25694.31,0.00,true
2025-03-08,2025-03,FAC 0003-00041096,FAC,C9002,VENTA ONLINE,CAF-ETIOP-250,1.00,9922.60,0.00,9922.60,,9922.60,0.00,true
2025-05-04,2025-05,FAC 0003-00041858,FAC,C9002,VENTA ONLINE,CAP-FILTRO-100,3.00,3491.03,0.00,10473.09,,10473.09,0.00,true
2025-01-08,2025-01,FAC 0003-00040032,FAC,C0120,Tostado Chacarita,CAF-BLEND-1K,10.00,18000.00,32.00,122400.00,M. Paz,122400.00,0.00,true
2025-01-01,2025-01,FAC 0003-00040404,FAC,C9001,CONSUMIDOR FINAL,CAF-COLOM-250,2.00,8200.00,0.00,16400.00,,16400.00,0.00,true
2025-01-14,2025-01,FAC 0003-00040322,FAC,C9001,CONSUMIDOR FINAL,CAF-COLOM-250,1.00,8200.00,0.00,8200.00,,8200.00,0.00,true
2025-02-08,2025-02,FAC 0003-00040633,FAC,C9002,VENTA ONLINE,CAP-TAZA,2.00,9095.80,0.00,18191.60,,18191.60,0.00,true
2025-06-25,2025-06,FAC 0003-00042174,FAC,C9002,VENTA ONLINE,CAP-TAZA,1.00,9923.03,0.00,9923.03,,9923.03,0.00,true
2025-05-24,2025-05,FAC 0003-00041935,FAC,C9002,VENTA ONLINE,CAF-BRAS-250,1.00,5782.02,0.00,5782.02,,5782.02,0.00,true
2025-01-08,2025-01,FAC 0003-00040346,FAC,C9001,CONSUMIDOR FINAL,CAF-ETIOP-250,1.00,9500.00,0.00,9500.00,,9500.00,0.00,true
2025-04-07,2025-04,FAC 0003-00041504,FAC,C9002,VENTA ONLINE,CAF-BLEND-250,1.00,5977.79,0.00,5977.79,,5977.79,0.00,true
2025-03-02,2025-03,FAC 0003-00041106,FAC,C9002,VENTA ONLINE,CAF-BLEND-250,1.00,5849.11,0.00,5849.11,,5849.11,0.00,true
2025-03-17,2025-03,FAC 0003-00040849,FAC,C0103,Coffee Lab Belgrano II,CAP-FILTRO-100,4.00,3342.35,35.00,8690.11,M. Paz,8690.11,0.00,true
2025-01-14,2025-01,FAC 0003-00040254,FAC,C9002,VENTA ONLINE,CAF-CAPS-10,3.00,6900.00,0.00,20700.00,,20700.00,0.00,true
2025-01-03,2025-01,FAC 0003-00040004,FAC,C0001,GRANOS DEL SUR S.A.,CAF-BLEND-1K,60.00,18000.00,40.00,648000.00,R. Ibarra,648000.00,0.00,true
2025-01-03,2025-01,FAC 0003-00040004,FAC,C0001,GRANOS DEL SUR S.A.,CAF-BLEND-CJ6,12.00,102000.00,40.00,734400.00,R. Ibarra,734400.00,0.00,true
2025-02-23,2025-02,FAC 0003-00040679,FAC,C9002,VENTA ONLINE,CAF-ETIOP-250,2.00,9709.00,0.00,19418.00,,19418.00,0.00,true
2025-02-20,2025-02,FAC 0003-00040545,FAC,C9002,VENTA ONLINE,CAF-ETIOP-250,3.00,9709.00,0.00,29127.00,,29127.00,0.00,true
2025-06-12,2025-06,FAC 0003-00042232,FAC,C9002,VENTA ONLINE,CAF-ETIOP-250,3.00,10592.00,0.00,31776.01,,31776.00,0.01,true
2025-05-07,2025-05,FAC 0003-00041966,FAC,C9001,CONSUMIDOR FINAL,CAF-BLEND-250,1.00,6109.30,0.00,6109.30,,6109.30,0.00,true
2025-03-22,2025-03,FAC 0003-00041069,FAC,C9002,VENTA ONLINE,CAF-COLOM-250,2.00,8564.77,0.00,17129.54,,17129.54,0.00,true
2025-01-26,2025-01,FAC 0003-00040051,FAC,C0138,El Almacen de Constitucion,CAP-FILTRO-100,4.00,3200.00,30.00,8960.00,M. Paz,8960.00,0.00,true
2025-03-07,2025-03,FAC 0003-00041119,FAC,C9001,CONSUMIDOR FINAL,CAF-BLEND-1K,1.00,18800.71,0.00,18800.71,,18800.71,0.00,true
2025-06-18,2025-06,FAC 0003-00042220,FAC,C9002,VENTA ONLINE,CAF-BRAS-250,1.00,5909.22,0.00,5909.22,,5909.22,0.00,true
2025-05-19,2025-05,FAC 0003-00042012,FAC,C9001,CONSUMIDOR FINAL,CAF-ETIOP-250,2.00,10363.99,0.00,20727.99,,20727.98,0.01,true
2025-04-01,2025-04,FAC 0003-00041286,FAC,C0139,La Ventanita de Constitucion II,CAF-BLEND-1K,4.00,19214.33,30.00,53800.12,,53800.12,-0.00,true
2025-02-10,2025-02,FAC 0003-00040660,FAC,C9002,VENTA ONLINE,CAF-ETIOP-250,2.00,9709.00,0.00,19418.00,,19418.00,0.00,true
2025-01-18,2025-01,FAC 0003-00040203,FAC,C9002,VENTA ONLINE,CAP-TAZA,3.00,8900.00,0.00,26700.00,,26700.00,0.00,true
2025-02-01,2025-02,FAC 0003-00040582,FAC,C9002,VENTA ONLINE,CAF-BLEND-250,1.00,5723.20,0.00,5723.20,,5723.20,0.00,true
2025-03-03,2025-03,FAC 0003-00041030,FAC,C9002,VENTA ONLINE,CAF-ETIOP-250,1.00,9922.60,0.00,9922.60,,9922.60,0.00,true
2025-06-19,2025-06,FAC 0003-00042449,FAC,C9001,CONSUMIDOR FINAL,CAF-BLEND-1K,1.00,20069.06,0.00,20069.06,,20069.06,0.00,true
2025-04-14,2025-04,FAC 0003-00041620,FAC,C9001,CONSUMIDOR FINAL,CAF-ETIOP-250,2.00,10140.90,0.00,20281.79,,20281.80,-0.01,true
2025-03-18,2025-03,FAC 0003-00040923,FAC,C9002,VENTA ONLINE,CAF-BRAS-250,3.00,5535.77,0.00,16607.30,,16607.31,-0.01,true
2025-05-23,2025-05,FAC 0003-00042068,FAC,C9001,CONSUMIDOR FINAL,CAP-FILTRO-100,1.00,3491.03,0.00,3491.03,,3491.03,0.00,true
2025-03-25,2025-03,FAC 0003-00041050,FAC,C9002,VENTA ONLINE,CAF-COLOM-250,1.00,8564.77,0.00,8564.77,,8564.77,0.00,true
2025-02-06,2025-02,FAC 0003-00040657,FAC,C9002,VENTA ONLINE,CAF-BRAS-250,2.00,5416.60,0.00,10833.20,,10833.20,0.00,true
2025-04-17,2025-04,FAC 0003-00041603,FAC,C9001,CONSUMIDOR FINAL,CAF-COLOM-250,2.00,8753.19,0.00,17506.39,,17506.38,0.01,true
2025-02-15,2025-02,FAC 0003-00040452,FAC,C0124,Coffee Lab Flores,CAF-BLEND-1K,10.00,18396.00,35.00,119574.00,R. Ibarra,119574.00,0.00,true
2025-05-07,2025-05,FAC 0003-00042016,FAC,C9001,CONSUMIDOR FINAL,CAF-COLOM-250,1.00,8945.76,0.00,8945.76,,8945.76,0.00,true
2025-06-16,2025-06,FAC 0003-00042310,FAC,C9002,VENTA ONLINE,CAF-COLOM-250,2.00,9142.57,0.00,18285.14,,18285.14,0.00,true
2025-02-03,2025-02,FAC 0003-00040566,FAC,C9002,VENTA ONLINE,CAF-COLOM-250,2.00,8380.40,0.00,16760.80,,16760.80,0.00,true
2025-01-18,2025-01,FAC 0003-00040239,FAC,C9002,VENTA ONLINE,CAF-DESCA-250,1.00,7400.00,0.00,7400.00,,7400.00,0.00,true
2025-06-04,2025-06,FAC 0003-00042338,FAC,C9002,VENTA ONLINE,CAF-ETIOP-250,1.00,10592.00,0.00,10592.00,,10592.00,0.00,true
2025-01-10,2025-01,FAC 0003-00040086,FAC,C9002,VENTA ONLINE,CAF-ETIOP-250,2.00,9500.00,0.00,19000.00,,19000.00,0.00,true
2025-06-26,2025-06,FAC 0003-00042327,FAC,C9002,VENTA ONLINE,CAF-ETIOP-250,1.00,10592.00,0.00,10592.00,,10592.00,0.00,true
2025-05-26,2025-05,FAC 0003-00041817,FAC,C9002,VENTA ONLINE,CAF-BLEND-250,2.00,6109.30,0.00,12218.60,,12218.60,0.00,true
2025-05-21,2025-05,FAC 0003-00041962,FAC,C9001,CONSUMIDOR FINAL,CAP-FILTRO-100,2.00,3491.03,0.00,6982.06,,6982.06,0.00,true
2025-06-07,2025-06,FAC 0003-00042321,FAC,C9002,VENTA ONLINE,CAF-COLOM-250,2.00,9142.57,0.00,18285.14,,18285.14,0.00,true
2025-01-06,2025-01,FAC 0003-00040175,FAC,C9002,VENTA ONLINE,CAF-COLOM-250,3.00,8200.00,0.00,24600.00,,24600.00,0.00,true
2025-01-15,2025-01,FAC 0003-00040406,FAC,C9001,CONSUMIDOR FINAL,CAF-COLOM-250,1.00,8200.00,0.00,8200.00,,8200.00,0.00,true
2025-03-19,2025-03,FAC 0003-00040869,FAC,C0124,Coffee Lab Flores,CAP-FILTRO-100,4.00,3342.35,35.00,8690.11,M. Paz,8690.11,0.00,true
2025-03-26,2025-03,FAC 0003-00040838,FAC,C0001,GRANOS DEL SUR S.A.,CAF-BLEND-CJ6,4.00,106537.37,40.00,255689.68,,255689.69,-0.01,true
2025-02-26,2025-02,FAC 0003-00040770,FAC,C9001,CONSUMIDOR FINAL,CAF-BLEND-1K,2.00,18396.00,0.00,36792.00,,36792.00,0.00,true
2025-05-25,2025-05,FAC 0003-00041895,FAC,C9002,VENTA ONLINE,CAP-TAZA,3.00,9709.43,0.00,29128.28,,29128.29,-0.01,true
2025-02-17,2025-02,FAC 0003-00040634,FAC,C9002,VENTA ONLINE,CAF-BLEND-250,2.00,5723.20,0.00,11446.40,,11446.40,0.00,true
2025-01-11,2025-01,FAC 0003-00040342,FAC,C9001,CONSUMIDOR FINAL,CAF-BLEND-1K,1.00,18000.00,0.00,18000.00,,18000.00,0.00,true
2025-05-11,2025-05,FAC 0003-00041829,FAC,C9002,VENTA ONLINE,CAF-ETIOP-250,2.00,10363.99,0.00,20727.99,,20727.98,0.01,true
2025-02-16,2025-02,FAC 0003-00040531,FAC,C9002,VENTA ONLINE,CAF-COLOM-250,2.00,8380.40,0.00,16760.80,,16760.80,0.00,true
2025-05-20,2025-05,FAC 0003-00041779,FAC,C9002,VENTA ONLINE,CAF-CAPS-10,3.00,7527.53,0.00,22582.60,,22582.59,0.01,true
2025-06-15,2025-06,FAC 0003-00042354,FAC,C9002,VENTA ONLINE,CAF-COLOM-250,2.00,9142.57,0.00,18285.14,,18285.14,0.00,true
2025-01-17,2025-01,FAC 0003-00040015,FAC,C0104,Tostado Villa Crespo,CAF-BLEND-1K,8.00,18000.00,35.00,93600.00,M. Paz,93600.00,0.00,true
2025-03-13,2025-03,FAC 0003-00041104,FAC,C9002,VENTA ONLINE,CAF-ETIOP-250,2.00,9922.60,0.00,19845.20,,19845.20,0.00,true
2025-06-13,2025-06,FAC 0003-00042115,FAC,C0119,Coffee Lab Saavedra II,CAF-BRAS-1K,4.00,18954.11,35.00,49280.69,,49280.69,0.00,true
2025-02-23,2025-02,FAC 0003-00040550,FAC,C9002,VENTA ONLINE,CAF-ETIOP-250,3.00,9709.00,0.00,29127.00,,29127.00,0.00,true
2025-02-19,2025-02,FAC 0003-00040683,FAC,C9002,VENTA ONLINE,CAF-BLEND-250,2.00,5723.20,0.00,11446.40,,11446.40,0.00,true
2025-03-26,2025-03,FAC 0003-00041147,FAC,C9001,CONSUMIDOR FINAL,CAF-BLEND-1K,1.00,18800.71,0.00,18800.71,,18800.71,0.00,true
2025-05-18,2025-05,FAC 0003-00041942,FAC,C9002,VENTA ONLINE,CAP-TAZA,2.00,9709.43,0.00,19418.85,,19418.86,-0.01,true
2025-03-10,2025-03,FAC 0003-00040965,FAC,C9002,VENTA ONLINE,CAF-COLOM-250,3.00,8564.77,0.00,25694.31,,25694.31,0.00,true
2025-02-20,2025-02,FAC 0003-00040463,FAC,C0132,Cafe Barracas,CAF-BLEND-1K,8.00,18396.00,35.00,95659.20,,95659.20,0.00,true
2025-03-10,2025-03,FAC 0003-00041219,FAC,C9001,CONSUMIDOR FINAL,CAF-BLEND-1K,2.00,18800.71,0.00,37601.42,,37601.42,0.00,true
2025-02-06,2025-02,FAC 0003-00040766,FAC,C9001,CONSUMIDOR FINAL,CAF-COLOM-250,1.00,8380.40,0.00,8380.40,,8380.40,0.00,true
2025-01-28,2025-01,FAC 0003-00040314,FAC,C9001,CONSUMIDOR FINAL,CAF-BLEND-250,2.00,5600.00,0.00,11200.00,,11200.00,0.00,true
2025-04-21,2025-04,FAC 0003-00041357,FAC,C9002,VENTA ONLINE,CAF-BRAS-250,3.00,5657.55,0.00,16972.66,,16972.65,0.01,true
2025-03-15,2025-03,FAC 0003-00041046,FAC,C9002,VENTA ONLINE,CAF-COLOM-250,2.00,8564.77,0.00,17129.54,,17129.54,0.00,true
2025-01-23,2025-01,FAC 0003-00040084,FAC,C9002,VENTA ONLINE,CAF-BRAS-250,3.00,5300.00,0.00,15900.00,,15900.00,0.00,true
2025-02-02,2025-02,FAC 0003-00040607,FAC,C9002,VENTA ONLINE,CAF-COLOM-250,2.00,8380.40,0.00,16760.80,,16760.80,0.00,true
2025-01-01,2025-01,FAC 0003-00040278,FAC,C9001,CONSUMIDOR FINAL,CAF-ETIOP-250,2.00,9500.00,0.00,19000.00,,19000.00,0.00,true
2025-06-08,2025-06,FAC 0003-00042202,FAC,C9002,VENTA ONLINE,CAF-BLEND-250,3.00,6243.71,0.00,18731.12,,18731.13,-0.01,true
2025-04-03,2025-04,FAC 0003-00041409,FAC,C9002,VENTA ONLINE,CAF-BLEND-250,3.00,5977.79,0.00,17933.37,,17933.37,0.00,true
2025-02-27,2025-02,FAC 0003-00040658,FAC,C9002,VENTA ONLINE,CAF-ETIOP-250,1.00,9709.00,0.00,9709.00,,9709.00,0.00,true
2025-04-24,2025-04,FAC 0003-00041392,FAC,C9002,VENTA ONLINE,CAF-DESCA-250,2.00,7899.22,0.00,15798.45,,15798.44,0.01,true
2025-02-13,2025-02,FAC 0003-00040508,FAC,C9002,VENTA ONLINE,CAF-ETIOP-250,1.00,9709.00,0.00,9709.00,,9709.00,0.00,true
2025-03-14,2025-03,NC 0003-00001220,NC,C0113,Bar Recoleta II,CAF-BRAS-1K,-5.00,17756.23,30.00,-62146.80,,-62146.81,0.01,true
2025-05-19,2025-05,FAC 0003-00041947,FAC,C9001,CONSUMIDOR FINAL,CAF-COLOM-250,2.00,8945.76,0.00,17891.53,,17891.52,0.01,true
2025-04-20,2025-04,FAC 0003-00041328,FAC,C9002,VENTA ONLINE,CAF-COLOM-250,3.00,8753.19,0.00,26259.58,,26259.57,0.01,true
2025-05-10,2025-05,FAC 0003-00041876,FAC,C9002,VENTA ONLINE,CAF-ETIOP-250,2.00,10363.99,0.00,20727.99,,20727.98,0.01,true
2025-01-10,2025-01,FAC 0003-00040067,FAC,C9002,VENTA ONLINE,CAF-BRAS-250,2.00,5300.00,0.00,10600.00,,10600.00,0.00,true
2025-03-27,2025-03,FAC 0003-00040861,FAC,C0116,Cafe Caballito,CAF-BLEND-1K,5.00,18800.71,32.00,63922.42,,63922.41,0.01,true
2025-06-09,2025-06,FAC 0003-00042296,FAC,C9002,VENTA ONLINE,CAF-BLEND-250,1.00,6243.71,0.00,6243.71,,6243.71,0.00,true
2025-06-12,2025-06,FAC 0003-00042278,FAC,C9002,VENTA ONLINE,CAF-DESCA-250,3.00,8250.61,0.00,24751.84,,24751.83,0.01,true
2025-01-27,2025-01,FAC 0003-00040298,FAC,C9001,CONSUMIDOR FINAL,CAP-FILTRO-100,2.00,3200.00,0.00,6400.00,,6400.00,0.00,true
2025-04-05,2025-04,FAC 0003-00041239,FAC,C0001,GRANOS DEL SUR S.A.,BLEND1K,41.00,19214.33,40.00,472672.46,,472672.52,-0.06,true
2025-06-14,2025-06,FAC 0003-00042484,FAC,C9001,CONSUMIDOR FINAL,CAP-FILTRO-100,2.00,3567.83,0.00,7135.67,,7135.66,0.01,true
2025-02-25,2025-02,FAC 0003-00040820,FAC,C9001,CONSUMIDOR FINAL,CAF-ETIOP-250,1.00,9709.00,0.00,9709.00,,9709.00,0.00,true
2025-04-15,2025-04,NC 0003-00001227,NC,C0001,GRANOS DEL SUR S.A.,CAF-BLEND-1K,-9.00,19214.33,40.00,-103757.37,,-103757.38,0.01,true
2025-05-02,2025-05,FAC 0003-00041842,FAC,C9002,VENTA ONLINE,CAF-BLEND-250,1.00,6109.30,0.00,6109.30,,6109.30,0.00,true
2025-03-24,2025-03,FAC 0003-00040836,FAC,C0001,GRANOS DEL SUR S.A.,CAF-BRAS-1K,16.00,17756.23,40.00,170459.79,,170459.81,-0.02,true
2025-02-22,2025-02,FAC 0003-00040577,FAC,C9002,VENTA ONLINE,CAF-ETIOP-250,2.00,9709.00,0.00,19418.00,,19418.00,0.00,true
2025-05-01,2025-05,FAC 0003-00041720,FAC,C9002,VENTA ONLINE,CAF-ETIOP-250,3.00,10363.99,0.00,31091.98,,31091.97,0.01,true
2025-01-27,2025-01,FAC 0003-00040144,FAC,C9002,VENTA ONLINE,CAF-DESCA-250,2.00,7400.00,0.00,14800.00,,14800.00,0.00,true
2025-06-03,2025-06,FAC 0003-00042285,FAC,C9002,VENTA ONLINE,CAF-BLEND-250,1.00,6243.71,0.00,6243.71,,6243.71,0.00,true
2025-06-13,2025-06,FAC 0003-00042102,FAC,C0109,Usina Colegiales II,CAF-BRAS-1K,8.00,18954.11,32.00,103110.36,M. Paz,103110.36,0.00,true
2025-01-18,2025-01,FAC 0003-00040368,FAC,C9001,CONSUMIDOR FINAL,CAF-BLEND-1K,1.00,18000.00,0.00,18000.00,,18000.00,0.00,true
2025-06-10,2025-06,FAC 0003-00042200,FAC,C9002,VENTA ONLINE,CAF-CAPS-10,3.00,7693.14,0.00,23079.42,,23079.42,0.00,true
2025-02-10,2025-02,FAC 0003-00040536,FAC,C9002,VENTA ONLINE,CAP-FILTRO-100,1.00,3270.40,0.00,3270.40,,3270.40,0.00,true
2025-05-15,2025-05,FAC 0003-00041771,FAC,C9002,VENTA ONLINE,CAF-BLEND-250,1.00,6109.30,0.00,6109.30,,6109.30,0.00,true
2025-03-20,2025-03,FAC 0003-00041037,FAC,C9002,VENTA ONLINE,CAF-ETIOP-250,3.00,9922.60,0.00,29767.79,,29767.80,-0.01,true
2025-05-24,2025-05,FAC 0003-00041818,FAC,C9002,VENTA ONLINE,CAF-DESCA-250,3.00,8073.01,0.00,24219.02,,24219.03,-0.01,true
2025-05-20,2025-05,FAC 0003-00042041,FAC,C9001,CONSUMIDOR FINAL,CAP-FILTRO-100,2.00,3491.03,0.00,6982.06,,6982.06,0.00,true
2025-01-19,2025-01,FAC 0003-00040044,FAC,C0130,Usina Coghlan,CAF-BRAS-1K,5.00,17000.00,30.00,59500.00,R. Ibarra,59500.00,0.00,true
2025-05-16,2025-05,FAC 0003-00042026,FAC,C9001,CONSUMIDOR FINAL,CAF-BLEND-1K,2.00,19637.04,0.00,39274.09,,39274.08,0.01,true
2025-06-20,2025-06,FAC 0003-00042189,FAC,C9002,VENTA ONLINE,CAF-ETIOP-250,3.00,10592.00,0.00,31776.01,,31776.00,0.01,true
2025-01-14,2025-01,FAC 0003-00040254,FAC,C9002,VENTA ONLINE,CAF-BLEND-250,1.00,5600.00,0.00,5600.00,,5600.00,0.00,true
2025-02-25,2025-02,FAC 0003-00040611,FAC,C9002,VENTA ONLINE,CAF-ETIOP-250,3.00,9709.00,0.00,29127.00,,29127.00,0.00,true
2025-01-08,2025-01,FAC 0003-00040019,FAC,C0107,La Ventanita de Nunez II,CAF-BLEND-1K,3.00,18000.00,35.00,35100.00,M. Paz,35100.00,0.00,true
2025-06-09,2025-06,FAC 0003-00042397,FAC,C9002,VENTA ONLINE,CAF-COLOM-250,1.00,9142.57,0.00,9142.57,,9142.57,0.00,true
2025-02-06,2025-02,FAC 0003-00040472,FAC,C0138,El Almacen de Constitucion,CAP-FILTRO-100,4.00,3270.40,30.00,9157.12,R. Ibarra,9157.12,0.00,true
2025-04-03,2025-04,FAC 0003-00041459,FAC,C9002,VENTA ONLINE,CAF-BLEND-250,3.00,5977.79,0.00,17933.37,,17933.37,0.00,true
2025-02-28,2025-02,FAC 0003-00040651,FAC,C9002,VENTA ONLINE,CAF-BRAS-250,2.00,5416.60,0.00,10833.20,,10833.20,0.00,true
2025-05-10,2025-05,FAC 0003-00041921,FAC,C9002,VENTA ONLINE,CAF-ETIOP-250,2.00,10363.99,0.00,20727.99,,20727.98,0.01,true
2025-06-19,2025-06,FAC 0003-00042319,FAC,C9002,VENTA ONLINE,CAF-ETIOP-250,2.00,10592.00,0.00,21184.01,,21184.00,0.01,true
2025-01-14,2025-01,FAC 0003-00040113,FAC,C9002,VENTA ONLINE,CAF-ETIOP-250,1.00,9500.00,0.00,9500.00,,9500.00,0.00,true
2025-04-03,2025-04,FAC 0003-00041272,FAC,C0126,Panaderia Parque Chas,CAF-BLEND-1K,8.00,19214.33,32.00,104525.94,R. Ibarra,104525.96,-0.02,true
2025-03-22,2025-03,FAC 0003-00040922,FAC,C9002,VENTA ONLINE,CAF-ETIOP-250,3.00,9922.60,0.00,29767.79,,29767.80,-0.01,true
2025-03-11,2025-03,FAC 0003-00041174,FAC,C9001,CONSUMIDOR FINAL,CAF-BLEND-250,1.00,5849.11,0.00,5849.11,,5849.11,0.00,true
2025-05-19,2025-05,FAC 0003-00041836,FAC,C9002,VENTA ONLINE,CAF-COLOM-250,3.00,8945.76,0.00,26837.29,,26837.28,0.01,true
2025-05-26,2025-05,FAC 0003-00041801,FAC,C9002,VENTA ONLINE,CAF-BRAS-250,2.00,5782.02,0.00,11564.04,,11564.04,0.00,true
2025-05-26,2025-05,FAC 0003-00041794,FAC,C9002,VENTA ONLINE,CAF-ETIOP-250,3.00,10363.99,0.00,31091.98,,31091.97,0.01,true
2025-06-27,2025-06,FAC 0003-00042320,FAC,C9002,VENTA ONLINE,CAF-COLOM-250,3.00,9142.57,0.00,27427.71,,27427.71,0.00,true
2025-03-08,2025-03,FAC 0003-00040866,FAC,C0120,Tostado Chacarita,CAF-BRAS-1K,3.00,17756.23,32.00,36222.71,,36222.71,0.00,true
2025-04-13,2025-04,FAC 0003-00041626,FAC,C9001,CONSUMIDOR FINAL,CAF-BLEND-1K,2.00,19214.33,0.00,38428.66,,38428.66,0.00,true
2025-01-22,2025-01,FAC 0003-00040168,FAC,C9002,VENTA ONLINE,CAF-BRAS-250,2.00,5300.00,0.00,10600.00,,10600.00,0.00,true
2025-02-05,2025-02,FAC 0003-00040590,FAC,C9002,VENTA ONLINE,CAF-ETIOP-250,3.00,9709.00,0.00,29127.00,,29127.00,0.00,true
2025-04-05,2025-04,FAC 0003-00041472,FAC,C9002,VENTA ONLINE,CAF-BRAS-250,3.00,5657.55,0.00,16972.66,,16972.65,0.01,true
2025-02-01,2025-02,FAC 0003-00040484,FAC,C9002,VENTA ONLINE,CAF-ETIOP-250,1.00,9709.00,0.00,9709.00,,9709.00,0.00,true
2025-06-19,2025-06,FAC 0003-00042324,FAC,C9002,VENTA ONLINE,CAF-CAPS-10,3.00,7693.14,0.00,23079.42,,23079.42,0.00,true
2025-02-08,2025-02,FAC 0003-00040791,FAC,C9001,CONSUMIDOR FINAL,CAP-FILTRO-100,1.00,3270.40,0.00,3270.40,,3270.40,0.00,true
2025-05-01,2025-05,FAC 0003-00041792,FAC,C9002,VENTA ONLINE,CAF-ETIOP-250,2.00,10363.99,0.00,20727.99,,20727.98,0.01,true
2025-01-07,2025-01,FAC 0003-00040245,FAC,C9002,VENTA ONLINE,CAF-BLEND-250,2.00,5600.00,0.00,11200.00,,11200.00,0.00,true
2025-04-07,2025-04,FAC 0003-00041445,FAC,C9002,VENTA ONLINE,CAF-COLOM-250,3.00,8753.19,0.00,26259.58,,26259.57,0.01,true
2025-02-04,2025-02,FAC 0003-00040793,FAC,C9001,CONSUMIDOR FINAL,CAF-ETIOP-250,1.00,9709.00,0.00,9709.00,,9709.00,0.00,true
2025-03-25,2025-03,FAC 0003-00041021,FAC,C9002,VENTA ONLINE,CAF-DESCA-250,3.00,7729.18,0.00,23187.54,,23187.54,0.00,true
2025-03-17,2025-03,FAC 0003-00040849,FAC,C0103,Coffee Lab Belgrano II,CAF-BLEND-1K,5.00,18800.71,35.00,61102.31,M. Paz,61102.31,0.00,true
2025-06-25,2025-06,FAC 0003-00042292,FAC,C9002,VENTA ONLINE,CAF-COLOM-250,1.00,9142.57,0.00,9142.57,,9142.57,0.00,true
2025-06-16,2025-06,FAC 0003-00042107,FAC,C0113,Bar Recoleta II,CAF-BRAS-1K,7.00,18954.11,30.00,92875.14,,92875.14,0.00,true
2025-03-15,2025-03,FAC 0003-00040920,FAC,C9002,VENTA ONLINE,CAF-COLOM-250,3.00,8564.77,0.00,25694.31,,25694.31,0.00,true
2025-02-14,2025-02,FAC 0003-00040690,FAC,C9002,VENTA ONLINE,CAF-BRAS-250,3.00,5416.60,0.00,16249.80,,16249.80,0.00,true
2025-03-28,2025-03,FAC 0003-00041231,FAC,C9001,CONSUMIDOR FINAL,CAF-COLOM-250,2.00,8564.77,0.00,17129.54,,17129.54,0.00,true
2025-02-19,2025-02,FAC 0003-00040697,FAC,C9001,CONSUMIDOR FINAL,CAF-BLEND-1K,2.00,18396.00,0.00,36792.00,,36792.00,0.00,true
2025-02-25,2025-02,FAC 0003-00040767,FAC,C9001,CONSUMIDOR FINAL,CAF-BLEND-250,1.00,5723.20,0.00,5723.20,,5723.20,0.00,true
2025-06-11,2025-06,FAC 0003-00042118,FAC,C0122,El Almacen de Almagro,CAF-BRAS-1K,4.00,18954.11,32.00,51555.18,M. Paz,51555.18,0.00,true
2025-02-18,2025-02,FAC 0003-00040563,FAC,C9002,VENTA ONLINE,CAF-BLEND-250,3.00,5723.20,0.00,17169.60,,17169.60,0.00,true
2025-05-21,2025-05,FAC 0003-00041647,FAC,C0001,GRANOS DEL SUR S.A.,CAF-BLEND-CJ6,6.00,111276.58,40.00,400595.67,R. Ibarra,400595.69,-0.02,true
2025-06-10,2025-06,FAC 0003-00042457,FAC,C9001,CONSUMIDOR FINAL,CAF-ETIOP-250,1.00,10592.00,0.00,10592.00,,10592.00,0.00,true
2025-06-26,2025-06,FAC 0003-00042088,FAC,C0001,GRANOS DEL SUR S.A.,CAF-BLEND-CJ6,7.00,113724.66,40.00,477643.58,R. Ibarra,477643.57,0.01,true
2025-06-14,2025-06,FAC 0003-00042510,FAC,C9001,CONSUMIDOR FINAL,CAF-COLOM-250,1.00,9142.57,0.00,9142.57,,9142.57,0.00,true
2025-03-24,2025-03,FAC 0003-00040864,FAC,C0119,Coffee Lab Saavedra II,CAP-FILTRO-100,4.00,3342.35,35.00,8690.11,M. Paz,8690.11,0.00,true
2025-03-08,2025-03,FAC 0003-00041011,FAC,C9002,VENTA ONLINE,CAF-COLOM-250,2.00,8564.77,0.00,17129.54,,17129.54,0.00,true
2025-05-22,2025-05,FAC 0003-00041917,FAC,C9002,VENTA ONLINE,CAP-FILTRO-100,2.00,3491.03,0.00,6982.06,,6982.06,0.00,true
2025-05-06,2025-05,FAC 0003-00041722,FAC,C9002,VENTA ONLINE,CAF-BRAS-250,3.00,5782.02,0.00,17346.05,,17346.06,-0.01,true
2025-04-28,2025-04,FAC 0003-00041257,FAC,C0110,Panaderia Devoto,CAF-BLEND-1K,5.00,19214.33,35.00,62446.56,,62446.57,-0.01,true
2025-04-01,2025-04,FAC 0003-00041241,FAC,C0001,GRANOS DEL SUR S.A.,BLEND1K,46.00,19214.33,40.00,530315.44,M. Paz,530315.51,-0.07,true
2025-02-18,2025-02,FAC 0003-00040467,FAC,C0136,Tostado Villa Urquiza,CAF-BLEND-1K,4.00,18396.00,35.00,47829.60,M. Paz,47829.60,0.00,true
2025-04-05,2025-04,FAC 0003-00041618,FAC,C9001,CONSUMIDOR FINAL,CAF-BLEND-1K,1.00,19214.33,0.00,19214.33,,19214.33,0.00,true
2025-03-08,2025-03,FAC 0003-00040835,FAC,C0001,GRANOS DEL SUR S.A.,CAF-BLEND-1K,35.00,18800.71,40.00,394814.95,,394814.91,0.04,true
2025-05-21,2025-05,FAC 0003-00041888,FAC,C9002,VENTA ONLINE,CAF-DESCA-250,1.00,8073.01,0.00,8073.01,,8073.01,0.00,true
2025-05-11,2025-05,FAC 0003-00041804,FAC,C9002,VENTA ONLINE,CAF-BRAS-250,3.00,5782.02,0.00,17346.05,,17346.06,-0.01,true
2025-05-24,2025-05,FAC 0003-00041948,FAC,C9001,CONSUMIDOR FINAL,CAF-BLEND-250,1.00,6109.30,0.00,6109.30,,6109.30,0.00,true
2025-05-01,2025-05,FAC 0003-00042024,FAC,C9001,CONSUMIDOR FINAL,CAF-ETIOP-250,2.00,10363.99,0.00,20727.99,,20727.98,0.01,true
2025-01-07,2025-01,FAC 0003-00040235,FAC,C9002,VENTA ONLINE,CAF-DESCA-250,2.00,7400.00,0.00,14800.00,,14800.00,0.00,true
2025-03-07,2025-03,FAC 0003-00040966,FAC,C9002,VENTA ONLINE,CAF-BRAS-250,1.00,5535.77,0.00,5535.77,,5535.77,0.00,true
2025-04-01,2025-04,FAC 0003-00041444,FAC,C9002,VENTA ONLINE,CAP-TAZA,1.00,9500.42,0.00,9500.42,,9500.42,0.00,true
2025-02-25,2025-02,FAC 0003-00040710,FAC,C9001,CONSUMIDOR FINAL,CAF-BLEND-1K,2.00,18396.00,0.00,36792.00,,36792.00,0.00,true
2025-05-06,2025-05,FAC 0003-00041778,FAC,C9002,VENTA ONLINE,CAF-ETIOP-250,1.00,10363.99,0.00,10363.99,,10363.99,0.00,true
2025-05-14,2025-05,FAC 0003-00041969,FAC,C9001,CONSUMIDOR FINAL,CAP-FILTRO-100,1.00,3491.03,0.00,3491.03,,3491.03,0.00,true
2025-01-10,2025-01,FAC 0003-00040126,FAC,C9002,VENTA ONLINE,CAF-CAPS-10,2.00,6900.00,0.00,13800.00,,13800.00,0.00,true
2025-02-18,2025-02,FAC 0003-00040830,FAC,C9001,CONSUMIDOR FINAL,CAF-ETIOP-250,2.00,9709.00,0.00,19418.00,,19418.00,0.00,true
2025-01-26,2025-01,FAC 0003-00040227,FAC,C9002,VENTA ONLINE,CAF-BRAS-250,3.00,5300.00,0.00,15900.00,,15900.00,0.00,true
2025-03-21,2025-03,FAC 0003-00040964,FAC,C9002,VENTA ONLINE,CAF-ETIOP-250,2.00,9922.60,0.00,19845.20,,19845.20,0.00,true
2025-01-28,2025-01,FAC 0003-00040030,FAC,C0118,Bar Saavedra,CAF-BLEND-1K,10.00,18000.00,32.00,122400.00,M. Paz,122400.00,0.00,true
2025-05-01,2025-05,FAC 0003-00041865,FAC,C9002,VENTA ONLINE,CAF-COLOM-250,3.00,8945.76,0.00,26837.29,,26837.28,0.01,true
2025-05-07,2025-05,FAC 0003-00041847,FAC,C9002,VENTA ONLINE,CAF-CAPS-10,2.00,7527.53,0.00,15055.07,,15055.06,0.01,true
2025-01-22,2025-01,FAC 0003-00040165,FAC,C9002,VENTA ONLINE,CAF-BLEND-250,3.00,5600.00,0.00,16800.00,,16800.00,0.00,true
2025-02-08,2025-02,FAC 0003-00040602,FAC,C9002,VENTA ONLINE,CAF-BRAS-250,3.00,5416.60,0.00,16249.80,,16249.80,0.00,true
2025-04-26,2025-04,FAC 0003-00041424,FAC,C9002,VENTA ONLINE,CAF-COLOM-250,3.00,8753.19,0.00,26259.58,,26259.57,0.01,true
2025-01-05,2025-01,FAC 0003-00040146,FAC,C9002,VENTA ONLINE,CAF-COLOM-250,2.00,8200.00,0.00,16400.00,,16400.00,0.00,true
2025-02-12,2025-02,FAC 0003-00040782,FAC,C9001,CONSUMIDOR FINAL,CAF-BLEND-250,2.00,5723.20,0.00,11446.40,,11446.40,0.00,true
2025-03-18,2025-03,FAC 0003-00040876,FAC,C0130,Usina Coghlan,CAF-BRAS-1K,5.00,17756.23,30.00,62146.80,R. Ibarra,62146.81,-0.01,true
2025-03-01,2025-03,FAC 0003-00040868,FAC,C0123,La Ventanita de Almagro II,CAF-BRAS-1K,5.00,17756.23,35.00,57707.74,,57707.75,-0.01,true
2025-01-18,2025-01,FAC 0003-00040164,FAC,C9002,VENTA ONLINE,CAF-ETIOP-250,2.00,9500.00,0.00,19000.00,,19000.00,0.00,true
2025-05-03,2025-05,FAC 0003-00041995,FAC,C9001,CONSUMIDOR FINAL,CAF-ETIOP-250,1.00,10363.99,0.00,10363.99,,10363.99,0.00,true
2025-05-15,2025-05,FAC 0003-00041912,FAC,C9002,VENTA ONLINE,CAF-COLOM-250,3.00,8945.76,0.00,26837.29,,26837.28,0.01,true
2025-03-13,2025-03,FAC 0003-00041142,FAC,C9001,CONSUMIDOR FINAL,CAF-ETIOP-250,1.00,9922.60,0.00,9922.60,,9922.60,0.00,true
2025-06-17,2025-06,FAC 0003-00042270,FAC,C9002,VENTA ONLINE,CAF-COLOM-250,1.00,9142.57,0.00,9142.57,,9142.57,0.00,true
2025-02-24,2025-02,FAC 0003-00040668,FAC,C9002,VENTA ONLINE,CAF-ETIOP-250,2.00,9709.00,0.00,19418.00,,19418.00,0.00,true
2025-02-17,2025-02,FAC 0003-00040621,FAC,C9002,VENTA ONLINE,CAF-ETIOP-250,1.00,9709.00,0.00,9709.00,,9709.00,0.00,true
2025-03-11,2025-03,FAC 0003-00040944,FAC,C9002,VENTA ONLINE,CAF-ETIOP-250,3.00,9922.60,0.00,29767.79,,29767.80,-0.01,true
2025-03-06,2025-03,FAC 0003-00040903,FAC,C9002,VENTA ONLINE,CAF-DESCA-250,3.00,7729.18,0.00,23187.54,,23187.54,0.00,true
2025-05-21,2025-05,FAC 0003-00042020,FAC,C9001,CONSUMIDOR FINAL,CAF-BLEND-250,2.00,6109.30,0.00,12218.60,,12218.60,0.00,true
2025-06-08,2025-06,FAC 0003-00042226,FAC,C9002,VENTA ONLINE,CAP-TAZA,2.00,9923.03,0.00,19846.07,,19846.06,0.01,true
2025-06-02,2025-06,FAC 0003-00042410,FAC,C9001,CONSUMIDOR FINAL,CAF-COLOM-250,1.00,9142.57,0.00,9142.57,,9142.57,0.00,true
2025-04-05,2025-04,NC 0003-00001231,NC,C0115,Tostado Boedo II,CAF-BRAS-1K,-1.00,18146.87,30.00,-12702.81,,-12702.81,-0.00,true
2025-06-02,2025-06,FAC 0003-00042409,FAC,C9001,CONSUMIDOR FINAL,CAF-COLOM-250,2.00,9142.57,0.00,18285.14,,18285.14,0.00,true
2025-05-09,2025-05,FAC 0003-00041684,FAC,C0128,La Ventanita de San Telmo,CAF-BLEND-1K,6.00,19637.04,32.00,80119.13,R. Ibarra,80119.12,0.01,true
2025-03-18,2025-03,FAC 0003-00041049,FAC,C9002,VENTA ONLINE,CAP-TAZA,3.00,9295.91,0.00,27887.72,,27887.73,-0.01,true
2025-04-19,2025-04,FAC 0003-00041478,FAC,C9002,VENTA ONLINE,CAF-CAPS-10,1.00,7365.49,0.00,7365.49,,7365.49,0.00,true
2025-06-04,2025-06,FAC 0003-00042401,FAC,C9001,CONSUMIDOR FINAL,CAF-BLEND-1K,1.00,20069.06,0.00,20069.06,,20069.06,0.00,true
2025-02-18,2025-02,FAC 0003-00040520,FAC,C9002,VENTA ONLINE,CAF-COLOM-250,1.00,8380.40,0.00,8380.40,,8380.40,0.00,true
2025-05-28,2025-05,FAC 0003-00041731,FAC,C9002,VENTA ONLINE,CAF-ETIOP-250,3.00,10363.99,0.00,31091.98,,31091.97,0.01,true
2025-06-27,2025-06,FAC 0003-00042465,FAC,C9001,CONSUMIDOR FINAL,CAF-BLEND-250,1.00,6243.71,0.00,6243.71,,6243.71,0.00,true
2025-05-15,2025-05,FAC 0003-00041793,FAC,C9002,VENTA ONLINE,CAF-ETIOP-250,3.00,10363.99,0.00,31091.98,,31091.97,0.01,true
2025-02-24,2025-02,FAC 0003-00040568,FAC,C9002,VENTA ONLINE,CAF-BLEND-250,2.00,5723.20,0.00,11446.40,,11446.40,0.00,true
2025-04-10,2025-04,FAC 0003-00041303,FAC,C9002,VENTA ONLINE,CAF-COLOM-250,3.00,8753.19,0.00,26259.58,,26259.57,0.01,true
2025-06-23,2025-06,FAC 0003-00042499,FAC,C9001,CONSUMIDOR FINAL,CAF-BLEND-250,1.00,6243.71,0.00,6243.71,,6243.71,0.00,true
2025-01-01,2025-01,FAC 0003-00040376,FAC,C9001,CONSUMIDOR FINAL,CAP-FILTRO-100,2.00,3200.00,0.00,6400.00,,6400.00,0.00,true
2025-03-13,2025-03,FAC 0003-00041190,FAC,C9001,CONSUMIDOR FINAL,CAF-BLEND-250,2.00,5849.11,0.00,11698.22,,11698.22,0.00,true
2025-02-17,2025-02,FAC 0003-00040557,FAC,C9002,VENTA ONLINE,CAF-DESCA-250,2.00,7562.80,0.00,15125.60,,15125.60,0.00,true
2025-06-14,2025-06,FAC 0003-00042136,FAC,C0136,Tostado Villa Urquiza,CAP-FILTRO-100,6.00,3567.83,35.00,13914.55,,13914.54,0.01,true
2025-02-24,2025-02,FAC 0003-00040585,FAC,C9002,VENTA ONLINE,CAF-BRAS-250,1.00,5416.60,0.00,5416.60,,5416.60,0.00,true
2025-01-10,2025-01,FAC 0003-00040344,FAC,C9001,CONSUMIDOR FINAL,CAF-BLEND-250,2.00,5600.00,0.00,11200.00,,11200.00,0.00,true
2025-06-03,2025-06,FAC 0003-00042360,FAC,C9002,VENTA ONLINE,CAP-TAZA,1.00,9923.03,0.00,9923.03,,9923.03,0.00,true
2025-05-04,2025-05,FAC 0003-00041805,FAC,C9002,VENTA ONLINE,CAF-CAPS-10,1.00,7527.53,0.00,7527.53,,7527.53,0.00,true
2025-02-15,2025-02,FAC 0003-00040581,FAC,C9002,VENTA ONLINE,CAF-DESCA-250,3.00,7562.80,0.00,22688.40,,22688.40,0.00,true
2025-01-06,2025-01,FAC 0003-00040157,FAC,C9002,VENTA ONLINE,CAF-ETIOP-250,2.00,9500.00,0.00,19000.00,,19000.00,0.00,true
2025-02-25,2025-02,FAC 0003-00040514,FAC,C9002,VENTA ONLINE,CAF-CAPS-10,3.00,7051.80,0.00,21155.40,,21155.40,0.00,true
2025-05-22,2025-05,FAC 0003-00041917,FAC,C9002,VENTA ONLINE,CAF-ETIOP-250,2.00,10363.99,0.00,20727.99,,20727.98,0.01,true
2025-03-23,2025-03,FAC 0003-00041183,FAC,C9001,CONSUMIDOR FINAL,CAF-COLOM-250,1.00,8564.77,0.00,8564.77,,8564.77,0.00,true
2025-01-22,2025-01,FAC 0003-00040150,FAC,C9002,VENTA ONLINE,CAF-BLEND-250,1.00,5600.00,0.00,5600.00,,5600.00,0.00,true
2025-01-28,2025-01,FAC 0003-00040156,FAC,C9002,VENTA ONLINE,CAF-COLOM-250,3.00,8200.00,0.00,24600.00,,24600.00,0.00,true
2025-05-09,2025-05,FAC 0003-00041739,FAC,C9002,VENTA ONLINE,CAF-COLOM-250,3.00,8945.76,0.00,26837.29,,26837.28,0.01,true
2025-03-12,2025-03,FAC 0003-00040867,FAC,C0121,Panaderia Chacarita II,CAP-FILTRO-100,6.00,3342.35,35.00,13035.16,R. Ibarra,13035.17,-0.01,true
2025-04-26,2025-04,FAC 0003-00041367,FAC,C9002,VENTA ONLINE,CAF-CAPS-10,1.00,7365.49,0.00,7365.49,,7365.49,0.00,true
2025-03-16,2025-03,FAC 0003-00040952,FAC,C9002,VENTA ONLINE,CAF-BRAS-250,1.00,5535.77,0.00,5535.77,,5535.77,0.00,true
2025-03-15,2025-03,FAC 0003-00041216,FAC,C9001,CONSUMIDOR FINAL,CAF-COLOM-250,2.00,8564.77,0.00,17129.54,,17129.54,0.00,true
2025-03-16,2025-03,FAC 0003-00041135,FAC,C9001,CONSUMIDOR FINAL,CAF-ETIOP-250,2.00,9922.60,0.00,19845.20,,19845.20,0.00,true
2025-02-04,2025-02,FAC 0003-00040594,FAC,C9002,VENTA ONLINE,CAF-BRAS-250,3.00,5416.60,0.00,16249.80,,16249.80,0.00,true
2025-01-23,2025-01,FAC 0003-00040065,FAC,C9002,VENTA ONLINE,CAF-ETIOP-250,3.00,9500.00,0.00,28500.00,,28500.00,0.00,true
2025-02-14,2025-02,FAC 0003-00040754,FAC,C9001,CONSUMIDOR FINAL,CAP-FILTRO-100,1.00,3270.40,0.00,3270.40,,3270.40,0.00,true
2025-01-22,2025-01,FAC 0003-00040189,FAC,C9002,VENTA ONLINE,CAF-BRAS-250,3.00,5300.00,0.00,15900.00,,15900.00,0.00,true
2025-03-15,2025-03,FAC 0003-00040844,FAC,C0100,Cafe Palermo,CAF-ETIOP-250,4.00,9922.60,32.00,26989.47,R. Ibarra,26989.47,-0.00,true
2025-01-12,2025-01,FAC 0003-00040297,FAC,C9001,CONSUMIDOR FINAL,CAF-BLEND-1K,1.00,18000.00,0.00,18000.00,,18000.00,0.00,true
2025-02-18,2025-02,FAC 0003-00040780,FAC,C9001,CONSUMIDOR FINAL,CAP-FILTRO-100,2.00,3270.40,0.00,6540.80,,6540.80,0.00,true
2025-05-15,2025-05,FAC 0003-00041694,FAC,C0136,Tostado Villa Urquiza,CAF-BRAS-1K,5.00,18546.10,35.00,60274.81,M. Paz,60274.83,-0.02,true
2025-03-04,2025-03,FAC 0003-00041093,FAC,C9002,VENTA ONLINE,CAF-ETIOP-250,1.00,9922.60,0.00,9922.60,,9922.60,0.00,true
2025-06-03,2025-06,FAC 0003-00042104,FAC,C0110,Panaderia Devoto,CAF-BRAS-1K,8.00,18954.11,35.00,98561.37,M. Paz,98561.37,-0.00,true
2025-03-20,2025-03,FAC 0003-00041114,FAC,C9002,VENTA ONLINE,CAF-CAPS-10,3.00,7206.94,0.00,21620.82,,21620.82,0.00,true
2025-06-25,2025-06,FAC 0003-00042292,FAC,C9002,VENTA ONLINE,CAF-ETIOP-250,2.00,10592.00,0.00,21184.01,,21184.00,0.01,true
2025-04-09,2025-04,FAC 0003-00041577,FAC,C9001,CONSUMIDOR FINAL,CAF-BLEND-250,1.00,5977.79,0.00,5977.79,,5977.79,0.00,true
2025-04-19,2025-04,FAC 0003-00041487,FAC,C9002,VENTA ONLINE,CAF-BRAS-250,1.00,5657.55,0.00,5657.55,,5657.55,0.00,true
2025-06-04,2025-06,FAC 0003-00042286,FAC,C9002,VENTA ONLINE,CAF-CAPS-10,3.00,7693.14,0.00,23079.42,,23079.42,0.00,true
2025-01-25,2025-01,FAC 0003-00040271,FAC,C9001,CONSUMIDOR FINAL,CAF-BLEND-250,2.00,5600.00,0.00,11200.00,,11200.00,0.00,true
2025-04-28,2025-04,FAC 0003-00041613,FAC,C9001,CONSUMIDOR FINAL,CAF-COLOM-250,1.00,8753.19,0.00,8753.19,,8753.19,0.00,true
2025-06-22,2025-06,NC 0003-00001243,NC,C0001,GRANOS DEL SUR S.A.,CAF-BLEND-1K,-4.00,20069.06,40.00,-48165.74,,-48165.74,0.00,true
2025-04-17,2025-04,FAC 0003-00041551,FAC,C9001,CONSUMIDOR FINAL,CAF-ETIOP-250,1.00,10140.90,0.00,10140.90,,10140.90,0.00,true
2025-02-14,2025-02,FAC 0003-00040786,FAC,C9001,CONSUMIDOR FINAL,CAF-COLOM-250,1.00,8380.40,0.00,8380.40,,8380.40,0.00,true
2025-01-12,2025-01,FAC 0003-00040362,FAC,C9001,CONSUMIDOR FINAL,CAF-BLEND-250,2.00,5600.00,0.00,11200.00,,11200.00,0.00,true
2025-02-10,2025-02,FAC 0003-00040610,FAC,C9002,VENTA ONLINE,CAF-CAPS-10,2.00,7051.80,0.00,14103.60,,14103.60,0.00,true
2025-03-27,2025-03,FAC 0003-00040996,FAC,C9002,VENTA ONLINE,CAF-BLEND-250,2.00,5849.11,0.00,11698.22,,11698.22,0.00,true
2025-05-20,2025-05,FAC 0003-00041723,FAC,C9002,VENTA ONLINE,CAP-TAZA,3.00,9709.43,0.00,29128.28,,29128.29,-0.01,true
2025-04-24,2025-04,FAC 0003-00041422,FAC,C9002,VENTA ONLINE,CAF-COLOM-250,1.00,8753.19,0.00,8753.19,,8753.19,0.00,true
2025-05-15,2025-05,FAC 0003-00042019,FAC,C9001,CONSUMIDOR FINAL,CAF-COLOM-250,2.00,8945.76,0.00,17891.53,,17891.52,0.01,true
2025-01-07,2025-01,FAC 0003-00040353,FAC,C9001,CONSUMIDOR FINAL,CAP-FILTRO-100,2.00,3200.00,0.00,6400.00,,6400.00,0.00,true
2025-06-21,2025-06,FAC 0003-00042287,FAC,C9002,VENTA ONLINE,CAF-DESCA-250,3.00,8250.61,0.00,24751.84,,24751.83,0.01,true
2025-02-10,2025-02,FAC 0003-00040796,FAC,C9001,CONSUMIDOR FINAL,CAF-BLEND-250,1.00,5723.20,0.00,5723.20,,5723.20,0.00,true
2025-04-25,2025-04,FAC 0003-00041279,FAC,C0132,Cafe Barracas,CAF-BLEND-1K,4.00,19214.33,35.00,49957.25,R. Ibarra,49957.26,-0.01,true
2025-05-10,2025-05,FAC 0003-00041664,FAC,C0110,Panaderia Devoto,CAF-BLEND-1K,10.00,19637.04,35.00,127640.78,,127640.76,0.02,true
2025-05-24,2025-05,FAC 0003-00041900,FAC,C9002,VENTA ONLINE,CAF-COLOM-250,1.00,8945.76,0.00,8945.76,,8945.76,0.00,true
2025-03-27,2025-03,FAC 0003-00040861,FAC,C0116,Cafe Caballito,CAF-BRAS-1K,2.00,17756.23,32.00,24148.47,,24148.47,-0.00,true
2025-06-10,2025-06,FAC 0003-00042481,FAC,C9001,CONSUMIDOR FINAL,CAF-BLEND-250,2.00,6243.71,0.00,12487.41,,12487.42,-0.01,true
2025-06-23,2025-06,FAC 0003-00042317,FAC,C9002,VENTA ONLINE,CAF-BLEND-250,1.00,6243.71,0.00,6243.71,,6243.71,0.00,true
2025-04-14,2025-04,FAC 0003-00041601,FAC,C9001,CONSUMIDOR FINAL,CAF-BLEND-250,2.00,5977.79,0.00,11955.58,,11955.58,0.00,true
2025-05-16,2025-05,FAC 0003-00041648,FAC,C0001,GRANOS DEL SUR S.A.,CAF-BLEND-CJ6,6.00,111276.58,40.00,400595.67,,400595.69,-0.02,true
2025-04-15,2025-04,FAC 0003-00041406,FAC,C9002,VENTA ONLINE,CAP-TAZA,1.00,9500.42,0.00,9500.42,,9500.42,0.00,true
2025-06-22,2025-06,FAC 0003-00042094,FAC,C0103,Coffee Lab Belgrano II,CAF-BLEND-1K,5.00,20069.06,35.00,65224.44,R. Ibarra,65224.45,-0.01,true
2025-02-26,2025-02,FAC 0003-00040488,FAC,C9002,VENTA ONLINE,CAF-BLEND-250,3.00,5723.20,0.00,17169.60,,17169.60,0.00,true
2025-03-01,2025-03,FAC 0003-00040878,FAC,C0132,Cafe Barracas,CAF-BLEND-1K,8.00,18800.71,35.00,97763.70,,97763.69,0.01,true
2025-03-26,2025-03,FAC 0003-00041131,FAC,C9001,CONSUMIDOR FINAL,CAP-FILTRO-100,1.00,3342.35,0.00,3342.35,,3342.35,0.00,true
2025-03-08,2025-03,FAC 0003-00041064,FAC,C9002,VENTA ONLINE,CAF-COLOM-250,2.00,8564.77,0.00,17129.54,,17129.54,0.00,true
2025-02-16,2025-02,FAC 0003-00040627,FAC,C9002,VENTA ONLINE,CAF-COLOM-250,2.00,8380.40,0.00,16760.80,,16760.80,0.00,true
2025-02-17,2025-02,FAC 0003-00040730,FAC,C9001,CONSUMIDOR FINAL,CAF-BLEND-250,2.00,5723.20,0.00,11446.40,,11446.40,0.00,true
2025-06-11,2025-06,FAC 0003-00042282,FAC,C9002,VENTA ONLINE,CAF-DESCA-250,3.00,8250.61,0.00,24751.84,,24751.83,0.01,true
2025-01-14,2025-01,FAC 0003-00040317,FAC,C9001,CONSUMIDOR FINAL,CAF-ETIOP-250,2.00,9500.00,0.00,19000.00,,19000.00,0.00,true
2025-02-09,2025-02,FAC 0003-00040757,FAC,C9001,CONSUMIDOR FINAL,CAF-BLEND-250,1.00,5723.20,0.00,5723.20,,5723.20,0.00,true
2025-01-06,2025-01,FAC 0003-00040131,FAC,C9002,VENTA ONLINE,CAF-BLEND-250,2.00,5600.00,0.00,11200.00,,11200.00,0.00,true
2025-05-21,2025-05,FAC 0003-00041843,FAC,C9002,VENTA ONLINE,CAF-ETIOP-250,3.00,10363.99,0.00,31091.98,,31091.97,0.01,true
2025-05-10,2025-05,FAC 0003-00041939,FAC,C9002,VENTA ONLINE,CAF-BLEND-250,2.00,6109.30,0.00,12218.60,,12218.60,0.00,true
2025-05-17,2025-05,FAC 0003-00041944,FAC,C9002,VENTA ONLINE,CAF-CAPS-10,2.00,7527.53,0.00,15055.07,,15055.06,0.01,true
2025-02-01,2025-02,FAC 0003-00040672,FAC,C9002,VENTA ONLINE,CAF-BRAS-250,1.00,5416.60,0.00,5416.60,,5416.60,0.00,true
2025-06-24,2025-06,FAC 0003-00042276,FAC,C9002,VENTA ONLINE,CAF-COLOM-250,2.00,9142.57,0.00,18285.14,,18285.14,0.00,true
2025-02-09,2025-02,FAC 0003-00040711,FAC,C9001,CONSUMIDOR FINAL,CAP-FILTRO-100,1.00,3270.40,0.00,3270.40,,3270.40,0.00,true
2025-04-27,2025-04,FAC 0003-00041336,FAC,C9002,VENTA ONLINE,CAF-COLOM-250,1.00,8753.19,0.00,8753.19,,8753.19,0.00,true
2025-06-26,2025-06,FAC 0003-00042266,FAC,C9002,VENTA ONLINE,CAF-ETIOP-250,2.00,10592.00,0.00,21184.01,,21184.00,0.01,true
2025-02-27,2025-02,FAC 0003-00040458,FAC,C0129,Bar San Telmo II,CAF-BRAS-1K,2.00,17374.00,32.00,23628.64,,23628.64,0.00,true
2025-01-15,2025-01,FAC 0003-00040140,FAC,C9002,VENTA ONLINE,CAF-COLOM-250,2.00,8200.00,0.00,16400.00,,16400.00,0.00,true
2025-06-08,2025-06,FAC 0003-00042240,FAC,C9002,VENTA ONLINE,CAF-ETIOP-250,3.00,10592.00,0.00,31776.01,,31776.00,0.01,true
2025-01-28,2025-01,FAC 0003-00040030,FAC,C0118,Bar Saavedra,CAF-BRAS-1K,3.00,17000.00,32.00,34680.00,M. Paz,34680.00,0.00,true
2025-02-08,2025-02,FAC 0003-00040519,FAC,C9002,VENTA ONLINE,CAF-ETIOP-250,3.00,9709.00,0.00,29127.00,,29127.00,0.00,true
2025-01-07,2025-01,FAC 0003-00040068,FAC,C9002,VENTA ONLINE,CAF-ETIOP-250,1.00,9500.00,0.00,9500.00,,9500.00,0.00,true
2025-06-03,2025-06,FAC 0003-00042294,FAC,C9002,VENTA ONLINE,CAP-TAZA,1.00,9923.03,0.00,9923.03,,9923.03,0.00,true
2025-06-22,2025-06,FAC 0003-00042098,FAC,C0107,La Ventanita de Nunez II,CAF-BLEND-1K,10.00,20069.06,35.00,130448.88,R. Ibarra,130448.89,-0.01,true
2025-06-01,2025-06,FAC 0003-00042092,FAC,C0102,Bar Belgrano,CAF-BRAS-1K,3.00,18954.11,35.00,36960.51,,36960.51,-0.00,true
2025-02-21,2025-02,FAC 0003-00040759,FAC,C9001,CONSUMIDOR FINAL,CAF-BLEND-250,2.00,5723.20,0.00,11446.40,,11446.40,0.00,true
2025-02-26,2025-02,FAC 0003-00040810,FAC,C9001,CONSUMIDOR FINAL,CAF-BLEND-1K,1.00,18396.00,0.00,18396.00,,18396.00,0.00,true
2025-05-08,2025-05,FAC 0003-00041701,FAC,C9002,VENTA ONLINE,CAF-DESCA-250,2.00,8073.01,0.00,16146.01,,16146.02,-0.01,true
2025-02-06,2025-02,FAC 0003-00040733,FAC,C9001,CONSUMIDOR FINAL,CAF-BLEND-250,2.00,5723.20,0.00,11446.40,,11446.40,0.00,true
2025-04-02,2025-04,FAC 0003-00041387,FAC,C9002,VENTA ONLINE,CAF-COLOM-250,3.00,8753.19,0.00,26259.58,,26259.57,0.01,true
2025-03-05,2025-03,FAC 0003-00040882,FAC,C0134,Bar Agronomia,CAP-FILTRO-100,3.00,3342.35,35.00,6517.58,M. Paz,6517.58,-0.00,true
2025-03-19,2025-03,FAC 0003-00041111,FAC,C9002,VENTA ONLINE,CAF-ETIOP-250,3.00,9922.60,0.00,29767.79,,29767.80,-0.01,true
2025-04-27,2025-04,FAC 0003-00041358,FAC,C9002,VENTA ONLINE,CAF-ETIOP-250,2.00,10140.90,0.00,20281.79,,20281.80,-0.01,true
2025-03-16,2025-03,FAC 0003-00040998,FAC,C9002,VENTA ONLINE,CAF-BLEND-250,3.00,5849.11,0.00,17547.33,,17547.33,0.00,true
2025-04-20,2025-04,FAC 0003-00041539,FAC,C9001,CONSUMIDOR FINAL,CAF-BLEND-1K,2.00,19214.33,0.00,38428.66,,38428.66,0.00,true
2025-02-22,2025-02,FAC 0003-00040572,FAC,C9002,VENTA ONLINE,CAF-BRAS-250,3.00,5416.60,0.00,16249.80,,16249.80,0.00,true
2025-04-24,2025-04,FAC 0003-00041582,FAC,C9001,CONSUMIDOR FINAL,CAF-BLEND-250,2.00,5977.79,0.00,11955.58,,11955.58,0.00,true
2025-01-16,2025-01,FAC 0003-00040169,FAC,C9002,VENTA ONLINE,CAF-COLOM-250,2.00,8200.00,0.00,16400.00,,16400.00,0.00,true
2025-01-03,2025-01,FAC 0003-00040151,FAC,C9002,VENTA ONLINE,CAF-BRAS-250,2.00,5300.00,0.00,10600.00,,10600.00,0.00,true
2025-02-19,2025-02,FAC 0003-00040521,FAC,C9002,VENTA ONLINE,CAF-COLOM-250,3.00,8380.40,0.00,25141.20,,25141.20,0.00,true
2025-06-27,2025-06,FAC 0003-00042153,FAC,C9002,VENTA ONLINE,CAF-BLEND-250,3.00,6243.71,0.00,18731.12,,18731.13,-0.01,true
2025-05-24,2025-05,FAC 0003-00041661,FAC,C0109,Usina Colegiales II,CAF-BLEND-1K,4.00,19637.04,32.00,53412.76,,53412.75,0.01,true
2025-05-28,2025-05,FAC 0003-00041955,FAC,C9001,CONSUMIDOR FINAL,CAF-BLEND-1K,2.00,19637.04,0.00,39274.09,,39274.08,0.01,true
2025-01-13,2025-01,FAC 0003-00040411,FAC,C9001,CONSUMIDOR FINAL,CAF-BLEND-1K,2.00,18000.00,0.00,36000.00,,36000.00,0.00,true
2025-06-26,2025-06,FAC 0003-00042453,FAC,C9001,CONSUMIDOR FINAL,CAF-BLEND-1K,1.00,20069.06,0.00,20069.06,,20069.06,0.00,true
2025-04-04,2025-04,FAC 0003-00041390,FAC,C9002,VENTA ONLINE,CAF-CAPS-10,1.00,7365.49,0.00,7365.49,,7365.49,0.00,true
2025-06-12,2025-06,FAC 0003-00042272,FAC,C9002,VENTA ONLINE,CAF-BLEND-250,2.00,6243.71,0.00,12487.41,,12487.42,-0.01,true
2025-02-01,2025-02,FAC 0003-00040762,FAC,C9001,CONSUMIDOR FINAL,CAF-BLEND-250,1.00,5723.20,0.00,5723.20,,5723.20,0.00,true
2025-04-23,2025-04,FAC 0003-00041430,FAC,C9002,VENTA ONLINE,CAF-BRAS-250,2.00,5657.55,0.00,11315.10,,11315.10,0.00,true
2025-04-24,2025-04,FAC 0003-00041427,FAC,C9002,VENTA ONLINE,CAP-TAZA,3.00,9500.42,0.00,28501.25,,28501.26,-0.01,true
2025-06-21,2025-06,FAC 0003-00042207,FAC,C9002,VENTA ONLINE,CAF-ETIOP-250,3.00,10592.00,0.00,31776.01,,31776.00,0.01,true
2025-04-02,2025-04,FAC 0003-00041628,FAC,C9001,CONSUMIDOR FINAL,CAF-COLOM-250,2.00,8753.19,0.00,17506.39,,17506.38,0.01,true
2025-01-18,2025-01,FAC 0003-00040018,FAC,C0106,El Almacen de Nunez,CAF-BLEND-1K,8.00,18000.00,30.00,100800.00,M. Paz,100800.00,0.00,true
2025-04-26,2025-04,FAC 0003-00041514,FAC,C9002,VENTA ONLINE,CAF-ETIOP-250,2.00,10140.90,0.00,20281.79,,20281.80,-0.01,true
2025-02-03,2025-02,FAC 0003-00040481,FAC,C9002,VENTA ONLINE,CAF-COLOM-250,1.00,8380.40,0.00,8380.40,,8380.40,0.00,true
2025-05-03,2025-05,FAC 0003-00041861,FAC,C9002,VENTA ONLINE,CAF-COLOM-250,1.00,8945.76,0.00,8945.76,,8945.76,0.00,true
2025-05-19,2025-05,FAC 0003-00041993,FAC,C9001,CONSUMIDOR FINAL,CAF-BLEND-250,2.00,6109.30,0.00,12218.60,,12218.60,0.00,true
2025-02-01,2025-02,FAC 0003-00040638,FAC,C9002,VENTA ONLINE,CAF-ETIOP-250,1.00,9709.00,0.00,9709.00,,9709.00,0.00,true
2025-04-28,2025-04,FAC 0003-00041450,FAC,C9002,VENTA ONLINE,CAF-ETIOP-250,3.00,10140.90,0.00,30422.69,,30422.70,-0.01,true
2025-01-13,2025-01,FAC 0003-00040387,FAC,C9001,CONSUMIDOR FINAL,CAF-COLOM-250,1.00,8200.00,0.00,8200.00,,8200.00,0.00,true
2025-04-05,2025-04,FAC 0003-00041521,FAC,C9002,VENTA ONLINE,CAF-BLEND-250,1.00,5977.79,0.00,5977.79,,5977.79,0.00,true
2025-01-01,2025-01,FAC 0003-00040351,FAC,C9001,CONSUMIDOR FINAL,CAF-BLEND-250,2.00,5600.00,0.00,11200.00,,11200.00,0.00,true
2025-05-07,2025-05,FAC 0003-00041874,FAC,C9002,VENTA ONLINE,CAF-BLEND-250,1.00,6109.30,0.00,6109.30,,6109.30,0.00,true
2025-04-02,2025-04,FAC 0003-00041511,FAC,C9002,VENTA ONLINE,CAF-ETIOP-250,3.00,10140.90,0.00,30422.69,,30422.70,-0.01,true
2025-06-06,2025-06,FAC 0003-00042182,FAC,C9002,VENTA ONLINE,CAF-COLOM-250,2.00,9142.57,0.00,18285.14,,18285.14,0.00,true
2025-02-13,2025-02,FAC 0003-00040554,FAC,C9002,VENTA ONLINE,CAP-TAZA,2.00,9095.80,0.00,18191.60,,18191.60,0.00,true
2025-05-02,2025-05,FAC 0003-00041911,FAC,C9002,VENTA ONLINE,CAP-TAZA,3.00,9709.43,0.00,29128.28,,29128.29,-0.01,true
2025-04-08,2025-04,FAC 0003-00041273,FAC,C0127,Cafe Parque Chas II,CAF-BLEND-1K,9.00,19214.33,32.00,117591.69,R. Ibarra,117591.70,-0.01,true
2025-02-03,2025-02,FAC 0003-00040540,FAC,C9002,VENTA ONLINE,CAF-DESCA-250,2.00,7562.80,0.00,15125.60,,15125.60,0.00,true
2025-05-18,2025-05,FAC 0003-00042000,FAC,C9001,CONSUMIDOR FINAL,CAF-COLOM-250,2.00,8945.76,0.00,17891.53,,17891.52,0.01,true
2025-02-18,2025-02,FAC 0003-00040597,FAC,C9002,VENTA ONLINE,CAF-CAPS-10,1.00,7051.80,0.00,7051.80,,7051.80,0.00,true
2025-06-16,2025-06,FAC 0003-00042128,FAC,C0130,Usina Coghlan,CAF-BRAS-1K,2.00,18954.11,30.00,26535.75,M. Paz,26535.75,-0.00,true
2025-06-17,2025-06,FAC 0003-00042347,FAC,C9002,VENTA ONLINE,CAP-TAZA,3.00,9923.03,0.00,29769.10,,29769.09,0.01,true
2025-06-07,2025-06,FAC 0003-00042083,FAC,C0001,GRANOS DEL SUR S.A.,BLEND1K,51.00,20069.06,40.00,614113.17,R. Ibarra,614113.24,-0.07,true
2025-05-20,2025-05,FAC 0003-00041723,FAC,C9002,VENTA ONLINE,CAF-ETIOP-250,2.00,10363.99,0.00,20727.99,,20727.98,0.01,true
2025-01-02,2025-01,FAC 0003-00040201,FAC,C9002,VENTA ONLINE,CAF-BRAS-250,3.00,5300.00,0.00,15900.00,,15900.00,0.00,true
2025-06-24,2025-06,FAC 0003-00042245,FAC,C9002,VENTA ONLINE,CAF-COLOM-250,1.00,9142.57,0.00,9142.57,,9142.57,0.00,true
2025-03-11,2025-03,FAC 0003-00041140,FAC,C9001,CONSUMIDOR FINAL,CAF-ETIOP-250,2.00,9922.60,0.00,19845.20,,19845.20,0.00,true
2025-05-10,2025-05,FAC 0003-00042057,FAC,C9001,CONSUMIDOR FINAL,CAF-BLEND-250,2.00,6109.30,0.00,12218.60,,12218.60,0.00,true
2025-05-08,2025-05,FAC 0003-00041693,FAC,C0135,Coffee Lab Agronomia II,CAF-BRAS-1K,8.00,18546.10,30.00,103858.14,M. Paz,103858.16,-0.02,true
2025-03-08,2025-03,FAC 0003-00040993,FAC,C9002,VENTA ONLINE,CAF-BLEND-250,2.00,5849.11,0.00,11698.22,,11698.22,0.00,true
2025-03-08,2025-03,FAC 0003-00040835,FAC,C0001,GRANOS DEL SUR S.A.,CAF-BRAS-1K,11.00,17756.23,40.00,117191.10,,117191.12,-0.02,true
2025-04-17,2025-04,FAC 0003-00041639,FAC,C9001,CONSUMIDOR FINAL,CAP-FILTRO-100,2.00,3415.88,0.00,6831.76,,6831.76,0.00,true
2025-05-22,2025-05,FAC 0003-00041823,FAC,C9002,VENTA ONLINE,CAF-BLEND-250,2.00,6109.30,0.00,12218.60,,12218.60,0.00,true
2025-05-22,2025-05,FAC 0003-00041961,FAC,C9001,CONSUMIDOR FINAL,CAF-BLEND-250,1.00,6109.30,0.00,6109.30,,6109.30,0.00,true
2025-03-21,2025-03,FAC 0003-00040953,FAC,C9002,VENTA ONLINE,CAF-ETIOP-250,1.00,9922.60,0.00,9922.60,,9922.60,0.00,true
2025-02-01,2025-02,FAC 0003-00040582,FAC,C9002,VENTA ONLINE,CAP-TAZA,2.00,9095.80,0.00,18191.60,,18191.60,0.00,true
2025-04-28,2025-04,FAC 0003-00041309,FAC,C9002,VENTA ONLINE,CAF-COLOM-250,3.00,8753.19,0.00,26259.58,,26259.57,0.01,true
2025-04-21,2025-04,FAC 0003-00041262,FAC,C0116,Cafe Caballito,CAF-BLEND-1K,10.00,19214.33,32.00,130657.43,M. Paz,130657.44,-0.01,true
2025-03-27,2025-03,FAC 0003-00040976,FAC,C9002,VENTA ONLINE,CAF-ETIOP-250,1.00,9922.60,0.00,9922.60,,9922.60,0.00,true
2025-05-14,2025-05,FAC 0003-00041860,FAC,C9002,VENTA ONLINE,CAF-BRAS-250,2.00,5782.02,0.00,11564.04,,11564.04,0.00,true
2025-04-08,2025-04,FAC 0003-00041393,FAC,C9002,VENTA ONLINE,CAP-FILTRO-100,3.00,3415.88,0.00,10247.64,,10247.64,0.00,true
2025-03-16,2025-03,FAC 0003-00040894,FAC,C9002,VENTA ONLINE,CAF-BRAS-250,2.00,5535.77,0.00,11071.53,,11071.54,-0.01,true
2025-02-24,2025-02,FAC 0003-00040447,FAC,C0120,Tostado Chacarita,CAF-BLEND-1K,7.00,18396.00,32.00,87564.96,M. Paz,87564.96,0.00,true
2025-01-01,2025-01,FAC 0003-00040162,FAC,C9002,VENTA ONLINE,CAF-BLEND-250,2.00,5600.00,0.00,11200.00,,11200.00,0.00,true
2025-01-21,2025-01,FAC 0003-00040085,FAC,C9002,VENTA ONLINE,CAF-DESCA-250,3.00,7400.00,0.00,22200.00,,22200.00,0.00,true
2025-01-18,2025-01,FAC 0003-00040170,FAC,C9002,VENTA ONLINE,CAF-COLOM-250,3.00,8200.00,0.00,24600.00,,24600.00,0.00,true
2025-06-06,2025-06,FAC 0003-00042081,FAC,C0001,GRANOS DEL SUR S.A.,CAF-BLEND-1K,45.00,20069.06,40.00,541864.56,R. Ibarra,541864.62,-0.06,true
2025-06-18,2025-06,FAC 0003-00042125,FAC,C0128,La Ventanita de San Telmo,CAF-BLEND-1K,10.00,20069.06,32.00,136469.59,M. Paz,136469.61,-0.02,true
2025-06-25,2025-06,FAC 0003-00042445,FAC,C9001,CONSUMIDOR FINAL,CAF-BLEND-1K,2.00,20069.06,0.00,40138.12,,40138.12,0.00,true
2025-04-25,2025-04,FAC 0003-00041304,FAC,C9002,VENTA ONLINE,CAF-ETIOP-250,3.00,10140.90,0.00,30422.69,,30422.70,-0.01,true
2025-05-19,2025-05,FAC 0003-00041880,FAC,C9002,VENTA ONLINE,CAF-COLOM-250,3.00,8945.76,0.00,26837.29,,26837.28,0.01,true
2025-01-19,2025-01,FAC 0003-00040036,FAC,C0123,La Ventanita de Almagro II,CAF-BLEND-1K,5.00,18000.00,35.00,58500.00,M. Paz,58500.00,0.00,true
2025-05-22,2025-05,FAC 0003-00041815,FAC,C9002,VENTA ONLINE,CAF-DESCA-250,3.00,8073.01,0.00,24219.02,,24219.03,-0.01,true
2025-02-22,2025-02,FAC 0003-00040595,FAC,C9002,VENTA ONLINE,CAF-BLEND-250,1.00,5723.20,0.00,5723.20,,5723.20,0.00,true
2025-04-17,2025-04,FAC 0003-00041466,FAC,C9002,VENTA ONLINE,CAF-ETIOP-250,1.00,10140.90,0.00,10140.90,,10140.90,0.00,true
2025-06-17,2025-06,FAC 0003-00042222,FAC,C9002,VENTA ONLINE,CAF-COLOM-250,2.00,9142.57,0.00,18285.14,,18285.14,0.00,true
2025-02-27,2025-02,FAC 0003-00040538,FAC,C9002,VENTA ONLINE,CAF-ETIOP-250,3.00,9709.00,0.00,29127.00,,29127.00,0.00,true
2025-06-11,2025-06,FAC 0003-00042418,FAC,C9001,CONSUMIDOR FINAL,CAF-BLEND-250,2.00,6243.71,0.00,12487.41,,12487.42,-0.01,true
2025-06-12,2025-06,FAC 0003-00042471,FAC,C9001,CONSUMIDOR FINAL,CAF-COLOM-250,2.00,9142.57,0.00,18285.14,,18285.14,0.00,true
2025-05-02,2025-05,FAC 0003-00041800,FAC,C9002,VENTA ONLINE,CAF-BRAS-250,2.00,5782.02,0.00,11564.04,,11564.04,0.00,true
2025-02-18,2025-02,FAC 0003-00040520,FAC,C9002,VENTA ONLINE,CAP-TAZA,3.00,9095.80,0.00,27287.40,,27287.40,0.00,true
2025-06-25,2025-06,FAC 0003-00042284,FAC,C9002,VENTA ONLINE,CAF-BRAS-250,1.00,5909.22,0.00,5909.22,,5909.22,0.00,true
2025-04-23,2025-04,FAC 0003-00041440,FAC,C9002,VENTA ONLINE,CAF-CAPS-10,3.00,7365.49,0.00,22096.48,,22096.47,0.01,true
2025-06-17,2025-06,FAC 0003-00042142,FAC,C9002,VENTA ONLINE,CAF-BRAS-250,2.00,5909.22,0.00,11818.45,,11818.44,0.01,true
2025-05-26,2025-05,FAC 0003-00041803,FAC,C9002,VENTA ONLINE,CAF-COLOM-250,1.00,8945.76,0.00,8945.76,,8945.76,0.00,true
2025-04-28,2025-04,FAC 0003-00041335,FAC,C9002,VENTA ONLINE,CAF-BLEND-250,2.00,5977.79,0.00,11955.58,,11955.58,0.00,true
2025-01-04,2025-01,FAC 0003-00040276,FAC,C9001,CONSUMIDOR FINAL,CAF-BLEND-250,1.00,5600.00,0.00,5600.00,,5600.00,0.00,true
2025-01-14,2025-01,FAC 0003-00040196,FAC,C9002,VENTA ONLINE,CAF-ETIOP-250,2.00,9500.00,0.00,19000.00,,19000.00,0.00,true
2025-03-23,2025-03,FAC 0003-00041221,FAC,C9001,CONSUMIDOR FINAL,CAF-ETIOP-250,2.00,9922.60,0.00,19845.20,,19845.20,0.00,true
2025-03-04,2025-03,FAC 0003-00041201,FAC,C9001,CONSUMIDOR FINAL,CAF-BLEND-250,1.00,5849.11,0.00,5849.11,,5849.11,0.00,true
2025-03-11,2025-03,FAC 0003-00041211,FAC,C9001,CONSUMIDOR FINAL,CAF-COLOM-250,1.00,8564.77,0.00,8564.77,,8564.77,0.00,true
2025-04-19,2025-04,FAC 0003-00041341,FAC,C9002,VENTA ONLINE,CAP-FILTRO-100,1.00,3415.88,0.00,3415.88,,3415.88,0.00,true
2025-02-12,2025-02,FAC 0003-00040637,FAC,C9002,VENTA ONLINE,CAF-COLOM-250,3.00,8380.40,0.00,25141.20,,25141.20,0.00,true
2025-04-15,2025-04,FAC 0003-00041428,FAC,C9002,VENTA ONLINE,CAF-ETIOP-250,3.00,10140.90,0.00,30422.69,,30422.70,-0.01,true
2025-02-02,2025-02,FAC 0003-00040584,FAC,C9002,VENTA ONLINE,CAF-BLEND-250,1.00,5723.20,0.00,5723.20,,5723.20,0.00,true
2025-03-05,2025-03,FAC 0003-00040882,FAC,C0134,Bar Agronomia,CAF-BRAS-1K,3.00,17756.23,35.00,34624.64,M. Paz,34624.65,-0.01,true
2025-02-12,2025-02,FAC 0003-00040699,FAC,C9001,CONSUMIDOR FINAL,CAF-ETIOP-250,1.00,9709.00,0.00,9709.00,,9709.00,0.00,true
2025-03-11,2025-03,FAC 0003-00041102,FAC,C9002,VENTA ONLINE,CAF-CAPS-10,1.00,7206.94,0.00,7206.94,,7206.94,0.00,true
2025-03-08,2025-03,FAC 0003-00040954,FAC,C9002,VENTA ONLINE,CAF-COLOM-250,3.00,8564.77,0.00,25694.31,,25694.31,0.00,true
2025-01-16,2025-01,FAC 0003-00040331,FAC,C9001,CONSUMIDOR FINAL,CAF-BLEND-1K,1.00,18000.00,0.00,18000.00,,18000.00,0.00,true
2025-06-03,2025-06,FAC 0003-00042262,FAC,C9002,VENTA ONLINE,CAF-COLOM-250,2.00,9142.57,0.00,18285.14,,18285.14,0.00,true
2025-06-12,2025-06,FAC 0003-00042386,FAC,C9002,VENTA ONLINE,CAF-ETIOP-250,3.00,10592.00,0.00,31776.01,,31776.00,0.01,true
2025-06-07,2025-06,FAC 0003-00042348,FAC,C9002,VENTA ONLINE,CAF-CAPS-10,3.00,7693.14,0.00,23079.42,,23079.42,0.00,true
2025-02-27,2025-02,FAC 0003-00040473,FAC,C0139,La Ventanita de Constitucion II,CAF-BLEND-1K,3.00,18396.00,30.00,38631.60,R. Ibarra,38631.60,0.00,true
2025-01-05,2025-01,FAC 0003-00040174,FAC,C9002,VENTA ONLINE,CAF-ETIOP-250,2.00,9500.00,0.00,19000.00,,19000.00,0.00,true
2025-02-05,2025-02,FAC 0003-00040761,FAC,C9001,CONSUMIDOR FINAL,CAF-BLEND-1K,1.00,18396.00,0.00,18396.00,,18396.00,0.00,true
2025-02-14,2025-02,FAC 0003-00040431,FAC,C0107,La Ventanita de Nunez II,CAF-BRAS-1K,6.00,17374.00,35.00,67758.60,R. Ibarra,67758.60,0.00,true
2025-05-07,2025-05,FAC 0003-00041652,FAC,C0101,El Almacen de Palermo II,CAF-BLEND-1K,9.00,19637.04,35.00,114876.70,M. Paz,114876.68,0.02,true
2025-01-12,2025-01,FAC 0003-00040119,FAC,C9002,VENTA ONLINE,CAF-BLEND-250,3.00,5600.00,0.00,16800.00,,16800.00,0.00,true
2025-01-10,2025-01,FAC 0003-00040124,FAC,C9002,VENTA ONLINE,CAF-COLOM-250,1.00,8200.00,0.00,8200.00,,8200.00,0.00,true
2025-06-10,2025-06,FAC 0003-00042259,FAC,C9002,VENTA ONLINE,CAF-BLEND-250,2.00,6243.71,0.00,12487.41,,12487.42,-0.01,true
2025-04-28,2025-04,FAC 0003-00041496,FAC,C9002,VENTA ONLINE,CAF-BLEND-250,2.00,5977.79,0.00,11955.58,,11955.58,0.00,true
2025-03-16,2025-03,NC 0003-00001223,NC,C0108,Coffee Lab Colegiales,CAF-BRAS-1K,-3.00,17756.23,32.00,-36222.71,,-36222.71,-0.00,true
2025-03-27,2025-03,FAC 0003-00040959,FAC,C9002,VENTA ONLINE,CAF-COLOM-250,3.00,8564.77,0.00,25694.31,,25694.31,0.00,true
2025-01-18,2025-01,NC 0003-00001202,NC,C0122,El Almacen de Almagro,CAF-BRAS-1K,-4.00,17000.00,32.00,-46240.00,,-46240.00,0.00,true
2025-02-17,2025-02,FAC 0003-00040819,FAC,C9001,CONSUMIDOR FINAL,CAP-FILTRO-100,2.00,3270.40,0.00,6540.80,,6540.80,0.00,true
2025-05-07,2025-05,FAC 0003-00041894,FAC,C9002,VENTA ONLINE,CAF-CAPS-10,1.00,7527.53,0.00,7527.53,,7527.53,0.00,true
2025-04-25,2025-04,FAC 0003-00041304,FAC,C9002,VENTA ONLINE,CAF-COLOM-250,1.00,8753.19,0.00,8753.19,,8753.19,0.00,true
2025-05-28,2025-05,FAC 0003-00041772,FAC,C9002,VENTA ONLINE,CAF-ETIOP-250,1.00,10363.99,0.00,10363.99,,10363.99,0.00,true
2025-01-07,2025-01,FAC 0003-00040075,FAC,C9002,VENTA ONLINE,CAF-CAPS-10,3.00,6900.00,0.00,20700.00,,20700.00,0.00,true
2025-03-11,2025-03,FAC 0003-00041088,FAC,C9002,VENTA ONLINE,CAF-ETIOP-250,3.00,9922.60,0.00,29767.79,,29767.80,-0.01,true
2025-04-18,2025-04,FAC 0003-00041558,FAC,C9001,CONSUMIDOR FINAL,CAF-COLOM-250,2.00,8753.19,0.00,17506.39,,17506.38,0.01,true
2025-01-13,2025-01,FAC 0003-00040127,FAC,C9002,VENTA ONLINE,CAF-BLEND-250,3.00,5600.00,0.00,16800.00,,16800.00,0.00,true
2025-03-06,2025-03,FAC 0003-00041070,FAC,C9002,VENTA ONLINE,CAF-BLEND-250,3.00,5849.11,0.00,17547.33,,17547.33,0.00,true
2025-03-18,2025-03,FAC 0003-00041035,FAC,C9002,VENTA ONLINE,CAF-BLEND-250,2.00,5849.11,0.00,11698.22,,11698.22,0.00,true
2025-02-20,2025-02,FAC 0003-00040583,FAC,C9002,VENTA ONLINE,CAF-CAPS-10,3.00,7051.80,0.00,21155.40,,21155.40,0.00,true
2025-03-25,2025-03,FAC 0003-00040971,FAC,C9002,VENTA ONLINE,CAF-DESCA-250,3.00,7729.18,0.00,23187.54,,23187.54,0.00,true
2025-04-26,2025-04,FAC 0003-00041380,FAC,C9002,VENTA ONLINE,CAF-COLOM-250,2.00,8753.19,0.00,17506.39,,17506.38,0.01,true
2025-01-12,2025-01,FAC 0003-00040295,FAC,C9001,CONSUMIDOR FINAL,CAF-ETIOP-250,2.00,9500.00,0.00,19000.00,,19000.00,0.00,true
2025-04-20,2025-04,FAC 0003-00041332,FAC,C9002,VENTA ONLINE,CAF-COLOM-250,3.00,8753.19,0.00,26259.58,,26259.57,0.01,true
2025-03-23,2025-03,FAC 0003-00040902,FAC,C9002,VENTA ONLINE,CAF-ETIOP-250,3.00,9922.60,0.00,29767.79,,29767.80,-0.01,true
2025-05-13,2025-05,FAC 0003-00042001,FAC,C9001,CONSUMIDOR FINAL,CAF-COLOM-250,1.00,8945.76,0.00,8945.76,,8945.76,0.00,true
2025-04-08,2025-04,FAC 0003-00041599,FAC,C9001,CONSUMIDOR FINAL,CAF-BLEND-1K,1.00,19214.33,0.00,19214.33,,19214.33,0.00,true
2025-06-05,2025-06,FAC 0003-00042149,FAC,C9002,VENTA ONLINE,CAF-COLOM-250,3.00,9142.57,0.00,27427.71,,27427.71,0.00,true
2025-06-16,2025-06,FAC 0003-00042488,FAC,C9001,CONSUMIDOR FINAL,CAF-ETIOP-250,2.00,10592.00,0.00,21184.01,,21184.00,0.01,true
2025-06-23,2025-06,FAC 0003-00042274,FAC,C9002,VENTA ONLINE,CAF-COLOM-250,1.00,9142.57,0.00,9142.57,,9142.57,0.00,true
2025-01-22,2025-01,FAC 0003-00040094,FAC,C9002,VENTA ONLINE,CAF-BRAS-250,2.00,5300.00,0.00,10600.00,,10600.00,0.00,true
2025-04-01,2025-04,FAC 0003-00041381,FAC,C9002,VENTA ONLINE,CAF-BRAS-250,1.00,5657.55,0.00,5657.55,,5657.55,0.00,true
2025-03-13,2025-03,FAC 0003-00040940,FAC,C9002,VENTA ONLINE,CAP-FILTRO-100,2.00,3342.35,0.00,6684.70,,6684.70,0.00,true
2025-04-03,2025-04,FAC 0003-00041460,FAC,C9002,VENTA ONLINE,CAF-ETIOP-250,1.00,10140.90,0.00,10140.90,,10140.90,0.00,true
2025-04-28,2025-04,FAC 0003-00041368,FAC,C9002,VENTA ONLINE,CAF-BRAS-250,3.00,5657.55,0.00,16972.66,,16972.65,0.01,true
2025-01-05,2025-01,FAC 0003-00040364,FAC,C9001,CONSUMIDOR FINAL,CAP-FILTRO-100,1.00,3200.00,0.00,3200.00,,3200.00,0.00,true
2025-04-12,2025-04,FAC 0003-00041374,FAC,C9002,VENTA ONLINE,CAF-CAPS-10,3.00,7365.49,0.00,22096.48,,22096.47,0.01,true
2025-05-13,2025-05,FAC 0003-00041658,FAC,C0107,La Ventanita de Nunez II,CAF-BLEND-1K,5.00,19637.04,35.00,63820.39,,63820.38,0.01,true
2025-05-25,2025-05,FAC 0003-00041768,FAC,C9002,VENTA ONLINE,CAF-CAPS-10,1.00,7527.53,0.00,7527.53,,7527.53,0.00,true
2025-02-08,2025-02,FAC 0003-00040804,FAC,C9001,CONSUMIDOR FINAL,CAF-BLEND-250,2.00,5723.20,0.00,11446.40,,11446.40,0.00,true
2025-02-11,2025-02,FAC 0003-00040512,FAC,C9002,VENTA ONLINE,CAF-COLOM-250,1.00,8380.40,0.00,8380.40,,8380.40,0.00,true
2025-06-14,2025-06,FAC 0003-00042136,FAC,C0136,Tostado Villa Urquiza,CAF-BLEND-1K,9.00,20069.06,35.00,117403.99,,117404.00,-0.01,true
2025-03-20,2025-03,FAC 0003-00040884,FAC,C0136,Tostado Villa Urquiza,CAF-BLEND-1K,5.00,18800.71,35.00,61102.31,M. Paz,61102.31,0.00,true
2025-05-14,2025-05,FAC 0003-00041949,FAC,C9001,CONSUMIDOR FINAL,CAF-COLOM-250,1.00,8945.76,0.00,8945.76,,8945.76,0.00,true
2025-03-11,2025-03,FAC 0003-00041189,FAC,C9001,CONSUMIDOR FINAL,CAF-COLOM-250,1.00,8564.77,0.00,8564.77,,8564.77,0.00,true
