fecha;comprobante;tipo_comprobante;codigo_cliente;razon_social;codigo_producto;cantidad;precio_unitario;bonificacion_pct;importe;vendedor
05/01/2025;FAC 0003-00040174;FAC;C9002;VENTA ONLINE;CAF-BLEND-250;2;5600.0;0;11200.0;
14/03/2025;FAC 0003-00040914;FAC;C9002;VENTA ONLINE;CAF-ETIOP-250;1;9922.6;0;9922.6;
10/04/2025;FAC 0003-00041573;FAC;C9001;CONSUMIDOR FINAL;CAF-ETIOP-250;2;10140.9;0;20281.79;
08/01/2025;FAC 0003-00040172;FAC;C9002;VENTA ONLINE;CAF-BLEND-250;2;5600.0;0;11200.0;
22/04/2025;FAC 0003-00041384;FAC;C9002;VENTA ONLINE;CAF-BRAS-250;1;5657.55;0;5657.55;
06/02/2025;FAC 0003-00040462;FAC;C0131;Tostado Coghlan II;CAF-BLEND-1K;9;18396.0;35;107616.6;M. Paz
24/06/2025;FAC 0003-00042139;FAC;C0138;El Almacen de Constitucion;CAF-BLEND-1K;5;20069.06;30;70241.7;R. Ibarra
26/01/2025;FAC 0003-00040166;FAC;C9002;VENTA ONLINE;CAF-CAPS-10;2;6900.0;0;13800.0;
22/03/2025;FAC 0003-00040970;FAC;C9002;VENTA ONLINE;CAF-COLOM-250;3;8564.77;0;25694.31;
21/01/2025;FAC 0003-00040085;FAC;C9002;VENTA ONLINE;CAF-CAPS-10;1;6900.0;0;6900.0;
01/05/2025;FAC 0003-00041669;FAC;C0113;Bar Recoleta II;CAF-BRAS-1K;4;18546.1;30;51929.07;M. Paz
20/05/2025;FAC 0003-00041904;FAC;C9002;VENTA ONLINE;CAF-ETIOP-250;2;10363.99;0;20727.99;
11/01/2025;FAC 0003-00040046;FAC;C0133;El Almacen de Barracas II;CAF-BRAS-1K;2;17000.0;35;22100.0;
06/04/2025;FAC 0003-00041371;FAC;C9002;VENTA ONLINE;CAF-COLOM-250;2;8753.19;0;17506.39;
04/05/2025;FAC 0003-00041678;FAC;C0122;El Almacen de Almagro;CAF-BRAS-1K;4;18546.1;32;50445.38;R. Ibarra
25/06/2025;FAC 0003-00042303;FAC;C9002;VENTA ONLINE;CAF-COLOM-250;1;9142.57;0;9142.57;
04/06/2025;FAC 0003-00042311;FAC;C9002;VENTA ONLINE;CAF-BRAS-250;3;5909.22;0;17727.67;
14/04/2025;FAC 0003-00041416;FAC;C9002;VENTA ONLINE;CAF-ETIOP-250;1;10140.9;0;10140.9;
04/05/2025;FAC 0003-00041938;FAC;C9002;VENTA ONLINE;CAF-BLEND-250;1;6109.3;0;6109.3;
07/02/2025;FAC 0003-00040453;FAC;C0125;Usina Flores II;CAF-BRAS-1K;7;17374.0;32;82700.24;M. Paz
12/05/2025;FAC 0003-00041977;FAC;C9001;CONSUMIDOR FINAL;CAF-COLOM-250;1;8945.76;0;8945.76;
03/02/2025;FAC 0003-00040430;FAC;C0106;El Almacen de Nunez;CAF-BRAS-1K;4;17374.0;30;48647.2;
22/06/2025;FAC 0003-00042098;FAC;C0107;La Ventanita de Nunez II;CAF-BRAS-1K;6;18954.11;35;73921.03;R. Ibarra
07/05/2025;FAC 0003-00041685;FAC;C0129;Bar San Telmo II;CAF-BRAS-1K;2;18546.1;32;25222.69;M. Paz
17/05/2025;FAC 0003-00041944;FAC;C9002;VENTA ONLINE;CAF-BLEND-250;2;6109.3;0;12218.6;
23/06/2025;FAC 0003-00042316;FAC;C9002;VENTA ONLINE;CAF-CAPS-10;3;7693.14;0;23079.42;
05/04/2025;FAC 0003-00041247;FAC;C0101;El Almacen de Palermo II;CAF-BRAS-1K;7;18146.87;35;82568.24;
01/05/2025;FAC 0003-00041738;FAC;C9002;VENTA ONLINE;CAF-BLEND-250;2;6109.3;0;12218.6;
10/05/2025;FAC 0003-00042027;FAC;C9001;CONSUMIDOR FINAL;CAF-ETIOP-250;2;10363.99;0;20727.99;
27/06/2025;FAC 0003-00042320;FAC;C9002;VENTA ONLINE;CAF-BRAS-250;2;5909.22;0;11818.45;
10/05/2025;FAC 0003-00041841;FAC;C9002;VENTA ONLINE;CAF-COLOM-250;3;8945.76;0;26837.29;
09/06/2025;FAC 0003-00042171;FAC;C9002;VENTA ONLINE;CAF-BLEND-250;3;6243.71;0;18731.12;
22/05/2025;FAC 0003-00041686;FAC;C0129;Bar San Telmo II;CAF-BRAS-1K;8;18546.1;32;100890.76;
05/01/2025;FAC 0003-00040047;FAC;C0133;El Almacen de Barracas II;CAF-BRAS-1K;4;17000.0;35;44200.0;M. Paz
10/01/2025;FAC 0003-00040022;FAC;C0109;Usina Colegiales II;CAF-BLEND-1K;4;18000.0;32;48960.0;M. Paz
14/05/2025;FAC 0003-00041870;FAC;C9002;VENTA ONLINE;CAF-COLOM-250;2;8945.76;0;17891.53;
28/05/2025;FAC 0003-00041731;FAC;C9002;VENTA ONLINE;CAP-TAZA;3;9709.43;0;29128.28;
21/04/2025;FAC 0003-00041391;FAC;C9002;VENTA ONLINE;CAF-CAPS-10;3;7365.49;0;22096.48;
27/04/2025;FAC 0003-00041282;FAC;C0134;Bar Agronomia;CAP-FILTRO-100;2;3415.88;35;4440.64;M. Paz
01/02/2025;FAC 0003-00040834;FAC;C9001;CONSUMIDOR FINAL;CAP-FILTRO-100;2;3270.4;0;6540.8;
12/04/2025;FAC 0003-00041292;FAC;C9002;VENTA ONLINE;CAF-BRAS-250;2;5657.55;0;11315.1;
07/03/2025;FAC 0003-00040909;FAC;C9002;VENTA ONLINE;CAF-ETIOP-250;3;9922.6;0;29767.79;
26/06/2025;FAC 0003-00042283;FAC;C9002;VENTA ONLINE;CAF-ETIOP-250;2;10592.0;0;21184.01;
05/04/2025;FAC 0003-00041325;FAC;C9002;VENTA ONLINE;CAF-BLEND-250;2;5977.79;0;11955.58;
14/04/2025;FAC 0003-00041265;FAC;C0120;Tostado Chacarita;CAF-BRAS-1K;8;18146.87;32;98718.95;
23/01/2025;FAC 0003-00040084;FAC;C9002;VENTA ONLINE;CAF-DESCA-250;1;7400.0;0;7400.0;
22/05/2025;FAC 0003-00042021;FAC;C9001;CONSUMIDOR FINAL;CAF-BLEND-1K;2;19637.04;0;39274.09;
04/01/2025;FAC 0003-00040038;FAC;C0125;Usina Flores II;CAF-BLEND-1K;9;18000.0;32;110160.0;R. Ibarra
09/06/2025;FAC 0003-00042296;FAC;C9002;VENTA ONLINE;CAF-COLOM-250;1;9142.57;0;9142.57;
27/03/2025;FAC 0003-00041101;FAC;C9002;VENTA ONLINE;CAF-BLEND-250;3;5849.11;0;17547.33;
16/05/2025;FAC 0003-00041667;FAC;C0112;La Ventanita de Recoleta;CAF-BRAS-1K;3;18546.1;35;36164.89;R. Ibarra
02/04/2025;FAC 0003-00041435;FAC;C9002;VENTA ONLINE;CAF-ETIOP-250;1;10140.9;0;10140.9;
14/02/2025;FAC 0003-00040431;FAC;C0107;La Ventanita de Nunez II;CAF-BLEND-1K;3;18396.0;35;35872.2;R. Ibarra
10/05/2025;FAC 0003-00041844;FAC;C9002;VENTA ONLINE;CAF-ETIOP-250;1;10363.99;0;10363.99;
18/06/2025;FAC 0003-00042125;FAC;C0128;La Ventanita de San Telmo;CAF-BRAS-1K;2;18954.11;32;25777.59;M. Paz
19/01/2025;FAC 0003-00040034;FAC;C0122;El Almacen de Almagro;CAF-BLEND-1K;6;18000.0;32;73440.0;R. Ibarra
27/05/2025;FAC 0003-00042038;FAC;C9001;CONSUMIDOR FINAL;CAF-COLOM-250;2;8945.76;0;17891.53;
02/05/2025;FAC 0003-00042076;FAC;C9001;CONSUMIDOR FINAL;CAF-COLOM-250;2;8945.76;0;17891.53;
20/05/2025;FAC 0003-00042046;FAC;C9001;CONSUMIDOR FINAL;CAF-COLOM-250;1;8945.76;0;8945.76;
03/05/2025;FAC 0003-00041687;FAC;C0131;Tostado Coghlan II;CAF-BRAS-1K;3;18546.1;35;36164.89;R. Ibarra
16/05/2025;FAC 0003-00041736;FAC;C9002;VENTA ONLINE;CAF-DESCA-250;3;8073.01;0;24219.02;
15/04/2025;FAC 0003-00041302;FAC;C9002;VENTA ONLINE;CAF-COLOM-250;2;8753.19;0;17506.39;
10/06/2025;FAC 0003-00042334;FAC;C9002;VENTA ONLINE;CAF-COLOM-250;1;9142.57;0;9142.57;
20/01/2025;FAC 0003-00040108;FAC;C9002;VENTA ONLINE;CAP-FILTRO-100;3;3200.0;0;9600.0;
13/02/2025;FAC 0003-00040825;FAC;C9001;CONSUMIDOR FINAL;CAF-BLEND-250;2;5723.2;0;11446.4;
08/04/2025;FAC 0003-00041421;FAC;C9002;VENTA ONLINE;CAF-DESCA-250;3;7899.22;0;23697.67;
25/06/2025;FAC 0003-00042325;FAC;C9002;VENTA ONLINE;CAF-COLOM-250;1;9142.57;0;9142.57;
06/02/2025;FAC 0003-00040492;FAC;C9002;VENTA ONLINE;CAF-BLEND-250;3;5723.2;0;17169.6;
07/01/2025;FAC 0003-00040090;FAC;C9002;VENTA ONLINE;CAF-BLEND-250;1;5600.0;0;5600.0;
15/04/2025;FAC 0003-00041343;FAC;C9002;VENTA ONLINE;CAF-BRAS-250;1;5657.55;0;5657.55;
26/02/2025;FAC 0003-00040612;FAC;C9002;VENTA ONLINE;CAF-COLOM-250;3;8380.4;0;25141.2;
25/02/2025;FAC 0003-00040486;FAC;C9002;VENTA ONLINE;CAF-ETIOP-250;2;9709.0;0;19418.0;
19/03/2025;FAC 0003-00040921;FAC;C9002;VENTA ONLINE;CAF-BLEND-250;1;5849.11;0;5849.11;
01/06/2025;FAC 0003-00042103;FAC;C0110;Panaderia Devoto;CAF-BRAS-1K;8;18954.11;35;98561.37;M. Paz
06/04/2025;FAC 0003-00041452;FAC;C9002;VENTA ONLINE;CAF-BLEND-250;1;5977.79;0;5977.79;
06/04/2025;FAC 0003-00041532;FAC;C9001;CONSUMIDOR FINAL;CAP-FILTRO-100;2;3415.88;0;6831.76;
11/03/2025;FAC 0003-00040944;FAC;C9002;VENTA ONLINE;CAF-BRAS-250;3;5535.77;0;16607.3;
10/01/2025;FAC 0003-00040086;FAC;C9002;VENTA ONLINE;CAF-BLEND-250;3;5600.0;0;16800.0;
24/06/2025;FAC 0003-00042138;FAC;C0137;Panaderia Villa Urquiza II;CAF-BRAS-1K;8;18954.11;30;106143.02;
01/02/2025;FAC 0003-00040593;FAC;C9002;VENTA ONLINE;CAF-ETIOP-250;2;9709.0;0;19418.0;
24/06/2025;FAC 0003-00042138;FAC;C0137;Panaderia Villa Urquiza II;CAF-BLEND-1K;7;20069.06;30;98338.38;
19/05/2025;FAC 0003-00041715;FAC;C9002;VENTA ONLINE;CAF-ETIOP-250;1;10363.99;0;10363.99;
15/05/2025;FAC 0003-00041920;FAC;C9002;VENTA ONLINE;CAF-BLEND-250;2;6109.3;0;12218.6;
17/06/2025;FAC 0003-00042188;FAC;C9002;VENTA ONLINE;CAF-COLOM-250;2;9142.57;0;18285.14;
17/05/2025;FAC 0003-00041863;FAC;C9002;VENTA ONLINE;CAF-BLEND-250;1;6109.3;0;6109.3;
25/04/2025;FAC 0003-00041530;FAC;C9001;CONSUMIDOR FINAL;CAF-BLEND-250;2;5977.79;0;11955.58;
01/02/2025;FAC 0003-00040436;FAC;C0111;Cafe Devoto II;CAF-BRAS-1K;4;17374.0;35;45172.4;
17/05/2025;FAC 0003-00042056;FAC;C9001;CONSUMIDOR FINAL;CAF-BLEND-1K;1;19637.04;0;19637.04;
24/03/2025;FAC 0003-00040864;FAC;C0119;Coffee Lab Saavedra II;CAF-BLEND-1K;5;18800.71;35;61102.31;M. Paz
16/04/2025;FAC 0003-00041561;FAC;C9001;CONSUMIDOR FINAL;CAF-COLOM-250;2;8753.19;0;17506.39;
19/01/2025;FAC 0003-00040066;FAC;C9002;VENTA ONLINE;CAF-ETIOP-250;2;9500.0;0;19000.0;
12/02/2025;FAC 0003-00040735;FAC;C9001;CONSUMIDOR FINAL;CAF-BLEND-250;1;5723.2;0;5723.2;
22/02/2025;FAC 0003-00040429;FAC;C0106;El Almacen de Nunez;CAP-FILTRO-100;4;3270.4;30;9157.12;M. Paz
04/04/2025;FAC 0003-00041344;FAC;C9002;VENTA ONLINE;CAP-TAZA;1;9500.42;0;9500.42;
23/02/2025;FAC 0003-00040771;FAC;C9001;CONSUMIDOR FINAL;CAF-BLEND-250;1;5723.2;0;5723.2;
26/05/2025;FAC 0003-00041932;FAC;C9002;VENTA ONLINE;CAP-FILTRO-100;3;3491.03;0;10473.09;
01/01/2025;FAC 0003-00040363;FAC;C9001;CONSUMIDOR FINAL;CAF-BLEND-250;2;5600.0;0;11200.0;
17/02/2025;FAC 0003-00040544;FAC;C9002;VENTA ONLINE;CAF-DESCA-250;2;7562.8;0;15125.6;
05/01/2025;FAC 0003-00040397;FAC;C9001;CONSUMIDOR FINAL;CAF-COLOM-250;1;8200.0;0;8200.0;
06/03/2025;FAC 0003-00041109;FAC;C9002;VENTA ONLINE;CAF-ETIOP-250;2;9922.6;0;19845.2;
28/02/2025;FAC 0003-00040797;FAC;C9001;CONSUMIDOR FINAL;CAF-COLOM-250;1;8380.4;0;8380.4;
17/03/2025;FAC 0003-00040907;FAC;C9002;VENTA ONLINE;CAF-BRAS-250;3;5535.77;0;16607.3;
19/02/2025;FAC 0003-00040641;FAC;C9002;VENTA ONLINE;CAF-ETIOP-250;1;9709.0;0;9709.0;
09/06/2025;FAC 0003-00042122;FAC;C0125;Usina Flores II;CAF-BLEND-1K;9;20069.06;32;122822.63;M. Paz
16/04/2025;FAC 0003-00041509;FAC;C9002;VENTA ONLINE;CAF-BLEND-250;2;5977.79;0;11955.58;
28/05/2025;FAC 0003-00041670;FAC;C0114;Usina Boedo;CAF-BRAS-1K;4;18546.1;32;50445.38;
02/06/2025;FAC 0003-00042123;FAC;C0126;Panaderia Parque Chas;CAF-BRAS-1K;5;18954.11;32;64443.97;M. Paz
05/05/2025;FAC 0003-00041654;FAC;C0103;Coffee Lab Belgrano II;CAF-BLEND-1K;6;19637.04;35;76584.47;M. Paz
09/02/2025;FAC 0003-00040435;FAC;C0111;Cafe Devoto II;CAF-BLEND-1K;4;18396.0;35;47829.6;R. Ibarra
07/01/2025;FAC 0003-00040161;FAC;C9002;VENTA ONLINE;CAF-BLEND-250;2;5600.0;0;11200.0;
22/01/2025;FAC 0003-00040080;FAC;C9002;VENTA ONLINE;CAF-ETIOP-250;1;9500.0;0;9500.0;
07/02/2025;FAC 0003-00040795;FAC;C9001;CONSUMIDOR FINAL;CAF-BLEND-250;1;5723.2;0;5723.2;
22/03/2025;FAC 0003-00041066;FAC;C9002;VENTA ONLINE;CAP-FILTRO-100;1;3342.35;0;3342.35;
06/05/2025;FAC 0003-00041856;FAC;C9002;VENTA ONLINE;CAF-ETIOP-250;1;10363.99;0;10363.99;
26/06/2025;FAC 0003-00042109;FAC;C0114;Usina Boedo;CAF-BLEND-1K;5;20069.06;32;68234.8;
16/04/2025;FAC 0003-00041382;FAC;C9002;VENTA ONLINE;CAF-COLOM-250;3;8753.19;0;26259.58;
14/02/2025;FAC 0003-00040705;FAC;C9001;CONSUMIDOR FINAL;CAF-BLEND-1K;1;18396.0;0;18396.0;
21/06/2025;FAC 0003-00042336;FAC;C9002;VENTA ONLINE;CAF-BRAS-250;2;5909.22;0;11818.45;
07/06/2025;FAC 0003-00042083;FAC;C0001;GRANOS DEL SUR S.A.;CAF-BLEND-CJ6;8;113724.66;40;545878.37;R. Ibarra
19/03/2025;FAC 0003-00041228;FAC;C9001;CONSUMIDOR FINAL;CAF-BLEND-250;1;5849.11;0;5849.11;
12/05/2025;FAC 0003-00041898;FAC;C9002;VENTA ONLINE;CAF-COLOM-250;1;8945.76;0;8945.76;
06/04/2025;FAC 0003-00041452;FAC;C9002;VENTA ONLINE;CAF-ETIOP-250;2;10140.9;0;20281.79;
20/02/2025;FAC 0003-00040682;FAC;C9002;VENTA ONLINE;CAF-ETIOP-250;2;9709.0;0;19418.0;
03/01/2025;FAC 0003-00040214;FAC;C9002;VENTA ONLINE;CAF-COLOM-250;1;8200.0;0;8200.0;
15/06/2025;FAC 0003-00042507;FAC;C9001;CONSUMIDOR FINAL;CAF-COLOM-250;2;9142.57;0;18285.14;
21/02/2025;FAC 0003-00040528;FAC;C9002;VENTA ONLINE;CAF-ETIOP-250;3;9709.0;0;29127.0;
21/04/2025;FAC 0003-00041550;FAC;C9001;CONSUMIDOR FINAL;CAF-BLEND-250;1;5977.79;0;5977.79;
02/06/2025;FAC 0003-00042258;FAC;C9002;VENTA ONLINE;CAF-ETIOP-250;2;10592.0;0;21184.01;
02/04/2025;FAC 0003-00041259;FAC;C0112;La Ventanita de Recoleta;CAF-BLEND-1K;4;19214.33;35;49957.25;
05/04/2025;FAC 0003-00041311;FAC;C9002;VENTA ONLINE;CAF-ETIOP-250;1;10140.9;0;10140.9;
19/02/2025;FAC 0003-00040432;FAC;C0108;Coffee Lab Colegiales;CAP-FILTRO-100;5;3270.4;32;11119.36;R. Ibarra
17/03/2025;FAC 0003-00040880;FAC;C0133;El Almacen de Barracas II;CAF-BLEND-1K;3;18800.71;35;36661.39;M. Paz
23/06/2025;FAC 0003-00042330;FAC;C9002;VENTA ONLINE;CAF-COLOM-250;3;9142.57;0;27427.71;
07/02/2025;FAC 0003-00040684;FAC;C9002;VENTA ONLINE;CAP-TAZA;2;9095.8;0;18191.6;
05/03/2025;FAC 0003-00041094;FAC;C9002;VENTA ONLINE;CAF-DESCA-250;1;7729.18;0;7729.18;
07/04/2025;FAC 0003-00041270;FAC;C0124;Coffee Lab Flores;CAF-BLEND-1K;4;19214.33;35;49957.25;M. Paz
14/02/2025;FAC 0003-00040798;FAC;C9001;CONSUMIDOR FINAL;CAF-BLEND-250;2;5723.2;0;11446.4;
18/04/2025;FAC 0003-00041548;FAC;C9001;CONSUMIDOR FINAL;CAF-BLEND-250;2;5977.79;0;11955.58;
21/02/2025;FAC 0003-00040523;FAC;C9002;VENTA ONLINE;CAP-TAZA;1;9095.8;0;9095.8;
12/03/2025;FAC 0003-00040939;FAC;C9002;VENTA ONLINE;CAF-ETIOP-250;1;9922.6;0;9922.6;
05/06/2025;FAC 0003-00042169;FAC;C9002;VENTA ONLINE;CAF-COLOM-250;1;9142.57;0;9142.57;
01/03/2025;FAC 0003-00040878;FAC;C0132;Cafe Barracas;CAF-BRAS-1K;4;17756.23;35;46166.19;
21/02/2025;FAC 0003-00040570;FAC;C9002;VENTA ONLINE;CAF-BRAS-250;3;5416.6;0;16249.8;
15/01/2025;FAC 0003-00040207;FAC;C9002;VENTA ONLINE;CAP-TAZA;1;8900.0;0;8900.0;
07/05/2025;FAC 0003-00042017;FAC;C9001;CONSUMIDOR FINAL;CAF-BLEND-250;2;6109.3;0;12218.6;
16/02/2025;FAC 0003-00040700;FAC;C9001;CONSUMIDOR FINAL;CAF-BLEND-250;2;5723.2;0;11446.4;
20/03/2025;FAC 0003-00040892;FAC;C9002;VENTA ONLINE;CAF-BRAS-250;3;5535.77;0;16607.3;
27/03/2025;FAC 0003-00041019;FAC;C9002;VENTA ONLINE;CAF-BRAS-250;2;5535.77;0;11071.53;
03/02/2025;FAC 0003-00040600;FAC;C9002;VENTA ONLINE;CAF-DESCA-250;2;7562.8;0;15125.6;
19/06/2025;FAC 0003-00042479;FAC;C9001;CONSUMIDOR FINAL;CAF-ETIOP-250;2;10592.0;0;21184.01;
14/04/2025;FAC 0003-00041315;FAC;C9002;VENTA ONLINE;CAF-CAPS-10;1;7365.49;0;7365.49;
03/02/2025;FAC 0003-00040566;FAC;C9002;VENTA ONLINE;CAF-ETIOP-250;2;9709.0;0;19418.0;
17/04/2025;FAC 0003-00041642;FAC;C9001;CONSUMIDOR FINAL;CAF-BLEND-250;1;5977.79;0;5977.79;
27/04/2025;FAC 0003-00041340;FAC;C9002;VENTA ONLINE;CAF-ETIOP-250;1;10140.9;0;10140.9;
04/06/2025;FAC 0003-00042286;FAC;C9002;VENTA ONLINE;CAF-COLOM-250;3;9142.57;0;27427.71;
19/03/2025;FAC 0003-00041173;FAC;C9001;CONSUMIDOR FINAL;CAF-COLOM-250;1;8564.77;0;8564.77;
06/04/2025;FAC 0003-00041525;FAC;C9001;CONSUMIDOR FINAL;CAP-FILTRO-100;1;3415.88;0;3415.88;
09/02/2025;FAC 0003-00040457;FAC;C0128;La Ventanita de San Telmo;CAF-BLEND-1K;7;18396.0;32;87564.96;
12/05/2025;FAC 0003-00041690;FAC;C0134;Bar Agronomia;CAF-BRAS-1K;2;18546.1;35;24109.92;R. Ibarra
18/02/2025;FAC 0003-00040802;FAC;C9001;CONSUMIDOR FINAL;CAF-BLEND-250;2;5723.2;0;11446.4;
26/05/2025;FAC 0003-00041803;FAC;C9002;VENTA ONLINE;CAP-TAZA;3;9709.43;0;29128.28;
25/01/2025;FAC 0003-00040190;FAC;C9002;VENTA ONLINE;CAF-ETIOP-250;3;9500.0;0;28500.0;
18/03/2025;FAC 0003-00040850;FAC;C0104;Tostado Villa Crespo;CAF-BLEND-1K;3;18800.71;35;36661.39;M. Paz
19/02/2025;FAC 0003-00040768;FAC;C9001;CONSUMIDOR FINAL;CAF-BLEND-250;2;5723.2;0;11446.4;
03/03/2025;FAC 0003-00041022;FAC;C9002;VENTA ONLINE;CAF-ETIOP-250;2;9922.6;0;19845.2;
19/02/2025;FAC 0003-00040784;FAC;C9001;CONSUMIDOR FINAL;CAF-ETIOP-250;1;9709.0;0;9709.0;
04/03/2025;FAC 0003-00041100;FAC;C9002;VENTA ONLINE;CAF-BLEND-250;1;5849.11;0;5849.11;
22/02/2025;FAC 0003-00040414;FAC;C0001;GRANOS DEL SUR S.A.;BLEND1K;35;18396.0;40;386316.0;M. Paz
17/03/2025;FAC 0003-00040862;FAC;C0117;El Almacen de Caballito II;CAF-BRAS-1K;3;17756.23;32;36222.71;
01/04/2025;FAC 0003-00041291;FAC;C9002;VENTA ONLINE;CAF-COLOM-250;3;8753.19;0;26259.58;
23/01/2025;FAC 0003-00040084;FAC;C9002;VENTA ONLINE;CAF-BLEND-250;2;5600.0;0;11200.0;
18/04/2025;FAC 0003-00041385;FAC;C9002;VENTA ONLINE;CAF-BRAS-250;1;5657.55;0;5657.55;
06/03/2025;FAC 0003-00041070;FAC;C9002;VENTA ONLINE;CAF-ETIOP-250;3;9922.6;0;29767.79;
23/06/2025;FAC 0003-00042271;FAC;C9002;VENTA ONLINE;CAF-ETIOP-250;2;10592.0;0;21184.01;
19/02/2025;FAC 0003-00040644;FAC;C9002;VENTA ONLINE;CAF-BLEND-250;1;5723.2;0;5723.2;
13/03/2025;FAC 0003-00041104;FAC;C9002;VENTA ONLINE;CAF-COLOM-250;1;8564.77;0;8564.77;
02/05/2025;FAC 0003-00042054;FAC;C9001;CONSUMIDOR FINAL;CAF-BLEND-1K;2;19637.04;0;39274.09;
02/02/2025;FAC 0003-00040507;FAC;C9002;VENTA ONLINE;CAF-BLEND-250;3;5723.2;0;17169.6;
09/01/2025;FAC 0003-00040173;FAC;C9002;VENTA ONLINE;CAF-BRAS-250;2;5300.0;0;10600.0;
01/02/2025;FAC 0003-00040468;FAC;C0136;Tostado Villa Urquiza;CAF-BRAS-1K;7;17374.0;35;79051.7;M. Paz
18/02/2025;FAC 0003-00040525;FAC;C9002;VENTA ONLINE;CAF-ETIOP-250;2;9709.0;0;19418.0;
12/02/2025;FAC 0003-00040635;FAC;C9002;VENTA ONLINE;CAP-TAZA;1;9095.8;0;9095.8;
20/04/2025;FAC 0003-00041457;FAC;C9002;VENTA ONLINE;CAP-FILTRO-100;3;3415.88;0;10247.64;
21/05/2025;FAC 0003-00041713;FAC;C9002;VENTA ONLINE;CAF-BLEND-250;3;6109.3;0;18327.91;
13/04/2025;FAC 0003-00041566;FAC;C9001;CONSUMIDOR FINAL;CAF-ETIOP-250;1;10140.9;0;10140.9;
08/03/2025;FAC 0003-00041179;FAC;C9001;CONSUMIDOR FINAL;CAF-BLEND-1K;1;18800.71;0;18800.71;
26/01/2025;FAC 0003-00040357;FAC;C9001;CONSUMIDOR FINAL;CAF-BLEND-1K;2;18000.0;0;36000.0;
20/02/2025;FAC 0003-00040451;FAC;C0124;Coffee Lab Flores;CAF-BLEND-1K;4;18396.0;35;47829.6;
14/01/2025;FAC 0003-00040348;FAC;C9001;CONSUMIDOR FINAL;CAF-ETIOP-250;2;9500.0;0;19000.0;
22/03/2025;FAC 0003-00041012;FAC;C9002;VENTA ONLINE;CAF-DESCA-250;1;7729.18;0;7729.18;
01/01/2025;FAC 0003-00040102;FAC;C9002;VENTA ONLINE;CAF-ETIOP-250;3;9500.0;0;28500.0;
24/05/2025;FAC 0003-00041909;FAC;C9002;VENTA ONLINE;CAF-CAPS-10;1;7527.53;0;7527.53;
25/06/2025;FAC 0003-00042151;FAC;C9002;VENTA ONLINE;CAF-COLOM-250;3;9142.57;0;27427.71;
03/01/2025;FAC 0003-00040001;FAC;C0001;GRANOS DEL SUR S.A.;CAF-BLEND-CJ6;4;102000.0;40;244800.0;
20/06/2025;FAC 0003-00042371;FAC;C9002;VENTA ONLINE;CAF-BLEND-250;2;6243.71;0;12487.41;
22/01/2025;FAC 0003-00040016;FAC;C0105;Panaderia Villa Crespo II;CAP-FILTRO-100;6;3200.0;32;13056.0;M. Paz
13/02/2025;FAC 0003-00040575;FAC;C9002;VENTA ONLINE;CAF-BLEND-250;2;5723.2;0;11446.4;
06/05/2025;FAC 0003-00041722;FAC;C9002;VENTA ONLINE;CAF-ETIOP-250;1;10363.99;0;10363.99;
20/06/2025;FAC 0003-00042480;FAC;C9001;CONSUMIDOR FINAL;CAF-BLEND-1K;1;20069.06;0;20069.06;
16/01/2025;FAC 0003-00040025;FAC;C0112;La Ventanita de Recoleta;CAF-BLEND-1K;9;18000.0;35;105300.0;M. Paz
22/06/2025;FAC 0003-00042383;FAC;C9002;VENTA ONLINE;CAF-COLOM-250;2;9142.57;0;18285.14;
28/01/2025;FAC 0003-00040408;FAC;C9001;CONSUMIDOR FINAL;CAF-COLOM-250;1;8200.0;0;8200.0;
24/03/2025;FAC 0003-00040836;FAC;C0001;GRANOS DEL SUR S.A.;CAF-BLEND-CJ6;8;106537.37;40;511379.37;
25/04/2025;FAC 0003-00041503;FAC;C9002;VENTA ONLINE;CAF-BRAS-250;2;5657.55;0;11315.1;
07/04/2025;FAC 0003-00041238;FAC;C0001;GRANOS DEL SUR S.A.;BLEND1K;38;19214.33;40;438086.67;M. Paz
10/02/2025;FAC 0003-00040785;FAC;C9001;CONSUMIDOR FINAL;CAF-BLEND-250;2;5723.2;0;11446.4;
08/03/2025;FAC 0003-00040841;FAC;C0001;GRANOS DEL SUR S.A.;BLEND1K;49;18800.71;40;552740.93;M. Paz
05/02/2025;FAC 0003-00040455;FAC;C0127;Cafe Parque Chas II;CAP-FILTRO-100;6;3270.4;32;13343.23;R. Ibarra
10/02/2025;FAC 0003-00040812;FAC;C9001;CONSUMIDOR FINAL;CAF-BLEND-250;2;5723.2;0;11446.4;
10/02/2025;FAC 0003-00040800;FAC;C9001;CONSUMIDOR FINAL;CAF-BLEND-250;1;5723.2;0;5723.2;
11/06/2025;FAC 0003-00042211;FAC;C9002;VENTA ONLINE;CAF-CAPS-10;3;7693.14;0;23079.42;
27/02/2025;FAC 0003-00040822;FAC;C9001;CONSUMIDOR FINAL;CAF-BLEND-250;2;5723.2;0;11446.4;
18/03/2025;FAC 0003-00040942;FAC;C9002;VENTA ONLINE;CAF-DESCA-250;2;7729.18;0;15458.36;
15/04/2025;FAC 0003-00041640;FAC;C9001;CONSUMIDOR FINAL;CAF-BLEND-1K;2;19214.33;0;38428.66;
10/03/2025;FAC 0003-00040973;FAC;C9002;VENTA ONLINE;CAF-ETIOP-250;3;9922.6;0;29767.79;
20/01/2025;FAC 0003-00040049;FAC;C0136;Tostado Villa Urquiza;CAF-BRAS-1K;5;17000.0;35;55250.0;M. Paz
12/03/2025;FAC 0003-00041063;FAC;C9002;VENTA ONLINE;CAF-COLOM-250;1;8564.77;0;8564.77;
21/06/2025;FAC 0003-00042379;FAC;C9002;VENTA ONLINE;CAF-BLEND-250;3;6243.71;0;18731.12;
04/05/2025;FAC 0003-00041837;FAC;C9002;VENTA ONLINE;CAF-COLOM-250;1;8945.76;0;8945.76;
20/03/2025;FAC 0003-00040929;FAC;C9002;VENTA ONLINE;CAF-BRAS-250;1;5535.77;0;5535.77;
09/06/2025;FAC 0003-00042448;FAC;C9001;CONSUMIDOR FINAL;CAP-FILTRO-100;1;3567.83;0;3567.83;
24/05/2025;FAC 0003-00041952;FAC;C9001;CONSUMIDOR FINAL;CAF-BLEND-250;1;6109.3;0;6109.3;
19/06/2025;FAC 0003-00042329;FAC;C9002;VENTA ONLINE;CAP-FILTRO-100;2;3567.83;0;7135.67;
26/06/2025;FAC 0003-00042257;FAC;C9002;VENTA ONLINE;CAF-DESCA-250;2;8250.61;0;16501.23;
23/04/2025;FAC 0003-00041440;FAC;C9002;VENTA ONLINE;CAF-BRAS-250;1;5657.55;0;5657.55;
09/03/2025;FAC 0003-00041113;FAC;C9002;VENTA ONLINE;CAF-ETIOP-250;1;9922.6;0;9922.6;
19/04/2025;FAC 0003-00041405;FAC;C9002;VENTA ONLINE;CAF-BLEND-250;3;5977.79;0;17933.37;
18/03/2025;FAC 0003-00041035;FAC;C9002;VENTA ONLINE;CAF-ETIOP-250;3;9922.6;0;29767.79;
25/05/2025;FAC 0003-00041933;FAC;C9002;VENTA ONLINE;CAF-DESCA-250;2;8073.01;0;16146.01;
07/01/2025;FAC 0003-00040234;FAC;C9002;VENTA ONLINE;CAF-DESCA-250;3;7400.0;0;22200.0;
17/02/2025;FAC 0003-00040578;FAC;C9002;VENTA ONLINE;CAF-COLOM-250;3;8380.4;0;25141.2;
01/05/2025;FAC 0003-00041821;FAC;C9002;VENTA ONLINE;CAF-CAPS-10;1;7527.53;0;7527.53;
25/06/2025;FAC 0003-00042184;FAC;C9002;VENTA ONLINE;CAF-ETIOP-250;2;10592.0;0;21184.01;
25/02/2025;FAC 0003-00040814;FAC;C9001;CONSUMIDOR FINAL;CAF-ETIOP-250;1;9709.0;0;9709.0;
15/02/2025;FAC 0003-00040581;FAC;C9002;VENTA ONLINE;CAF-COLOM-250;2;8380.4;0;16760.8;
14/06/2025;FAC 0003-00042155;FAC;C9002;VENTA ONLINE;CAF-COLOM-250;3;9142.57;0;27427.71;
08/02/2025;FAC 0003-00040669;FAC;C9002;VENTA ONLINE;CAF-ETIOP-250;2;9709.0;0;19418.0;
23/06/2025;FAC 0003-00042501;FAC;C9001;CONSUMIDOR FINAL;CAF-ETIOP-250;2;10592.0;0;21184.01;
03/05/2025;FAC 0003-00042070;FAC;C9001;CONSUMIDOR FINAL;CAF-ETIOP-250;1;10363.99;0;10363.99;
09/01/2025;FAC 0003-00040045;FAC;C0131;Tostado Coghlan II;CAF-BLEND-1K;8;18000.0;35;93600.0;M. Paz
02/06/2025;FAC 0003-00042381;FAC;C9002;VENTA ONLINE;CAF-BRAS-250;2;5909.22;0;11818.45;
12/06/2025;FAC 0003-00042192;FAC;C9002;VENTA ONLINE;CAF-BLEND-250;2;6243.71;0;12487.41;
16/05/2025;FAC 0003-00041668;FAC;C0113;Bar Recoleta II;CAF-BLEND-1K;5;19637.04;30;68729.65;R. Ibarra
01/05/2025;FAC 0003-00042069;FAC;C9001;CONSUMIDOR FINAL;CAF-COLOM-250;1;8945.76;0;8945.76;
21/03/2025;FAC 0003-00040934;FAC;C9002;VENTA ONLINE;CAF-ETIOP-250;3;9922.6;0;29767.79;
18/04/2025;FAC 0003-00041643;FAC;C9001;CONSUMIDOR FINAL;CAP-FILTRO-100;2;3415.88;0;6831.76;
22/02/2025;FAC 0003-00040537;FAC;C9002;VENTA ONLINE;CAF-CAPS-10;3;7051.8;0;21155.4;
14/04/2025;FAC 0003-00041564;FAC;C9001;CONSUMIDOR FINAL;CAF-ETIOP-250;2;10140.9;0;20281.79;
23/04/2025;FAC 0003-00041354;FAC;C9002;VENTA ONLINE;CAF-BLEND-250;2;5977.79;0;11955.58;
28/05/2025;FAC 0003-00041833;FAC;C9002;VENTA ONLINE;CAF-ETIOP-250;2;10363.99;0;20727.99;
23/05/2025;FAC 0003-00041651;FAC;C0100;Cafe Palermo;CAF-BRAS-1K;5;18546.1;32;63056.73;M. Paz
22/03/2025;FAC 0003-00040941;FAC;C9002;VENTA ONLINE;CAF-ETIOP-250;2;9922.6;0;19845.2;
04/04/2025;FAC 0003-00041294;FAC;C9002;VENTA ONLINE;CAF-ETIOP-250;1;10140.9;0;10140.9;
15/05/2025;FAC 0003-00041750;FAC;C9002;VENTA ONLINE;CAF-BLEND-250;3;6109.3;0;18327.91;
26/02/2025;FAC 0003-00040763;FAC;C9001;CONSUMIDOR FINAL;CAF-BLEND-1K;1;18396.0;0;18396.0;
09/05/2025;FAC 0003-00041714;FAC;C9002;VENTA ONLINE;CAF-ETIOP-250;2;10363.99;0;20727.99;
15/01/2025;FAC 0003-00040132;FAC;C9002;VENTA ONLINE;CAF-BLEND-250;1;5600.0;0;5600.0;
06/03/2025;NC 0003-00001221;NC;C0104;Tostado Villa Crespo;CAF-BRAS-1K;-3;17756.23;35;-34624.64;
18/01/2025;FAC 0003-00040392;FAC;C9001;CONSUMIDOR FINAL;CAF-ETIOP-250;2;9500.0;0;19000.0;
04/04/2025;FAC 0003-00041386;FAC;C9002;VENTA ONLINE;CAF-COLOM-250;2;8753.19;0;17506.39;
11/04/2025;FAC 0003-00041333;FAC;C9002;VENTA ONLINE;CAF-COLOM-250;2;8753.19;0;17506.39;
07/04/2025;FAC 0003-00041350;FAC;C9002;VENTA ONLINE;CAP-TAZA;1;9500.42;0;9500.42;
11/03/2025;FAC 0003-00041191;FAC;C9001;CONSUMIDOR FINAL;CAF-BLEND-1K;1;18800.71;0;18800.71;
23/02/2025;FAC 0003-00040489;FAC;C9002;VENTA ONLINE;CAF-DESCA-250;1;7562.8;0;7562.8;
05/05/2025;FAC 0003-00041831;FAC;C9002;VENTA ONLINE;CAF-CAPS-10;3;7527.53;0;22582.6;
09/01/2025;FAC 0003-00040187;FAC;C9002;VENTA ONLINE;CAF-COLOM-250;2;8200.0;0;16400.0;
25/06/2025;FAC 0003-00042174;FAC;C9002;VENTA ONLINE;CAF-ETIOP-250;2;10592.0;0;21184.01;
23/05/2025;FAC 0003-00041811;FAC;C9002;VENTA ONLINE;CAF-DESCA-250;2;8073.01;0;16146.01;
14/04/2025;FAC 0003-00041266;FAC;C0120;Tostado Chacarita;CAP-FILTRO-100;3;3415.88;32;6968.4;
23/06/2025;FAC 0003-00042265;FAC;C9002;VENTA ONLINE;CAF-COLOM-250;2;9142.57;0;18285.14;
10/02/2025;FAC 0003-00040676;FAC;C9002;VENTA ONLINE;CAP-TAZA;2;9095.8;0;18191.6;
01/01/2025;FAC 0003-00040186;FAC;C9002;VENTA ONLINE;CAF-CAPS-10;2;6900.0;0;13800.0;
02/04/2025;FAC 0003-00041475;FAC;C9002;VENTA ONLINE;CAF-CAPS-10;3;7365.49;0;22096.48;
24/01/2025;FAC 0003-00040383;FAC;C9001;CONSUMIDOR FINAL;CAF-ETIOP-250;2;9500.0;0;19000.0;
26/04/2025;FAC 0003-00041522;FAC;C9002;VENTA ONLINE;CAF-BRAS-250;3;5657.55;0;16972.66;
09/04/2025;FAC 0003-00041362;FAC;C9002;VENTA ONLINE;CAF-ETIOP-250;3;10140.9;0;30422.69;
12/06/2025;FAC 0003-00042192;FAC;C9002;VENTA ONLINE;CAF-ETIOP-250;2;10592.0;0;21184.01;
18/04/2025;FAC 0003-00041579;FAC;C9001;CONSUMIDOR FINAL;CAP-FILTRO-100;2;3415.88;0;6831.76;
04/03/2025;FAC 0003-00041092;FAC;C9002;VENTA ONLINE;CAF-DESCA-250;1;7729.18;0;7729.18;
19/03/2025;FAC 0003-00041014;FAC;C9002;VENTA ONLINE;CAF-ETIOP-250;2;9922.6;0;19845.2;
01/01/2025;FAC 0003-00040120;FAC;C9002;VENTA ONLINE;CAF-BRAS-250;1;5300.0;0;5300.0;
09/06/2025;FAC 0003-00042221;FAC;C9002;VENTA ONLINE;CAF-ETIOP-250;2;10592.0;0;21184.01;
26/06/2025;FAC 0003-00042333;FAC;C9002;VENTA ONLINE;CAF-DESCA-250;3;8250.61;0;24751.84;
20/03/2025;FAC 0003-00040929;FAC;C9002;VENTA ONLINE;CAF-CAPS-10;2;7206.94;0;14413.88;
17/03/2025;FAC 0003-00040907;FAC;C9002;VENTA ONLINE;CAF-DESCA-250;3;7729.18;0;23187.54;
17/01/2025;FAC 0003-00040281;FAC;C9001;CONSUMIDOR FINAL;CAF-BLEND-250;2;5600.0;0;11200.0;
13/04/2025;FAC 0003-00041389;FAC;C9002;VENTA ONLINE;CAF-ETIOP-250;3;10140.9;0;30422.69;
12/06/2025;FAC 0003-00042232;FAC;C9002;VENTA ONLINE;CAF-COLOM-250;3;9142.57;0;27427.71;
01/01/2025;FAC 0003-00040269;FAC;C9001;CONSUMIDOR FINAL;CAF-BLEND-250;2;5600.0;0;11200.0;
02/04/2025;FAC 0003-00041290;FAC;C9002;VENTA ONLINE;CAF-ETIOP-250;3;10140.9;0;30422.69;
07/05/2025;FAC 0003-00041851;FAC;C9002;VENTA ONLINE;CAF-BLEND-250;1;6109.3;0;6109.3;
27/01/2025;FAC 0003-00040332;FAC;C9001;CONSUMIDOR FINAL;CAF-ETIOP-250;1;9500.0;0;9500.0;
07/04/2025;FAC 0003-00041507;FAC;C9002;VENTA ONLINE;CAF-DESCA-250;2;7899.22;0;15798.45;
13/02/2025;FAC 0003-00040427;FAC;C0103;Coffee Lab Belgrano II;CAP-FILTRO-100;4;3270.4;35;8503.04;R. Ibarra
28/03/2025;FAC 0003-00041224;FAC;C9001;CONSUMIDOR FINAL;CAF-COLOM-250;2;8564.77;0;17129.54;
18/01/2025;FAC 0003-00040239;FAC;C9002;VENTA ONLINE;CAP-TAZA;3;8900.0;0;26700.0;
19/05/2025;FAC 0003-00041836;FAC;C9002;VENTA ONLINE;CAF-ETIOP-250;1;10363.99;0;10363.99;
07/02/2025;FAC 0003-00040453;FAC;C0125;Usina Flores II;CAF-BLEND-1K;4;18396.0;32;50037.12;M. Paz
13/06/2025;FAC 0003-00042102;FAC;C0109;Usina Colegiales II;CAF-BLEND-1K;5;20069.06;32;68234.8;M. Paz
01/01/2025;FAC 0003-00040275;FAC;C9001;CONSUMIDOR FINAL;CAF-COLOM-250;1;8200.0;0;8200.0;
21/03/2025;FAC 0003-00040934;FAC;C9002;VENTA ONLINE;CAF-BRAS-250;3;5535.77;0;16607.3;
15/06/2025;FAC 0003-00042264;FAC;C9002;VENTA ONLINE;CAF-ETIOP-250;3;10592.0;0;31776.01;
02/02/2025;FAC 0003-00040569;FAC;C9002;VENTA ONLINE;CAF-ETIOP-250;3;9709.0;0;29127.0;
26/06/2025;FAC 0003-00042159;FAC;C9002;VENTA ONLINE;CAF-ETIOP-250;2;10592.0;0;21184.01;
13/06/2025;FAC 0003-00042268;FAC;C9002;VENTA ONLINE;CAF-BRAS-250;1;5909.22;0;5909.22;
09/04/2025;FAC 0003-00041500;FAC;C9002;VENTA ONLINE;CAF-DESCA-250;2;7899.22;0;15798.45;
06/05/2025;FAC 0003-00042042;FAC;C9001;CONSUMIDOR FINAL;CAF-BLEND-250;2;6109.3;0;12218.6;
21/05/2025;FAC 0003-00041726;FAC;C9002;VENTA ONLINE;CAF-ETIOP-250;1;10363.99;0;10363.99;
02/03/2025;FAC 0003-00040984;FAC;C9002;VENTA ONLINE;CAF-CAPS-10;3;7206.94;0;21620.82;
01/05/2025;FAC 0003-00041732;FAC;C9002;VENTA ONLINE;CAF-BLEND-250;2;6109.3;0;12218.6;
03/04/2025;FAC 0003-00041479;FAC;C9002;VENTA ONLINE;CAF-BRAS-250;3;5657.55;0;16972.66;
08/06/2025;FAC 0003-00042413;FAC;C9001;CONSUMIDOR FINAL;CAF-COLOM-250;2;9142.57;0;18285.14;
08/04/2025;FAC 0003-00041589;FAC;C9001;CONSUMIDOR FINAL;CAF-BLEND-1K;2;19214.33;0;38428.66;
02/05/2025;FAC 0003-00041699;FAC;C9002;VENTA ONLINE;CAF-ETIOP-250;2;10363.99;0;20727.99;
23/01/2025;FAC 0003-00040148;FAC;C9002;VENTA ONLINE;CAF-BLEND-250;2;5600.0;0;11200.0;
02/06/2025;FAC 0003-00042191;FAC;C9002;VENTA ONLINE;CAF-DESCA-250;1;8250.61;0;8250.61;
20/04/2025;FAC 0003-00041592;FAC;C9001;CONSUMIDOR FINAL;CAF-ETIOP-250;1;10140.9;0;10140.9;
02/06/2025;FAC 0003-00042298;FAC;C9002;VENTA ONLINE;CAF-ETIOP-250;1;10592.0;0;10592.0;
07/06/2025;FAC 0003-00042321;FAC;C9002;VENTA ONLINE;CAF-BLEND-250;2;6243.71;0;12487.41;
02/06/2025;FAC 0003-00042123;FAC;C0126;Panaderia Parque Chas;CAF-BLEND-1K;4;20069.06;32;54587.84;M. Paz
14/02/2025;FAC 0003-00040491;FAC;C9002;VENTA ONLINE;CAF-ETIOP-250;1;9709.0;0;9709.0;
23/01/2025;FAC 0003-00040028;FAC;C0115;Tostado Boedo II;CAF-BLEND-1K;7;18000.0;30;88200.0;R. Ibarra
24/01/2025;FAC 0003-00040366;FAC;C9001;CONSUMIDOR FINAL;CAF-BLEND-1K;2;18000.0;0;36000.0;
01/01/2025;NC 0003-00001206;NC;C0001;GRANOS DEL SUR S.A.;CAF-BLEND-1K;-5;18000.0;40;-54000.0;
22/06/2025;FAC 0003-00042094;FAC;C0103;Coffee Lab Belgrano II;CAF-ETIOP-250;5;10592.0;35;34424.01;R. Ibarra
19/03/2025;FAC 0003-00040871;FAC;C0126;Panaderia Parque Chas;CAP-FILTRO-100;2;3342.35;32;4545.59;M. Paz
03/04/2025;FAC 0003-00041345;FAC;C9002;VENTA ONLINE;CAF-BLEND-250;2;5977.79;0;11955.58;
13/03/2025;FAC 0003-00041005;FAC;C9002;VENTA ONLINE;CAF-BLEND-250;3;5849.11;0;17547.33;
04/06/2025;FAC 0003-00042311;FAC;C9002;VENTA ONLINE;CAF-ETIOP-250;1;10592.0;0;10592.0;
19/06/2025;FAC 0003-00042394;FAC;C9002;VENTA ONLINE;CAF-ETIOP-250;1;10592.0;0;10592.0;
09/05/2025;FAC 0003-00041806;FAC;C9002;VENTA ONLINE;CAF-ETIOP-250;2;10363.99;0;20727.99;
07/01/2025;FAC 0003-00040161;FAC;C9002;VENTA ONLINE;CAF-COLOM-250;3;8200.0;0;24600.0;
13/04/2025;FAC 0003-00041261;FAC;C0115;Tostado Boedo II;CAF-BLEND-1K;3;19214.33;30;40350.09;R. Ibarra
22/03/2025;FAC 0003-00040941;FAC;C9002;VENTA ONLINE;CAF-COLOM-250;3;8564.77;0;25694.31;
27/01/2025;FAC 0003-00040386;FAC;C9001;CONSUMIDOR FINAL;CAP-FILTRO-100;1;3200.0;0;3200.0;
21/04/2025;FAC 0003-00041388;FAC;C9002;VENTA ONLINE;CAF-BLEND-250;3;5977.79;0;17933.37;
07/01/2025;FAC 0003-00040013;FAC;C0103;Coffee Lab Belgrano II;CAF-BRAS-1K;5;17000.0;35;55250.0;R. Ibarra
06/06/2025;FAC 0003-00042164;FAC;C9002;VENTA ONLINE;CAF-BRAS-250;2;5909.22;0;11818.45;
15/06/2025;NC 0003-00001238;NC;C0001;GRANOS DEL SUR S.A.;CAF-BLEND-1K;-15;20069.06;40;-180621.52;
23/04/2025;FAC 0003-00041449;FAC;C9002;VENTA ONLINE;CAF-BLEND-250;2;5977.79;0;11955.58;
15/05/2025;FAC 0003-00041914;FAC;C9002;VENTA ONLINE;CAF-DESCA-250;2;8073.01;0;16146.01;
05/03/2025;FAC 0003-00041018;FAC;C9002;VENTA ONLINE;CAF-BLEND-250;2;5849.11;0;11698.22;
28/06/2025;FAC 0003-00042365;FAC;C9002;VENTA ONLINE;CAF-BLEND-250;3;6243.71;0;18731.12;
27/06/2025;FAC 0003-00042420;FAC;C9001;CONSUMIDOR FINAL;CAF-BLEND-250;2;6243.71;0;12487.41;
15/03/2025;FAC 0003-00041004;FAC;C9002;VENTA ONLINE;CAF-COLOM-250;1;8564.77;0;8564.77;
12/05/2025;FAC 0003-00041649;FAC;C0001;GRANOS DEL SUR S.A.;CAF-BRAS-1K;17;18546.1;40;189170.18;R. Ibarra
12/05/2025;FAC 0003-00042058;FAC;C9001;CONSUMIDOR FINAL;CAP-FILTRO-100;2;3491.03;0;6982.06;
09/01/2025;FAC 0003-00040266;FAC;C9001;CONSUMIDOR FINAL;CAF-ETIOP-250;2;9500.0;0;19000.0;
20/04/2025;FAC 0003-00041419;FAC;C9002;VENTA ONLINE;CAF-CAPS-10;2;7365.49;0;14730.98;
19/01/2025;FAC 0003-00040076;FAC;C9002;VENTA ONLINE;CAF-DESCA-250;2;7400.0;0;14800.0;
20/06/2025;FAC 0003-00042371;FAC;C9002;VENTA ONLINE;CAF-ETIOP-250;2;10592.0;0;21184.01;
04/06/2025;FAC 0003-00042243;FAC;C9002;VENTA ONLINE;CAF-BLEND-250;1;6243.71;0;6243.71;
26/04/2025;FAC 0003-00041366;FAC;C9002;VENTA ONLINE;CAP-TAZA;3;9500.42;0;28501.25;
19/05/2025;FAC 0003-00041802;FAC;C9002;VENTA ONLINE;CAP-FILTRO-100;1;3491.03;0;3491.03;
03/01/2025;FAC 0003-00040246;FAC;C9002;VENTA ONLINE;CAP-TAZA;2;8900.0;0;17800.0;
01/01/2025;FAC 0003-00040138;FAC;C9002;VENTA ONLINE;CAF-ETIOP-250;2;9500.0;0;19000.0;
18/04/2025;FAC 0003-00041370;FAC;C9002;VENTA ONLINE;CAF-CAPS-10;2;7365.49;0;14730.98;
09/06/2025;FAC 0003-00042366;FAC;C9002;VENTA ONLINE;CAF-ETIOP-250;3;10592.0;0;31776.01;
12/05/2025;FAC 0003-00041892;FAC;C9002;VENTA ONLINE;CAF-BLEND-250;2;6109.3;0;12218.6;
03/02/2025;FAC 0003-00040496;FAC;C9002;VENTA ONLINE;CAF-CAPS-10;3;7051.8;0;21155.4;
22/02/2025;FAC 0003-00040429;FAC;C0106;El Almacen de Nunez;CAF-BLEND-1K;10;18396.0;30;128772.0;M. Paz
24/04/2025;FAC 0003-00041637;FAC;C9001;CONSUMIDOR FINAL;CAF-ETIOP-250;2;10140.9;0;20281.79;
12/04/2025;FAC 0003-00041374;FAC;C9002;VENTA ONLINE;CAF-BLEND-250;3;5977.79;0;17933.37;
22/02/2025;FAC 0003-00040414;FAC;C0001;GRANOS DEL SUR S.A.;CAF-BLEND-CJ6;7;104244.0;40;437824.8;M. Paz
25/01/2025;FAC 0003-00040107;FAC;C9002;VENTA ONLINE;CAF-ETIOP-250;2;9500.0;0;19000.0;
08/04/2025;FAC 0003-00041289;FAC;C9002;VENTA ONLINE;CAP-FILTRO-100;1;3415.88;0;3415.88;
20/04/2025;FAC 0003-00041281;FAC;C0133;El Almacen de Barracas II;CAF-BLEND-1K;10;19214.33;35;124893.13;R. Ibarra
17/02/2025;FAC 0003-00040719;FAC;C9001;CONSUMIDOR FINAL;CAF-BLEND-1K;2;18396.0;0;36792.0;
25/04/2025;FAC 0003-00041267;FAC;C0121;Panaderia Chacarita II;CAF-BRAS-1K;2;18146.87;35;23590.92;R. Ibarra
27/02/2025;FAC 0003-00040538;FAC;C9002;VENTA ONLINE;CAF-COLOM-250;3;8380.4;0;25141.2;
26/01/2025;FAC 0003-00040166;FAC;C9002;VENTA ONLINE;CAF-ETIOP-250;1;9500.0;0;9500.0;
23/01/2025;FAC 0003-00040118;FAC;C9002;VENTA ONLINE;CAF-ETIOP-250;1;9500.0;0;9500.0;
23/02/2025;FAC 0003-00040550;FAC;C9002;VENTA ONLINE;CAF-DESCA-250;1;7562.8;0;7562.8;
14/06/2025;FAC 0003-00042248;FAC;C9002;VENTA ONLINE;CAF-BLEND-250;3;6243.71;0;18731.12;
19/06/2025;FAC 0003-00042429;FAC;C9001;CONSUMIDOR FINAL;CAF-BLEND-250;1;6243.71;0;6243.71;
05/01/2025;FAC 0003-00040282;FAC;C9001;CONSUMIDOR FINAL;CAF-BLEND-250;1;5600.0;0;5600.0;
02/05/2025;FAC 0003-00041866;FAC;C9002;VENTA ONLINE;CAF-BLEND-250;3;6109.3;0;18327.91;
22/06/2025;NC 0003-00001240;NC;C0001;GRANOS DEL SUR S.A.;CAF-BLEND-1K;-4;20069.06;40;-48165.74;
07/04/2025;FAC 0003-00041507;FAC;C9002;VENTA ONLINE;CAF-BLEND-250;3;5977.79;0;17933.37;
12/06/2025;FAC 0003-00042506;FAC;C9001;CONSUMIDOR FINAL;CAF-COLOM-250;2;9142.57;0;18285.14;
06/06/2025;FAC 0003-00042081;FAC;C0001;GRANOS DEL SUR S.A.;CAF-BRAS-1K;20;18954.11;40;227449.32;R. Ibarra
11/01/2025;FAC 0003-00040069;FAC;C9002;VENTA ONLINE;CAF-ETIOP-250;3;9500.0;0;28500.0;
20/06/2025;FAC 0003-00042408;FAC;C9001;CONSUMIDOR FINAL;CAP-FILTRO-100;2;3567.83;0;7135.67;
13/04/2025;FAC 0003-00041356;FAC;C9002;VENTA ONLINE;CAF-DESCA-250;1;7899.22;0;7899.22;
06/06/2025;FAC 0003-00042154;FAC;C9002;VENTA ONLINE;CAF-ETIOP-250;3;10592.0;0;31776.01;
22/03/2025;FAC 0003-00041066;FAC;C9002;VENTA ONLINE;CAF-ETIOP-250;3;9922.6;0;29767.79;
25/02/2025;FAC 0003-00040653;FAC;C9002;VENTA ONLINE;CAF-BLEND-250;1;5723.2;0;5723.2;
09/03/2025;FAC 0003-00041113;FAC;C9002;VENTA ONLINE;CAF-COLOM-250;3;8564.77;0;25694.31;
28/05/2025;FAC 0003-00041807;FAC;C9002;VENTA ONLINE;CAF-ETIOP-250;1;10363.99;0;10363.99;
03/03/2025;FAC 0003-00041223;FAC;C9001;CONSUMIDOR FINAL;CAF-BLEND-250;2;5849.11;0;11698.22;
21/02/2025;FAC 0003-00040560;FAC;C9002;VENTA ONLINE;CAF-ETIOP-250;1;9709.0;0;9709.0;
23/05/2025;FAC 0003-00041826;FAC;C9002;VENTA ONLINE;CAF-BRAS-250;3;5782.02;0;17346.05;
10/02/2025;FAC 0003-00040518;FAC;C9002;VENTA ONLINE;CAF-BRAS-250;1;5416.6;0;5416.6;
27/06/2025;FAC 0003-00042384;FAC;C9002;VENTA ONLINE;CAF-BRAS-250;1;5909.22;0;5909.22;
12/05/2025;FAC 0003-00042007;FAC;C9001;CONSUMIDOR FINAL;CAF-BLEND-1K;1;19637.04;0;19637.04;
28/03/2025;FAC 0003-00040858;FAC;C0112;La Ventanita de Recoleta;CAF-BRAS-1K;6;17756.23;35;69249.29;
27/01/2025;FAC 0003-00040147;FAC;C9002;VENTA ONLINE;CAF-BRAS-250;1;5300.0;0;5300.0;
09/06/2025;FAC 0003-00042291;FAC;C9002;VENTA ONLINE;CAF-BRAS-250;1;5909.22;0;5909.22;
22/03/2025;FAC 0003-00040956;FAC;C9002;VENTA ONLINE;CAP-FILTRO-100;1;3342.35;0;3342.35;
19/03/2025;FAC 0003-00040906;FAC;C9002;VENTA ONLINE;CAF-DESCA-250;2;7729.18;0;15458.36;
21/02/2025;FAC 0003-00040497;FAC;C9002;VENTA ONLINE;CAF-ETIOP-250;1;9709.0;0;9709.0;
22/05/2025;FAC 0003-00041686;FAC;C0129;Bar San Telmo II;CAF-BLEND-1K;3;19637.04;32;40059.57;
03/04/2025;FAC 0003-00041559;FAC;C9001;CONSUMIDOR FINAL;CAF-BLEND-250;2;5977.79;0;11955.58;
21/02/2025;FAC 0003-00040664;FAC;C9002;VENTA ONLINE;CAF-ETIOP-250;3;9709.0;0;29127.0;
11/01/2025;FAC 0003-00040251;FAC;C9002;VENTA ONLINE;CAF-COLOM-250;1;8200.0;0;8200.0;
04/02/2025;FAC 0003-00040615;FAC;C9002;VENTA ONLINE;CAF-ETIOP-250;2;9709.0;0;19418.0;
27/01/2025;FAC 0003-00040258;FAC;C9002;VENTA ONLINE;CAF-BRAS-250;1;5300.0;0;5300.0;
23/05/2025;FAC 0003-00041826;FAC;C9002;VENTA ONLINE;CAF-ETIOP-250;2;10363.99;0;20727.99;
11/02/2025;FAC 0003-00040692;FAC;C9002;VENTA ONLINE;CAF-BLEND-250;1;5723.2;0;5723.2;
16/05/2025;FAC 0003-00041648;FAC;C0001;GRANOS DEL SUR S.A.;CAF-BRAS-1K;24;18546.1;40;267063.78;
09/01/2025;FAC 0003-00040048;FAC;C0135;Coffee Lab Agronomia II;CAF-BLEND-1K;6;18000.0;30;75600.0;
20/06/2025;FAC 0003-00042105;FAC;C0111;Cafe Devoto II;CAF-BLEND-1K;8;20069.06;35;104359.1;M. Paz
22/01/2025;FAC 0003-00040029;FAC;C0117;El Almacen de Caballito II;CAF-ETIOP-250;10;9500.0;32;64600.0;
11/03/2025;FAC 0003-00040974;FAC;C9002;VENTA ONLINE;CAF-CAPS-10;2;7206.94;0;14413.88;
07/03/2025;FAC 0003-00041148;FAC;C9001;CONSUMIDOR FINAL;CAF-COLOM-250;1;8564.77;0;8564.77;
09/06/2025;FAC 0003-00042407;FAC;C9001;CONSUMIDOR FINAL;CAF-ETIOP-250;2;10592.0;0;21184.01;
03/04/2025;FAC 0003-00041590;FAC;C9001;CONSUMIDOR FINAL;CAF-BLEND-1K;2;19214.33;0;38428.66;
18/06/2025;FAC 0003-00042108;FAC;C0113;Bar Recoleta II;CAF-BLEND-1K;6;20069.06;30;84290.04;
26/06/2025;FAC 0003-00042405;FAC;C9001;CONSUMIDOR FINAL;CAF-BLEND-250;1;6243.71;0;6243.71;
16/05/2025;FAC 0003-00041748;FAC;C9002;VENTA ONLINE;CAF-BRAS-250;2;5782.02;0;11564.04;
01/04/2025;FAC 0003-00041591;FAC;C9001;CONSUMIDOR FINAL;CAF-BLEND-250;2;5977.79;0;11955.58;
22/04/2025;FAC 0003-00041606;FAC;C9001;CONSUMIDOR FINAL;CAF-BLEND-250;1;5977.79;0;5977.79;
19/06/2025;FAC 0003-00042210;FAC;C9002;VENTA ONLINE;CAF-COLOM-250;1;9142.57;0;9142.57;
17/03/2025;FAC 0003-00041024;FAC;C9002;VENTA ONLINE;CAF-BLEND-250;1;5849.11;0;5849.11;
08/01/2025;FAC 0003-00040264;FAC;C9001;CONSUMIDOR FINAL;CAF-BLEND-250;2;5600.0;0;11200.0;
21/04/2025;FAC 0003-00041491;FAC;C9002;VENTA ONLINE;CAF-CAPS-10;3;7365.49;0;22096.48;
01/01/2025;FAC 0003-00040138;FAC;C9002;VENTA ONLINE;CAP-TAZA;3;8900.0;0;26700.0;
25/05/2025;FAC 0003-00041976;FAC;C9001;CONSUMIDOR FINAL;CAF-ETIOP-250;2;10363.99;0;20727.99;
25/05/2025;FAC 0003-00042035;FAC;C9001;CONSUMIDOR FINAL;CAF-COLOM-250;2;8945.76;0;17891.53;
05/05/2025;FAC 0003-00041835;FAC;C9002;VENTA ONLINE;CAF-BLEND-250;3;6109.3;0;18327.91;
09/03/2025;FAC 0003-00041139;FAC;C9001;CONSUMIDOR FINAL;CAF-BLEND-250;2;5849.11;0;11698.22;
26/03/2025;FAC 0003-00040837;FAC;C0001;GRANOS DEL SUR S.A.;CAF-BRAS-1K;18;17756.23;40;191767.26;
06/03/2025;FAC 0003-00041109;FAC;C9002;VENTA ONLINE;CAF-COLOM-250;3;8564.77;0;25694.31;
13/05/2025;FAC 0003-00041985;FAC;C9001;CONSUMIDOR FINAL;CAF-BLEND-1K;2;19637.04;0;39274.09;
26/05/2025;FAC 0003-00041683;FAC;C0128;La Ventanita de San Telmo;CAF-BRAS-1K;6;18546.1;32;75668.07;R. Ibarra
23/04/2025;FAC 0003-00041364;FAC;C9002;VENTA ONLINE;CAF-ETIOP-250;3;10140.9;0;30422.69;
14/04/2025;FAC 0003-00041243;FAC;C0001;GRANOS DEL SUR S.A.;CAF-BRAS-1K;12;18146.87;40;130657.43;M. Paz
26/01/2025;FAC 0003-00040326;FAC;C9001;CONSUMIDOR FINAL;CAF-BLEND-1K;2;18000.0;0;36000.0;
21/01/2025;FAC 0003-00040379;FAC;C9001;CONSUMIDOR FINAL;CAF-BLEND-250;2;5600.0;0;11200.0;
06/02/2025;FAC 0003-00040541;FAC;C9002;VENTA ONLINE;CAF-DESCA-250;3;7562.8;0;22688.4;
11/05/2025;FAC 0003-00041834;FAC;C9002;VENTA ONLINE;CAP-FILTRO-100;3;3491.03;0;10473.09;
10/05/2025;FAC 0003-00041844;FAC;C9002;VENTA ONLINE;CAP-FILTRO-100;2;3491.03;0;6982.06;
21/05/2025;FAC 0003-00041809;FAC;C9002;VENTA ONLINE;CAF-ETIOP-250;2;10363.99;0;20727.99;
23/05/2025;FAC 0003-00041782;FAC;C9002;VENTA ONLINE;CAF-BLEND-250;3;6109.3;0;18327.91;
03/01/2025;FAC 0003-00040054;FAC;C9002;VENTA ONLINE;CAF-DESCA-250;3;7400.0;0;22200.0;
26/05/2025;FAC 0003-00041710;FAC;C9002;VENTA ONLINE;CAF-DESCA-250;1;8073.01;0;8073.01;
06/01/2025;FAC 0003-00040181;FAC;C9002;VENTA ONLINE;CAF-CAPS-10;3;6900.0;0;20700.0;
17/03/2025;FAC 0003-00040862;FAC;C0117;El Almacen de Caballito II;CAF-BLEND-1K;9;18800.71;32;115060.36;
13/06/2025;FAC 0003-00042452;FAC;C9001;CONSUMIDOR FINAL;CAF-ETIOP-250;1;10592.0;0;10592.0;
02/03/2025;FAC 0003-00040896;FAC;C9002;VENTA ONLINE;CAF-ETIOP-250;1;9922.6;0;9922.6;
26/01/2025;FAC 0003-00040020;FAC;C0108;Coffee Lab Colegiales;CAF-BRAS-1K;3;17000.0;32;34680.0;R. Ibarra
13/04/2025;FAC 0003-00041250;FAC;C0105;Panaderia Villa Crespo II;CAF-BLEND-1K;7;19214.33;32;91460.2;M. Paz
08/04/2025;FAC 0003-00041421;FAC;C9002;VENTA ONLINE;CAF-COLOM-250;3;8753.19;0;26259.58;
17/02/2025;FAC 0003-00040544;FAC;C9002;VENTA ONLINE;CAP-FILTRO-100;3;3270.4;0;9811.2;
16/03/2025;FAC 0003-00040894;FAC;C9002;VENTA ONLINE;CAF-BLEND-250;1;5849.11;0;5849.11;
16/03/2025;FAC 0003-00041068;FAC;C9002;VENTA ONLINE;CAF-ETIOP-250;2;9922.6;0;19845.2;
10/01/2025;FAC 0003-00040111;FAC;C9002;VENTA ONLINE;CAF-ETIOP-250;2;9500.0;0;19000.0;
23/04/2025;FAC 0003-00041430;FAC;C9002;VENTA ONLINE;CAF-CAPS-10;1;7365.49;0;7365.49;
10/02/2025;FAC 0003-00040469;FAC;C0137;Panaderia Villa Urquiza II;CAP-FILTRO-100;5;3270.4;30;11446.4;
15/02/2025;FAC 0003-00040649;FAC;C9002;VENTA ONLINE;CAF-ETIOP-250;3;9709.0;0;29127.0;
07/06/2025;FAC 0003-00042493;FAC;C9001;CONSUMIDOR FINAL;CAF-BLEND-250;1;6243.71;0;6243.71;
27/01/2025;FAC 0003-00040202;FAC;C9002;VENTA ONLINE;CAF-CAPS-10;3;6900.0;0;20700.0;
18/05/2025;NC 0003-00001232;NC;C0121;Panaderia Chacarita II;CAF-BRAS-1K;-1;18546.1;35;-12054.96;
08/02/2025;FAC 0003-00040807;FAC;C9001;CONSUMIDOR FINAL;CAF-COLOM-250;1;8380.4;0;8380.4;
13/06/2025;FAC 0003-00042183;FAC;C9002;VENTA ONLINE;CAF-COLOM-250;3;9142.57;0;27427.71;
07/05/2025;FAC 0003-00041676;FAC;C0121;Panaderia Chacarita II;CAF-BLEND-1K;6;19637.04;35;76584.47;M. Paz
09/06/2025;FAC 0003-00042122;FAC;C0125;Usina Flores II;CAF-BRAS-1K;5;18954.11;32;64443.97;M. Paz
21/04/2025;FAC 0003-00041262;FAC;C0116;Cafe Caballito;CAF-BRAS-1K;6;18146.87;32;74039.21;M. Paz
17/01/2025;FAC 0003-00040040;FAC;C0126;Panaderia Parque Chas;CAF-BRAS-1K;4;17000.0;32;46240.0;
09/06/2025;FAC 0003-00042209;FAC;C9002;VENTA ONLINE;CAF-BRAS-250;1;5909.22;0;5909.22;
14/05/2025;FAC 0003-00041988;FAC;C9001;CONSUMIDOR FINAL;CAF-BLEND-1K;1;19637.04;0;19637.04;
17/04/2025;FAC 0003-00041584;FAC;C9001;CONSUMIDOR FINAL;CAF-BLEND-250;1;5977.79;0;5977.79;
19/02/2025;FAC 0003-00040422;FAC;C0001;GRANOS DEL SUR S.A.;CAF-BRAS-1K;18;17374.0;40;187639.2;R. Ibarra
02/01/2025;FAC 0003-00040228;FAC;C9002;VENTA ONLINE;CAF-COLOM-250;2;8200.0;0;16400.0;
20/04/2025;FAC 0003-00041281;FAC;C0133;El Almacen de Barracas II;CAF-BRAS-1K;2;18146.87;35;23590.92;R. Ibarra
06/03/2025;FAC 0003-00041095;FAC;C9002;VENTA ONLINE;CAF-COLOM-250;1;8564.77;0;8564.77;
09/06/2025;FAC 0003-00042305;FAC;C9002;VENTA ONLINE;CAF-CAPS-10;2;7693.14;0;15386.28;
09/02/2025;FAC 0003-00040803;FAC;C9001;CONSUMIDOR FINAL;CAF-COLOM-250;2;8380.4;0;16760.8;
26/04/2025;FAC 0003-00041367;FAC;C9002;VENTA ONLINE;CAF-BLEND-250;1;5977.79;0;5977.79;
16/01/2025;FAC 0003-00040052;FAC;C0138;El Almacen de Constitucion;CAF-BLEND-1K;10;18000.0;30;126000.0;
24/04/2025;FAC 0003-00041320;FAC;C9002;VENTA ONLINE;CAF-COLOM-250;3;8753.19;0;26259.58;
04/01/2025;FAC 0003-00040323;FAC;C9001;CONSUMIDOR FINAL;CAF-BLEND-1K;1;18000.0;0;18000.0;
05/04/2025;FAC 0003-00041467;FAC;C9002;VENTA ONLINE;CAF-DESCA-250;3;7899.22;0;23697.67;
14/06/2025;FAC 0003-00042136;FAC;C0136;Tostado Villa Urquiza;CAF-BRAS-1K;6;18954.11;35;73921.03;
15/06/2025;FAC 0003-00042146;FAC;C9002;VENTA ONLINE;CAF-ETIOP-250;3;10592.0;0;31776.01;
07/01/2025;FAC 0003-00040112;FAC;C9002;VENTA ONLINE;CAF-DESCA-250;3;7400.0;0;22200.0;
21/06/2025;FAC 0003-00042436;FAC;C9001;CONSUMIDOR FINAL;CAF-COLOM-250;2;9142.57;0;18285.14;
22/01/2025;FAC 0003-00040029;FAC;C0117;El Almacen de Caballito II;CAF-BLEND-1K;8;18000.0;32;97920.0;
17/05/2025;FAC 0003-00041795;FAC;C9002;VENTA ONLINE;CAF-BLEND-250;1;6109.3;0;6109.3;
16/03/2025;FAC 0003-00041124;FAC;C9001;CONSUMIDOR FINAL;CAP-FILTRO-100;1;3342.35;0;3342.35;
23/02/2025;FAC 0003-00040489;FAC;C9002;VENTA ONLINE;CAF-BRAS-250;1;5416.6;0;5416.6;
18/04/2025;FAC 0003-00041310;FAC;C9002;VENTA ONLINE;CAF-BLEND-250;2;5977.79;0;11955.58;
25/04/2025;FAC 0003-00041267;FAC;C0121;Panaderia Chacarita II;CAF-BLEND-1K;10;19214.33;35;124893.13;R. Ibarra
25/04/2025;FAC 0003-00041574;FAC;C9001;CONSUMIDOR FINAL;CAF-BLEND-1K;1;19214.33;0;19214.33;
25/06/2025;FAC 0003-00042303;FAC;C9002;VENTA ONLINE;CAF-ETIOP-250;2;10592.0;0;21184.01;
02/04/2025;FAC 0003-00041475;FAC;C9002;VENTA ONLINE;CAF-BRAS-250;2;5657.55;0;11315.1;
24/01/2025;FAC 0003-00040319;FAC;C9001;CONSUMIDOR FINAL;CAF-BLEND-250;1;5600.0;0;5600.0;
14/05/2025;FAC 0003-00041883;FAC;C9002;VENTA ONLINE;CAF-BRAS-250;3;5782.02;0;17346.05;
28/06/2025;FAC 0003-00042343;FAC;C9002;VENTA ONLINE;CAF-BRAS-250;2;5909.22;0;11818.45;
26/05/2025;FAC 0003-00041683;FAC;C0128;La Ventanita de San Telmo;CAF-BLEND-1K;3;19637.04;32;40059.57;R. Ibarra
10/05/2025;FAC 0003-00041939;FAC;C9002;VENTA ONLINE;CAF-ETIOP-250;1;10363.99;0;10363.99;
21/03/2025;FAC 0003-00041032;FAC;C9002;VENTA ONLINE;CAP-TAZA;1;9295.91;0;9295.91;
05/02/2025;FAC 0003-00040722;FAC;C9001;CONSUMIDOR FINAL;CAF-BLEND-1K;2;18396.0;0;36792.0;
10/01/2025;FAC 0003-00040073;FAC;C9002;VENTA ONLINE;CAF-BRAS-250;2;5300.0;0;10600.0;
13/05/2025;FAC 0003-00041799;FAC;C9002;VENTA ONLINE;CAF-BLEND-250;2;6109.3;0;12218.6;
13/05/2025;FAC 0003-00041907;FAC;C9002;VENTA ONLINE;CAF-BLEND-250;1;6109.3;0;6109.3;
26/01/2025;FAC 0003-00040103;FAC;C9002;VENTA ONLINE;CAF-DESCA-250;2;7400.0;0;14800.0;
28/01/2025;FAC 0003-00040272;FAC;C9001;CONSUMIDOR FINAL;CAF-BLEND-250;1;5600.0;0;5600.0;
16/01/2025;FAC 0003-00040223;FAC;C9002;VENTA ONLINE;CAF-COLOM-250;2;8200.0;0;16400.0;
12/04/2025;FAC 0003-00041322;FAC;C9002;VENTA ONLINE;CAF-BLEND-250;3;5977.79;0;17933.37;
12/03/2025;FAC 0003-00040852;FAC;C0106;El Almacen de Nunez;CAF-BRAS-1K;8;17756.23;30;99434.88;
07/02/2025;FAC 0003-00040419;FAC;C0001;GRANOS DEL SUR S.A.;CAF-BRAS-1K;23;17374.0;40;239761.2;M. Paz
08/01/2025;FAC 0003-00040026;FAC;C0112;La Ventanita de Recoleta;CAP-FILTRO-100;6;3200.0;35;12480.0;R. Ibarra
07/01/2025;FAC 0003-00040149;FAC;C9002;VENTA ONLINE;CAF-BRAS-250;2;5300.0;0;10600.0;
14/05/2025;FAC 0003-00041757;FAC;C9002;VENTA ONLINE;CAF-BLEND-250;2;6109.3;0;12218.6;
25/06/2025;FAC 0003-00042415;FAC;C9001;CONSUMIDOR FINAL;CAF-BLEND-250;1;6243.71;0;6243.71;
10/02/2025;FAC 0003-00040518;FAC;C9002;VENTA ONLINE;CAF-ETIOP-250;2;9709.0;0;19418.0;
03/02/2025;FAC 0003-00040496;FAC;C9002;VENTA ONLINE;CAF-BRAS-250;2;5416.6;0;10833.2;
13/01/2025;FAC 0003-00040116;FAC;C9002;VENTA ONLINE;CAF-COLOM-250;2;8200.0;0;16400.0;
07/06/2025;FAC 0003-00042432;FAC;C9001;CONSUMIDOR FINAL;CAF-BLEND-1K;1;20069.06;0;20069.06;
15/05/2025;FAC 0003-00041771;FAC;C9002;VENTA ONLINE;CAF-ETIOP-250;1;10363.99;0;10363.99;
17/06/2025;FAC 0003-00042273;FAC;C9002;VENTA ONLINE;CAF-BRAS-250;2;5909.22;0;11818.45;
01/05/2025;FAC 0003-00041821;FAC;C9002;VENTA ONLINE;CAF-ETIOP-250;1;10363.99;0;10363.99;
28/01/2025;FAC 0003-00040261;FAC;C9002;VENTA ONLINE;CAF-CAPS-10;2;6900.0;0;13800.0;
27/04/2025;FAC 0003-00041348;FAC;C9002;VENTA ONLINE;CAF-BLEND-250;3;5977.79;0;17933.37;
11/06/2025;FAC 0003-00042491;FAC;C9001;CONSUMIDOR FINAL;CAF-ETIOP-250;2;10592.0;0;21184.01;
27/05/2025;FAC 0003-00041875;FAC;C9002;VENTA ONLINE;CAF-CAPS-10;1;7527.53;0;7527.53;
26/02/2025;FAC 0003-00040442;FAC;C0116;Cafe Caballito;CAP-FILTRO-100;3;3270.4;32;6671.62;M. Paz
12/06/2025;FAC 0003-00042196;FAC;C9002;VENTA ONLINE;CAF-COLOM-250;3;9142.57;0;27427.71;
10/02/2025;FAC 0003-00040499;FAC;C9002;VENTA ONLINE;CAF-DESCA-250;1;7562.8;0;7562.8;
25/02/2025;FAC 0003-00040562;FAC;C9002;VENTA ONLINE;CAF-COLOM-250;3;8380.4;0;25141.2;
24/06/2025;FAC 0003-00042217;FAC;C9002;VENTA ONLINE;CAF-ETIOP-250;1;10592.0;0;10592.0;
23/03/2025;FAC 0003-00041003;FAC;C9002;VENTA ONLINE;CAF-BRAS-250;2;5535.77;0;11071.53;
23/03/2025;FAC 0003-00041027;FAC;C9002;VENTA ONLINE;CAF-BRAS-250;1;5535.77;0;5535.77;
22/01/2025;FAC 0003-00040016;FAC;C0105;Panaderia Villa Crespo II;CAF-BLEND-1K;8;18000.0;32;97920.0;M. Paz
02/06/2025;FAC 0003-00042082;FAC;C0001;GRANOS DEL SUR S.A.;CAF-BLEND-1K;30;20069.06;40;361243.04;M. Paz
05/04/2025;FAC 0003-00041284;FAC;C0137;Panaderia Villa Urquiza II;CAF-BLEND-1K;8;19214.33;30;107600.23;M. Paz
08/05/2025;FAC 0003-00041656;FAC;C0104;Tostado Villa Crespo;CAF-BLEND-1K;3;19637.04;35;38292.23;
23/01/2025;FAC 0003-00040028;FAC;C0115;Tostado Boedo II;CAP-FILTRO-100;5;3200.0;30;11200.0;R. Ibarra
12/02/2025;FAC 0003-00040470;FAC;C0137;Panaderia Villa Urquiza II;CAP-FILTRO-100;5;3270.4;30;11446.4;M. Paz
27/05/2025;FAC 0003-00042029;FAC;C9001;CONSUMIDOR FINAL;CAF-BLEND-1K;2;19637.04;0;39274.09;
28/03/2025;FAC 0003-00041215;FAC;C9001;CONSUMIDOR FINAL;CAF-ETIOP-250;2;9922.6;0;19845.2;
03/01/2025;FAC 0003-00040335;FAC;C9001;CONSUMIDOR FINAL;CAF-BLEND-1K;2;18000.0;0;36000.0;
17/06/2025;FAC 0003-00042173;FAC;C9002;VENTA ONLINE;CAF-COLOM-250;1;9142.57;0;9142.57;
13/05/2025;FAC 0003-00042022;FAC;C9001;CONSUMIDOR FINAL;CAP-FILTRO-100;1;3491.03;0;3491.03;
06/02/2025;FAC 0003-00040567;FAC;C9002;VENTA ONLINE;CAF-ETIOP-250;1;9709.0;0;9709.0;
11/01/2025;FAC 0003-00040081;FAC;C9002;VENTA ONLINE;CAF-ETIOP-250;2;9500.0;0;19000.0;
26/03/2025;FAC 0003-00041133;FAC;C9001;CONSUMIDOR FINAL;CAF-ETIOP-250;2;9922.6;0;19845.2;
13/06/2025;FAC 0003-00042194;FAC;C9002;VENTA ONLINE;CAF-BLEND-250;3;6243.71;0;18731.12;
03/01/2025;FAC 0003-00040210;FAC;C9002;VENTA ONLINE;CAF-COLOM-250;2;8200.0;0;16400.0;
16/02/2025;FAC 0003-00040709;FAC;C9001;CONSUMIDOR FINAL;CAP-FILTRO-100;1;3270.4;0;3270.4;
20/04/2025;FAC 0003-00041249;FAC;C0104;Tostado Villa Crespo;CAF-BRAS-1K;7;18146.87;35;82568.24;R. Ibarra
03/01/2025;FAC 0003-00040260;FAC;C9002;VENTA ONLINE;CAF-COLOM-250;2;8200.0;0;16400.0;
23/02/2025;FAC 0003-00040628;FAC;C9002;VENTA ONLINE;CAF-BLEND-250;1;5723.2;0;5723.2;
13/03/2025;FAC 0003-00041230;FAC;C9001;CONSUMIDOR FINAL;CAF-ETIOP-250;2;9922.6;0;19845.2;
11/01/2025;FAC 0003-00040250;FAC;C9002;VENTA ONLINE;CAF-COLOM-250;3;8200.0;0;24600.0;
28/05/2025;FAC 0003-00041670;FAC;C0114;Usina Boedo;CAF-BLEND-1K;3;19637.04;32;40059.57;
01/03/2025;FAC 0003-00040908;FAC;C9002;VENTA ONLINE;CAF-BLEND-250;2;5849.11;0;11698.22;
16/02/2025;FAC 0003-00040555;FAC;C9002;VENTA ONLINE;CAF-DESCA-250;2;7562.8;0;15125.6;
11/06/2025;FAC 0003-00042162;FAC;C9002;VENTA ONLINE;CAF-CAPS-10;2;7693.14;0;15386.28;
21/03/2025;FAC 0003-00041112;FAC;C9002;VENTA ONLINE;CAP-FILTRO-100;2;3342.35;0;6684.7;
14/02/2025;FAC 0003-00040460;FAC;C0130;Usina Coghlan;CAF-BLEND-1K;5;18396.0;30;64386.0;R. Ibarra
10/03/2025;FAC 0003-00041199;FAC;C9001;CONSUMIDOR FINAL;CAP-FILTRO-100;2;3342.35;0;6684.7;
20/03/2025;FAC 0003-00041181;FAC;C9001;CONSUMIDOR FINAL;CAF-BLEND-250;2;5849.11;0;11698.22;
09/02/2025;FAC 0003-00040617;FAC;C9002;VENTA ONLINE;CAF-COLOM-250;3;8380.4;0;25141.2;
15/02/2025;FAC 0003-00040441;FAC;C0115;Tostado Boedo II;CAF-BRAS-1K;5;17374.0;30;60809.0;
03/05/2025;FAC 0003-00041889;FAC;C9002;VENTA ONLINE;CAF-COLOM-250;3;8945.76;0;26837.29;
05/01/2025;FAC 0003-00040212;FAC;C9002;VENTA ONLINE;CAF-ETIOP-250;1;9500.0;0;9500.0;
15/01/2025;FAC 0003-00040132;FAC;C9002;VENTA ONLINE;CAF-CAPS-10;2;6900.0;0;13800.0;
07/03/2025;FAC 0003-00041043;FAC;C9002;VENTA ONLINE;CAF-ETIOP-250;3;9922.6;0;29767.79;
19/04/2025;FAC 0003-00041622;FAC;C9001;CONSUMIDOR FINAL;CAF-ETIOP-250;1;10140.9;0;10140.9;
20/05/2025;FAC 0003-00041838;FAC;C9002;VENTA ONLINE;CAF-BLEND-250;2;6109.3;0;12218.6;
15/02/2025;FAC 0003-00040659;FAC;C9002;VENTA ONLINE;CAF-ETIOP-250;1;9709.0;0;9709.0;
24/01/2025;FAC 0003-00040206;FAC;C9002;VENTA ONLINE;CAF-CAPS-10;3;6900.0;0;20700.0;
28/05/2025;FAC 0003-00041807;FAC;C9002;VENTA ONLINE;CAF-BRAS-250;1;5782.02;0;5782.02;
09/06/2025;FAC 0003-00042435;FAC;C9001;CONSUMIDOR FINAL;CAP-FILTRO-100;2;3567.83;0;7135.67;
11/05/2025;FAC 0003-00041760;FAC;C9002;VENTA ONLINE;CAF-BRAS-250;1;5782.02;0;5782.02;
17/02/2025;FAC 0003-00040631;FAC;C9002;VENTA ONLINE;CAF-ETIOP-250;3;9709.0;0;29127.0;
12/03/2025;FAC 0003-00041076;FAC;C9002;VENTA ONLINE;CAF-DESCA-250;3;7729.18;0;23187.54;
05/03/2025;FAC 0003-00040863;FAC;C0118;Bar Saavedra;CAF-BLEND-1K;4;18800.71;32;51137.94;
20/03/2025;FAC 0003-00041126;FAC;C9001;CONSUMIDOR FINAL;CAF-BLEND-250;1;5849.11;0;5849.11;
06/03/2025;FAC 0003-00041065;FAC;C9002;VENTA ONLINE;CAF-ETIOP-250;1;9922.6;0;9922.6;
17/06/2025;FAC 0003-00042087;FAC;C0001;GRANOS DEL SUR S.A.;BLEND1K;46;20069.06;40;553906.0;
19/03/2025;FAC 0003-00040853;FAC;C0106;El Almacen de Nunez;CAP-FILTRO-100;2;3342.35;30;4679.29;M. Paz
05/05/2025;FAC 0003-00042032;FAC;C9001;CONSUMIDOR FINAL;CAF-BLEND-250;1;6109.3;0;6109.3;
16/05/2025;FAC 0003-00041908;FAC;C9002;VENTA ONLINE;CAF-ETIOP-250;1;10363.99;0;10363.99;
19/05/2025;FAC 0003-00041737;FAC;C9002;VENTA ONLINE;CAF-ETIOP-250;3;10363.99;0;31091.98;
04/04/2025;FAC 0003-00041386;FAC;C9002;VENTA ONLINE;CAF-DESCA-250;2;7899.22;0;15798.45;
16/04/2025;FAC 0003-00041398;FAC;C9002;VENTA ONLINE;CAF-DESCA-250;2;7899.22;0;15798.45;
15/01/2025;FAC 0003-00040345;FAC;C9001;CONSUMIDOR FINAL;CAF-BLEND-250;2;5600.0;0;11200.0;
28/06/2025;FAC 0003-00042230;FAC;C9002;VENTA ONLINE;CAF-COLOM-250;2;9142.57;0;18285.14;
15/04/2025;FAC 0003-00041401;FAC;C9002;VENTA ONLINE;CAF-ETIOP-250;1;10140.9;0;10140.9;
16/03/2025;FAC 0003-00041134;FAC;C9001;CONSUMIDOR FINAL;CAF-COLOM-250;2;8564.77;0;17129.54;
28/06/2025;FAC 0003-00042387;FAC;C9002;VENTA ONLINE;CAF-BLEND-250;2;6243.71;0;12487.41;
21/01/2025;FAC 0003-00040005;FAC;C0001;GRANOS DEL SUR S.A.;BLEND1K;59;18000.0;40;637200.0;
18/01/2025;FAC 0003-00040009;FAC;C0001;GRANOS DEL SUR S.A.;CAF-BRAS-1K;21;17000.0;40;214200.0;M. Paz
15/04/2025;FAC 0003-00041526;FAC;C9001;CONSUMIDOR FINAL;CAF-COLOM-250;2;8753.19;0;17506.39;
01/03/2025;FAC 0003-00040868;FAC;C0123;La Ventanita de Almagro II;CAP-FILTRO-100;3;3342.35;35;6517.58;
09/02/2025;FAC 0003-00040580;FAC;C9002;VENTA ONLINE;CAF-BLEND-250;3;5723.2;0;17169.6;
16/04/2025;FAC 0003-00041471;FAC;C9002;VENTA ONLINE;CAF-ETIOP-250;2;10140.9;0;20281.79;
04/02/2025;FAC 0003-00040454;FAC;C0126;Panaderia Parque Chas;CAF-BLEND-1K;6;18396.0;32;75055.68;M. Paz
16/01/2025;FAC 0003-00040052;FAC;C0138;El Almacen de Constitucion;CAP-FILTRO-100;6;3200.0;30;13440.0;
08/04/2025;FAC 0003-00041274;FAC;C0127;Cafe Parque Chas II;CAF-BLEND-1K;6;19214.33;32;78394.46;M. Paz
25/06/2025;FAC 0003-00042121;FAC;C0124;Coffee Lab Flores;CAF-BRAS-1K;3;18954.11;35;36960.51;R. Ibarra
04/05/2025;FAC 0003-00041837;FAC;C9002;VENTA ONLINE;CAF-CAPS-10;3;7527.53;0;22582.6;
05/02/2025;FAC 0003-00040713;FAC;C9001;CONSUMIDOR FINAL;CAF-BLEND-250;1;5723.2;0;5723.2;
24/01/2025;FAC 0003-00040231;FAC;C9002;VENTA ONLINE;CAF-CAPS-10;2;6900.0;0;13800.0;
03/05/2025;FAC 0003-00041659;FAC;C0107;La Ventanita de Nunez II;CAF-BLEND-1K;9;19637.04;35;114876.7;M. Paz
24/01/2025;FAC 0003-00040206;FAC;C9002;VENTA ONLINE;CAP-TAZA;1;8900.0;0;8900.0;
17/03/2025;FAC 0003-00040847;FAC;C0102;Bar Belgrano;CAF-BLEND-1K;6;18800.71;35;73322.78;R. Ibarra
13/01/2025;FAC 0003-00040325;FAC;C9001;CONSUMIDOR FINAL;CAF-COLOM-250;1;8200.0;0;8200.0;
22/04/2025;FAC 0003-00041432;FAC;C9002;VENTA ONLINE;CAF-BRAS-250;2;5657.55;0;11315.1;
08/02/2025;FAC 0003-00040742;FAC;C9001;CONSUMIDOR FINAL;CAF-BLEND-1K;1;18396.0;0;18396.0;
10/05/2025;FAC 0003-00041763;FAC;C9002;VENTA ONLINE;CAF-ETIOP-250;3;10363.99;0;31091.98;
26/03/2025;FAC 0003-00040891;FAC;C9002;VENTA ONLINE;CAF-BLEND-250;1;5849.11;0;5849.11;
09/01/2025;FAC 0003-00040299;FAC;C9001;CONSUMIDOR FINAL;CAF-COLOM-250;1;8200.0;0;8200.0;
01/01/2025;FAC 0003-00040138;FAC;C9002;VENTA ONLINE;CAF-BRAS-250;3;5300.0;0;15900.0;
19/04/2025;FAC 0003-00041580;FAC;C9001;CONSUMIDOR FINAL;CAF-BLEND-1K;2;19214.33;0;38428.66;
14/04/2025;FAC 0003-00041265;FAC;C0120;Tostado Chacarita;CAP-FILTRO-100;4;3415.88;32;9291.19;
21/02/2025;FAC 0003-00040693;FAC;C9001;CONSUMIDOR FINAL;CAF-BLEND-250;1;5723.2;0;5723.2;
16/03/2025;FAC 0003-00040931;FAC;C9002;VENTA ONLINE;CAF-BLEND-250;1;5849.11;0;5849.11;
08/01/2025;FAC 0003-00040106;FAC;C9002;VENTA ONLINE;CAF-ETIOP-250;1;9500.0;0;9500.0;
03/04/2025;FAC 0003-00041490;FAC;C9002;VENTA ONLINE;CAF-COLOM-250;2;8753.19;0;17506.39;
22/05/2025;FAC 0003-00041663;FAC;C0110;Panaderia Devoto;CAF-BRAS-1K;3;18546.1;35;36164.89;R. Ibarra
25/01/2025;FAC 0003-00040134;FAC;C9002;VENTA ONLINE;CAF-COLOM-250;1;8200.0;0;8200.0;
16/06/2025;FAC 0003-00042137;FAC;C0137;Panaderia Villa Urquiza II;CAF-BLEND-1K;3;20069.06;30;42145.02;
11/05/2025;FAC 0003-00041822;FAC;C9002;VENTA ONLINE;CAF-COLOM-250;3;8945.76;0;26837.29;
17/04/2025;FAC 0003-00041510;FAC;C9002;VENTA ONLINE;CAF-CAPS-10;3;7365.49;0;22096.48;
26/02/2025;FAC 0003-00040829;FAC;C9001;CONSUMIDOR FINAL;CAP-FILTRO-100;2;3270.4;0;6540.8;
22/06/2025;FAC 0003-00042494;FAC;C9001;CONSUMIDOR FINAL;CAF-COLOM-250;1;9142.57;0;9142.57;
11/05/2025;FAC 0003-00042018;FAC;C9001;CONSUMIDOR FINAL;CAF-ETIOP-250;2;10363.99;0;20727.99;
20/02/2025;FAC 0003-00040545;FAC;C9002;VENTA ONLINE;CAF-BRAS-250;1;5416.6;0;5416.6;
26/04/2025;FAC 0003-00041604;FAC;C9001;CONSUMIDOR FINAL;CAF-ETIOP-250;2;10140.9;0;20281.79;
25/06/2025;FAC 0003-00042473;FAC;C9001;CONSUMIDOR FINAL;CAF-BLEND-1K;1;20069.06;0;20069.06;
28/02/2025;FAC 0003-00040781;FAC;C9001;CONSUMIDOR FINAL;CAF-COLOM-250;1;8380.4;0;8380.4;
04/05/2025;FAC 0003-00041850;FAC;C9002;VENTA ONLINE;CAF-ETIOP-250;1;10363.99;0;10363.99;
19/03/2025;FAC 0003-00040904;FAC;C9002;VENTA ONLINE;CAF-COLOM-250;2;8564.77;0;17129.54;
12/04/2025;FAC 0003-00041240;FAC;C0001;GRANOS DEL SUR S.A.;CAF-BRAS-1K;21;18146.87;40;228650.5;
21/06/2025;FAC 0003-00042446;FAC;C9001;CONSUMIDOR FINAL;CAP-FILTRO-100;2;3567.83;0;7135.67;
12/01/2025;FAC 0003-00040378;FAC;C9001;CONSUMIDOR FINAL;CAF-BLEND-250;2;5600.0;0;11200.0;
26/04/2025;FAC 0003-00041297;FAC;C9002;VENTA ONLINE;CAF-DESCA-250;1;7899.22;0;7899.22;
23/01/2025;FAC 0003-00040388;FAC;C9001;CONSUMIDOR FINAL;CAF-ETIOP-250;1;9500.0;0;9500.0;
17/04/2025;FAC 0003-00041516;FAC;C9002;VENTA ONLINE;CAF-ETIOP-250;3;10140.9;0;30422.69;
26/05/2025;FAC 0003-00041710;FAC;C9002;VENTA ONLINE;CAF-ETIOP-250;3;10363.99;0;31091.98;
17/02/2025;FAC 0003-00040778;FAC;C9001;CONSUMIDOR FINAL;CAF-BLEND-250;1;5723.2;0;5723.2;
10/03/2025;FAC 0003-00040969;FAC;C9002;VENTA ONLINE;CAF-DESCA-250;1;7729.18;0;7729.18;
07/06/2025;FAC 0003-00042212;FAC;C9002;VENTA ONLINE;CAF-ETIOP-250;1;10592.0;0;10592.0;
19/01/2025;FAC 0003-00040044;FAC;C0130;Usina Coghlan;CAF-BLEND-1K;9;18000.0;30;113400.0;R. Ibarra
23/03/2025;FAC 0003-00040843;FAC;C0001;GRANOS DEL SUR S.A.;CAF-BLEND-CJ6;8;106537.37;40;511379.37;M. Paz
16/04/2025;FAC 0003-00041251;FAC;C0106;El Almacen de Nunez;CAF-BLEND-1K;3;19214.33;30;40350.09;M. Paz
16/06/2025;FAC 0003-00042280;FAC;C9002;VENTA ONLINE;CAF-BLEND-250;3;6243.71;0;18731.12;
26/06/2025;FAC 0003-00042216;FAC;C9002;VENTA ONLINE;CAP-FILTRO-100;3;3567.83;0;10703.5;
13/06/2025;FAC 0003-00042223;FAC;C9002;VENTA ONLINE;CAF-DESCA-250;3;8250.61;0;24751.84;
18/06/2025;FAC 0003-00042172;FAC;C9002;VENTA ONLINE;CAF-CAPS-10;3;7693.14;0;23079.42;
28/05/2025;FAC 0003-00041673;FAC;C0119;Coffee Lab Saavedra II;CAF-BLEND-1K;5;19637.04;35;63820.39;R. Ibarra
25/03/2025;FAC 0003-00040988;FAC;C9002;VENTA ONLINE;CAF-CAPS-10;1;7206.94;0;7206.94;
02/03/2025;FAC 0003-00041054;FAC;C9002;VENTA ONLINE;CAP-TAZA;2;9295.91;0;18591.82;
21/04/2025;FAC 0003-00041375;FAC;C9002;VENTA ONLINE;CAF-ETIOP-250;2;10140.9;0;20281.79;
18/04/2025;FAC 0003-00041352;FAC;C9002;VENTA ONLINE;CAF-ETIOP-250;1;10140.9;0;10140.9;
10/03/2025;FAC 0003-00040846;FAC;C0101;El Almacen de Palermo II;CAF-BLEND-1K;9;18800.71;35;109984.17;M. Paz
01/06/2025;FAC 0003-00042308;FAC;C9002;VENTA ONLINE;CAF-BRAS-250;1;5909.22;0;5909.22;
14/03/2025;FAC 0003-00040935;FAC;C9002;VENTA ONLINE;CAF-COLOM-250;3;8564.77;0;25694.31;
17/04/2025;FAC 0003-00041319;FAC;C9002;VENTA ONLINE;CAF-ETIOP-250;2;10140.9;0;20281.79;
18/05/2025;FAC 0003-00041913;FAC;C9002;VENTA ONLINE;CAF-COLOM-250;3;8945.76;0;26837.29;
03/02/2025;FAC 0003-00040745;FAC;C9001;CONSUMIDOR FINAL;CAF-COLOM-250;1;8380.4;0;8380.4;
03/05/2025;FAC 0003-00042006;FAC;C9001;CONSUMIDOR FINAL;CAF-COLOM-250;2;8945.76;0;17891.53;
26/01/2025;FAC 0003-00040051;FAC;C0138;El Almacen de Constitucion;CAF-BLEND-1K;8;18000.0;30;100800.0;M. Paz
19/06/2025;FAC 0003-00042197;FAC;C9002;VENTA ONLINE;CAF-BLEND-250;2;6243.71;0;12487.41;
22/02/2025;FAC 0003-00040429;FAC;C0106;El Almacen de Nunez;CAF-BRAS-1K;6;17374.0;30;72970.8;M. Paz
18/05/2025;FAC 0003-00041711;FAC;C9002;VENTA ONLINE;CAF-COLOM-250;3;8945.76;0;26837.29;
02/01/2025;FAC 0003-00040228;FAC;C9002;VENTA ONLINE;CAF-BLEND-250;3;5600.0;0;16800.0;
08/06/2025;FAC 0003-00042176;FAC;C9002;VENTA ONLINE;CAF-BRAS-250;2;5909.22;0;11818.45;
06/04/2025;FAC 0003-00041326;FAC;C9002;VENTA ONLINE;CAF-BRAS-250;3;5657.55;0;16972.66;
06/01/2025;FAC 0003-00040006;FAC;C0001;GRANOS DEL SUR S.A.;CAF-BRAS-1K;12;17000.0;40;122400.0;R. Ibarra
24/02/2025;FAC 0003-00040738;FAC;C9001;CONSUMIDOR FINAL;CAF-COLOM-250;1;8380.4;0;8380.4;
18/06/2025;FAC 0003-00042179;FAC;C9002;VENTA ONLINE;CAF-COLOM-250;3;9142.57;0;27427.71;
05/03/2025;FAC 0003-00040901;FAC;C9002;VENTA ONLINE;CAF-BLEND-250;3;5849.11;0;17547.33;
11/03/2025;FAC 0003-00041234;FAC;C9001;CONSUMIDOR FINAL;CAF-COLOM-250;2;8564.77;0;17129.54;
12/02/2025;FAC 0003-00040598;FAC;C9002;VENTA ONLINE;CAF-ETIOP-250;2;9709.0;0;19418.0;
03/01/2025;FAC 0003-00040001;FAC;C0001;GRANOS DEL SUR S.A.;BLEND1K;37;18000.0;40;399600.0;
23/05/2025;FAC 0003-00041653;FAC;C0102;Bar Belgrano;CAF-BLEND-1K;4;19637.04;35;51056.31;M. Paz
07/01/2025;FAC 0003-00040385;FAC;C9001;CONSUMIDOR FINAL;CAF-BLEND-250;1;5600.0;0;5600.0;
15/02/2025;FAC 0003-00040667;FAC;C9002;VENTA ONLINE;CAF-ETIOP-250;1;9709.0;0;9709.0;
17/06/2025;FAC 0003-00042087;FAC;C0001;GRANOS DEL SUR S.A.;CAF-BLEND-CJ6;5;113724.66;40;341173.98;
10/02/2025;FAC 0003-00040610;FAC;C9002;VENTA ONLINE;CAF-BLEND-250;1;5723.2;0;5723.2;
21/03/2025;FAC 0003-00041121;FAC;C9001;CONSUMIDOR FINAL;CAF-COLOM-250;1;8564.77;0;8564.77;
16/02/2025;FAC 0003-00040642;FAC;C9002;VENTA ONLINE;CAF-ETIOP-250;2;9709.0;0;19418.0;
20/02/2025;FAC 0003-00040629;FAC;C9002;VENTA ONLINE;CAF-ETIOP-250;2;9709.0;0;19418.0;
16/03/2025;FAC 0003-00040886;FAC;C0137;Panaderia Villa Urquiza II;CAF-ETIOP-250;6;9922.6;30;41674.91;R. Ibarra
17/05/2025;FAC 0003-00041716;FAC;C9002;VENTA ONLINE;CAF-BRAS-250;2;5782.02;0;11564.04;
07/01/2025;FAC 0003-00040145;FAC;C9002;VENTA ONLINE;CAF-BLEND-250;1;5600.0;0;5600.0;
10/01/2025;FAC 0003-00040126;FAC;C9002;VENTA ONLINE;CAF-ETIOP-250;2;9500.0;0;19000.0;
19/02/2025;FAC 0003-00040695;FAC;C9001;CONSUMIDOR FINAL;CAF-COLOM-250;1;8380.4;0;8380.4;
05/05/2025;FAC 0003-00041882;FAC;C9002;VENTA ONLINE;CAF-COLOM-250;3;8945.76;0;26837.29;
28/04/2025;FAC 0003-00041537;FAC;C9001;CONSUMIDOR FINAL;CAF-BLEND-1K;1;19214.33;0;19214.33;
03/05/2025;FAC 0003-00041743;FAC;C9002;VENTA ONLINE;CAF-ETIOP-250;3;10363.99;0;31091.98;
19/03/2025;FAC 0003-00041120;FAC;C9001;CONSUMIDOR FINAL;CAP-FILTRO-100;1;3342.35;0;3342.35;
03/05/2025;FAC 0003-00042078;FAC;C9001;CONSUMIDOR FINAL;CAF-BLEND-250;2;6109.3;0;12218.6;
22/03/2025;FAC 0003-00041110;FAC;C9002;VENTA ONLINE;CAF-BRAS-250;1;5535.77;0;5535.77;
20/04/2025;FAC 0003-00041420;FAC;C9002;VENTA ONLINE;CAF-COLOM-250;1;8753.19;0;8753.19;
23/06/2025;FAC 0003-00042316;FAC;C9002;VENTA ONLINE;CAF-ETIOP-250;1;10592.0;0;10592.0;
18/04/2025;FAC 0003-00041244;FAC;C0001;GRANOS DEL SUR S.A.;BLEND1K;54;19214.33;40;622544.22;
07/06/2025;FAC 0003-00042099;FAC;C0108;Coffee Lab Colegiales;CAF-BRAS-1K;6;18954.11;32;77332.77;
14/04/2025;FAC 0003-00041587;FAC;C9001;CONSUMIDOR FINAL;CAF-BLEND-250;2;5977.79;0;11955.58;
03/04/2025;FAC 0003-00041355;FAC;C9002;VENTA ONLINE;CAF-BLEND-250;3;5977.79;0;17933.37;
26/04/2025;FAC 0003-00041380;FAC;C9002;VENTA ONLINE;CAP-FILTRO-100;2;3415.88;0;6831.76;
07/06/2025;FAC 0003-00042199;FAC;C9002;VENTA ONLINE;CAF-CAPS-10;3;7693.14;0;23079.42;
09/01/2025;FAC 0003-00040199;FAC;C9002;VENTA ONLINE;CAF-ETIOP-250;2;9500.0;0;19000.0;
18/05/2025;FAC 0003-00041660;FAC;C0108;Coffee Lab Colegiales;CAF-BLEND-1K;3;19637.04;32;40059.57;
19/03/2025;FAC 0003-00041044;FAC;C9002;VENTA ONLINE;CAF-BLEND-250;2;5849.11;0;11698.22;
03/02/2025;FAC 0003-00040566;FAC;C9002;VENTA ONLINE;CAF-CAPS-10;3;7051.8;0;21155.4;
07/04/2025;FAC 0003-00041285;FAC;C0138;El Almacen de Constitucion;CAF-BLEND-1K;10;19214.33;30;134500.29;R. Ibarra
01/02/2025;FAC 0003-00040646;FAC;C9002;VENTA ONLINE;CAF-COLOM-250;1;8380.4;0;8380.4;
20/06/2025;FAC 0003-00042351;FAC;C9002;VENTA ONLINE;CAF-BLEND-250;1;6243.71;0;6243.71;
06/02/2025;FAC 0003-00040420;FAC;C0001;GRANOS DEL SUR S.A.;BLEND1K;53;18396.0;40;584992.8;M. Paz
02/02/2025;FAC 0003-00040485;FAC;C9002;VENTA ONLINE;CAF-ETIOP-250;3;9709.0;0;29127.0;
16/04/2025;FAC 0003-00041471;FAC;C9002;VENTA ONLINE;CAF-COLOM-250;3;8753.19;0;26259.58;
20/04/2025;FAC 0003-00041425;FAC;C9002;VENTA ONLINE;CAF-BLEND-250;2;5977.79;0;11955.58;
01/02/2025;FAC 0003-00040436;FAC;C0111;Cafe Devoto II;CAF-BLEND-1K;9;18396.0;35;107616.6;
01/02/2025;FAC 0003-00040516;FAC;C9002;VENTA ONLINE;CAF-BRAS-250;1;5416.6;0;5416.6;
17/06/2025;FAC 0003-00042193;FAC;C9002;VENTA ONLINE;CAF-ETIOP-250;2;10592.0;0;21184.01;
25/03/2025;FAC 0003-00040925;FAC;C9002;VENTA ONLINE;CAF-ETIOP-250;1;9922.6;0;9922.6;
07/05/2025;FAC 0003-00041775;FAC;C9002;VENTA ONLINE;CAF-BLEND-250;3;6109.3;0;18327.91;
07/05/2025;FAC 0003-00041923;FAC;C9002;VENTA ONLINE;CAF-BRAS-250;3;5782.02;0;17346.05;
08/05/2025;FAC 0003-00042074;FAC;C9001;CONSUMIDOR FINAL;CAF-BLEND-250;2;6109.3;0;12218.6;
25/06/2025;FAC 0003-00042390;FAC;C9002;VENTA ONLINE;CAP-FILTRO-100;2;3567.83;0;7135.67;
12/06/2025;FAC 0003-00042141;FAC;C0139;La Ventanita de Constitucion II;CAF-BLEND-1K;10;20069.06;30;140483.4;
04/05/2025;FAC 0003-00041780;FAC;C9002;VENTA ONLINE;CAF-COLOM-250;3;8945.76;0;26837.29;
19/06/2025;FAC 0003-00042236;FAC;C9002;VENTA ONLINE;CAF-COLOM-250;3;9142.57;0;27427.71;
05/04/2025;FAC 0003-00041448;FAC;C9002;VENTA ONLINE;CAF-BLEND-250;2;5977.79;0;11955.58;
25/04/2025;FAC 0003-00041533;FAC;C9001;CONSUMIDOR FINAL;CAF-COLOM-250;2;8753.19;0;17506.39;
09/04/2025;FAC 0003-00041545;FAC;C9001;CONSUMIDOR FINAL;CAF-ETIOP-250;1;10140.9;0;10140.9;
15/04/2025;FAC 0003-00041609;FAC;C9001;CONSUMIDOR FINAL;CAF-COLOM-250;1;8753.19;0;8753.19;
26/02/2025;FAC 0003-00040587;FAC;C9002;VENTA ONLINE;CAF-DESCA-250;3;7562.8;0;22688.4;
22/03/2025;FAC 0003-00040970;FAC;C9002;VENTA ONLINE;CAF-ETIOP-250;3;9922.6;0;29767.79;
01/04/2025;FAC 0003-00041291;FAC;C9002;VENTA ONLINE;CAF-BLEND-250;2;5977.79;0;11955.58;
23/04/2025;FAC 0003-00041414;FAC;C9002;VENTA ONLINE;CAF-ETIOP-250;1;10140.9;0;10140.9;
13/01/2025;FAC 0003-00040024;FAC;C0111;Cafe Devoto II;CAF-BRAS-1K;4;17000.0;35;44200.0;M. Paz
16/05/2025;FAC 0003-00041934;FAC;C9002;VENTA ONLINE;CAF-BLEND-250;3;6109.3;0;18327.91;
11/03/2025;FAC 0003-00041176;FAC;C9001;CONSUMIDOR FINAL;CAF-BLEND-250;2;5849.11;0;11698.22;
02/06/2025;FAC 0003-00042392;FAC;C9002;VENTA ONLINE;CAP-TAZA;1;9923.03;0;9923.03;
16/05/2025;FAC 0003-00041736;FAC;C9002;VENTA ONLINE;CAF-BRAS-250;2;5782.02;0;11564.04;
12/02/2025;FAC 0003-00040470;FAC;C0137;Panaderia Villa Urquiza II;CAF-BRAS-1K;8;17374.0;30;97294.4;M. Paz
28/02/2025;FAC 0003-00040439;FAC;C0113;Bar Recoleta II;CAF-ETIOP-250;9;9709.0;30;61166.7;M. Paz
07/01/2025;FAC 0003-00040234;FAC;C9002;VENTA ONLINE;CAF-COLOM-250;2;8200.0;0;16400.0;
25/01/2025;FAC 0003-00040197;FAC;C9002;VENTA ONLINE;CAF-COLOM-250;2;8200.0;0;16400.0;
01/01/2025;FAC 0003-00040186;FAC;C9002;VENTA ONLINE;CAF-BLEND-250;3;5600.0;0;16800.0;
10/05/2025;FAC 0003-00041957;FAC;C9001;CONSUMIDOR FINAL;CAF-BLEND-1K;2;19637.04;0;39274.09;
07/05/2025;FAC 0003-00041646;FAC;C0001;GRANOS DEL SUR S.A.;CAF-BLEND-CJ6;8;111276.58;40;534127.57;R. Ibarra
12/05/2025;FAC 0003-00041958;FAC;C9001;CONSUMIDOR FINAL;CAF-COLOM-250;2;8945.76;0;17891.53;
27/04/2025;FAC 0003-00041502;FAC;C9002;VENTA ONLINE;CAF-BLEND-250;3;5977.79;0;17933.37;
26/06/2025;FAC 0003-00042454;FAC;C9001;CONSUMIDOR FINAL;CAF-BLEND-250;2;6243.71;0;12487.41;
13/06/2025;FAC 0003-00042363;FAC;C9002;VENTA ONLINE;CAF-BRAS-250;1;5909.22;0;5909.22;
19/03/2025;FAC 0003-00040869;FAC;C0124;Coffee Lab Flores;CAF-BLEND-1K;4;18800.71;35;48881.85;M. Paz
22/03/2025;FAC 0003-00040910;FAC;C9002;VENTA ONLINE;CAF-DESCA-250;3;7729.18;0;23187.54;
17/05/2025;FAC 0003-00041712;FAC;C9002;VENTA ONLINE;CAF-BRAS-250;3;5782.02;0;17346.05;
23/06/2025;FAC 0003-00042332;FAC;C9002;VENTA ONLINE;CAF-BRAS-250;3;5909.22;0;17727.67;
06/03/2025;FAC 0003-00040913;FAC;C9002;VENTA ONLINE;CAF-BLEND-250;1;5849.11;0;5849.11;
24/05/2025;FAC 0003-00041813;FAC;C9002;VENTA ONLINE;CAP-TAZA;2;9709.43;0;19418.85;
24/04/2025;FAC 0003-00041263;FAC;C0116;Cafe Caballito;CAF-BLEND-1K;3;19214.33;32;39197.23;M. Paz
06/04/2025;FAC 0003-00041608;FAC;C9001;CONSUMIDOR FINAL;CAF-BLEND-250;1;5977.79;0;5977.79;
01/02/2025;FAC 0003-00040474;FAC;C9002;VENTA ONLINE;CAF-ETIOP-250;1;9709.0;0;9709.0;
26/01/2025;FAC 0003-00040293;FAC;C9001;CONSUMIDOR FINAL;CAF-ETIOP-250;2;9500.0;0;19000.0;
28/03/2025;FAC 0003-00040858;FAC;C0112;La Ventanita de Recoleta;CAF-BLEND-1K;9;18800.71;35;109984.17;
03/04/2025;FAC 0003-00041490;FAC;C9002;VENTA ONLINE;CAF-BLEND-250;3;5977.79;0;17933.37;
01/06/2025;FAC 0003-00042177;FAC;C9002;VENTA ONLINE;CAF-BLEND-250;2;6243.71;0;12487.41;
05/06/2025;FAC 0003-00042357;FAC;C9002;VENTA ONLINE;CAF-ETIOP-250;3;10592.0;0;31776.01;
08/04/2025;FAC 0003-00041289;FAC;C9002;VENTA ONLINE;CAF-ETIOP-250;2;10140.9;0;20281.79;
15/02/2025;FAC 0003-00040708;FAC;C9001;CONSUMIDOR FINAL;CAF-COLOM-250;2;8380.4;0;16760.8;
03/01/2025;FAC 0003-00040079;FAC;C9002;VENTA ONLINE;CAF-BLEND-250;3;5600.0;0;16800.0;
23/05/2025;FAC 0003-00041929;FAC;C9002;VENTA ONLINE;CAF-ETIOP-250;2;10363.99;0;20727.99;
19/01/2025;FAC 0003-00040076;FAC;C9002;VENTA ONLINE;CAF-BRAS-250;2;5300.0;0;10600.0;
02/01/2025;FAC 0003-00040228;FAC;C9002;VENTA ONLINE;CAF-CAPS-10;2;6900.0;0;13800.0;
04/05/2025;FAC 0003-00041751;FAC;C9002;VENTA ONLINE;CAF-ETIOP-250;3;10363.99;0;31091.98;
06/04/2025;FAC 0003-00041264;FAC;C0118;Bar Saavedra;CAF-BRAS-1K;8;18146.87;32;98718.95;M. Paz
27/03/2025;FAC 0003-00040916;FAC;C9002;VENTA ONLINE;CAF-ETIOP-250;1;9922.6;0;9922.6;
10/02/2025;FAC 0003-00040606;FAC;C9002;VENTA ONLINE;CAF-DESCA-250;3;7562.8;0;22688.4;
11/06/2025;FAC 0003-00042277;FAC;C9002;VENTA ONLINE;CAF-BLEND-250;3;6243.71;0;18731.12;
15/06/2025;FAC 0003-00042254;FAC;C9002;VENTA ONLINE;CAF-BRAS-250;3;5909.22;0;17727.67;
12/02/2025;FAC 0003-00040598;FAC;C9002;VENTA ONLINE;CAF-DESCA-250;2;7562.8;0;15125.6;
09/06/2025;FAC 0003-00042296;FAC;C9002;VENTA ONLINE;CAF-ETIOP-250;2;10592.0;0;21184.01;
22/01/2025;FAC 0003-00040165;FAC;C9002;VENTA ONLINE;CAF-ETIOP-250;3;9500.0;0;28500.0;
25/03/2025;FAC 0003-00041089;FAC;C9002;VENTA ONLINE;CAP-TAZA;3;9295.91;0;27887.72;
26/01/2025;FAC 0003-00040057;FAC;C9002;VENTA ONLINE;CAF-BRAS-250;1;5300.0;0;5300.0;
04/05/2025;FAC 0003-00041780;FAC;C9002;VENTA ONLINE;CAF-ETIOP-250;1;10363.99;0;10363.99;
25/06/2025;FAC 0003-00042497;FAC;C9001;CONSUMIDOR FINAL;CAF-BLEND-1K;1;20069.06;0;20069.06;
04/02/2025;FAC 0003-00040751;FAC;C9001;CONSUMIDOR FINAL;CAF-ETIOP-250;1;9709.0;0;9709.0;
02/03/2025;FAC 0003-00041053;FAC;C9002;VENTA ONLINE;CAP-TAZA;2;9295.91;0;18591.82;
22/03/2025;FAC 0003-00041116;FAC;C9002;VENTA ONLINE;CAF-COLOM-250;1;8564.77;0;8564.77;
19/02/2025;FAC 0003-00040456;FAC;C0127;Cafe Parque Chas II;CAF-BLEND-1K;4;18396.0;32;50037.12;M. Paz
04/04/2025;FAC 0003-00041378;FAC;C9002;VENTA ONLINE;CAF-ETIOP-250;3;10140.9;0;30422.69;
01/04/2025;FAC 0003-00041248;FAC;C0103;Coffee Lab Belgrano II;CAF-BRAS-1K;4;18146.87;35;47181.85;
17/06/2025;FAC 0003-00042095;FAC;C0104;Tostado Villa Crespo;CAF-BLEND-1K;6;20069.06;35;78269.33;R. Ibarra
23/03/2025;FAC 0003-00041203;FAC;C9001;CONSUMIDOR FINAL;CAP-FILTRO-100;2;3342.35;0;6684.7;
15/05/2025;FAC 0003-00041970;FAC;C9001;CONSUMIDOR FINAL;CAF-BLEND-1K;2;19637.04;0;39274.09;
27/06/2025;FAC 0003-00042349;FAC;C9002;VENTA ONLINE;CAF-COLOM-250;2;9142.57;0;18285.14;
26/06/2025;FAC 0003-00042088;FAC;C0001;GRANOS DEL SUR S.A.;BLEND1K;44;20069.06;40;529823.13;R. Ibarra
28/03/2025;FAC 0003-00041202;FAC;C9001;CONSUMIDOR FINAL;CAF-ETIOP-250;1;9922.6;0;9922.6;
26/01/2025;FAC 0003-00040128;FAC;C9002;VENTA ONLINE;CAF-COLOM-250;3;8200.0;0;24600.0;
23/01/2025;FAC 0003-00040270;FAC;C9001;CONSUMIDOR FINAL;CAF-ETIOP-250;1;9500.0;0;9500.0;
14/04/2025;FAC 0003-00041258;FAC;C0111;Cafe Devoto II;CAF-BLEND-1K;8;19214.33;35;99914.5;
09/06/2025;FAC 0003-00042397;FAC;C9002;VENTA ONLINE;CAF-DESCA-250;2;8250.61;0;16501.23;
07/01/2025;FAC 0003-00040013;FAC;C0103;Coffee Lab Belgrano II;CAF-BLEND-1K;3;18000.0;35;35100.0;R. Ibarra
13/06/2025;FAC 0003-00042102;FAC;C0109;Usina Colegiales II;CAP-FILTRO-100;2;3567.83;32;4852.25;M. Paz
27/04/2025;FAC 0003-00041527;FAC;C9001;CONSUMIDOR FINAL;CAF-BLEND-1K;2;19214.33;0;38428.66;
16/05/2025;FAC 0003-00041681;FAC;C0126;Panaderia Parque Chas;CAF-BLEND-1K;7;19637.04;32;93472.32;
14/02/2025;FAC 0003-00040444;FAC;C0119;Coffee Lab Saavedra II;CAF-BLEND-1K;9;18396.0;35;107616.6;M. Paz
01/03/2025;FAC 0003-00041087;FAC;C9002;VENTA ONLINE;CAF-BRAS-250;3;5535.77;0;16607.3;
24/05/2025;FAC 0003-00041752;FAC;C9002;VENTA ONLINE;CAF-ETIOP-250;2;10363.99;0;20727.99;
11/01/2025;FAC 0003-00040209;FAC;C9002;VENTA ONLINE;CAF-ETIOP-250;3;9500.0;0;28500.0;
19/02/2025;FAC 0003-00040434;FAC;C0110;Panaderia Devoto;CAF-BLEND-1K;7;18396.0;35;83701.8;M. Paz
25/04/2025;FAC 0003-00041276;FAC;C0129;Bar San Telmo II;CAF-BRAS-1K;5;18146.87;32;61699.34;
02/02/2025;FAC 0003-00040515;FAC;C9002;VENTA ONLINE;CAF-COLOM-250;1;8380.4;0;8380.4;
04/04/2025;FAC 0003-00041313;FAC;C9002;VENTA ONLINE;CAF-CAPS-10;2;7365.49;0;14730.98;
13/02/2025;FAC 0003-00040427;FAC;C0103;Coffee Lab Belgrano II;CAF-BRAS-1K;8;17374.0;35;90344.8;R. Ibarra
20/05/2025;FAC 0003-00041721;FAC;C9002;VENTA ONLINE;CAF-ETIOP-250;2;10363.99;0;20727.99;
15/01/2025;FAC 0003-00040222;FAC;C9002;VENTA ONLINE;CAF-BLEND-250;3;5600.0;0;16800.0;
01/04/2025;FAC 0003-00041528;FAC;C9001;CONSUMIDOR FINAL;CAF-BLEND-1K;2;19214.33;0;38428.66;
05/04/2025;FAC 0003-00041540;FAC;C9001;CONSUMIDOR FINAL;CAF-BLEND-1K;1;19214.33;0;19214.33;
10/05/2025;FAC 0003-00041705;FAC;C9002;VENTA ONLINE;CAF-BRAS-250;1;5782.02;0;5782.02;
01/01/2025;FAC 0003-00040142;FAC;C9002;VENTA ONLINE;CAF-ETIOP-250;1;9500.0;0;9500.0;
06/05/2025;FAC 0003-00042051;FAC;C9001;CONSUMIDOR FINAL;CAF-ETIOP-250;1;10363.99;0;10363.99;
03/03/2025;FAC 0003-00041152;FAC;C9001;CONSUMIDOR FINAL;CAF-BLEND-250;2;5849.11;0;11698.22;
09/03/2025;FAC 0003-00041023;FAC;C9002;VENTA ONLINE;CAF-ETIOP-250;1;9922.6;0;9922.6;
07/03/2025;FAC 0003-00041153;FAC;C9001;CONSUMIDOR FINAL;CAF-ETIOP-250;1;9922.6;0;9922.6;
27/02/2025;FAC 0003-00040443;FAC;C0118;Bar Saavedra;CAF-BRAS-1K;5;17374.0;32;59071.6;M. Paz
18/02/2025;FAC 0003-00040467;FAC;C0136;Tostado Villa Urquiza;CAF-BRAS-1K;3;17374.0;35;33879.3;M. Paz
26/06/2025;FAC 0003-00042175;FAC;C9002;VENTA ONLINE;CAF-ETIOP-250;3;10592.0;0;31776.01;
25/06/2025;FAC 0003-00042402;FAC;C9001;CONSUMIDOR FINAL;CAF-BLEND-1K;2;20069.06;0;40138.12;
14/01/2025;FAC 0003-00040141;FAC;C9002;VENTA ONLINE;CAP-TAZA;2;8900.0;0;17800.0;
03/03/2025;FAC 0003-00041007;FAC;C9002;VENTA ONLINE;CAF-CAPS-10;1;7206.94;0;7206.94;
11/06/2025;FAC 0003-00042208;FAC;C9002;VENTA ONLINE;CAF-CAPS-10;2;7693.14;0;15386.28;
27/04/2025;FAC 0003-00041426;FAC;C9002;VENTA ONLINE;CAF-BRAS-250;2;5657.55;0;11315.1;
28/02/2025;FAC 0003-00040831;FAC;C9001;CONSUMIDOR FINAL;CAF-BLEND-250;1;5723.2;0;5723.2;
26/01/2025;FAC 0003-00040020;FAC;C0108;Coffee Lab Colegiales;CAF-BLEND-1K;5;18000.0;32;61200.0;R. Ibarra
12/02/2025;FAC 0003-00040450;FAC;C0123;La Ventanita de Almagro II;CAP-FILTRO-100;4;3270.4;35;8503.04;
19/02/2025;FAC 0003-00040422;FAC;C0001;GRANOS DEL SUR S.A.;BLEND1K;47;18396.0;40;518767.2;R. Ibarra
19/06/2025;FAC 0003-00042299;FAC;C9002;VENTA ONLINE;CAF-COLOM-250;1;9142.57;0;9142.57;
22/03/2025;FAC 0003-00041069;FAC;C9002;VENTA ONLINE;CAF-ETIOP-250;1;9922.6;0;9922.6;
07/01/2025;FAC 0003-00040075;FAC;C9002;VENTA ONLINE;CAF-BLEND-250;2;5600.0;0;11200.0;
06/01/2025;FAC 0003-00040279;FAC;C9001;CONSUMIDOR FINAL;CAF-BLEND-250;1;5600.0;0;5600.0;
14/06/2025;FAC 0003-00042204;FAC;C9002;VENTA ONLINE;CAF-CAPS-10;2;7693.14;0;15386.28;
05/02/2025;FAC 0003-00040673;FAC;C9002;VENTA ONLINE;CAF-ETIOP-250;2;9709.0;0;19418.0;
08/05/2025;FAC 0003-00041655;FAC;C0104;Tostado Villa Crespo;CAF-BRAS-1K;8;18546.1;35;96439.7;
27/02/2025;FAC 0003-00040658;FAC;C9002;VENTA ONLINE;CAF-COLOM-250;2;8380.4;0;16760.8;
05/05/2025;FAC 0003-00041769;FAC;C9002;VENTA ONLINE;CAF-BLEND-250;3;6109.3;0;18327.91;
06/01/2025;FAC 0003-00040395;FAC;C9001;CONSUMIDOR FINAL;CAF-COLOM-250;2;8200.0;0;16400.0;
21/03/2025;FAC 0003-00040936;FAC;C9002;VENTA ONLINE;CAF-BLEND-250;1;5849.11;0;5849.11;
27/02/2025;FAC 0003-00040816;FAC;C9001;CONSUMIDOR FINAL;CAF-COLOM-250;1;8380.4;0;8380.4;
16/04/2025;FAC 0003-00041346;FAC;C9002;VENTA ONLINE;CAF-ETIOP-250;1;10140.9;0;10140.9;
28/02/2025;FAC 0003-00040535;FAC;C9002;VENTA ONLINE;CAF-ETIOP-250;2;9709.0;0;19418.0;
16/05/2025;FAC 0003-00041648;FAC;C0001;GRANOS DEL SUR S.A.;BLEND1K;35;19637.04;40;412377.9;
21/01/2025;FAC 0003-00040055;FAC;C9002;VENTA ONLINE;CAF-ETIOP-250;2;9500.0;0;19000.0;
23/05/2025;FAC 0003-00041785;FAC;C9002;VENTA ONLINE;CAF-BLEND-250;3;6109.3;0;18327.91;
26/01/2025;FAC 0003-00040227;FAC;C9002;VENTA ONLINE;CAF-COLOM-250;2;8200.0;0;16400.0;
08/02/2025;FAC 0003-00040465;FAC;C0133;El Almacen de Barracas II;CAF-BRAS-1K;5;17374.0;35;56465.5;
24/02/2025;FAC 0003-00040539;FAC;C9002;VENTA ONLINE;CAF-ETIOP-250;3;9709.0;0;29127.0;
09/01/2025;FAC 0003-00040187;FAC;C9002;VENTA ONLINE;CAP-TAZA;1;8900.0;0;8900.0;
17/05/2025;FAC 0003-00042011;FAC;C9001;CONSUMIDOR FINAL;CAF-ETIOP-250;2;10363.99;0;20727.99;
02/02/2025;FAC 0003-00040737;FAC;C9001;CONSUMIDOR FINAL;CAF-BLEND-1K;1;18396.0;0;18396.0;
21/06/2025;FAC 0003-00042508;FAC;C9001;CONSUMIDOR FINAL;CAF-ETIOP-250;1;10592.0;0;10592.0;
16/01/2025;FAC 0003-00040043;FAC;C0130;Usina Coghlan;CAF-BRAS-1K;6;17000.0;30;71400.0;
25/05/2025;FAC 0003-00041820;FAC;C9002;VENTA ONLINE;CAF-BLEND-250;2;6109.3;0;12218.6;
26/03/2025;FAC 0003-00041033;FAC;C9002;VENTA ONLINE;CAF-DESCA-250;1;7729.18;0;7729.18;
11/02/2025;FAC 0003-00040776;FAC;C9001;CONSUMIDOR FINAL;CAF-COLOM-250;1;8380.4;0;8380.4;
21/06/2025;FAC 0003-00042207;FAC;C9002;VENTA ONLINE;CAF-DESCA-250;3;8250.61;0;24751.84;
03/03/2025;FAC 0003-00040990;FAC;C9002;VENTA ONLINE;CAF-ETIOP-250;3;9922.6;0;29767.79;
17/02/2025;FAC 0003-00040578;FAC;C9002;VENTA ONLINE;CAF-BLEND-250;2;5723.2;0;11446.4;
18/05/2025;FAC 0003-00041660;FAC;C0108;Coffee Lab Colegiales;CAF-BRAS-1K;6;18546.1;32;75668.07;
18/03/2025;FAC 0003-00041049;FAC;C9002;VENTA ONLINE;CAF-CAPS-10;1;7206.94;0;7206.94;
08/03/2025;FAC 0003-00041096;FAC;C9002;VENTA ONLINE;CAF-COLOM-250;2;8564.77;0;17129.54;
23/04/2025;FAC 0003-00041354;FAC;C9002;VENTA ONLINE;CAF-BRAS-250;1;5657.55;0;5657.55;
24/03/2025;FAC 0003-00040968;FAC;C9002;VENTA ONLINE;CAF-ETIOP-250;2;9922.6;0;19845.2;
20/03/2025;FAC 0003-00040859;FAC;C0114;Usina Boedo;CAF-BRAS-1K;4;17756.23;32;48296.94;R. Ibarra
17/05/2025;FAC 0003-00041825;FAC;C9002;VENTA ONLINE;CAF-ETIOP-250;3;10363.99;0;31091.98;
12/03/2025;FAC 0003-00040845;FAC;C0100;Cafe Palermo;CAF-BLEND-1K;8;18800.71;32;102275.87;M. Paz
13/03/2025;FAC 0003-00041213;FAC;C9001;CONSUMIDOR FINAL;CAF-BLEND-250;2;5849.11;0;11698.22;
01/04/2025;FAC 0003-00041277;FAC;C0130;Usina Coghlan;CAF-ETIOP-250;8;10140.9;30;56789.01;M. Paz
18/01/2025;FAC 0003-00040170;FAC;C9002;VENTA ONLINE;CAF-BLEND-250;2;5600.0;0;11200.0;
22/05/2025;FAC 0003-00041998;FAC;C9001;CONSUMIDOR FINAL;CAF-ETIOP-250;1;10363.99;0;10363.99;
19/06/2025;FAC 0003-00042253;FAC;C9002;VENTA ONLINE;CAF-BRAS-250;2;5909.22;0;11818.45;
08/05/2025;FAC 0003-00041655;FAC;C0104;Tostado Villa Crespo;CAF-ETIOP-250;8;10363.99;35;53892.77;
09/02/2025;FAC 0003-00040435;FAC;C0111;Cafe Devoto II;CAF-ETIOP-250;7;9709.0;35;44175.95;R. Ibarra
04/01/2025;FAC 0003-00040262;FAC;C9002;VENTA ONLINE;CAF-DESCA-250;2;7400.0;0;14800.0;
21/04/2025;FAC 0003-00041546;FAC;C9001;CONSUMIDOR FINAL;CAF-ETIOP-250;1;10140.9;0;10140.9;
01/05/2025;FAC 0003-00041902;FAC;C9002;VENTA ONLINE;CAF-ETIOP-250;3;10363.99;0;31091.98;
19/02/2025;FAC 0003-00040432;FAC;C0108;Coffee Lab Colegiales;CAF-BLEND-1K;10;18396.0;32;125092.8;R. Ibarra
12/01/2025;FAC 0003-00040333;FAC;C9001;CONSUMIDOR FINAL;CAF-COLOM-250;1;8200.0;0;8200.0;
07/02/2025;FAC 0003-00040680;FAC;C9002;VENTA ONLINE;CAF-BLEND-250;3;5723.2;0;17169.6;
09/04/2025;FAC 0003-00041443;FAC;C9002;VENTA ONLINE;CAP-TAZA;3;9500.42;0;28501.25;
09/02/2025;FAC 0003-00040487;FAC;C9002;VENTA ONLINE;CAF-ETIOP-250;1;9709.0;0;9709.0;
22/04/2025;FAC 0003-00041432;FAC;C9002;VENTA ONLINE;CAF-BLEND-250;2;5977.79;0;11955.58;
13/05/2025;FAC 0003-00041734;FAC;C9002;VENTA ONLINE;CAP-FILTRO-100;3;3491.03;0;10473.09;
23/02/2025;FAC 0003-00040679;FAC;C9002;VENTA ONLINE;CAF-DESCA-250;1;7562.8;0;7562.8;
01/06/2025;FAC 0003-00042205;FAC;C9002;VENTA ONLINE;CAF-ETIOP-250;1;10592.0;0;10592.0;
27/04/2025;FAC 0003-00041505;FAC;C9002;VENTA ONLINE;CAF-BRAS-250;2;5657.55;0;11315.1;
06/01/2025;FAC 0003-00040180;FAC;C9002;VENTA ONLINE;CAF-BLEND-250;2;5600.0;0;11200.0;
28/03/2025;FAC 0003-00040947;FAC;C9002;VENTA ONLINE;CAF-BLEND-250;3;5849.11;0;17547.33;
23/06/2025;FAC 0003-00042326;FAC;C9002;VENTA ONLINE;CAP-FILTRO-100;2;3567.83;0;7135.67;
17/06/2025;FAC 0003-00042495;FAC;C9001;CONSUMIDOR FINAL;CAF-BLEND-1K;2;20069.06;0;40138.12;
22/02/2025;FAC 0003-00040537;FAC;C9002;VENTA ONLINE;CAF-BLEND-250;2;5723.2;0;11446.4;
26/05/2025;FAC 0003-00041817;FAC;C9002;VENTA ONLINE;CAF-BRAS-250;2;5782.02;0;11564.04;
05/02/2025;FAC 0003-00040591;FAC;C9002;VENTA ONLINE;CAF-ETIOP-250;3;9709.0;0;29127.0;
10/06/2025;FAC 0003-00042114;FAC;C0118;Bar Saavedra;CAF-BLEND-1K;8;20069.06;32;109175.67;M. Paz
19/03/2025;FAC 0003-00040853;FAC;C0106;El Almacen de Nunez;CAF-BLEND-1K;8;18800.71;30;105283.99;M. Paz
14/04/2025;FAC 0003-00041265;FAC;C0120;Tostado Chacarita;CAF-BLEND-1K;9;19214.33;32;117591.69;
18/02/2025;FAC 0003-00040597;FAC;C9002;VENTA ONLINE;CAF-ETIOP-250;1;9709.0;0;9709.0;
27/02/2025;FAC 0003-00040728;FAC;C9001;CONSUMIDOR FINAL;CAF-BLEND-250;1;5723.2;0;5723.2;
05/01/2025;FAC 0003-00040082;FAC;C9002;VENTA ONLINE;CAP-TAZA;1;8900.0;0;8900.0;
08/02/2025;FAC 0003-00040779;FAC;C9001;CONSUMIDOR FINAL;CAF-COLOM-250;2;8380.4;0;16760.8;
06/01/2025;FAC 0003-00040157;FAC;C9002;VENTA ONLINE;CAF-DESCA-250;3;7400.0;0;22200.0;
05/04/2025;NC 0003-00001225;NC;C0122;El Almacen de Almagro;CAF-BRAS-1K;-3;18146.87;32;-37019.6;
28/01/2025;FAC 0003-00040129;FAC;C9002;VENTA ONLINE;CAF-CAPS-10;3;6900.0;0;20700.0;
01/05/2025;FAC 0003-00041669;FAC;C0113;Bar Recoleta II;CAF-BLEND-1K;4;19637.04;30;54983.72;M. Paz
26/03/2025;FAC 0003-00040838;FAC;C0001;GRANOS DEL SUR S.A.;CAF-BRAS-1K;11;17756.23;40;117191.1;
18/04/2025;FAC 0003-00041334;FAC;C9002;VENTA ONLINE;CAF-CAPS-10;1;7365.49;0;7365.49;
07/05/2025;FAC 0003-00041717;FAC;C9002;VENTA ONLINE;CAF-BLEND-250;1;6109.3;0;6109.3;
26/02/2025;FAC 0003-00040415;FAC;C0001;GRANOS DEL SUR S.A.;BLEND1K;26;18396.0;40;286977.6;
24/03/2025;FAC 0003-00040926;FAC;C9002;VENTA ONLINE;CAF-BRAS-250;3;5535.77;0;16607.3;
16/04/2025;FAC 0003-00041470;FAC;C9002;VENTA ONLINE;CAF-ETIOP-250;3;10140.9;0;30422.69;
02/04/2025;FAC 0003-00041463;FAC;C9002;VENTA ONLINE;CAP-TAZA;2;9500.42;0;19000.84;
22/02/2025;FAC 0003-00040416;FAC;C0001;GRANOS DEL SUR S.A.;CAF-BRAS-1K;13;17374.0;40;135517.2;R. Ibarra
16/05/2025;FAC 0003-00041972;FAC;C9001;CONSUMIDOR FINAL;CAF-BLEND-1K;1;19637.04;0;19637.04;
23/03/2025;FAC 0003-00041003;FAC;C9002;VENTA ONLINE;CAF-COLOM-250;2;8564.77;0;17129.54;
27/05/2025;FAC 0003-00041749;FAC;C9002;VENTA ONLINE;CAF-DESCA-250;1;8073.01;0;8073.01;
11/04/2025;FAC 0003-00041481;FAC;C9002;VENTA ONLINE;CAF-COLOM-250;2;8753.19;0;17506.39;
17/04/2025;FAC 0003-00041547;FAC;C9001;CONSUMIDOR FINAL;CAF-BLEND-250;2;5977.79;0;11955.58;
26/02/2025;FAC 0003-00040632;FAC;C9002;VENTA ONLINE;CAF-BLEND-250;3;5723.2;0;17169.6;
09/02/2025;FAC 0003-00040579;FAC;C9002;VENTA ONLINE;CAF-ETIOP-250;1;9709.0;0;9709.0;
14/02/2025;FAC 0003-00040522;FAC;C9002;VENTA ONLINE;CAF-COLOM-250;2;8380.4;0;16760.8;
10/03/2025;FAC 0003-00040965;FAC;C9002;VENTA ONLINE;CAF-BLEND-250;3;5849.11;0;17547.33;
01/03/2025;FAC 0003-00040978;FAC;C9002;VENTA ONLINE;CAF-BRAS-250;2;5535.77;0;11071.53;
08/06/2025;FAC 0003-00042437;FAC;C9001;CONSUMIDOR FINAL;CAF-BLEND-1K;1;20069.06;0;20069.06;
08/02/2025;FAC 0003-00040602;FAC;C9002;VENTA ONLINE;CAF-CAPS-10;2;7051.8;0;14103.6;
11/06/2025;FAC 0003-00042129;FAC;C0131;Tostado Coghlan II;CAF-BRAS-1K;3;18954.11;35;36960.51;M. Paz
12/05/2025;FAC 0003-00041697;FAC;C0139;La Ventanita de Constitucion II;CAF-BLEND-1K;4;19637.04;30;54983.72;
09/05/2025;FAC 0003-00041830;FAC;C9002;VENTA ONLINE;CAF-BLEND-250;3;6109.3;0;18327.91;
22/02/2025;FAC 0003-00040818;FAC;C9001;CONSUMIDOR FINAL;CAF-BLEND-1K;2;18396.0;0;36792.0;
07/02/2025;FAC 0003-00040453;FAC;C0125;Usina Flores II;CAP-FILTRO-100;2;3270.4;32;4447.74;M. Paz
04/03/2025;FAC 0003-00041168;FAC;C9001;CONSUMIDOR FINAL;CAF-COLOM-250;2;8564.77;0;17129.54;
27/02/2025;FAC 0003-00040443;FAC;C0118;Bar Saavedra;CAF-BLEND-1K;6;18396.0;32;75055.68;M. Paz
01/01/2025;FAC 0003-00040120;FAC;C9002;VENTA ONLINE;CAF-CAPS-10;1;6900.0;0;6900.0;
14/05/2025;FAC 0003-00041848;FAC;C9002;VENTA ONLINE;CAF-COLOM-250;2;8945.76;0;17891.53;
15/02/2025;FAC 0003-00040441;FAC;C0115;Tostado Boedo II;CAF-BLEND-1K;9;18396.0;30;115894.8;
28/03/2025;FAC 0003-00040858;FAC;C0112;La Ventanita de Recoleta;CAP-FILTRO-100;3;3342.35;35;6517.58;
12/01/2025;FAC 0003-00040249;FAC;C9002;VENTA ONLINE;CAF-COLOM-250;2;8200.0;0;16400.0;
27/01/2025;FAC 0003-00040384;FAC;C9001;CONSUMIDOR FINAL;CAF-BLEND-1K;1;18000.0;0;18000.0;
03/01/2025;FAC 0003-00040399;FAC;C9001;CONSUMIDOR FINAL;CAF-BLEND-250;2;5600.0;0;11200.0;
26/02/2025;FAC 0003-00040632;FAC;C9002;VENTA ONLINE;CAF-DESCA-250;3;7562.8;0;22688.4;
26/02/2025;FAC 0003-00040707;FAC;C9001;CONSUMIDOR FINAL;CAF-COLOM-250;2;8380.4;0;16760.8;
07/05/2025;FAC 0003-00041652;FAC;C0101;El Almacen de Palermo II;CAF-BRAS-1K;6;18546.1;35;72329.77;M. Paz
07/02/2025;FAC 0003-00040741;FAC;C9001;CONSUMIDOR FINAL;CAF-COLOM-250;1;8380.4;0;8380.4;
02/02/2025;FAC 0003-00040515;FAC;C9002;VENTA ONLINE;CAF-BLEND-250;3;5723.2;0;17169.6;
19/04/2025;FAC 0003-00041255;FAC;C0108;Coffee Lab Colegiales;CAF-BLEND-1K;8;19214.33;32;104525.94;R. Ibarra
19/02/2025;FAC 0003-00040731;FAC;C9001;CONSUMIDOR FINAL;CAF-BLEND-250;1;5723.2;0;5723.2;
28/05/2025;FAC 0003-00041857;FAC;C9002;VENTA ONLINE;CAP-TAZA;2;9709.43;0;19418.85;
13/06/2025;FAC 0003-00042150;FAC;C9002;VENTA ONLINE;CAF-ETIOP-250;3;10592.0;0;31776.01;
07/01/2025;FAC 0003-00040104;FAC;C9002;VENTA ONLINE;CAF-BLEND-250;3;5600.0;0;16800.0;
23/06/2025;FAC 0003-00042364;FAC;C9002;VENTA ONLINE;CAF-BRAS-250;2;5909.22;0;11818.45;
20/06/2025;FAC 0003-00042385;FAC;C9002;VENTA ONLINE;CAF-ETIOP-250;2;10592.0;0;21184.01;
07/05/2025;FAC 0003-00041784;FAC;C9002;VENTA ONLINE;CAF-ETIOP-250;2;10363.99;0;20727.99;
23/04/2025;FAC 0003-00041449;FAC;C9002;VENTA ONLINE;CAF-ETIOP-250;3;10140.9;0;30422.69;
25/06/2025;FAC 0003-00042091;FAC;C0101;El Almacen de Palermo II;CAF-BLEND-1K;5;20069.06;35;65224.44;M. Paz
14/02/2025;FAC 0003-00040440;FAC;C0114;Usina Boedo;CAF-BRAS-1K;6;17374.0;32;70885.92;R. Ibarra
13/03/2025;FAC 0003-00041082;FAC;C9002;VENTA ONLINE;CAF-DESCA-250;3;7729.18;0;23187.54;
18/04/2025;FAC 0003-00041334;FAC;C9002;VENTA ONLINE;CAF-ETIOP-250;1;10140.9;0;10140.9;
04/02/2025;FAC 0003-00040748;FAC;C9001;CONSUMIDOR FINAL;CAF-ETIOP-250;1;9709.0;0;9709.0;
23/05/2025;FAC 0003-00041733;FAC;C9002;VENTA ONLINE;CAF-CAPS-10;2;7527.53;0;15055.07;
23/05/2025;FAC 0003-00041967;FAC;C9001;CONSUMIDOR FINAL;CAP-FILTRO-100;1;3491.03;0;3491.03;
21/01/2025;FAC 0003-00040163;FAC;C9002;VENTA ONLINE;CAF-BRAS-250;1;5300.0;0;5300.0;
05/03/2025;FAC 0003-00040986;FAC;C9002;VENTA ONLINE;CAF-ETIOP-250;3;9922.6;0;29767.79;
25/03/2025;FAC 0003-00040975;FAC;C9002;VENTA ONLINE;CAF-ETIOP-250;2;9922.6;0;19845.2;
13/03/2025;FAC 0003-00041082;FAC;C9002;VENTA ONLINE;CAF-ETIOP-250;1;9922.6;0;9922.6;
01/03/2025;FAC 0003-00041123;FAC;C9001;CONSUMIDOR FINAL;CAF-BLEND-250;1;5849.11;0;5849.11;
08/03/2025;FAC 0003-00041057;FAC;C9002;VENTA ONLINE;CAF-COLOM-250;1;8564.77;0;8564.77;
07/01/2025;FAC 0003-00040191;FAC;C9002;VENTA ONLINE;CAF-BRAS-250;3;5300.0;0;15900.0;
17/03/2025;FAC 0003-00041229;FAC;C9001;CONSUMIDOR FINAL;CAF-BLEND-250;2;5849.11;0;11698.22;
03/05/2025;FAC 0003-00041960;FAC;C9001;CONSUMIDOR FINAL;CAF-BLEND-250;2;6109.3;0;12218.6;
20/03/2025;FAC 0003-00041184;FAC;C9001;CONSUMIDOR FINAL;CAP-FILTRO-100;2;3342.35;0;6684.7;
14/06/2025;FAC 0003-00042335;FAC;C9002;VENTA ONLINE;CAF-COLOM-250;1;9142.57;0;9142.57;
19/02/2025;FAC 0003-00040596;FAC;C9002;VENTA ONLINE;CAF-BRAS-250;2;5416.6;0;10833.2;
15/03/2025;FAC 0003-00041046;FAC;C9002;VENTA ONLINE;CAF-BRAS-250;1;5535.77;0;5535.77;
22/05/2025;FAC 0003-00042004;FAC;C9001;CONSUMIDOR FINAL;CAF-COLOM-250;1;8945.76;0;8945.76;
05/05/2025;FAC 0003-00042023;FAC;C9001;CONSUMIDOR FINAL;CAP-FILTRO-100;2;3491.03;0;6982.06;
22/01/2025;FAC 0003-00040016;FAC;C0105;Panaderia Villa Crespo II;CAF-BRAS-1K;6;17000.0;32;69360.0;M. Paz
16/05/2025;FAC 0003-00041667;FAC;C0112;La Ventanita de Recoleta;CAF-BLEND-1K;10;19637.04;35;127640.78;R. Ibarra
24/02/2025;FAC 0003-00040698;FAC;C9001;CONSUMIDOR FINAL;CAP-FILTRO-100;1;3270.4;0;3270.4;
13/04/2025;FAC 0003-00041308;FAC;C9002;VENTA ONLINE;CAF-ETIOP-250;2;10140.9;0;20281.79;
02/01/2025;FAC 0003-00040365;FAC;C9001;CONSUMIDOR FINAL;CAF-BLEND-250;1;5600.0;0;5600.0;
09/04/2025;FAC 0003-00041293;FAC;C9002;VENTA ONLINE;CAP-TAZA;3;9500.42;0;28501.25;
06/06/2025;FAC 0003-00042439;FAC;C9001;CONSUMIDOR FINAL;CAF-COLOM-250;1;9142.57;0;9142.57;
08/03/2025;FAC 0003-00040866;FAC;C0120;Tostado Chacarita;CAF-ETIOP-250;7;9922.6;32;47231.57;
07/01/2025;FAC 0003-00040245;FAC;C9002;VENTA ONLINE;CAF-DESCA-250;3;7400.0;0;22200.0;
03/03/2025;FAC 0003-00040972;FAC;C9002;VENTA ONLINE;CAF-BLEND-250;2;5849.11;0;11698.22;
02/03/2025;FAC 0003-00041226;FAC;C9001;CONSUMIDOR FINAL;CAF-COLOM-250;1;8564.77;0;8564.77;
21/06/2025;FAC 0003-00042511;FAC;C9001;CONSUMIDOR FINAL;CAF-COLOM-250;1;9142.57;0;9142.57;
10/06/2025;FAC 0003-00042187;FAC;C9002;VENTA ONLINE;CAF-ETIOP-250;1;10592.0;0;10592.0;
01/02/2025;FAC 0003-00040484;FAC;C9002;VENTA ONLINE;CAF-COLOM-250;1;8380.4;0;8380.4;
17/06/2025;FAC 0003-00042188;FAC;C9002;VENTA ONLINE;CAF-BLEND-250;1;6243.71;0;6243.71;
01/05/2025;FAC 0003-00041692;FAC;C0135;Coffee Lab Agronomia II;CAF-BRAS-1K;5;18546.1;30;64911.34;M. Paz
05/04/2025;FAC 0003-00041415;FAC;C9002;VENTA ONLINE;CAF-BLEND-250;3;5977.79;0;17933.37;
26/05/2025;FAC 0003-00041803;FAC;C9002;VENTA ONLINE;CAF-ETIOP-250;3;10363.99;0;31091.98;
15/05/2025;FAC 0003-00041814;FAC;C9002;VENTA ONLINE;CAP-FILTRO-100;3;3491.03;0;10473.09;
27/03/2025;FAC 0003-00041194;FAC;C9001;CONSUMIDOR FINAL;CAF-COLOM-250;1;8564.77;0;8564.77;
27/04/2025;FAC 0003-00041282;FAC;C0134;Bar Agronomia;CAF-BLEND-1K;4;19214.33;35;49957.25;M. Paz
17/03/2025;FAC 0003-00040938;FAC;C9002;VENTA ONLINE;CAF-DESCA-250;3;7729.18;0;23187.54;
19/06/2025;FAC 0003-00042382;FAC;C9002;VENTA ONLINE;CAP-FILTRO-100;1;3567.83;0;3567.83;
05/05/2025;FAC 0003-00041762;FAC;C9002;VENTA ONLINE;CAP-TAZA;3;9709.43;0;29128.28;
10/01/2025;FAC 0003-00040198;FAC;C9002;VENTA ONLINE;CAP-TAZA;3;8900.0;0;26700.0;
13/04/2025;FAC 0003-00041260;FAC;C0113;Bar Recoleta II;CAF-BRAS-1K;6;18146.87;30;76216.83;
24/04/2025;FAC 0003-00041377;FAC;C9002;VENTA ONLINE;CAF-COLOM-250;2;8753.19;0;17506.39;
23/04/2025;FAC 0003-00041364;FAC;C9002;VENTA ONLINE;CAF-BLEND-250;3;5977.79;0;17933.37;
06/02/2025;FAC 0003-00040464;FAC;C0133;El Almacen de Barracas II;CAF-BLEND-1K;8;18396.0;35;95659.2;
02/01/2025;FAC 0003-00040194;FAC;C9002;VENTA ONLINE;CAF-DESCA-250;2;7400.0;0;14800.0;
06/02/2025;FAC 0003-00040650;FAC;C9002;VENTA ONLINE;CAF-BLEND-250;3;5723.2;0;17169.6;
25/06/2025;FAC 0003-00042091;FAC;C0101;El Almacen de Palermo II;CAF-BRAS-1K;8;18954.11;35;98561.37;M. Paz
12/06/2025;FAC 0003-00042242;FAC;C9002;VENTA ONLINE;CAF-ETIOP-250;1;10592.0;0;10592.0;
05/02/2025;FAC 0003-00040433;FAC;C0109;Usina Colegiales II;CAF-BLEND-1K;3;18396.0;32;37527.84;R. Ibarra
18/05/2025;FAC 0003-00041696;FAC;C0138;El Almacen de Constitucion;CAP-FILTRO-100;2;3491.03;30;4887.44;
20/01/2025;FAC 0003-00040224;FAC;C9002;VENTA ONLINE;CAF-DESCA-250;3;7400.0;0;22200.0;
18/04/2025;FAC 0003-00041535;FAC;C9001;CONSUMIDOR FINAL;CAF-BLEND-1K;2;19214.33;0;38428.66;
01/02/2025;FAC 0003-00040732;FAC;C9001;CONSUMIDOR FINAL;CAF-ETIOP-250;1;9709.0;0;9709.0;
21/04/2025;FAC 0003-00041627;FAC;C9001;CONSUMIDOR FINAL;CAF-COLOM-250;2;8753.19;0;17506.39;
19/03/2025;FAC 0003-00040895;FAC;C9002;VENTA ONLINE;CAF-COLOM-250;2;8564.77;0;17129.54;
23/01/2025;FAC 0003-00040352;FAC;C9001;CONSUMIDOR FINAL;CAF-BLEND-250;1;5600.0;0;5600.0;
03/02/2025;FAC 0003-00040589;FAC;C9002;VENTA ONLINE;CAP-TAZA;1;9095.8;0;9095.8;
22/03/2025;FAC 0003-00040910;FAC;C9002;VENTA ONLINE;CAP-FILTRO-100;3;3342.35;0;10027.05;
20/05/2025;FAC 0003-00041779;FAC;C9002;VENTA ONLINE;CAF-BLEND-250;1;6109.3;0;6109.3;
12/01/2025;FAC 0003-00040056;FAC;C9002;VENTA ONLINE;CAF-BRAS-250;3;5300.0;0;15900.0;
25/02/2025;FAC 0003-00040747;FAC;C9001;CONSUMIDOR FINAL;CAF-BLEND-250;1;5723.2;0;5723.2;
04/04/2025;FAC 0003-00041298;FAC;C9002;VENTA ONLINE;CAF-DESCA-250;1;7899.22;0;7899.22;
08/01/2025;FAC 0003-00040097;FAC;C9002;VENTA ONLINE;CAF-ETIOP-250;1;9500.0;0;9500.0;
15/04/2025;FAC 0003-00041588;FAC;C9001;CONSUMIDOR FINAL;CAF-BLEND-250;1;5977.79;0;5977.79;
11/06/2025;FAC 0003-00042180;FAC;C9002;VENTA ONLINE;CAF-CAPS-10;3;7693.14;0;23079.42;
27/04/2025;FAC 0003-00041556;FAC;C9001;CONSUMIDOR FINAL;CAF-BLEND-250;1;5977.79;0;5977.79;
08/06/2025;FAC 0003-00042226;FAC;C9002;VENTA ONLINE;CAF-ETIOP-250;2;10592.0;0;21184.01;
27/03/2025;FAC 0003-00041220;FAC;C9001;CONSUMIDOR FINAL;CAF-COLOM-250;1;8564.77;0;8564.77;
21/01/2025;FAC 0003-00040355;FAC;C9001;CONSUMIDOR FINAL;CAF-BLEND-1K;2;18000.0;0;36000.0;
18/04/2025;FAC 0003-00041373;FAC;C9002;VENTA ONLINE;CAP-FILTRO-100;3;3415.88;0;10247.64;
06/02/2025;FAC 0003-00040662;FAC;C9002;VENTA ONLINE;CAF-ETIOP-250;3;9709.0;0;29127.0;
05/02/2025;FAC 0003-00040553;FAC;C9002;VENTA ONLINE;CAF-COLOM-250;3;8380.4;0;25141.2;
23/03/2025;FAC 0003-00041045;FAC;C9002;VENTA ONLINE;CAF-COLOM-250;3;8564.77;0;25694.31;
07/05/2025;FAC 0003-00041727;FAC;C9002;VENTA ONLINE;CAP-TAZA;1;9709.43;0;9709.43;
18/01/2025;FAC 0003-00040391;FAC;C9001;CONSUMIDOR FINAL;CAP-FILTRO-100;1;3200.0;0;3200.0;
13/03/2025;FAC 0003-00041103;FAC;C9002;VENTA ONLINE;CAF-ETIOP-250;2;9922.6;0;19845.2;
13/03/2025;FAC 0003-00040855;FAC;C0108;Coffee Lab Colegiales;CAF-BLEND-1K;10;18800.71;32;127844.84;R. Ibarra
13/01/2025;FAC 0003-00040024;FAC;C0111;Cafe Devoto II;CAP-FILTRO-100;3;3200.0;35;6240.0;M. Paz
24/06/2025;FAC 0003-00042309;FAC;C9002;VENTA ONLINE;CAF-COLOM-250;2;9142.57;0;18285.14;
18/05/2025;FAC 0003-00041741;FAC;C9002;VENTA ONLINE;CAF-ETIOP-250;2;10363.99;0;20727.99;
28/06/2025;FAC 0003-00042269;FAC;C9002;VENTA ONLINE;CAF-COLOM-250;3;9142.57;0;27427.71;
04/06/2025;FAC 0003-00042322;FAC;C9002;VENTA ONLINE;CAF-ETIOP-250;2;10592.0;0;21184.01;
24/02/2025;FAC 0003-00040482;FAC;C9002;VENTA ONLINE;CAF-COLOM-250;2;8380.4;0;16760.8;
03/02/2025;FAC 0003-00040509;FAC;C9002;VENTA ONLINE;CAF-ETIOP-250;2;9709.0;0;19418.0;
22/06/2025;FAC 0003-00042339;FAC;C9002;VENTA ONLINE;CAF-DESCA-250;2;8250.61;0;16501.23;
28/04/2025;FAC 0003-00041368;FAC;C9002;VENTA ONLINE;CAF-CAPS-10;1;7365.49;0;7365.49;
05/03/2025;FAC 0003-00041094;FAC;C9002;VENTA ONLINE;CAF-BRAS-250;2;5535.77;0;11071.53;
25/05/2025;FAC 0003-00042048;FAC;C9001;CONSUMIDOR FINAL;CAP-FILTRO-100;2;3491.03;0;6982.06;
17/05/2025;FAC 0003-00041724;FAC;C9002;VENTA ONLINE;CAF-BRAS-250;2;5782.02;0;11564.04;
13/01/2025;FAC 0003-00040010;FAC;C0100;Cafe Palermo;CAF-BLEND-1K;7;18000.0;32;85680.0;
19/04/2025;FAC 0003-00041487;FAC;C9002;VENTA ONLINE;CAF-COLOM-250;1;8753.19;0;8753.19;
02/01/2025;FAC 0003-00040263;FAC;C9002;VENTA ONLINE;CAF-BLEND-250;3;5600.0;0;16800.0;
21/04/2025;FAC 0003-00041408;FAC;C9002;VENTA ONLINE;CAF-BLEND-250;3;5977.79;0;17933.37;
28/04/2025;FAC 0003-00041339;FAC;C9002;VENTA ONLINE;CAF-BRAS-250;1;5657.55;0;5657.55;
11/04/2025;FAC 0003-00041338;FAC;C9002;VENTA ONLINE;CAF-DESCA-250;3;7899.22;0;23697.67;
24/05/2025;FAC 0003-00042065;FAC;C9001;CONSUMIDOR FINAL;CAP-FILTRO-100;2;3491.03;0;6982.06;
22/01/2025;FAC 0003-00040092;FAC;C9002;VENTA ONLINE;CAF-ETIOP-250;3;9500.0;0;28500.0;
03/05/2025;FAC 0003-00041982;FAC;C9001;CONSUMIDOR FINAL;CAF-BLEND-250;2;6109.3;0;12218.6;
02/01/2025;FAC 0003-00040003;FAC;C0001;GRANOS DEL SUR S.A.;CAF-BLEND-CJ6;4;102000.0;40;244800.0;R. Ibarra
21/06/2025;FAC 0003-00042345;FAC;C9002;VENTA ONLINE;CAF-COLOM-250;1;9142.57;0;9142.57;
18/04/2025;FAC 0003-00041407;FAC;C9002;VENTA ONLINE;CAF-COLOM-250;2;8753.19;0;17506.39;
15/01/2025;FAC 0003-00040064;FAC;C9002;VENTA ONLINE;CAF-DESCA-250;1;7400.0;0;7400.0;
11/06/2025;FAC 0003-00042359;FAC;C9002;VENTA ONLINE;CAF-BLEND-250;3;6243.71;0;18731.12;
12/01/2025;FAC 0003-00040171;FAC;C9002;VENTA ONLINE;CAF-ETIOP-250;3;9500.0;0;28500.0;
28/03/2025;FAC 0003-00041127;FAC;C9001;CONSUMIDOR FINAL;CAF-COLOM-250;2;8564.77;0;17129.54;
24/05/2025;FAC 0003-00041978;FAC;C9001;CONSUMIDOR FINAL;CAF-BLEND-1K;2;19637.04;0;39274.09;
01/04/2025;FAC 0003-00041241;FAC;C0001;GRANOS DEL SUR S.A.;CAF-BLEND-CJ6;4;108881.19;40;261314.86;M. Paz
18/04/2025;FAC 0003-00041632;FAC;C9001;CONSUMIDOR FINAL;CAF-BLEND-250;2;5977.79;0;11955.58;
08/01/2025;FAC 0003-00040032;FAC;C0120;Tostado Chacarita;CAP-FILTRO-100;2;3200.0;32;4352.0;M. Paz
21/04/2025;FAC 0003-00041408;FAC;C9002;VENTA ONLINE;CAF-COLOM-250;2;8753.19;0;17506.39;
22/03/2025;FAC 0003-00041151;FAC;C9001;CONSUMIDOR FINAL;CAF-BLEND-250;1;5849.11;0;5849.11;
24/06/2025;FAC 0003-00042111;FAC;C0116;Cafe Caballito;CAF-BLEND-1K;3;20069.06;32;40940.88;R. Ibarra
14/06/2025;FAC 0003-00042132;FAC;C0133;El Almacen de Barracas II;CAP-FILTRO-100;4;3567.83;35;9276.36;M. Paz
23/03/2025;FAC 0003-00041072;FAC;C9002;VENTA ONLINE;CAF-COLOM-250;1;8564.77;0;8564.77;
15/02/2025;FAC 0003-00040663;FAC;C9002;VENTA ONLINE;CAF-BRAS-250;1;5416.6;0;5416.6;
18/06/2025;FAC 0003-00042144;FAC;C9002;VENTA ONLINE;CAF-DESCA-250;3;8250.61;0;24751.84;
27/06/2025;FAC 0003-00042464;FAC;C9001;CONSUMIDOR FINAL;CAF-BLEND-250;2;6243.71;0;12487.41;
18/02/2025;FAC 0003-00040701;FAC;C9001;CONSUMIDOR FINAL;CAP-FILTRO-100;2;3270.4;0;6540.8;
20/02/2025;FAC 0003-00040451;FAC;C0124;Coffee Lab Flores;CAF-ETIOP-250;7;9709.0;35;44175.95;
10/04/2025;FAC 0003-00041404;FAC;C9002;VENTA ONLINE;CAF-BRAS-250;1;5657.55;0;5657.55;
22/04/2025;FAC 0003-00041429;FAC;C9002;VENTA ONLINE;CAF-COLOM-250;2;8753.19;0;17506.39;
21/06/2025;FAC 0003-00042474;FAC;C9001;CONSUMIDOR FINAL;CAF-COLOM-250;2;9142.57;0;18285.14;
21/05/2025;FAC 0003-00042059;FAC;C9001;CONSUMIDOR FINAL;CAF-BLEND-250;1;6109.3;0;6109.3;
25/01/2025;FAC 0003-00040396;FAC;C9001;CONSUMIDOR FINAL;CAF-BLEND-1K;1;18000.0;0;18000.0;
14/06/2025;FAC 0003-00042204;FAC;C9002;VENTA ONLINE;CAF-COLOM-250;1;9142.57;0;9142.57;
08/03/2025;FAC 0003-00041040;FAC;C9002;VENTA ONLINE;CAF-BRAS-250;2;5535.77;0;11071.53;
20/01/2025;FAC 0003-00040114;FAC;C9002;VENTA ONLINE;CAF-COLOM-250;3;8200.0;0;24600.0;
14/05/2025;FAC 0003-00041926;FAC;C9002;VENTA ONLINE;CAF-BLEND-250;2;6109.3;0;12218.6;
05/04/2025;FAC 0003-00041300;FAC;C9002;VENTA ONLINE;CAF-COLOM-250;3;8753.19;0;26259.58;
02/03/2025;FAC 0003-00040981;FAC;C9002;VENTA ONLINE;CAF-ETIOP-250;1;9922.6;0;9922.6;
24/02/2025;FAC 0003-00040729;FAC;C9001;CONSUMIDOR FINAL;CAF-BLEND-250;2;5723.2;0;11446.4;
06/04/2025;FAC 0003-00041400;FAC;C9002;VENTA ONLINE;CAF-BRAS-250;1;5657.55;0;5657.55;
21/06/2025;FAC 0003-00042486;FAC;C9001;CONSUMIDOR FINAL;CAF-ETIOP-250;2;10592.0;0;21184.01;
23/04/2025;FAC 0003-00041529;FAC;C9001;CONSUMIDOR FINAL;CAF-ETIOP-250;1;10140.9;0;10140.9;
02/04/2025;FAC 0003-00041512;FAC;C9002;VENTA ONLINE;CAF-ETIOP-250;2;10140.9;0;20281.79;
01/06/2025;NC 0003-00001244;NC;C0105;Panaderia Villa Crespo II;CAF-BRAS-1K;-1;18954.11;32;-12888.79;
15/05/2025;FAC 0003-00042025;FAC;C9001;CONSUMIDOR FINAL;CAF-ETIOP-250;2;10363.99;0;20727.99;
17/01/2025;FAC 0003-00040040;FAC;C0126;Panaderia Parque Chas;CAF-BLEND-1K;10;18000.0;32;122400.0;
24/05/2025;FAC 0003-00041909;FAC;C9002;VENTA ONLINE;CAF-BLEND-250;2;6109.3;0;12218.6;
05/01/2025;FAC 0003-00040327;FAC;C9001;CONSUMIDOR FINAL;CAP-FILTRO-100;1;3200.0;0;3200.0;
24/06/2025;FAC 0003-00042341;FAC;C9002;VENTA ONLINE;CAF-ETIOP-250;2;10592.0;0;21184.01;
05/06/2025;FAC 0003-00042178;FAC;C9002;VENTA ONLINE;CAF-COLOM-250;3;9142.57;0;27427.71;
26/06/2025;FAC 0003-00042216;FAC;C9002;VENTA ONLINE;CAF-ETIOP-250;1;10592.0;0;10592.0;
06/04/2025;FAC 0003-00041418;FAC;C9002;VENTA ONLINE;CAF-BLEND-250;3;5977.79;0;17933.37;
13/03/2025;FAC 0003-00040982;FAC;C9002;VENTA ONLINE;CAF-BRAS-250;2;5535.77;0;11071.53;
16/04/2025;FAC 0003-00041476;FAC;C9002;VENTA ONLINE;CAF-CAPS-10;3;7365.49;0;22096.48;
26/01/2025;FAC 0003-00040057;FAC;C9002;VENTA ONLINE;CAF-COLOM-250;3;8200.0;0;24600.0;
18/01/2025;FAC 0003-00040078;FAC;C9002;VENTA ONLINE;CAF-COLOM-250;3;8200.0;0;24600.0;
05/01/2025;NC 0003-00001201;NC;C0123;La Ventanita de Almagro II;CAF-BRAS-1K;-2;17000.0;35;-22100.0;
22/06/2025;FAC 0003-00042080;FAC;C0001;GRANOS DEL SUR S.A.;CAF-BLEND-CJ6;7;113724.66;40;477643.58;
26/04/2025;FAC 0003-00041306;FAC;C9002;VENTA ONLINE;CAF-COLOM-250;3;8753.19;0;26259.58;
21/04/2025;FAC 0003-00041394;FAC;C9002;VENTA ONLINE;CAF-BLEND-250;3;5977.79;0;17933.37;
03/03/2025;FAC 0003-00041030;FAC;C9002;VENTA ONLINE;CAF-COLOM-250;1;8564.77;0;8564.77;
04/05/2025;FAC 0003-00041678;FAC;C0122;El Almacen de Almagro;CAF-BLEND-1K;3;19637.04;32;40059.57;R. Ibarra
25/04/2025;FAC 0003-00041299;FAC;C9002;VENTA ONLINE;CAF-COLOM-250;2;8753.19;0;17506.39;
24/03/2025;FAC 0003-00040980;FAC;C9002;VENTA ONLINE;CAP-TAZA;1;9295.91;0;9295.91;
27/01/2025;FAC 0003-00040217;FAC;C9002;VENTA ONLINE;CAF-ETIOP-250;2;9500.0;0;19000.0;
15/06/2025;FAC 0003-00042374;FAC;C9002;VENTA ONLINE;CAF-COLOM-250;3;9142.57;0;27427.71;
19/05/2025;FAC 0003-00041886;FAC;C9002;VENTA ONLINE;CAF-COLOM-250;3;8945.76;0;26837.29;
10/05/2025;FAC 0003-00041844;FAC;C9002;VENTA ONLINE;CAF-BLEND-250;1;6109.3;0;6109.3;
04/06/2025;FAC 0003-00042085;FAC;C0001;GRANOS DEL SUR S.A.;BLEND1K;27;20069.06;40;325118.74;R. Ibarra
28/04/2025;FAC 0003-00041257;FAC;C0110;Panaderia Devoto;CAP-FILTRO-100;5;3415.88;35;11101.61;
20/03/2025;FAC 0003-00041080;FAC;C9002;VENTA ONLINE;CAF-BLEND-250;1;5849.11;0;5849.11;
05/05/2025;FAC 0003-00041831;FAC;C9002;VENTA ONLINE;CAF-BLEND-250;3;6109.3;0;18327.91;
16/05/2025;FAC 0003-00042060;FAC;C9001;CONSUMIDOR FINAL;CAF-BLEND-1K;2;19637.04;0;39274.09;
08/05/2025;FAC 0003-00041701;FAC;C9002;VENTA ONLINE;CAF-BLEND-250;1;6109.3;0;6109.3;
06/06/2025;FAC 0003-00042203;FAC;C9002;VENTA ONLINE;CAF-CAPS-10;1;7693.14;0;7693.14;
26/05/2025;FAC 0003-00041817;FAC;C9002;VENTA ONLINE;CAF-DESCA-250;2;8073.01;0;16146.01;
26/03/2025;FAC 0003-00040872;FAC;C0127;Cafe Parque Chas II;CAP-FILTRO-100;3;3342.35;32;6818.39;R. Ibarra
11/06/2025;FAC 0003-00042130;FAC;C0131;Tostado Coghlan II;CAF-BLEND-1K;7;20069.06;35;91314.21;M. Paz
12/02/2025;FAC 0003-00040470;FAC;C0137;Panaderia Villa Urquiza II;CAF-BLEND-1K;5;18396.0;30;64386.0;M. Paz
06/04/2025;FAC 0003-00041324;FAC;C9002;VENTA ONLINE;CAF-COLOM-250;2;8753.19;0;17506.39;
19/01/2025;FAC 0003-00040036;FAC;C0123;La Ventanita de Almagro II;CAF-BRAS-1K;2;17000.0;35;22100.0;M. Paz
23/01/2025;FAC 0003-00040148;FAC;C9002;VENTA ONLINE;CAF-COLOM-250;2;8200.0;0;16400.0;
06/01/2025;FAC 0003-00040042;FAC;C0128;La Ventanita de San Telmo;CAF-BLEND-1K;6;18000.0;32;73440.0;R. Ibarra
14/06/2025;FAC 0003-00042466;FAC;C9001;CONSUMIDOR FINAL;CAF-ETIOP-250;2;10592.0;0;21184.01;
25/04/2025;FAC 0003-00041276;FAC;C0129;Bar San Telmo II;CAF-ETIOP-250;8;10140.9;32;55166.47;
27/05/2025;FAC 0003-00041816;FAC;C9002;VENTA ONLINE;CAF-BRAS-250;1;5782.02;0;5782.02;
25/06/2025;FAC 0003-00042121;FAC;C0124;Coffee Lab Flores;CAP-FILTRO-100;6;3567.83;35;13914.55;R. Ibarra
24/03/2025;FAC 0003-00040963;FAC;C9002;VENTA ONLINE;CAP-TAZA;1;9295.91;0;9295.91;
10/05/2025;FAC 0003-00042033;FAC;C9001;CONSUMIDOR FINAL;CAF-BLEND-250;2;6109.3;0;12218.6;
26/04/2025;FAC 0003-00041268;FAC;C0123;La Ventanita de Almagro II;CAF-BLEND-1K;10;19214.33;35;124893.13;
14/05/2025;FAC 0003-00041718;FAC;C9002;VENTA ONLINE;CAF-BLEND-250;2;6109.3;0;12218.6;
11/05/2025;NC 0003-00001234;NC;C0137;Panaderia Villa Urquiza II;CAF-BRAS-1K;-2;18546.1;30;-25964.53;
08/05/2025;FAC 0003-00041656;FAC;C0104;Tostado Villa Crespo;CAF-BRAS-1K;7;18546.1;35;84384.74;
13/02/2025;FAC 0003-00040478;FAC;C9002;VENTA ONLINE;CAP-FILTRO-100;1;3270.4;0;3270.4;
06/05/2025;FAC 0003-00041996;FAC;C9001;CONSUMIDOR FINAL;CAF-COLOM-250;1;8945.76;0;8945.76;
10/04/2025;FAC 0003-00041480;FAC;C9002;VENTA ONLINE;CAF-BRAS-250;3;5657.55;0;16972.66;
19/02/2025;FAC 0003-00040805;FAC;C9001;CONSUMIDOR FINAL;CAF-BLEND-250;2;5723.2;0;11446.4;
21/05/2025;FAC 0003-00042036;FAC;C9001;CONSUMIDOR FINAL;CAF-ETIOP-250;2;10363.99;0;20727.99;
26/03/2025;FAC 0003-00040872;FAC;C0127;Cafe Parque Chas II;CAF-BLEND-1K;8;18800.71;32;102275.87;R. Ibarra
23/05/2025;FAC 0003-00042003;FAC;C9001;CONSUMIDOR FINAL;CAF-ETIOP-250;2;10363.99;0;20727.99;
23/02/2025;FAC 0003-00040489;FAC;C9002;VENTA ONLINE;CAF-BLEND-250;1;5723.2;0;5723.2;
07/06/2025;FAC 0003-00042160;FAC;C9002;VENTA ONLINE;CAF-CAPS-10;2;7693.14;0;15386.28;
20/02/2025;FAC 0003-00040501;FAC;C9002;VENTA ONLINE;CAF-DESCA-250;2;7562.8;0;15125.6;
13/05/2025;FAC 0003-00042075;FAC;C9001;CONSUMIDOR FINAL;CAP-FILTRO-100;2;3491.03;0;6982.06;
11/01/2025;FAC 0003-00040301;FAC;C9001;CONSUMIDOR FINAL;CAF-ETIOP-250;1;9500.0;0;9500.0;
10/03/2025;FAC 0003-00040854;FAC;C0107;La Ventanita de Nunez II;CAF-BLEND-1K;7;18800.71;35;85543.24;M. Paz
07/02/2025;FAC 0003-00040777;FAC;C9001;CONSUMIDOR FINAL;CAF-BLEND-1K;2;18396.0;0;36792.0;
08/06/2025;FAC 0003-00042084;FAC;C0001;GRANOS DEL SUR S.A.;CAF-BRAS-1K;15;18954.11;40;170586.99;
03/02/2025;FAC 0003-00040449;FAC;C0123;La Ventanita de Almagro II;CAF-BLEND-1K;7;18396.0;35;83701.8;M. Paz
26/05/2025;FAC 0003-00041794;FAC;C9002;VENTA ONLINE;CAP-TAZA;1;9709.43;0;9709.43;
20/01/2025;FAC 0003-00040361;FAC;C9001;CONSUMIDOR FINAL;CAF-BLEND-1K;2;18000.0;0;36000.0;
11/01/2025;FAC 0003-00040284;FAC;C9001;CONSUMIDOR FINAL;CAF-ETIOP-250;1;9500.0;0;9500.0;
28/06/2025;FAC 0003-00042256;FAC;C9002;VENTA ONLINE;CAF-COLOM-250;3;9142.57;0;27427.71;
16/06/2025;FAC 0003-00042137;FAC;C0137;Panaderia Villa Urquiza II;CAF-BRAS-1K;4;18954.11;30;53071.51;
17/05/2025;FAC 0003-00041893;FAC;C9002;VENTA ONLINE;CAF-COLOM-250;3;8945.76;0;26837.29;
24/03/2025;FAC 0003-00040890;FAC;C9002;VENTA ONLINE;CAF-BRAS-250;1;5535.77;0;5535.77;
17/04/2025;FAC 0003-00041280;FAC;C0132;Cafe Barracas;CAF-BLEND-1K;7;19214.33;35;87425.19;R. Ibarra
20/01/2025;FAC 0003-00040292;FAC;C9001;CONSUMIDOR FINAL;CAF-ETIOP-250;1;9500.0;0;9500.0;
07/03/2025;FAC 0003-00040875;FAC;C0129;Bar San Telmo II;CAF-BRAS-1K;4;17756.23;32;48296.94;M. Paz
11/01/2025;FAC 0003-00040193;FAC;C9002;VENTA ONLINE;CAF-ETIOP-250;2;9500.0;0;19000.0;
01/01/2025;FAC 0003-00040160;FAC;C9002;VENTA ONLINE;CAF-ETIOP-250;3;9500.0;0;28500.0;
14/05/2025;FAC 0003-00041679;FAC;C0123;La Ventanita de Almagro II;CAF-BLEND-1K;10;19637.04;35;127640.78;R. Ibarra
28/05/2025;FAC 0003-00041791;FAC;C9002;VENTA ONLINE;CAF-COLOM-250;1;8945.76;0;8945.76;
23/03/2025;FAC 0003-00041027;FAC;C9002;VENTA ONLINE;CAF-COLOM-250;2;8564.77;0;17129.54;
22/01/2025;FAC 0003-00040159;FAC;C9002;VENTA ONLINE;CAF-BRAS-250;2;5300.0;0;10600.0;
02/04/2025;FAC 0003-00041541;FAC;C9001;CONSUMIDOR FINAL;CAP-FILTRO-100;2;3415.88;0;6831.76;
06/02/2025;FAC 0003-00040437;FAC;C0112;La Ventanita de Recoleta;CAF-BRAS-1K;3;17374.0;35;33879.3;
10/06/2025;FAC 0003-00042100;FAC;C0108;Coffee Lab Colegiales;CAF-BRAS-1K;3;18954.11;32;38666.38;
23/03/2025;FAC 0003-00041122;FAC;C9001;CONSUMIDOR FINAL;CAF-COLOM-250;1;8564.77;0;8564.77;
28/05/2025;FAC 0003-00041930;FAC;C9002;VENTA ONLINE;CAF-CAPS-10;2;7527.53;0;15055.07;
03/04/2025;FAC 0003-00041272;FAC;C0126;Panaderia Parque Chas;CAP-FILTRO-100;3;3415.88;32;6968.4;R. Ibarra
07/06/2025;FAC 0003-00042442;FAC;C9001;CONSUMIDOR FINAL;CAF-BLEND-1K;2;20069.06;0;40138.12;
21/01/2025;FAC 0003-00040163;FAC;C9002;VENTA ONLINE;CAP-TAZA;3;8900.0;0;26700.0;
11/01/2025;FAC 0003-00040374;FAC;C9001;CONSUMIDOR FINAL;CAF-BLEND-1K;1;18000.0;0;18000.0;
06/02/2025;NC 0003-00001210;NC;C0001;GRANOS DEL SUR S.A.;CAF-BLEND-1K;-7;18396.0;40;-77263.2;
22/02/2025;FAC 0003-00040416;FAC;C0001;GRANOS DEL SUR S.A.;BLEND1K;48;18396.0;40;529804.8;R. Ibarra
10/04/2025;FAC 0003-00041480;FAC;C9002;VENTA ONLINE;CAF-CAPS-10;3;7365.49;0;22096.48;
19/04/2025;FAC 0003-00041473;FAC;C9002;VENTA ONLINE;CAF-BRAS-250;1;5657.55;0;5657.55;
02/06/2025;FAC 0003-00042106;FAC;C0112;La Ventanita de Recoleta;CAP-FILTRO-100;3;3567.83;35;6957.27;
17/06/2025;FAC 0003-00042225;FAC;C9002;VENTA ONLINE;CAF-ETIOP-250;1;10592.0;0;10592.0;
24/02/2025;FAC 0003-00040447;FAC;C0120;Tostado Chacarita;CAF-BRAS-1K;8;17374.0;32;94514.56;M. Paz
18/01/2025;FAC 0003-00040053;FAC;C0139;La Ventanita de Constitucion II;CAF-BLEND-1K;5;18000.0;30;63000.0;R. Ibarra
26/02/2025;FAC 0003-00040665;FAC;C9002;VENTA ONLINE;CAF-BRAS-250;3;5416.6;0;16249.8;
11/06/2025;FAC 0003-00042282;FAC;C9002;VENTA ONLINE;CAF-BLEND-250;1;6243.71;0;6243.71;
03/02/2025;FAC 0003-00040527;FAC;C9002;VENTA ONLINE;CAF-CAPS-10;1;7051.8;0;7051.8;
27/02/2025;FAC 0003-00040461;FAC;C0131;Tostado Coghlan II;CAF-BLEND-1K;3;18396.0;35;35872.2;
20/01/2025;FAC 0003-00040242;FAC;C9002;VENTA ONLINE;CAF-COLOM-250;3;8200.0;0;24600.0;
10/05/2025;FAC 0003-00041675;FAC;C0121;Panaderia Chacarita II;CAF-BLEND-1K;10;19637.04;35;127640.78;R. Ibarra
21/02/2025;FAC 0003-00040494;FAC;C9002;VENTA ONLINE;CAF-ETIOP-250;1;9709.0;0;9709.0;
07/02/2025;FAC 0003-00040506;FAC;C9002;VENTA ONLINE;CAF-ETIOP-250;3;9709.0;0;29127.0;
28/02/2025;FAC 0003-00040546;FAC;C9002;VENTA ONLINE;CAF-COLOM-250;1;8380.4;0;8380.4;
14/06/2025;FAC 0003-00042244;FAC;C9002;VENTA ONLINE;CAF-BRAS-250;1;5909.22;0;5909.22;
19/01/2025;FAC 0003-00040021;FAC;C0109;Usina Colegiales II;CAF-BRAS-1K;6;17000.0;32;69360.0;
02/03/2025;FAC 0003-00040881;FAC;C0133;El Almacen de Barracas II;CAF-ETIOP-250;4;9922.6;35;25798.75;
28/02/2025;FAC 0003-00040686;FAC;C9002;VENTA ONLINE;CAF-ETIOP-250;2;9709.0;0;19418.0;
18/03/2025;FAC 0003-00041077;FAC;C9002;VENTA ONLINE;CAF-DESCA-250;2;7729.18;0;15458.36;
07/01/2025;FAC 0003-00040112;FAC;C9002;VENTA ONLINE;CAF-ETIOP-250;1;9500.0;0;9500.0;
13/06/2025;FAC 0003-00042115;FAC;C0119;Coffee Lab Saavedra II;CAF-BLEND-1K;10;20069.06;35;130448.88;
03/01/2025;FAC 0003-00040205;FAC;C9002;VENTA ONLINE;CAF-ETIOP-250;2;9500.0;0;19000.0;
27/05/2025;FAC 0003-00041677;FAC;C0122;El Almacen de Almagro;CAF-BLEND-1K;3;19637.04;32;40059.57;
27/06/2025;FAC 0003-00042349;FAC;C9002;VENTA ONLINE;CAF-BRAS-250;2;5909.22;0;11818.45;
25/02/2025;FAC 0003-00040514;FAC;C9002;VENTA ONLINE;CAF-ETIOP-250;1;9709.0;0;9709.0;
17/03/2025;FAC 0003-00041232;FAC;C9001;CONSUMIDOR FINAL;CAP-FILTRO-100;1;3342.35;0;3342.35;
26/05/2025;FAC 0003-00041936;FAC;C9002;VENTA ONLINE;CAF-COLOM-250;3;8945.76;0;26837.29;
01/06/2025;FAC 0003-00042443;FAC;C9001;CONSUMIDOR FINAL;CAF-ETIOP-250;2;10592.0;0;21184.01;
07/02/2025;FAC 0003-00040680;FAC;C9002;VENTA ONLINE;CAF-ETIOP-250;1;9709.0;0;9709.0;
14/02/2025;FAC 0003-00040551;FAC;C9002;VENTA ONLINE;CAF-DESCA-250;2;7562.8;0;15125.6;
22/06/2025;FAC 0003-00042234;FAC;C9002;VENTA ONLINE;CAF-COLOM-250;1;9142.57;0;9142.57;
10/04/2025;FAC 0003-00041563;FAC;C9001;CONSUMIDOR FINAL;CAF-BLEND-250;1;5977.79;0;5977.79;
09/01/2025;FAC 0003-00040039;FAC;C0125;Usina Flores II;CAF-BRAS-1K;5;17000.0;32;57800.0;M. Paz
15/03/2025;FAC 0003-00040943;FAC;C9002;VENTA ONLINE;CAF-ETIOP-250;3;9922.6;0;29767.79;
17/02/2025;FAC 0003-00040773;FAC;C9001;CONSUMIDOR FINAL;CAF-BLEND-1K;1;18396.0;0;18396.0;
20/04/2025;FAC 0003-00041269;FAC;C0124;Coffee Lab Flores;CAP-FILTRO-100;2;3415.88;35;4440.64;M. Paz
18/02/2025;FAC 0003-00040426;FAC;C0102;Bar Belgrano;CAP-FILTRO-100;5;3270.4;35;10628.8;M. Paz
28/02/2025;FAC 0003-00040439;FAC;C0113;Bar Recoleta II;CAP-FILTRO-100;4;3270.4;30;9157.12;M. Paz
22/02/2025;FAC 0003-00040755;FAC;C9001;CONSUMIDOR FINAL;CAP-FILTRO-100;2;3270.4;0;6540.8;
06/02/2025;FAC 0003-00040655;FAC;C9002;VENTA ONLINE;CAF-BRAS-250;1;5416.6;0;5416.6;
11/06/2025;FAC 0003-00042235;FAC;C9002;VENTA ONLINE;CAF-BRAS-250;1;5909.22;0;5909.22;
02/01/2025;FAC 0003-00040194;FAC;C9002;VENTA ONLINE;CAP-TAZA;1;8900.0;0;8900.0;
06/04/2025;FAC 0003-00041633;FAC;C9001;CONSUMIDOR FINAL;CAF-COLOM-250;1;8753.19;0;8753.19;
07/05/2025;FAC 0003-00041922;FAC;C9002;VENTA ONLINE;CAF-ETIOP-250;2;10363.99;0;20727.99;
07/01/2025;FAC 0003-00040125;FAC;C9002;VENTA ONLINE;CAF-BLEND-250;3;5600.0;0;16800.0;
19/01/2025;FAC 0003-00040110;FAC;C9002;VENTA ONLINE;CAF-COLOM-250;3;8200.0;0;24600.0;
01/01/2025;FAC 0003-00040162;FAC;C9002;VENTA ONLINE;CAF-ETIOP-250;3;9500.0;0;28500.0;
06/03/2025;FAC 0003-00041095;FAC;C9002;VENTA ONLINE;CAF-BLEND-250;2;5849.11;0;11698.22;
08/02/2025;FAC 0003-00040633;FAC;C9002;VENTA ONLINE;CAF-BRAS-250;1;5416.6;0;5416.6;
07/05/2025;FAC 0003-00041775;FAC;C9002;VENTA ONLINE;CAP-TAZA;2;9709.43;0;19418.85;
12/04/2025;FAC 0003-00041376;FAC;C9002;VENTA ONLINE;CAF-BRAS-250;2;5657.55;0;11315.1;
24/01/2025;FAC 0003-00040122;FAC;C9002;VENTA ONLINE;CAF-BRAS-250;2;5300.0;0;10600.0;
17/04/2025;FAC 0003-00041619;FAC;C9001;CONSUMIDOR FINAL;CAF-BLEND-250;1;5977.79;0;5977.79;
17/06/2025;FAC 0003-00042422;FAC;C9001;CONSUMIDOR FINAL;CAF-ETIOP-250;1;10592.0;0;10592.0;
18/06/2025;FAC 0003-00042475;FAC;C9001;CONSUMIDOR FINAL;CAP-FILTRO-100;1;3567.83;0;3567.83;
05/01/2025;FAC 0003-00040221;FAC;C9002;VENTA ONLINE;CAF-COLOM-250;3;8200.0;0;24600.0;
11/03/2025;FAC 0003-00040944;FAC;C9002;VENTA ONLINE;CAF-BLEND-250;2;5849.11;0;11698.22;
25/02/2025;FAC 0003-00040542;FAC;C9002;VENTA ONLINE;CAF-DESCA-250;2;7562.8;0;15125.6;
18/01/2025;FAC 0003-00040164;FAC;C9002;VENTA ONLINE;CAP-TAZA;2;8900.0;0;17800.0;
17/04/2025;FAC 0003-00041441;FAC;C9002;VENTA ONLINE;CAF-COLOM-250;3;8753.19;0;26259.58;
20/02/2025;FAC 0003-00040463;FAC;C0132;Cafe Barracas;CAF-BRAS-1K;8;17374.0;35;90344.8;
27/05/2025;FAC 0003-00041796;FAC;C9002;VENTA ONLINE;CAF-DESCA-250;3;8073.01;0;24219.02;
05/03/2025;FAC 0003-00040882;FAC;C0134;Bar Agronomia;CAF-BLEND-1K;4;18800.71;35;48881.85;M. Paz
08/04/2025;FAC 0003-00041494;FAC;C9002;VENTA ONLINE;CAF-ETIOP-250;2;10140.9;0;20281.79;
10/05/2025;FAC 0003-00041852;FAC;C9002;VENTA ONLINE;CAF-ETIOP-250;3;10363.99;0;31091.98;
11/04/2025;FAC 0003-00041611;FAC;C9001;CONSUMIDOR FINAL;CAF-COLOM-250;2;8753.19;0;17506.39;
22/03/2025;FAC 0003-00040897;FAC;C9002;VENTA ONLINE;CAF-BLEND-250;3;5849.11;0;17547.33;
07/05/2025;FAC 0003-00041953;FAC;C9001;CONSUMIDOR FINAL;CAF-ETIOP-250;1;10363.99;0;10363.99;
14/06/2025;FAC 0003-00042500;FAC;C9001;CONSUMIDOR FINAL;CAF-ETIOP-250;2;10592.0;0;21184.01;
26/05/2025;FAC 0003-00041839;FAC;C9002;VENTA ONLINE;CAF-COLOM-250;2;8945.76;0;17891.53;
13/05/2025;FAC 0003-00041891;FAC;C9002;VENTA ONLINE;CAF-BRAS-250;2;5782.02;0;11564.04;
12/04/2025;FAC 0003-00041586;FAC;C9001;CONSUMIDOR FINAL;CAF-ETIOP-250;2;10140.9;0;20281.79;
25/01/2025;FAC 0003-00040035;FAC;C0123;La Ventanita de Almagro II;CAF-BLEND-1K;6;18000.0;35;70200.0;R. Ibarra
04/06/2025;FAC 0003-00042113;FAC;C0117;El Almacen de Caballito II;CAF-BLEND-1K;5;20069.06;32;68234.8;
25/02/2025;FAC 0003-00040604;FAC;C9002;VENTA ONLINE;CAF-CAPS-10;1;7051.8;0;7051.8;
17/03/2025;FAC 0003-00040938;FAC;C9002;VENTA ONLINE;CAF-COLOM-250;2;8564.77;0;17129.54;
19/03/2025;FAC 0003-00040871;FAC;C0126;Panaderia Parque Chas;CAF-BLEND-1K;4;18800.71;32;51137.94;M. Paz
12/03/2025;FAC 0003-00040867;FAC;C0121;Panaderia Chacarita II;CAF-BLEND-1K;7;18800.71;35;85543.24;R. Ibarra
12/04/2025;FAC 0003-00041322;FAC;C9002;VENTA ONLINE;CAF-DESCA-250;3;7899.22;0;23697.67;
15/03/2025;FAC 0003-00041188;FAC;C9001;CONSUMIDOR FINAL;CAF-BLEND-1K;1;18800.71;0;18800.71;
18/02/2025;FAC 0003-00040654;FAC;C9002;VENTA ONLINE;CAF-ETIOP-250;2;9709.0;0;19418.0;
28/05/2025;FAC 0003-00041695;FAC;C0137;Panaderia Villa Urquiza II;CAF-BLEND-1K;6;19637.04;30;82475.58;
07/03/2025;FAC 0003-00040851;FAC;C0105;Panaderia Villa Crespo II;CAF-BRAS-1K;5;17756.23;32;60371.18;
28/05/2025;FAC 0003-00042063;FAC;C9001;CONSUMIDOR FINAL;CAP-FILTRO-100;2;3491.03;0;6982.06;
03/01/2025;FAC 0003-00040054;FAC;C9002;VENTA ONLINE;CAF-BRAS-250;1;5300.0;0;5300.0;
17/03/2025;FAC 0003-00041204;FAC;C9001;CONSUMIDOR FINAL;CAF-ETIOP-250;2;9922.6;0;19845.2;
28/06/2025;FAC 0003-00042463;FAC;C9001;CONSUMIDOR FINAL;CAF-ETIOP-250;1;10592.0;0;10592.0;
01/01/2025;FAC 0003-00040274;FAC;C9001;CONSUMIDOR FINAL;CAF-COLOM-250;1;8200.0;0;8200.0;
20/03/2025;FAC 0003-00040859;FAC;C0114;Usina Boedo;CAF-BLEND-1K;3;18800.71;32;38353.45;R. Ibarra
21/02/2025;FAC 0003-00040560;FAC;C9002;VENTA ONLINE;CAF-CAPS-10;3;7051.8;0;21155.4;
17/01/2025;FAC 0003-00040354;FAC;C9001;CONSUMIDOR FINAL;CAF-COLOM-250;1;8200.0;0;8200.0;
01/04/2025;FAC 0003-00041248;FAC;C0103;Coffee Lab Belgrano II;CAF-BLEND-1K;5;19214.33;35;62446.56;
10/01/2025;FAC 0003-00040111;FAC;C9002;VENTA ONLINE;CAF-COLOM-250;2;8200.0;0;16400.0;
12/06/2025;FAC 0003-00042097;FAC;C0105;Panaderia Villa Crespo II;CAP-FILTRO-100;5;3567.83;32;12130.63;R. Ibarra
03/06/2025;FAC 0003-00042393;FAC;C9002;VENTA ONLINE;CAF-BRAS-250;2;5909.22;0;11818.45;
01/04/2025;FAC 0003-00041291;FAC;C9002;VENTA ONLINE;CAF-BRAS-250;1;5657.55;0;5657.55;
28/02/2025;FAC 0003-00040652;FAC;C9002;VENTA ONLINE;CAF-BRAS-250;1;5416.6;0;5416.6;
07/05/2025;FAC 0003-00041973;FAC;C9001;CONSUMIDOR FINAL;CAF-ETIOP-250;1;10363.99;0;10363.99;
28/04/2025;FAC 0003-00041257;FAC;C0110;Panaderia Devoto;CAF-BRAS-1K;7;18146.87;35;82568.24;
15/05/2025;FAC 0003-00041918;FAC;C9002;VENTA ONLINE;CAF-ETIOP-250;1;10363.99;0;10363.99;
26/05/2025;FAC 0003-00041987;FAC;C9001;CONSUMIDOR FINAL;CAF-ETIOP-250;2;10363.99;0;20727.99;
22/06/2025;FAC 0003-00042133;FAC;C0134;Bar Agronomia;CAF-BRAS-1K;6;18954.11;35;73921.03;R. Ibarra
09/06/2025;FAC 0003-00042158;FAC;C9002;VENTA ONLINE;CAF-BRAS-250;2;5909.22;0;11818.45;
17/05/2025;FAC 0003-00041884;FAC;C9002;VENTA ONLINE;CAF-ETIOP-250;1;10363.99;0;10363.99;
15/03/2025;FAC 0003-00041150;FAC;C9001;CONSUMIDOR FINAL;CAF-BLEND-250;1;5849.11;0;5849.11;
08/03/2025;FAC 0003-00041225;FAC;C9001;CONSUMIDOR FINAL;CAF-BLEND-250;1;5849.11;0;5849.11;
15/05/2025;FAC 0003-00042039;FAC;C9001;CONSUMIDOR FINAL;CAF-BLEND-1K;2;19637.04;0;39274.09;
14/06/2025;FAC 0003-00042450;FAC;C9001;CONSUMIDOR FINAL;CAF-COLOM-250;2;9142.57;0;18285.14;
12/01/2025;FAC 0003-00040121;FAC;C9002;VENTA ONLINE;CAF-ETIOP-250;3;9500.0;0;28500.0;
09/04/2025;FAC 0003-00041594;FAC;C9001;CONSUMIDOR FINAL;CAF-BLEND-250;1;5977.79;0;5977.79;
14/02/2025;FAC 0003-00040440;FAC;C0114;Usina Boedo;CAF-BLEND-1K;6;18396.0;32;75055.68;R. Ibarra
25/04/2025;FAC 0003-00041317;FAC;C9002;VENTA ONLINE;CAF-BRAS-250;2;5657.55;0;11315.1;
26/06/2025;FAC 0003-00042283;FAC;C9002;VENTA ONLINE;CAF-BLEND-250;1;6243.71;0;6243.71;
25/01/2025;FAC 0003-00040107;FAC;C9002;VENTA ONLINE;CAF-COLOM-250;1;8200.0;0;8200.0;
22/06/2025;FAC 0003-00042098;FAC;C0107;La Ventanita de Nunez II;CAP-FILTRO-100;3;3567.83;35;6957.27;R. Ibarra
23/05/2025;FAC 0003-00041729;FAC;C9002;VENTA ONLINE;CAF-DESCA-250;2;8073.01;0;16146.01;
03/05/2025;FAC 0003-00041889;FAC;C9002;VENTA ONLINE;CAF-ETIOP-250;1;10363.99;0;10363.99;
11/03/2025;FAC 0003-00041047;FAC;C9002;VENTA ONLINE;CAF-CAPS-10;3;7206.94;0;21620.82;
27/01/2025;FAC 0003-00040144;FAC;C9002;VENTA ONLINE;CAF-ETIOP-250;2;9500.0;0;19000.0;
22/03/2025;FAC 0003-00040922;FAC;C9002;VENTA ONLINE;CAF-BLEND-250;1;5849.11;0;5849.11;
14/06/2025;FAC 0003-00042400;FAC;C9001;CONSUMIDOR FINAL;CAF-COLOM-250;2;9142.57;0;18285.14;
24/01/2025;FAC 0003-00040050;FAC;C0137;Panaderia Villa Urquiza II;CAF-BLEND-1K;3;18000.0;30;37800.0;
22/04/2025;FAC 0003-00041242;FAC;C0001;GRANOS DEL SUR S.A.;CAF-BLEND-1K;47;19214.33;40;541844.04;R. Ibarra
22/03/2025;FAC 0003-00041128;FAC;C9001;CONSUMIDOR FINAL;CAF-BLEND-250;2;5849.11;0;11698.22;
23/05/2025;FAC 0003-00041937;FAC;C9002;VENTA ONLINE;CAP-TAZA;2;9709.43;0;19418.85;
12/05/2025;FAC 0003-00041691;FAC;C0134;Bar Agronomia;CAF-BRAS-1K;7;18546.1;35;84384.74;M. Paz
28/04/2025;FAC 0003-00041602;FAC;C9001;CONSUMIDOR FINAL;CAF-ETIOP-250;2;10140.9;0;20281.79;
26/05/2025;FAC 0003-00041890;FAC;C9002;VENTA ONLINE;CAF-DESCA-250;1;8073.01;0;8073.01;
22/02/2025;FAC 0003-00040448;FAC;C0121;Panaderia Chacarita II;CAF-BLEND-1K;3;18396.0;35;35872.2;M. Paz
18/02/2025;FAC 0003-00040425;FAC;C0101;El Almacen de Palermo II;CAF-BLEND-1K;10;18396.0;35;119574.0;M. Paz
11/02/2025;FAC 0003-00040656;FAC;C9002;VENTA ONLINE;CAF-DESCA-250;2;7562.8;0;15125.6;
06/02/2025;FAC 0003-00040464;FAC;C0133;El Almacen de Barracas II;CAF-BRAS-1K;6;17374.0;35;67758.6;
24/03/2025;FAC 0003-00040945;FAC;C9002;VENTA ONLINE;CAF-BLEND-250;3;5849.11;0;17547.33;
08/03/2025;FAC 0003-00040842;FAC;C0001;GRANOS DEL SUR S.A.;CAF-BRAS-1K;16;17756.23;40;170459.79;R. Ibarra
21/02/2025;FAC 0003-00040648;FAC;C9002;VENTA ONLINE;CAF-BLEND-250;1;5723.2;0;5723.2;
12/01/2025;FAC 0003-00040088;FAC;C9002;VENTA ONLINE;CAF-ETIOP-250;3;9500.0;0;28500.0;
04/06/2025;FAC 0003-00042233;FAC;C9002;VENTA ONLINE;CAF-DESCA-250;1;8250.61;0;8250.61;
11/02/2025;FAC 0003-00040656;FAC;C9002;VENTA ONLINE;CAP-FILTRO-100;3;3270.4;0;9811.2;
11/04/2025;FAC 0003-00041271;FAC;C0125;Usina Flores II;CAP-FILTRO-100;2;3415.88;32;4645.6;
08/01/2025;FAC 0003-00040058;FAC;C9002;VENTA ONLINE;CAF-DESCA-250;3;7400.0;0;22200.0;
14/04/2025;FAC 0003-00041629;FAC;C9001;CONSUMIDOR FINAL;CAF-ETIOP-250;2;10140.9;0;20281.79;
12/04/2025;FAC 0003-00041402;FAC;C9002;VENTA ONLINE;CAF-COLOM-250;2;8753.19;0;17506.39;
20/03/2025;FAC 0003-00041222;FAC;C9001;CONSUMIDOR FINAL;CAF-BLEND-250;1;5849.11;0;5849.11;
26/03/2025;FAC 0003-00041074;FAC;C9002;VENTA ONLINE;CAF-ETIOP-250;3;9922.6;0;29767.79;
16/06/2025;FAC 0003-00042128;FAC;C0130;Usina Coghlan;CAF-BLEND-1K;7;20069.06;30;98338.38;M. Paz
27/05/2025;FAC 0003-00041745;FAC;C9002;VENTA ONLINE;CAF-COLOM-250;3;8945.76;0;26837.29;
13/04/2025;FAC 0003-00041356;FAC;C9002;VENTA ONLINE;CAF-COLOM-250;2;8753.19;0;17506.39;
16/06/2025;FAC 0003-00042279;FAC;C9002;VENTA ONLINE;CAF-BRAS-250;3;5909.22;0;17727.67;
08/01/2025;FAC 0003-00040026;FAC;C0112;La Ventanita de Recoleta;CAF-BLEND-1K;10;18000.0;35;117000.0;R. Ibarra
05/02/2025;FAC 0003-00040433;FAC;C0109;Usina Colegiales II;CAF-ETIOP-250;11;9709.0;32;72623.32;R. Ibarra
04/04/2025;FAC 0003-00041578;FAC;C9001;CONSUMIDOR FINAL;CAF-COLOM-250;2;8753.19;0;17506.39;
07/01/2025;FAC 0003-00040112;FAC;C9002;VENTA ONLINE;CAF-BRAS-250;2;5300.0;0;10600.0;
16/01/2025;FAC 0003-00040011;FAC;C0101;El Almacen de Palermo II;CAF-ETIOP-250;10;9500.0;35;61750.0;R. Ibarra
14/02/2025;FAC 0003-00040459;FAC;C0129;Bar San Telmo II;CAF-BRAS-1K;3;17374.0;32;35442.96;M. Paz
06/04/2025;FAC 0003-00041612;FAC;C9001;CONSUMIDOR FINAL;CAP-FILTRO-100;1;3415.88;0;3415.88;
13/06/2025;FAC 0003-00042223;FAC;C9002;VENTA ONLINE;CAF-COLOM-250;3;9142.57;0;27427.71;
01/02/2025;FAC 0003-00040638;FAC;C9002;VENTA ONLINE;CAF-CAPS-10;3;7051.8;0;21155.4;
12/03/2025;FAC 0003-00040845;FAC;C0100;Cafe Palermo;CAF-BRAS-1K;6;17756.23;32;72445.41;M. Paz
02/06/2025;FAC 0003-00042392;FAC;C9002;VENTA ONLINE;CAF-ETIOP-250;2;10592.0;0;21184.01;
17/06/2025;FAC 0003-00042157;FAC;C9002;VENTA ONLINE;CAF-COLOM-250;1;9142.57;0;9142.57;
20/04/2025;FAC 0003-00041249;FAC;C0104;Tostado Villa Crespo;CAF-BLEND-1K;4;19214.33;35;49957.25;R. Ibarra
24/01/2025;NC 0003-00001209;NC;C0132;Cafe Barracas;CAF-BRAS-1K;-4;17000.0;35;-44200.0;
24/03/2025;FAC 0003-00040890;FAC;C9002;VENTA ONLINE;CAF-COLOM-250;3;8564.77;0;25694.31;
13/05/2025;FAC 0003-00041766;FAC;C9002;VENTA ONLINE;CAF-BLEND-250;1;6109.3;0;6109.3;
17/03/2025;FAC 0003-00041136;FAC;C9001;CONSUMIDOR FINAL;CAF-ETIOP-250;2;9922.6;0;19845.2;
11/06/2025;FAC 0003-00042235;FAC;C9002;VENTA ONLINE;CAF-BLEND-250;2;6243.71;0;12487.41;
22/06/2025;FAC 0003-00042383;FAC;C9002;VENTA ONLINE;CAF-ETIOP-250;1;10592.0;0;10592.0;
01/06/2025;FAC 0003-00042389;FAC;C9002;VENTA ONLINE;CAF-BLEND-250;1;6243.71;0;6243.71;
10/04/2025;FAC 0003-00041404;FAC;C9002;VENTA ONLINE;CAF-COLOM-250;2;8753.19;0;17506.39;
06/02/2025;FAC 0003-00040437;FAC;C0112;La Ventanita de Recoleta;CAF-BLEND-1K;8;18396.0;35;95659.2;
20/03/2025;FAC 0003-00041039;FAC;C9002;VENTA ONLINE;CAF-CAPS-10;3;7206.94;0;21620.82;
13/05/2025;FAC 0003-00041706;FAC;C9002;VENTA ONLINE;CAF-BRAS-250;1;5782.02;0;5782.02;
26/02/2025;FAC 0003-00040746;FAC;C9001;CONSUMIDOR FINAL;CAF-BLEND-250;2;5723.2;0;11446.4;
19/06/2025;FAC 0003-00042319;FAC;C9002;VENTA ONLINE;CAF-DESCA-250;3;8250.61;0;24751.84;
03/06/2025;FAC 0003-00042262;FAC;C9002;VENTA ONLINE;CAF-DESCA-250;1;8250.61;0;8250.61;
17/05/2025;FAC 0003-00041671;FAC;C0116;Cafe Caballito;CAF-BLEND-1K;9;19637.04;32;120178.7;
21/04/2025;FAC 0003-00041438;FAC;C9002;VENTA ONLINE;CAF-COLOM-250;3;8753.19;0;26259.58;
06/03/2025;FAC 0003-00040991;FAC;C9002;VENTA ONLINE;CAF-ETIOP-250;1;9922.6;0;9922.6;
13/03/2025;FAC 0003-00040855;FAC;C0108;Coffee Lab Colegiales;CAF-BRAS-1K;8;17756.23;32;96593.88;R. Ibarra
01/01/2025;FAC 0003-00040381;FAC;C9001;CONSUMIDOR FINAL;CAP-FILTRO-100;1;3200.0;0;3200.0;
12/03/2025;FAC 0003-00040887;FAC;C0138;El Almacen de Constitucion;CAF-BLEND-1K;9;18800.71;30;118444.49;
27/03/2025;FAC 0003-00041101;FAC;C9002;VENTA ONLINE;CAF-ETIOP-250;3;9922.6;0;29767.79;
07/05/2025;FAC 0003-00041847;FAC;C9002;VENTA ONLINE;CAF-ETIOP-250;2;10363.99;0;20727.99;
24/03/2025;FAC 0003-00041071;FAC;C9002;VENTA ONLINE;CAP-FILTRO-100;2;3342.35;0;6684.7;
24/02/2025;FAC 0003-00040482;FAC;C9002;VENTA ONLINE;CAP-FILTRO-100;2;3270.4;0;6540.8;
22/03/2025;FAC 0003-00041110;FAC;C9002;VENTA ONLINE;CAF-COLOM-250;1;8564.77;0;8564.77;
25/06/2025;FAC 0003-00042358;FAC;C9002;VENTA ONLINE;CAF-COLOM-250;1;9142.57;0;9142.57;
24/02/2025;FAC 0003-00040477;FAC;C9002;VENTA ONLINE;CAF-COLOM-250;2;8380.4;0;16760.8;
27/04/2025;FAC 0003-00041282;FAC;C0134;Bar Agronomia;CAF-BRAS-1K;7;18146.87;35;82568.24;M. Paz
22/05/2025;FAC 0003-00041663;FAC;C0110;Panaderia Devoto;CAF-BLEND-1K;4;19637.04;35;51056.31;R. Ibarra
19/02/2025;FAC 0003-00040792;FAC;C9001;CONSUMIDOR FINAL;CAF-ETIOP-250;2;9709.0;0;19418.0;
25/02/2025;FAC 0003-00040823;FAC;C9001;CONSUMIDOR FINAL;CAF-COLOM-250;1;8380.4;0;8380.4;
07/02/2025;FAC 0003-00040640;FAC;C9002;VENTA ONLINE;CAF-COLOM-250;3;8380.4;0;25141.2;
16/05/2025;FAC 0003-00041808;FAC;C9002;VENTA ONLINE;CAF-ETIOP-250;3;10363.99;0;31091.98;
19/01/2025;FAC 0003-00040185;FAC;C9002;VENTA ONLINE;CAF-BLEND-250;2;5600.0;0;11200.0;
17/06/2025;FAC 0003-00042347;FAC;C9002;VENTA ONLINE;CAF-ETIOP-250;3;10592.0;0;31776.01;
28/05/2025;FAC 0003-00041777;FAC;C9002;VENTA ONLINE;CAF-ETIOP-250;1;10363.99;0;10363.99;
26/01/2025;FAC 0003-00040227;FAC;C9002;VENTA ONLINE;CAF-ETIOP-250;3;9500.0;0;28500.0;
23/02/2025;FAC 0003-00040592;FAC;C9002;VENTA ONLINE;CAF-BLEND-250;1;5723.2;0;5723.2;
12/04/2025;FAC 0003-00041359;FAC;C9002;VENTA ONLINE;CAF-ETIOP-250;2;10140.9;0;20281.79;
17/06/2025;FAC 0003-00042170;FAC;C9002;VENTA ONLINE;CAF-BRAS-250;2;5909.22;0;11818.45;
06/05/2025;FAC 0003-00041722;FAC;C9002;VENTA ONLINE;CAF-CAPS-10;2;7527.53;0;15055.07;
17/02/2025;FAC 0003-00040557;FAC;C9002;VENTA ONLINE;CAF-BLEND-250;1;5723.2;0;5723.2;
14/02/2025;FAC 0003-00040459;FAC;C0129;Bar San Telmo II;CAF-BLEND-1K;10;18396.0;32;125092.8;M. Paz
24/03/2025;FAC 0003-00041218;FAC;C9001;CONSUMIDOR FINAL;CAF-COLOM-250;1;8564.77;0;8564.77;
25/06/2025;FAC 0003-00042218;FAC;C9002;VENTA ONLINE;CAF-DESCA-250;1;8250.61;0;8250.61;
12/04/2025;FAC 0003-00041624;FAC;C9001;CONSUMIDOR FINAL;CAF-BLEND-1K;1;19214.33;0;19214.33;
15/03/2025;FAC 0003-00041038;FAC;C9002;VENTA ONLINE;CAF-BLEND-250;2;5849.11;0;11698.22;
23/01/2025;FAC 0003-00040105;FAC;C9002;VENTA ONLINE;CAF-COLOM-250;2;8200.0;0;16400.0;
04/02/2025;FAC 0003-00040623;FAC;C9002;VENTA ONLINE;CAF-BLEND-250;3;5723.2;0;17169.6;
17/05/2025;FAC 0003-00041724;FAC;C9002;VENTA ONLINE;CAF-BLEND-250;1;6109.3;0;6109.3;
21/03/2025;FAC 0003-00040997;FAC;C9002;VENTA ONLINE;CAF-ETIOP-250;2;9922.6;0;19845.2;
23/03/2025;FAC 0003-00041205;FAC;C9001;CONSUMIDOR FINAL;CAF-BLEND-250;1;5849.11;0;5849.11;
13/02/2025;FAC 0003-00040476;FAC;C9002;VENTA ONLINE;CAF-COLOM-250;2;8380.4;0;16760.8;
18/05/2025;FAC 0003-00042052;FAC;C9001;CONSUMIDOR FINAL;CAF-COLOM-250;1;8945.76;0;8945.76;
16/04/2025;FAC 0003-00041251;FAC;C0106;El Almacen de Nunez;CAF-BRAS-1K;2;18146.87;30;25405.61;M. Paz
06/04/2025;FAC 0003-00041264;FAC;C0118;Bar Saavedra;CAF-BLEND-1K;3;19214.33;32;39197.23;M. Paz
12/04/2025;FAC 0003-00041372;FAC;C9002;VENTA ONLINE;CAF-DESCA-250;2;7899.22;0;15798.45;
17/03/2025;FAC 0003-00041107;FAC;C9002;VENTA ONLINE;CAP-TAZA;3;9295.91;0;27887.72;
09/06/2025;FAC 0003-00042198;FAC;C9002;VENTA ONLINE;CAF-ETIOP-250;2;10592.0;0;21184.01;
14/05/2025;FAC 0003-00041753;FAC;C9002;VENTA ONLINE;CAF-BLEND-250;1;6109.3;0;6109.3;
25/06/2025;FAC 0003-00042284;FAC;C9002;VENTA ONLINE;CAF-ETIOP-250;3;10592.0;0;31776.01;
28/01/2025;NC 0003-00001203;NC;C0120;Tostado Chacarita;CAF-BRAS-1K;-2;17000.0;32;-23120.0;
14/04/2025;FAC 0003-00041243;FAC;C0001;GRANOS DEL SUR S.A.;CAF-BLEND-1K;28;19214.33;40;322800.7;M. Paz
28/04/2025;FAC 0003-00041295;FAC;C9002;VENTA ONLINE;CAF-BLEND-250;2;5977.79;0;11955.58;
26/05/2025;FAC 0003-00041776;FAC;C9002;VENTA ONLINE;CAP-FILTRO-100;1;3491.03;0;3491.03;
18/06/2025;FAC 0003-00042461;FAC;C9001;CONSUMIDOR FINAL;CAF-ETIOP-250;1;10592.0;0;10592.0;
28/04/2025;FAC 0003-00041335;FAC;C9002;VENTA ONLINE;CAP-FILTRO-100;2;3415.88;0;6831.76;
10/05/2025;FAC 0003-00041887;FAC;C9002;VENTA ONLINE;CAF-ETIOP-250;3;10363.99;0;31091.98;
05/05/2025;FAC 0003-00041762;FAC;C9002;VENTA ONLINE;CAF-BLEND-250;2;6109.3;0;12218.6;
25/04/2025;FAC 0003-00041636;FAC;C9001;CONSUMIDOR FINAL;CAF-COLOM-250;2;8753.19;0;17506.39;
14/03/2025;FAC 0003-00041144;FAC;C9001;CONSUMIDOR FINAL;CAF-BLEND-1K;1;18800.71;0;18800.71;
09/06/2025;FAC 0003-00042158;FAC;C9002;VENTA ONLINE;CAF-COLOM-250;1;9142.57;0;9142.57;
04/05/2025;FAC 0003-00041938;FAC;C9002;VENTA ONLINE;CAF-COLOM-250;2;8945.76;0;17891.53;
14/05/2025;FAC 0003-00041679;FAC;C0123;La Ventanita de Almagro II;CAF-BRAS-1K;2;18546.1;35;24109.92;R. Ibarra
18/02/2025;FAC 0003-00040426;FAC;C0102;Bar Belgrano;CAF-BRAS-1K;5;17374.0;35;56465.5;M. Paz
26/06/2025;FAC 0003-00042369;FAC;C9002;VENTA ONLINE;CAP-FILTRO-100;2;3567.83;0;7135.67;
06/05/2025;FAC 0003-00042028;FAC;C9001;CONSUMIDOR FINAL;CAP-FILTRO-100;2;3491.03;0;6982.06;
13/01/2025;FAC 0003-00040096;FAC;C9002;VENTA ONLINE;CAP-FILTRO-100;1;3200.0;0;3200.0;
08/04/2025;FAC 0003-00041395;FAC;C9002;VENTA ONLINE;CAF-COLOM-250;1;8753.19;0;8753.19;
26/02/2025;FAC 0003-00040423;FAC;C0100;Cafe Palermo;CAF-BLEND-1K;5;18396.0;32;62546.4;R. Ibarra
25/03/2025;FAC 0003-00040988;FAC;C9002;VENTA ONLINE;CAF-BLEND-250;1;5849.11;0;5849.11;
20/03/2025;FAC 0003-00041209;FAC;C9001;CONSUMIDOR FINAL;CAF-BLEND-250;1;5849.11;0;5849.11;
06/03/2025;FAC 0003-00041062;FAC;C9002;VENTA ONLINE;CAF-BRAS-250;1;5535.77;0;5535.77;
27/04/2025;FAC 0003-00041630;FAC;C9001;CONSUMIDOR FINAL;CAF-BLEND-250;1;5977.79;0;5977.79;
22/03/2025;FAC 0003-00041155;FAC;C9001;CONSUMIDOR FINAL;CAF-BLEND-250;1;5849.11;0;5849.11;
09/06/2025;FAC 0003-00042444;FAC;C9001;CONSUMIDOR FINAL;CAF-BLEND-250;1;6243.71;0;6243.71;
20/05/2025;FAC 0003-00041703;FAC;C9002;VENTA ONLINE;CAF-CAPS-10;1;7527.53;0;7527.53;
23/03/2025;FAC 0003-00040843;FAC;C0001;GRANOS DEL SUR S.A.;BLEND1K;26;18800.71;40;293291.11;M. Paz
21/04/2025;FAC 0003-00041423;FAC;C9002;VENTA ONLINE;CAF-BLEND-250;3;5977.79;0;17933.37;
24/05/2025;FAC 0003-00041747;FAC;C9002;VENTA ONLINE;CAF-BRAS-250;1;5782.02;0;5782.02;
02/01/2025;FAC 0003-00040003;FAC;C0001;GRANOS DEL SUR S.A.;CAF-BLEND-1K;51;18000.0;40;550800.0;R. Ibarra
28/06/2025;FAC 0003-00042289;FAC;C9002;VENTA ONLINE;CAF-BRAS-250;1;5909.22;0;5909.22;
24/02/2025;FAC 0003-00040480;FAC;C9002;VENTA ONLINE;CAF-ETIOP-250;2;9709.0;0;19418.0;
03/06/2025;FAC 0003-00042342;FAC;C9002;VENTA ONLINE;CAF-COLOM-250;2;9142.57;0;18285.14;
02/03/2025;FAC 0003-00041197;FAC;C9001;CONSUMIDOR FINAL;CAF-BLEND-250;1;5849.11;0;5849.11;
21/03/2025;FAC 0003-00041207;FAC;C9001;CONSUMIDOR FINAL;CAF-BLEND-250;2;5849.11;0;11698.22;
20/01/2025;FAC 0003-00040049;FAC;C0136;Tostado Villa Urquiza;CAF-BLEND-1K;10;18000.0;35;117000.0;M. Paz
28/02/2025;FAC 0003-00040475;FAC;C9002;VENTA ONLINE;CAF-ETIOP-250;2;9709.0;0;19418.0;
04/02/2025;FAC 0003-00040534;FAC;C9002;VENTA ONLINE;CAF-DESCA-250;3;7562.8;0;22688.4;
19/01/2025;FAC 0003-00040177;FAC;C9002;VENTA ONLINE;CAF-COLOM-250;2;8200.0;0;16400.0;
05/05/2025;FAC 0003-00041835;FAC;C9002;VENTA ONLINE;CAF-ETIOP-250;1;10363.99;0;10363.99;
01/02/2025;FAC 0003-00040721;FAC;C9001;CONSUMIDOR FINAL;CAF-COLOM-250;1;8380.4;0;8380.4;
12/05/2025;FAC 0003-00041915;FAC;C9002;VENTA ONLINE;CAF-BRAS-250;3;5782.02;0;17346.05;
19/04/2025;FAC 0003-00041487;FAC;C9002;VENTA ONLINE;CAF-ETIOP-250;1;10140.9;0;10140.9;
16/01/2025;FAC 0003-00040313;FAC;C9001;CONSUMIDOR FINAL;CAP-FILTRO-100;2;3200.0;0;6400.0;
24/06/2025;FAC 0003-00042227;FAC;C9002;VENTA ONLINE;CAF-COLOM-250;1;9142.57;0;9142.57;
20/03/2025;FAC 0003-00041037;FAC;C9002;VENTA ONLINE;CAP-TAZA;1;9295.91;0;9295.91;
11/06/2025;FAC 0003-00042356;FAC;C9002;VENTA ONLINE;CAF-ETIOP-250;1;10592.0;0;10592.0;
24/02/2025;FAC 0003-00040573;FAC;C9002;VENTA ONLINE;CAF-BLEND-250;3;5723.2;0;17169.6;
04/05/2025;FAC 0003-00042055;FAC;C9001;CONSUMIDOR FINAL;CAF-BLEND-250;2;6109.3;0;12218.6;
15/06/2025;FAC 0003-00042318;FAC;C9002;VENTA ONLINE;CAF-COLOM-250;3;9142.57;0;27427.71;
05/05/2025;FAC 0003-00041762;FAC;C9002;VENTA ONLINE;CAF-COLOM-250;3;8945.76;0;26837.29;
16/03/2025;FAC 0003-00041090;FAC;C9002;VENTA ONLINE;CAF-CAPS-10;1;7206.94;0;7206.94;
20/02/2025;FAC 0003-00040788;FAC;C9001;CONSUMIDOR FINAL;CAF-ETIOP-250;1;9709.0;0;9709.0;
05/02/2025;FAC 0003-00040479;FAC;C9002;VENTA ONLINE;CAP-FILTRO-100;3;3270.4;0;9811.2;
10/05/2025;FAC 0003-00041650;FAC;C0001;GRANOS DEL SUR S.A.;CAF-BRAS-1K;17;18546.1;40;189170.18;R. Ibarra
10/04/2025;FAC 0003-00041287;FAC;C9002;VENTA ONLINE;CAF-BLEND-250;1;5977.79;0;5977.79;
15/03/2025;FAC 0003-00041046;FAC;C9002;VENTA ONLINE;CAF-BLEND-250;2;5849.11;0;11698.22;
22/05/2025;FAC 0003-00042062;FAC;C9001;CONSUMIDOR FINAL;CAF-BLEND-250;2;6109.3;0;12218.6;
18/01/2025;FAC 0003-00040164;FAC;C9002;VENTA ONLINE;CAF-CAPS-10;1;6900.0;0;6900.0;
14/05/2025;FAC 0003-00041954;FAC;C9001;CONSUMIDOR FINAL;CAF-ETIOP-250;1;10363.99;0;10363.99;
24/01/2025;FAC 0003-00040109;FAC;C9002;VENTA ONLINE;CAF-BLEND-250;1;5600.0;0;5600.0;
10/02/2025;FAC 0003-00040469;FAC;C0137;Panaderia Villa Urquiza II;CAF-BRAS-1K;2;17374.0;30;24323.6;
11/06/2025;FAC 0003-00042472;FAC;C9001;CONSUMIDOR FINAL;CAF-COLOM-250;1;9142.57;0;9142.57;
15/06/2025;FAC 0003-00042354;FAC;C9002;VENTA ONLINE;CAF-BRAS-250;2;5909.22;0;11818.45;
14/03/2025;FAC 0003-00040848;FAC;C0103;Coffee Lab Belgrano II;CAF-BLEND-1K;4;18800.71;35;48881.85;R. Ibarra
16/04/2025;FAC 0003-00041433;FAC;C9002;VENTA ONLINE;CAF-BLEND-250;3;5977.79;0;17933.37;
13/01/2025;FAC 0003-00040127;FAC;C9002;VENTA ONLINE;CAF-BRAS-250;3;5300.0;0;15900.0;
24/01/2025;FAC 0003-00040122;FAC;C9002;VENTA ONLINE;CAF-COLOM-250;2;8200.0;0;16400.0;
26/04/2025;FAC 0003-00041499;FAC;C9002;VENTA ONLINE;CAF-ETIOP-250;2;10140.9;0;20281.79;
06/01/2025;FAC 0003-00040329;FAC;C9001;CONSUMIDOR FINAL;CAF-ETIOP-250;1;9500.0;0;9500.0;
22/06/2025;FAC 0003-00042094;FAC;C0103;Coffee Lab Belgrano II;CAF-BRAS-1K;6;18954.11;35;73921.03;R. Ibarra
21/02/2025;FAC 0003-00040511;FAC;C9002;VENTA ONLINE;CAF-COLOM-250;3;8380.4;0;25141.2;
19/06/2025;FAC 0003-00042253;FAC;C9002;VENTA ONLINE;CAF-ETIOP-250;1;10592.0;0;10592.0;
17/01/2025;FAC 0003-00040268;FAC;C9001;CONSUMIDOR FINAL;CAF-BLEND-250;1;5600.0;0;5600.0;
25/06/2025;FAC 0003-00042403;FAC;C9001;CONSUMIDOR FINAL;CAF-COLOM-250;1;9142.57;0;9142.57;
03/01/2025;FAC 0003-00040195;FAC;C9002;VENTA ONLINE;CAF-BLEND-250;2;5600.0;0;11200.0;
01/06/2025;FAC 0003-00042355;FAC;C9002;VENTA ONLINE;CAP-TAZA;2;9923.03;0;19846.07;
13/01/2025;FAC 0003-00040339;FAC;C9001;CONSUMIDOR FINAL;CAP-FILTRO-100;1;3200.0;0;3200.0;
12/04/2025;FAC 0003-00041635;FAC;C9001;CONSUMIDOR FINAL;CAP-FILTRO-100;1;3415.88;0;3415.88;
12/01/2025;FAC 0003-00040012;FAC;C0102;Bar Belgrano;CAF-BLEND-1K;6;18000.0;35;70200.0;M. Paz
27/05/2025;FAC 0003-00041991;FAC;C9001;CONSUMIDOR FINAL;CAF-BLEND-1K;2;19637.04;0;39274.09;
23/02/2025;FAC 0003-00040787;FAC;C9001;CONSUMIDOR FINAL;CAF-COLOM-250;1;8380.4;0;8380.4;
21/03/2025;FAC 0003-00041026;FAC;C9002;VENTA ONLINE;CAF-DESCA-250;3;7729.18;0;23187.54;
04/03/2025;FAC 0003-00040883;FAC;C0135;Coffee Lab Agronomia II;CAF-BLEND-1K;3;18800.71;30;39481.5;R. Ibarra
09/05/2025;FAC 0003-00042010;FAC;C9001;CONSUMIDOR FINAL;CAF-COLOM-250;1;8945.76;0;8945.76;
16/02/2025;FAC 0003-00040627;FAC;C9002;VENTA ONLINE;CAF-ETIOP-250;2;9709.0;0;19418.0;
01/04/2025;FAC 0003-00041595;FAC;C9001;CONSUMIDOR FINAL;CAP-FILTRO-100;1;3415.88;0;3415.88;
12/06/2025;FAC 0003-00042140;FAC;C0138;El Almacen de Constitucion;CAF-BLEND-1K;5;20069.06;30;70241.7;
07/04/2025;FAC 0003-00041296;FAC;C9002;VENTA ONLINE;CAF-COLOM-250;3;8753.19;0;26259.58;
14/03/2025;FAC 0003-00040898;FAC;C9002;VENTA ONLINE;CAF-BLEND-250;2;5849.11;0;11698.22;
27/06/2025;FAC 0003-00042478;FAC;C9001;CONSUMIDOR FINAL;CAF-BLEND-250;2;6243.71;0;12487.41;
19/05/2025;FAC 0003-00041846;FAC;C9002;VENTA ONLINE;CAF-BLEND-250;3;6109.3;0;18327.91;
08/02/2025;FAC 0003-00040716;FAC;C9001;CONSUMIDOR FINAL;CAF-BLEND-250;2;5723.2;0;11446.4;
01/02/2025;FAC 0003-00040484;FAC;C9002;VENTA ONLINE;CAF-DESCA-250;2;7562.8;0;15125.6;
13/06/2025;FAC 0003-00042183;FAC;C9002;VENTA ONLINE;CAF-ETIOP-250;2;10592.0;0;21184.01;
07/03/2025;FAC 0003-00040851;FAC;C0105;Panaderia Villa Crespo II;CAP-FILTRO-100;5;3342.35;32;11363.99;
13/01/2025;FAC 0003-00040320;FAC;C9001;CONSUMIDOR FINAL;CAF-BLEND-1K;1;18000.0;0;18000.0;
09/02/2025;FAC 0003-00040617;FAC;C9002;VENTA ONLINE;CAF-BLEND-250;3;5723.2;0;17169.6;
11/04/2025;FAC 0003-00041399;FAC;C9002;VENTA ONLINE;CAF-BLEND-250;3;5977.79;0;17933.37;
19/02/2025;FAC 0003-00040434;FAC;C0110;Panaderia Devoto;CAF-BRAS-1K;4;17374.0;35;45172.4;M. Paz
27/04/2025;FAC 0003-00041502;FAC;C9002;VENTA ONLINE;CAF-BRAS-250;2;5657.55;0;11315.1;
12/04/2025;FAC 0003-00041597;FAC;C9001;CONSUMIDOR FINAL;CAF-BLEND-250;2;5977.79;0;11955.58;
22/05/2025;FAC 0003-00041910;FAC;C9002;VENTA ONLINE;CAF-COLOM-250;3;8945.76;0;26837.29;
10/02/2025;FAC 0003-00040660;FAC;C9002;VENTA ONLINE;CAP-FILTRO-100;1;3270.4;0;3270.4;
02/01/2025;FAC 0003-00040241;FAC;C9002;VENTA ONLINE;CAF-BLEND-250;1;5600.0;0;5600.0;
25/01/2025;FAC 0003-00040093;FAC;C9002;VENTA ONLINE;CAF-BLEND-250;1;5600.0;0;5600.0;
05/03/2025;FAC 0003-00040901;FAC;C9002;VENTA ONLINE;CAF-ETIOP-250;3;9922.6;0;29767.79;
17/05/2025;FAC 0003-00042066;FAC;C9001;CONSUMIDOR FINAL;CAP-FILTRO-100;2;3491.03;0;6982.06;
04/06/2025;FAC 0003-00042487;FAC;C9001;CONSUMIDOR FINAL;CAF-COLOM-250;2;9142.57;0;18285.14;
03/02/2025;FAC 0003-00040500;FAC;C9002;VENTA ONLINE;CAF-BRAS-250;1;5416.6;0;5416.6;
02/05/2025;FAC 0003-00041828;FAC;C9002;VENTA ONLINE;CAP-FILTRO-100;2;3491.03;0;6982.06;
06/06/2025;FAC 0003-00042148;FAC;C9002;VENTA ONLINE;CAF-COLOM-250;1;9142.57;0;9142.57;
26/06/2025;FAC 0003-00042266;FAC;C9002;VENTA ONLINE;CAF-BLEND-250;2;6243.71;0;12487.41;
17/06/2025;FAC 0003-00042124;FAC;C0126;Panaderia Parque Chas;CAP-FILTRO-100;2;3567.83;32;4852.25;
06/01/2025;FAC 0003-00040006;FAC;C0001;GRANOS DEL SUR S.A.;BLEND1K;32;18000.0;40;345600.0;R. Ibarra
25/06/2025;FAC 0003-00042151;FAC;C9002;VENTA ONLINE;CAP-TAZA;1;9923.03;0;9923.03;
06/03/2025;FAC 0003-00041097;FAC;C9002;VENTA ONLINE;CAF-BLEND-250;1;5849.11;0;5849.11;
05/04/2025;FAC 0003-00041472;FAC;C9002;VENTA ONLINE;CAF-ETIOP-250;1;10140.9;0;10140.9;
22/01/2025;FAC 0003-00040267;FAC;C9001;CONSUMIDOR FINAL;CAF-BLEND-1K;1;18000.0;0;18000.0;
21/03/2025;FAC 0003-00040979;FAC;C9002;VENTA ONLINE;CAF-ETIOP-250;2;9922.6;0;19845.2;
10/05/2025;FAC 0003-00041841;FAC;C9002;VENTA ONLINE;CAF-DESCA-250;2;8073.01;0;16146.01;
25/04/2025;FAC 0003-00041483;FAC;C9002;VENTA ONLINE;CAF-CAPS-10;3;7365.49;0;22096.48;
22/02/2025;FAC 0003-00040595;FAC;C9002;VENTA ONLINE;CAF-ETIOP-250;1;9709.0;0;9709.0;
14/02/2025;FAC 0003-00040625;FAC;C9002;VENTA ONLINE;CAF-ETIOP-250;1;9709.0;0;9709.0;
23/05/2025;FAC 0003-00041645;FAC;C0001;GRANOS DEL SUR S.A.;CAF-BLEND-1K;45;19637.04;40;530200.16;
01/04/2025;FAC 0003-00041337;FAC;C9002;VENTA ONLINE;CAF-BRAS-250;2;5657.55;0;11315.1;
11/05/2025;FAC 0003-00041767;FAC;C9002;VENTA ONLINE;CAF-ETIOP-250;2;10363.99;0;20727.99;
23/06/2025;FAC 0003-00042458;FAC;C9001;CONSUMIDOR FINAL;CAF-BLEND-1K;1;20069.06;0;20069.06;
06/06/2025;FAC 0003-00042250;FAC;C9002;VENTA ONLINE;CAF-BLEND-250;2;6243.71;0;12487.41;
21/02/2025;FAC 0003-00040648;FAC;C9002;VENTA ONLINE;CAF-ETIOP-250;3;9709.0;0;29127.0;
05/05/2025;FAC 0003-00041654;FAC;C0103;Coffee Lab Belgrano II;CAP-FILTRO-100;5;3491.03;35;11345.85;M. Paz
14/02/2025;FAC 0003-00040446;FAC;C0120;Tostado Chacarita;CAP-FILTRO-100;5;3270.4;32;11119.36;
14/04/2025;FAC 0003-00041501;FAC;C9002;VENTA ONLINE;CAF-DESCA-250;2;7899.22;0;15798.45;
26/01/2025;FAC 0003-00040051;FAC;C0138;El Almacen de Constitucion;CAF-BRAS-1K;5;17000.0;30;59500.0;M. Paz
23/01/2025;FAC 0003-00040118;FAC;C9002;VENTA ONLINE;CAF-CAPS-10;2;6900.0;0;13800.0;
17/02/2025;FAC 0003-00040621;FAC;C9002;VENTA ONLINE;CAP-FILTRO-100;2;3270.4;0;6540.8;
23/05/2025;FAC 0003-00041645;FAC;C0001;GRANOS DEL SUR S.A.;CAF-BLEND-CJ6;4;111276.58;40;267063.78;
06/03/2025;FAC 0003-00040889;FAC;C9002;VENTA ONLINE;CAF-BLEND-250;3;5849.11;0;17547.33;
19/01/2025;FAC 0003-00040021;FAC;C0109;Usina Colegiales II;CAP-FILTRO-100;6;3200.0;32;13056.0;
20/03/2025;FAC 0003-00040992;FAC;C9002;VENTA ONLINE;CAF-BRAS-250;3;5535.77;0;16607.3;
19/02/2025;FAC 0003-00040622;FAC;C9002;VENTA ONLINE;CAP-FILTRO-100;3;3270.4;0;9811.2;
16/03/2025;FAC 0003-00041143;FAC;C9001;CONSUMIDOR FINAL;CAP-FILTRO-100;2;3342.35;0;6684.7;
17/06/2025;FAC 0003-00042186;FAC;C9002;VENTA ONLINE;CAF-BRAS-250;2;5909.22;0;11818.45;
07/01/2025;FAC 0003-00040188;FAC;C9002;VENTA ONLINE;CAF-BLEND-250;2;5600.0;0;11200.0;
09/03/2025;FAC 0003-00040911;FAC;C9002;VENTA ONLINE;CAF-BLEND-250;1;5849.11;0;5849.11;
07/04/2025;FAC 0003-00041504;FAC;C9002;VENTA ONLINE;CAF-BRAS-250;3;5657.55;0;16972.66;
18/03/2025;FAC 0003-00040850;FAC;C0104;Tostado Villa Crespo;CAF-BRAS-1K;6;17756.23;35;69249.29;M. Paz
01/06/2025;FAC 0003-00042505;FAC;C9001;CONSUMIDOR FINAL;CAF-BLEND-250;2;6243.71;0;12487.41;
28/02/2025;FAC 0003-00040685;FAC;C9002;VENTA ONLINE;CAF-BRAS-250;2;5416.6;0;10833.2;
22/06/2025;FAC 0003-00042396;FAC;C9002;VENTA ONLINE;CAF-DESCA-250;2;8250.61;0;16501.23;
03/03/2025;FAC 0003-00040919;FAC;C9002;VENTA ONLINE;CAP-TAZA;3;9295.91;0;27887.72;
21/03/2025;FAC 0003-00040877;FAC;C0131;Tostado Coghlan II;CAF-BRAS-1K;7;17756.23;35;80790.84;
25/03/2025;FAC 0003-00041029;FAC;C9002;VENTA ONLINE;CAF-BRAS-250;2;5535.77;0;11071.53;
26/04/2025;FAC 0003-00041417;FAC;C9002;VENTA ONLINE;CAF-ETIOP-250;3;10140.9;0;30422.69;
17/05/2025;FAC 0003-00041944;FAC;C9002;VENTA ONLINE;CAF-DESCA-250;2;8073.01;0;16146.01;
21/06/2025;FAC 0003-00042147;FAC;C9002;VENTA ONLINE;CAF-COLOM-250;1;9142.57;0;9142.57;
20/02/2025;FAC 0003-00040451;FAC;C0124;Coffee Lab Flores;CAF-BRAS-1K;2;17374.0;35;22586.2;
27/02/2025;FAC 0003-00040461;FAC;C0131;Tostado Coghlan II;CAF-ETIOP-250;5;9709.0;35;31554.25;
17/06/2025;FAC 0003-00042127;FAC;C0130;Usina Coghlan;CAF-BLEND-1K;8;20069.06;30;112386.72;M. Paz
01/06/2025;FAC 0003-00042152;FAC;C9002;VENTA ONLINE;CAF-ETIOP-250;3;10592.0;0;31776.01;
04/02/2025;FAC 0003-00040454;FAC;C0126;Panaderia Parque Chas;CAF-BRAS-1K;7;17374.0;32;82700.24;M. Paz
23/05/2025;FAC 0003-00041811;FAC;C9002;VENTA ONLINE;CAF-ETIOP-250;2;10363.99;0;20727.99;
05/01/2025;FAC 0003-00040082;FAC;C9002;VENTA ONLINE;CAF-ETIOP-250;1;9500.0;0;9500.0;
02/01/2025;FAC 0003-00040194;FAC;C9002;VENTA ONLINE;CAF-CAPS-10;2;6900.0;0;13800.0;
07/01/2025;FAC 0003-00040285;FAC;C9001;CONSUMIDOR FINAL;CAF-BLEND-250;1;5600.0;0;5600.0;
05/03/2025;FAC 0003-00040967;FAC;C9002;VENTA ONLINE;CAF-COLOM-250;1;8564.77;0;8564.77;
06/05/2025;FAC 0003-00041927;FAC;C9002;VENTA ONLINE;CAP-FILTRO-100;2;3491.03;0;6982.06;
26/03/2025;FAC 0003-00041115;FAC;C9002;VENTA ONLINE;CAF-COLOM-250;1;8564.77;0;8564.77;
21/01/2025;FAC 0003-00040382;FAC;C9001;CONSUMIDOR FINAL;CAF-BLEND-250;2;5600.0;0;11200.0;
24/05/2025;FAC 0003-00042034;FAC;C9001;CONSUMIDOR FINAL;CAP-FILTRO-100;2;3491.03;0;6982.06;
11/03/2025;FAC 0003-00041102;FAC;C9002;VENTA ONLINE;CAF-BRAS-250;1;5535.77;0;5535.77;
28/03/2025;FAC 0003-00041048;FAC;C9002;VENTA ONLINE;CAP-FILTRO-100;3;3342.35;0;10027.05;
28/04/2025;FAC 0003-00041469;FAC;C9002;VENTA ONLINE;CAF-ETIOP-250;3;10140.9;0;30422.69;
24/01/2025;FAC 0003-00040109;FAC;C9002;VENTA ONLINE;CAF-CAPS-10;3;6900.0;0;20700.0;
18/03/2025;FAC 0003-00041020;FAC;C9002;VENTA ONLINE;CAF-BLEND-250;3;5849.11;0;17547.33;
04/03/2025;FAC 0003-00040883;FAC;C0135;Coffee Lab Agronomia II;CAF-BRAS-1K;8;17756.23;30;99434.88;R. Ibarra
06/02/2025;FAC 0003-00040694;FAC;C9001;CONSUMIDOR FINAL;CAF-COLOM-250;1;8380.4;0;8380.4;
03/06/2025;FAC 0003-00042134;FAC;C0135;Coffee Lab Agronomia II;CAF-BLEND-1K;8;20069.06;30;112386.72;M. Paz
02/02/2025;NC 0003-00001214;NC;C0101;El Almacen de Palermo II;CAF-BRAS-1K;-4;17374.0;35;-45172.4;
17/02/2025;FAC 0003-00040561;FAC;C9002;VENTA ONLINE;CAF-COLOM-250;1;8380.4;0;8380.4;
17/03/2025;FAC 0003-00041196;FAC;C9001;CONSUMIDOR FINAL;CAF-ETIOP-250;2;9922.6;0;19845.2;
24/02/2025;FAC 0003-00040503;FAC;C9002;VENTA ONLINE;CAF-COLOM-250;2;8380.4;0;16760.8;
22/03/2025;FAC 0003-00040860;FAC;C0115;Tostado Boedo II;CAF-BRAS-1K;2;17756.23;30;24858.72;M. Paz
09/01/2025;FAC 0003-00040312;FAC;C9001;CONSUMIDOR FINAL;CAF-BLEND-1K;2;18000.0;0;36000.0;
05/06/2025;FAC 0003-00042460;FAC;C9001;CONSUMIDOR FINAL;CAF-ETIOP-250;1;10592.0;0;10592.0;
19/02/2025;FAC 0003-00040706;FAC;C9001;CONSUMIDOR FINAL;CAF-BLEND-250;2;5723.2;0;11446.4;
18/04/2025;FAC 0003-00041244;FAC;C0001;GRANOS DEL SUR S.A.;CAF-BLEND-CJ6;5;108881.19;40;326643.57;
25/02/2025;FAC 0003-00040543;FAC;C9002;VENTA ONLINE;CAF-BRAS-250;3;5416.6;0;16249.8;
07/01/2025;FAC 0003-00040245;FAC;C9002;VENTA ONLINE;CAF-COLOM-250;2;8200.0;0;16400.0;
03/06/2025;FAC 0003-00042360;FAC;C9002;VENTA ONLINE;CAF-BLEND-250;3;6243.71;0;18731.12;
27/01/2025;FAC 0003-00040202;FAC;C9002;VENTA ONLINE;CAF-DESCA-250;1;7400.0;0;7400.0;
06/06/2025;FAC 0003-00042131;FAC;C0132;Cafe Barracas;CAF-BLEND-1K;4;20069.06;35;52179.55;
20/02/2025;FAC 0003-00040682;FAC;C9002;VENTA ONLINE;CAF-COLOM-250;2;8380.4;0;16760.8;
06/04/2025;FAC 0003-00041396;FAC;C9002;VENTA ONLINE;CAF-COLOM-250;2;8753.19;0;17506.39;
27/05/2025;FAC 0003-00041975;FAC;C9001;CONSUMIDOR FINAL;CAF-COLOM-250;1;8945.76;0;8945.76;
08/06/2025;FAC 0003-00042240;FAC;C9002;VENTA ONLINE;CAF-CAPS-10;1;7693.14;0;7693.14;
18/01/2025;FAC 0003-00040337;FAC;C9001;CONSUMIDOR FINAL;CAF-ETIOP-250;1;9500.0;0;9500.0;
09/04/2025;FAC 0003-00041443;FAC;C9002;VENTA ONLINE;CAF-BLEND-250;2;5977.79;0;11955.58;
13/05/2025;FAC 0003-00041765;FAC;C9002;VENTA ONLINE;CAF-BRAS-250;2;5782.02;0;11564.04;
26/02/2025;FAC 0003-00040517;FAC;C9002;VENTA ONLINE;CAF-COLOM-250;3;8380.4;0;25141.2;
14/04/2025;FAC 0003-00041383;FAC;C9002;VENTA ONLINE;CAF-ETIOP-250;3;10140.9;0;30422.69;
28/05/2025;FAC 0003-00041665;FAC;C0111;Cafe Devoto II;CAF-BLEND-1K;4;19637.04;35;51056.31;
04/03/2025;FAC 0003-00041093;FAC;C9002;VENTA ONLINE;CAF-BLEND-250;3;5849.11;0;17547.33;
04/05/2025;FAC 0003-00041980;FAC;C9001;CONSUMIDOR FINAL;CAP-FILTRO-100;2;3491.03;0;6982.06;
09/02/2025;FAC 0003-00040579;FAC;C9002;VENTA ONLINE;CAF-CAPS-10;1;7051.8;0;7051.8;
22/02/2025;FAC 0003-00040678;FAC;C9002;VENTA ONLINE;CAP-TAZA;1;9095.8;0;9095.8;
19/03/2025;FAC 0003-00041058;FAC;C9002;VENTA ONLINE;CAF-ETIOP-250;1;9922.6;0;9922.6;
03/03/2025;FAC 0003-00041007;FAC;C9002;VENTA ONLINE;CAF-ETIOP-250;3;9922.6;0;29767.79;
14/04/2025;FAC 0003-00041596;FAC;C9001;CONSUMIDOR FINAL;CAF-BLEND-250;2;5977.79;0;11955.58;
23/02/2025;FAC 0003-00040636;FAC;C9002;VENTA ONLINE;CAF-ETIOP-250;1;9709.0;0;9709.0;
20/05/2025;FAC 0003-00041869;FAC;C9002;VENTA ONLINE;CAP-TAZA;1;9709.43;0;9709.43;
13/06/2025;FAC 0003-00042115;FAC;C0119;Coffee Lab Saavedra II;CAF-ETIOP-250;10;10592.0;35;68848.02;
06/03/2025;FAC 0003-00041052;FAC;C9002;VENTA ONLINE;CAF-DESCA-250;1;7729.18;0;7729.18;
04/04/2025;FAC 0003-00041543;FAC;C9001;CONSUMIDOR FINAL;CAF-BLEND-1K;1;19214.33;0;19214.33;
25/02/2025;FAC 0003-00040647;FAC;C9002;VENTA ONLINE;CAF-BLEND-250;3;5723.2;0;17169.6;
21/04/2025;FAC 0003-00041357;FAC;C9002;VENTA ONLINE;CAF-DESCA-250;1;7899.22;0;7899.22;
05/04/2025;FAC 0003-00041607;FAC;C9001;CONSUMIDOR FINAL;CAF-BLEND-1K;1;19214.33;0;19214.33;
26/06/2025;FAC 0003-00042257;FAC;C9002;VENTA ONLINE;CAF-BLEND-250;2;6243.71;0;12487.41;
13/02/2025;FAC 0003-00040558;FAC;C9002;VENTA ONLINE;CAF-BLEND-250;3;5723.2;0;17169.6;
12/06/2025;FAC 0003-00042190;FAC;C9002;VENTA ONLINE;CAF-ETIOP-250;3;10592.0;0;31776.01;
22/01/2025;FAC 0003-00040159;FAC;C9002;VENTA ONLINE;CAF-CAPS-10;3;6900.0;0;20700.0;
07/01/2025;FAC 0003-00040375;FAC;C9001;CONSUMIDOR FINAL;CAF-COLOM-250;2;8200.0;0;16400.0;
11/04/2025;FAC 0003-00041508;FAC;C9002;VENTA ONLINE;CAF-ETIOP-250;2;10140.9;0;20281.79;
14/03/2025;FAC 0003-00041175;FAC;C9001;CONSUMIDOR FINAL;CAF-BLEND-250;2;5849.11;0;11698.22;
21/03/2025;FAC 0003-00041132;FAC;C9001;CONSUMIDOR FINAL;CAF-BLEND-1K;2;18800.71;0;37601.42;
04/06/2025;FAC 0003-00042421;FAC;C9001;CONSUMIDOR FINAL;CAF-BLEND-1K;1;20069.06;0;20069.06;
24/03/2025;FAC 0003-00041000;FAC;C9002;VENTA ONLINE;CAP-TAZA;3;9295.91;0;27887.72;
03/02/2025;FAC 0003-00040540;FAC;C9002;VENTA ONLINE;CAF-COLOM-250;1;8380.4;0;8380.4;
09/05/2025;FAC 0003-00041744;FAC;C9002;VENTA ONLINE;CAF-ETIOP-250;2;10363.99;0;20727.99;
11/01/2025;FAC 0003-00040390;FAC;C9001;CONSUMIDOR FINAL;CAF-ETIOP-250;2;9500.0;0;19000.0;
08/03/2025;FAC 0003-00040993;FAC;C9002;VENTA ONLINE;CAF-BRAS-250;2;5535.77;0;11071.53;
28/01/2025;FAC 0003-00040226;FAC;C9002;VENTA ONLINE;CAF-ETIOP-250;3;9500.0;0;28500.0;
20/05/2025;FAC 0003-00041904;FAC;C9002;VENTA ONLINE;CAF-BRAS-250;2;5782.02;0;11564.04;
28/02/2025;FAC 0003-00040548;FAC;C9002;VENTA ONLINE;CAF-CAPS-10;1;7051.8;0;7051.8;
15/03/2025;FAC 0003-00041164;FAC;C9001;CONSUMIDOR FINAL;CAP-FILTRO-100;2;3342.35;0;6684.7;
12/05/2025;FAC 0003-00041951;FAC;C9001;CONSUMIDOR FINAL;CAF-BLEND-1K;1;19637.04;0;19637.04;
26/06/2025;FAC 0003-00042290;FAC;C9002;VENTA ONLINE;CAF-ETIOP-250;1;10592.0;0;10592.0;
17/01/2025;FAC 0003-00040074;FAC;C9002;VENTA ONLINE;CAF-COLOM-250;2;8200.0;0;16400.0;
08/04/2025;FAC 0003-00041517;FAC;C9002;VENTA ONLINE;CAF-BLEND-250;3;5977.79;0;17933.37;
25/04/2025;FAC 0003-00041363;FAC;C9002;VENTA ONLINE;CAF-DESCA-250;2;7899.22;0;15798.45;
09/02/2025;FAC 0003-00040424;FAC;C0100;Cafe Palermo;CAF-BLEND-1K;3;18396.0;32;37527.84;R. Ibarra
01/01/2025;FAC 0003-00040200;FAC;C9002;VENTA ONLINE;CAF-ETIOP-250;3;9500.0;0;28500.0;
14/06/2025;FAC 0003-00042485;FAC;C9001;CONSUMIDOR FINAL;CAF-BLEND-1K;2;20069.06;0;40138.12;
12/01/2025;FAC 0003-00040257;FAC;C9002;VENTA ONLINE;CAF-BRAS-250;2;5300.0;0;10600.0;
26/02/2025;FAC 0003-00040488;FAC;C9002;VENTA ONLINE;CAF-DESCA-250;2;7562.8;0;15125.6;
14/05/2025;FAC 0003-00041786;FAC;C9002;VENTA ONLINE;CAF-COLOM-250;2;8945.76;0;17891.53;
27/04/2025;FAC 0003-00041347;FAC;C9002;VENTA ONLINE;CAP-TAZA;2;9500.42;0;19000.84;
08/01/2025;FAC 0003-00040139;FAC;C9002;VENTA ONLINE;CAF-BLEND-250;3;5600.0;0;16800.0;
08/05/2025;FAC 0003-00041693;FAC;C0135;Coffee Lab Agronomia II;CAF-BLEND-1K;9;19637.04;30;123713.37;M. Paz
09/05/2025;FAC 0003-00041830;FAC;C9002;VENTA ONLINE;CAF-COLOM-250;2;8945.76;0;17891.53;
03/02/2025;FAC 0003-00040449;FAC;C0123;La Ventanita de Almagro II;CAF-BRAS-1K;6;17374.0;35;67758.6;M. Paz
03/06/2025;FAC 0003-00042214;FAC;C9002;VENTA ONLINE;CAF-ETIOP-250;1;10592.0;0;10592.0;
15/05/2025;FAC 0003-00041845;FAC;C9002;VENTA ONLINE;CAF-BLEND-250;1;6109.3;0;6109.3;
15/05/2025;FAC 0003-00041764;FAC;C9002;VENTA ONLINE;CAF-COLOM-250;2;8945.76;0;17891.53;
05/02/2025;FAC 0003-00040433;FAC;C0109;Usina Colegiales II;CAP-FILTRO-100;4;3270.4;32;8895.49;R. Ibarra
28/05/2025;FAC 0003-00041670;FAC;C0114;Usina Boedo;CAF-ETIOP-250;5;10363.99;32;35237.58;
11/03/2025;FAC 0003-00041108;FAC;C9002;VENTA ONLINE;CAF-BLEND-250;2;5849.11;0;11698.22;
17/06/2025;FAC 0003-00042246;FAC;C9002;VENTA ONLINE;CAP-FILTRO-100;2;3567.83;0;7135.67;
26/04/2025;FAC 0003-00041585;FAC;C9001;CONSUMIDOR FINAL;CAF-BLEND-1K;1;19214.33;0;19214.33;
21/02/2025;FAC 0003-00040528;FAC;C9002;VENTA ONLINE;CAF-COLOM-250;3;8380.4;0;25141.2;
01/06/2025;FAC 0003-00042110;FAC;C0115;Tostado Boedo II;CAF-BLEND-1K;6;20069.06;30;84290.04;
24/05/2025;FAC 0003-00041924;FAC;C9002;VENTA ONLINE;CAF-ETIOP-250;2;10363.99;0;20727.99;
08/03/2025;FAC 0003-00040841;FAC;C0001;GRANOS DEL SUR S.A.;CAF-BRAS-1K;18;17756.23;40;191767.26;M. Paz
22/06/2025;FAC 0003-00042165;FAC;C9002;VENTA ONLINE;CAF-COLOM-250;3;9142.57;0;27427.71;
23/03/2025;FAC 0003-00040879;FAC;C0132;Cafe Barracas;CAF-BLEND-1K;6;18800.71;35;73322.78;M. Paz
11/01/2025;FAC 0003-00040209;FAC;C9002;VENTA ONLINE;CAP-TAZA;1;8900.0;0;8900.0;
06/06/2025;FAC 0003-00042275;FAC;C9002;VENTA ONLINE;CAF-BLEND-250;3;6243.71;0;18731.12;
02/02/2025;FAC 0003-00040718;FAC;C9001;CONSUMIDOR FINAL;CAF-ETIOP-250;1;9709.0;0;9709.0;
08/02/2025;FAC 0003-00040720;FAC;C9001;CONSUMIDOR FINAL;CAP-FILTRO-100;2;3270.4;0;6540.8;
09/06/2025;FAC 0003-00042362;FAC;C9002;VENTA ONLINE;CAF-ETIOP-250;2;10592.0;0;21184.01;
13/01/2025;FAC 0003-00040310;FAC;C9001;CONSUMIDOR FINAL;CAP-FILTRO-100;1;3200.0;0;3200.0;
16/01/2025;FAC 0003-00040318;FAC;C9001;CONSUMIDOR FINAL;CAF-COLOM-250;1;8200.0;0;8200.0;
01/06/2025;FAC 0003-00042110;FAC;C0115;Tostado Boedo II;CAF-BRAS-1K;4;18954.11;30;53071.51;
07/06/2025;FAC 0003-00042459;FAC;C9001;CONSUMIDOR FINAL;CAF-BLEND-1K;1;20069.06;0;20069.06;
06/01/2025;FAC 0003-00040181;FAC;C9002;VENTA ONLINE;CAF-ETIOP-250;2;9500.0;0;19000.0;
13/01/2025;FAC 0003-00040215;FAC;C9002;VENTA ONLINE;CAF-ETIOP-250;3;9500.0;0;28500.0;
22/01/2025;FAC 0003-00040259;FAC;C9002;VENTA ONLINE;CAF-BRAS-250;1;5300.0;0;5300.0;
08/04/2025;FAC 0003-00041453;FAC;C9002;VENTA ONLINE;CAF-BLEND-250;1;5977.79;0;5977.79;
11/05/2025;FAC 0003-00041822;FAC;C9002;VENTA ONLINE;CAF-ETIOP-250;3;10363.99;0;31091.98;
05/06/2025;FAC 0003-00042156;FAC;C9002;VENTA ONLINE;CAF-CAPS-10;2;7693.14;0;15386.28;
10/04/2025;FAC 0003-00041455;FAC;C9002;VENTA ONLINE;CAF-BRAS-250;1;5657.55;0;5657.55;
02/06/2025;FAC 0003-00042304;FAC;C9002;VENTA ONLINE;CAF-BLEND-250;3;6243.71;0;18731.12;
10/03/2025;FAC 0003-00040973;FAC;C9002;VENTA ONLINE;CAF-BRAS-250;1;5535.77;0;5535.77;
27/03/2025;FAC 0003-00041117;FAC;C9001;CONSUMIDOR FINAL;CAF-BLEND-1K;1;18800.71;0;18800.71;
12/06/2025;FAC 0003-00042428;FAC;C9001;CONSUMIDOR FINAL;CAF-ETIOP-250;1;10592.0;0;10592.0;
03/06/2025;FAC 0003-00042145;FAC;C9002;VENTA ONLINE;CAF-BLEND-250;2;6243.71;0;12487.41;
06/02/2025;FAC 0003-00040760;FAC;C9001;CONSUMIDOR FINAL;CAF-COLOM-250;2;8380.4;0;16760.8;
15/05/2025;FAC 0003-00041824;FAC;C9002;VENTA ONLINE;CAF-ETIOP-250;1;10363.99;0;10363.99;
20/03/2025;FAC 0003-00041161;FAC;C9001;CONSUMIDOR FINAL;CAF-COLOM-250;2;8564.77;0;17129.54;
01/03/2025;FAC 0003-00040987;FAC;C9002;VENTA ONLINE;CAF-BLEND-250;2;5849.11;0;11698.22;
19/02/2025;FAC 0003-00040564;FAC;C9002;VENTA ONLINE;CAF-CAPS-10;1;7051.8;0;7051.8;
04/02/2025;FAC 0003-00040681;FAC;C9002;VENTA ONLINE;CAF-COLOM-250;2;8380.4;0;16760.8;
04/04/2025;FAC 0003-00041605;FAC;C9001;CONSUMIDOR FINAL;CAF-ETIOP-250;1;10140.9;0;10140.9;
10/01/2025;FAC 0003-00040179;FAC;C9002;VENTA ONLINE;CAF-DESCA-250;2;7400.0;0;14800.0;
02/05/2025;FAC 0003-00041943;FAC;C9002;VENTA ONLINE;CAF-BLEND-250;3;6109.3;0;18327.91;
23/02/2025;FAC 0003-00040576;FAC;C9002;VENTA ONLINE;CAF-ETIOP-250;3;9709.0;0;29127.0;
15/03/2025;FAC 0003-00040844;FAC;C0100;Cafe Palermo;CAF-BLEND-1K;8;18800.71;32;102275.87;R. Ibarra
03/05/2025;FAC 0003-00041687;FAC;C0131;Tostado Coghlan II;CAF-BLEND-1K;8;19637.04;35;102112.62;R. Ibarra
25/02/2025;FAC 0003-00040542;FAC;C9002;VENTA ONLINE;CAF-COLOM-250;1;8380.4;0;8380.4;
04/06/2025;FAC 0003-00042504;FAC;C9001;CONSUMIDOR FINAL;CAF-ETIOP-250;2;10592.0;0;21184.01;
14/04/2025;FAC 0003-00041316;FAC;C9002;VENTA ONLINE;CAF-BRAS-250;1;5657.55;0;5657.55;
20/06/2025;FAC 0003-00042416;FAC;C9001;CONSUMIDOR FINAL;CAF-BLEND-1K;2;20069.06;0;40138.12;
06/04/2025;FAC 0003-00041321;FAC;C9002;VENTA ONLINE;CAF-DESCA-250;3;7899.22;0;23697.67;
08/03/2025;FAC 0003-00040857;FAC;C0110;Panaderia Devoto;CAF-BLEND-1K;4;18800.71;35;48881.85;
16/02/2025;FAC 0003-00040524;FAC;C9002;VENTA ONLINE;CAF-CAPS-10;3;7051.8;0;21155.4;
15/03/2025;FAC 0003-00041017;FAC;C9002;VENTA ONLINE;CAF-BLEND-250;3;5849.11;0;17547.33;
01/01/2025;FAC 0003-00040200;FAC;C9002;VENTA ONLINE;CAF-BLEND-250;2;5600.0;0;11200.0;
17/02/2025;FAC 0003-00040726;FAC;C9001;CONSUMIDOR FINAL;CAF-BLEND-250;1;5723.2;0;5723.2;
10/06/2025;FAC 0003-00042100;FAC;C0108;Coffee Lab Colegiales;CAF-BLEND-1K;4;20069.06;32;54587.84;
28/02/2025;FAC 0003-00040652;FAC;C9002;VENTA ONLINE;CAF-DESCA-250;1;7562.8;0;7562.8;
23/04/2025;FAC 0003-00041253;FAC;C0107;La Ventanita de Nunez II;CAF-BLEND-1K;9;19214.33;35;112403.82;
08/03/2025;FAC 0003-00041206;FAC;C9001;CONSUMIDOR FINAL;CAF-COLOM-250;2;8564.77;0;17129.54;
23/05/2025;FAC 0003-00042014;FAC;C9001;CONSUMIDOR FINAL;CAF-BLEND-250;1;6109.3;0;6109.3;
04/02/2025;FAC 0003-00040502;FAC;C9002;VENTA ONLINE;CAF-DESCA-250;3;7562.8;0;22688.4;
06/05/2025;FAC 0003-00041761;FAC;C9002;VENTA ONLINE;CAF-COLOM-250;3;8945.76;0;26837.29;
05/06/2025;FAC 0003-00042261;FAC;C9002;VENTA ONLINE;CAF-BLEND-250;2;6243.71;0;12487.41;
09/01/2025;FAC 0003-00040041;FAC;C0127;Cafe Parque Chas II;CAF-BLEND-1K;3;18000.0;32;36720.0;
18/04/2025;FAC 0003-00041638;FAC;C9001;CONSUMIDOR FINAL;CAF-COLOM-250;2;8753.19;0;17506.39;
12/05/2025;FAC 0003-00041697;FAC;C0139;La Ventanita de Constitucion II;CAP-FILTRO-100;6;3491.03;30;14662.33;
19/03/2025;FAC 0003-00041002;FAC;C9002;VENTA ONLINE;CAF-BRAS-250;3;5535.77;0;16607.3;
26/06/2025;FAC 0003-00042109;FAC;C0114;Usina Boedo;CAP-FILTRO-100;4;3567.83;32;9704.5;
18/06/2025;FAC 0003-00042224;FAC;C9002;VENTA ONLINE;CAP-FILTRO-100;2;3567.83;0;7135.67;
16/05/2025;FAC 0003-00041781;FAC;C9002;VENTA ONLINE;CAF-ETIOP-250;1;10363.99;0;10363.99;
24/03/2025;FAC 0003-00040957;FAC;C9002;VENTA ONLINE;CAF-CAPS-10;3;7206.94;0;21620.82;
02/05/2025;FAC 0003-00041873;FAC;C9002;VENTA ONLINE;CAF-COLOM-250;3;8945.76;0;26837.29;
27/06/2025;FAC 0003-00042425;FAC;C9001;CONSUMIDOR FINAL;CAF-BLEND-1K;1;20069.06;0;20069.06;
26/02/2025;FAC 0003-00040471;FAC;C0138;El Almacen de Constitucion;CAF-BLEND-1K;6;18396.0;30;77263.2;M. Paz
18/01/2025;FAC 0003-00040330;FAC;C9001;CONSUMIDOR FINAL;CAF-COLOM-250;2;8200.0;0;16400.0;
28/02/2025;FAC 0003-00040417;FAC;C0001;GRANOS DEL SUR S.A.;CAF-BLEND-CJ6;4;104244.0;40;250185.6;R. Ibarra
23/04/2025;FAC 0003-00041364;FAC;C9002;VENTA ONLINE;CAP-FILTRO-100;1;3415.88;0;3415.88;
02/06/2025;FAC 0003-00042112;FAC;C0117;El Almacen de Caballito II;CAF-BLEND-1K;6;20069.06;32;81881.76;
21/03/2025;FAC 0003-00041081;FAC;C9002;VENTA ONLINE;CAF-BLEND-250;3;5849.11;0;17547.33;
05/03/2025;FAC 0003-00041091;FAC;C9002;VENTA ONLINE;CAP-TAZA;3;9295.91;0;27887.72;
02/02/2025;FAC 0003-00040584;FAC;C9002;VENTA ONLINE;CAF-ETIOP-250;1;9709.0;0;9709.0;
21/04/2025;FAC 0003-00041351;FAC;C9002;VENTA ONLINE;CAF-BRAS-250;3;5657.55;0;16972.66;
23/05/2025;FAC 0003-00041733;FAC;C9002;VENTA ONLINE;CAF-COLOM-250;1;8945.76;0;8945.76;
07/06/2025;FAC 0003-00042160;FAC;C9002;VENTA ONLINE;CAF-COLOM-250;1;9142.57;0;9142.57;
10/03/2025;FAC 0003-00041086;FAC;C9002;VENTA ONLINE;CAF-ETIOP-250;3;9922.6;0;29767.79;
07/01/2025;NC 0003-00001205;NC;C0119;Coffee Lab Saavedra II;CAF-BRAS-1K;-2;17000.0;35;-22100.0;
26/03/2025;FAC 0003-00040837;FAC;C0001;GRANOS DEL SUR S.A.;CAF-BLEND-1K;27;18800.71;40;304571.53;
19/02/2025;FAC 0003-00040549;FAC;C9002;VENTA ONLINE;CAF-BLEND-250;2;5723.2;0;11446.4;
11/06/2025;FAC 0003-00042120;FAC;C0123;La Ventanita de Almagro II;CAF-BLEND-1K;8;20069.06;35;104359.1;R. Ibarra
27/03/2025;FAC 0003-00041233;FAC;C9001;CONSUMIDOR FINAL;CAF-COLOM-250;1;8564.77;0;8564.77;
19/05/2025;FAC 0003-00041994;FAC;C9001;CONSUMIDOR FINAL;CAP-FILTRO-100;2;3491.03;0;6982.06;
02/05/2025;FAC 0003-00041788;FAC;C9002;VENTA ONLINE;CAF-DESCA-250;1;8073.01;0;8073.01;
09/05/2025;FAC 0003-00041983;FAC;C9001;CONSUMIDOR FINAL;CAF-BLEND-250;2;6109.3;0;12218.6;
03/06/2025;FAC 0003-00042297;FAC;C9002;VENTA ONLINE;CAF-BLEND-250;1;6243.71;0;6243.71;
11/02/2025;FAC 0003-00040552;FAC;C9002;VENTA ONLINE;CAF-BLEND-250;2;5723.2;0;11446.4;
16/05/2025;FAC 0003-00041668;FAC;C0113;Bar Recoleta II;CAF-BRAS-1K;2;18546.1;30;25964.53;R. Ibarra
26/04/2025;FAC 0003-00041366;FAC;C9002;VENTA ONLINE;CAF-DESCA-250;3;7899.22;0;23697.67;
21/03/2025;FAC 0003-00041171;FAC;C9001;CONSUMIDOR FINAL;CAF-COLOM-250;1;8564.77;0;8564.77;
04/04/2025;FAC 0003-00041294;FAC;C9002;VENTA ONLINE;CAF-BRAS-250;2;5657.55;0;11315.1;
24/05/2025;FAC 0003-00041916;FAC;C9002;VENTA ONLINE;CAF-ETIOP-250;1;10363.99;0;10363.99;
05/04/2025;FAC 0003-00041247;FAC;C0101;El Almacen de Palermo II;CAF-BLEND-1K;5;19214.33;35;62446.56;
10/03/2025;FAC 0003-00040960;FAC;C9002;VENTA ONLINE;CAF-CAPS-10;1;7206.94;0;7206.94;
28/02/2025;FAC 0003-00040417;FAC;C0001;GRANOS DEL SUR S.A.;CAF-BRAS-1K;25;17374.0;40;260610.0;R. Ibarra
17/03/2025;FAC 0003-00040862;FAC;C0117;El Almacen de Caballito II;CAF-ETIOP-250;11;9922.6;32;74221.03;
27/03/2025;FAC 0003-00041208;FAC;C9001;CONSUMIDOR FINAL;CAF-BLEND-1K;2;18800.71;0;37601.42;
20/01/2025;FAC 0003-00040063;FAC;C9002;VENTA ONLINE;CAP-TAZA;2;8900.0;0;17800.0;
17/04/2025;FAC 0003-00041323;FAC;C9002;VENTA ONLINE;CAP-TAZA;2;9500.42;0;19000.84;
25/03/2025;FAC 0003-00040989;FAC;C9002;VENTA ONLINE;CAF-ETIOP-250;3;9922.6;0;29767.79;
05/02/2025;NC 0003-00001213;NC;C0123;La Ventanita de Almagro II;CAF-BRAS-1K;-4;17374.0;35;-45172.4;
08/05/2025;FAC 0003-00042073;FAC;C9001;CONSUMIDOR FINAL;CAF-COLOM-250;1;8945.76;0;8945.76;
13/02/2025;FAC 0003-00040764;FAC;C9001;CONSUMIDOR FINAL;CAF-BLEND-1K;2;18396.0;0;36792.0;
13/02/2025;FAC 0003-00040703;FAC;C9001;CONSUMIDOR FINAL;CAF-ETIOP-250;2;9709.0;0;19418.0;
18/03/2025;FAC 0003-00040850;FAC;C0104;Tostado Villa Crespo;CAF-ETIOP-250;9;9922.6;35;58047.2;M. Paz
25/01/2025;FAC 0003-00040155;FAC;C9002;VENTA ONLINE;CAF-DESCA-250;2;7400.0;0;14800.0;
16/02/2025;FAC 0003-00040498;FAC;C9002;VENTA ONLINE;CAF-ETIOP-250;3;9709.0;0;29127.0;
23/01/2025;FAC 0003-00040192;FAC;C9002;VENTA ONLINE;CAF-BRAS-250;2;5300.0;0;10600.0;
27/01/2025;FAC 0003-00040182;FAC;C9002;VENTA ONLINE;CAF-BLEND-250;2;5600.0;0;11200.0;
16/02/2025;FAC 0003-00040765;FAC;C9001;CONSUMIDOR FINAL;CAF-ETIOP-250;2;9709.0;0;19418.0;
22/01/2025;FAC 0003-00040289;FAC;C9001;CONSUMIDOR FINAL;CAF-BLEND-250;1;5600.0;0;5600.0;
02/02/2025;FAC 0003-00040677;FAC;C9002;VENTA ONLINE;CAF-COLOM-250;2;8380.4;0;16760.8;
01/04/2025;FAC 0003-00041553;FAC;C9001;CONSUMIDOR FINAL;CAF-BLEND-1K;1;19214.33;0;19214.33;
11/01/2025;FAC 0003-00040277;FAC;C9001;CONSUMIDOR FINAL;CAF-BLEND-250;1;5600.0;0;5600.0;
24/06/2025;FAC 0003-00042255;FAC;C9002;VENTA ONLINE;CAF-COLOM-250;3;9142.57;0;27427.71;
01/01/2025;FAC 0003-00040060;FAC;C9002;VENTA ONLINE;CAF-DESCA-250;2;7400.0;0;14800.0;
13/05/2025;FAC 0003-00041700;FAC;C9002;VENTA ONLINE;CAF-DESCA-250;2;8073.01;0;16146.01;
03/02/2025;FAC 0003-00040540;FAC;C9002;VENTA ONLINE;CAF-BLEND-250;3;5723.2;0;17169.6;
25/01/2025;FAC 0003-00040232;FAC;C9002;VENTA ONLINE;CAF-BLEND-250;1;5600.0;0;5600.0;
18/04/2025;FAC 0003-00041310;FAC;C9002;VENTA ONLINE;CAF-COLOM-250;1;8753.19;0;8753.19;
18/02/2025;FAC 0003-00040426;FAC;C0102;Bar Belgrano;CAF-BLEND-1K;6;18396.0;35;71744.4;M. Paz
01/02/2025;FAC 0003-00040468;FAC;C0136;Tostado Villa Urquiza;CAF-BLEND-1K;6;18396.0;35;71744.4;M. Paz
08/05/2025;FAC 0003-00041878;FAC;C9002;VENTA ONLINE;CAF-COLOM-250;3;8945.76;0;26837.29;
23/02/2025;FAC 0003-00040603;FAC;C9002;VENTA ONLINE;CAF-ETIOP-250;1;9709.0;0;9709.0;
25/02/2025;FAC 0003-00040817;FAC;C9001;CONSUMIDOR FINAL;CAF-ETIOP-250;1;9709.0;0;9709.0;
06/01/2025;FAC 0003-00040402;FAC;C9001;CONSUMIDOR FINAL;CAF-BLEND-1K;1;18000.0;0;18000.0;
24/05/2025;FAC 0003-00041818;FAC;C9002;VENTA ONLINE;CAF-BLEND-250;1;6109.3;0;6109.3;
15/04/2025;FAC 0003-00041431;FAC;C9002;VENTA ONLINE;CAF-ETIOP-250;2;10140.9;0;20281.79;
20/05/2025;FAC 0003-00042015;FAC;C9001;CONSUMIDOR FINAL;CAF-BLEND-250;2;6109.3;0;12218.6;
21/03/2025;NC 0003-00001222;NC;C0001;GRANOS DEL SUR S.A.;CAF-BLEND-1K;-9;18800.71;40;-101523.84;
08/03/2025;FAC 0003-00041061;FAC;C9002;VENTA ONLINE;CAF-DESCA-250;3;7729.18;0;23187.54;
04/03/2025;FAC 0003-00041006;FAC;C9002;VENTA ONLINE;CAF-BLEND-250;2;5849.11;0;11698.22;
25/06/2025;FAC 0003-00042390;FAC;C9002;VENTA ONLINE;CAF-BLEND-250;3;6243.71;0;18731.12;
03/06/2025;FAC 0003-00042104;FAC;C0110;Panaderia Devoto;CAP-FILTRO-100;2;3567.83;35;4638.18;M. Paz
01/02/2025;FAC 0003-00040532;FAC;C9002;VENTA ONLINE;CAF-DESCA-250;3;7562.8;0;22688.4;
26/04/2025;NC 0003-00001230;NC;C0109;Usina Colegiales II;CAF-BRAS-1K;-5;18146.87;32;-61699.34;
07/03/2025;FAC 0003-00040851;FAC;C0105;Panaderia Villa Crespo II;CAF-BLEND-1K;10;18800.71;32;127844.84;
08/06/2025;FAC 0003-00042455;FAC;C9001;CONSUMIDOR FINAL;CAF-COLOM-250;1;9142.57;0;9142.57;
17/05/2025;FAC 0003-00041863;FAC;C9002;VENTA ONLINE;CAF-COLOM-250;2;8945.76;0;17891.53;
13/05/2025;FAC 0003-00041840;FAC;C9002;VENTA ONLINE;CAF-CAPS-10;3;7527.53;0;22582.6;
11/06/2025;FAC 0003-00042359;FAC;C9002;VENTA ONLINE;CAF-COLOM-250;2;9142.57;0;18285.14;
20/02/2025;FAC 0003-00040772;FAC;C9001;CONSUMIDOR FINAL;CAF-COLOM-250;1;8380.4;0;8380.4;
02/01/2025;FAC 0003-00040135;FAC;C9002;VENTA ONLINE;CAF-DESCA-250;2;7400.0;0;14800.0;
28/05/2025;FAC 0003-00041897;FAC;C9002;VENTA ONLINE;CAF-ETIOP-250;1;10363.99;0;10363.99;
16/01/2025;FAC 0003-00040014;FAC;C0103;Coffee Lab Belgrano II;CAF-BLEND-1K;9;18000.0;35;105300.0;R. Ibarra
25/01/2025;FAC 0003-00040343;FAC;C9001;CONSUMIDOR FINAL;CAF-BLEND-250;1;5600.0;0;5600.0;
10/03/2025;FAC 0003-00040846;FAC;C0101;El Almacen de Palermo II;CAP-FILTRO-100;4;3342.35;35;8690.11;M. Paz
25/01/2025;FAC 0003-00040280;FAC;C9001;CONSUMIDOR FINAL;CAF-BLEND-1K;1;18000.0;0;18000.0;
04/01/2025;FAC 0003-00040115;FAC;C9002;VENTA ONLINE;CAF-ETIOP-250;1;9500.0;0;9500.0;
27/02/2025;FAC 0003-00040495;FAC;C9002;VENTA ONLINE;CAF-BLEND-250;3;5723.2;0;17169.6;
20/03/2025;FAC 0003-00040992;FAC;C9002;VENTA ONLINE;CAF-ETIOP-250;2;9922.6;0;19845.2;
12/03/2025;FAC 0003-00041125;FAC;C9001;CONSUMIDOR FINAL;CAF-ETIOP-250;2;9922.6;0;19845.2;
03/03/2025;FAC 0003-00041166;FAC;C9001;CONSUMIDOR FINAL;CAF-ETIOP-250;1;9922.6;0;9922.6;
27/05/2025;FAC 0003-00041749;FAC;C9002;VENTA ONLINE;CAF-BRAS-250;1;5782.02;0;5782.02;
03/01/2025;FAC 0003-00040183;FAC;C9002;VENTA ONLINE;CAF-BRAS-250;2;5300.0;0;10600.0;
26/03/2025;FAC 0003-00041149;FAC;C9001;CONSUMIDOR FINAL;CAF-COLOM-250;2;8564.77;0;17129.54;
06/02/2025;FAC 0003-00040769;FAC;C9001;CONSUMIDOR FINAL;CAF-ETIOP-250;1;9709.0;0;9709.0;
09/01/2025;FAC 0003-00040099;FAC;C9002;VENTA ONLINE;CAF-BRAS-250;3;5300.0;0;15900.0;
01/06/2025;FAC 0003-00042181;FAC;C9002;VENTA ONLINE;CAF-DESCA-250;3;8250.61;0;24751.84;
28/02/2025;FAC 0003-00040609;FAC;C9002;VENTA ONLINE;CAF-ETIOP-250;3;9709.0;0;29127.0;
09/02/2025;FAC 0003-00040435;FAC;C0111;Cafe Devoto II;CAF-BRAS-1K;6;17374.0;35;67758.6;R. Ibarra
04/05/2025;FAC 0003-00041850;FAC;C9002;VENTA ONLINE;CAF-BLEND-250;3;6109.3;0;18327.91;
01/06/2025;FAC 0003-00042090;FAC;C0101;El Almacen de Palermo II;CAP-FILTRO-100;6;3567.83;35;13914.55;
13/02/2025;FAC 0003-00040533;FAC;C9002;VENTA ONLINE;CAF-COLOM-250;3;8380.4;0;25141.2;
21/01/2025;FAC 0003-00040211;FAC;C9002;VENTA ONLINE;CAF-BLEND-250;3;5600.0;0;16800.0;
03/05/2025;FAC 0003-00041956;FAC;C9001;CONSUMIDOR FINAL;CAF-BLEND-1K;1;19637.04;0;19637.04;
07/06/2025;FAC 0003-00042476;FAC;C9001;CONSUMIDOR FINAL;CAF-BLEND-250;1;6243.71;0;6243.71;
04/06/2025;FAC 0003-00042085;FAC;C0001;GRANOS DEL SUR S.A.;CAF-BLEND-CJ6;5;113724.66;40;341173.98;R. Ibarra
12/05/2025;FAC 0003-00041691;FAC;C0134;Bar Agronomia;CAF-BLEND-1K;5;19637.04;35;63820.39;M. Paz
23/02/2025;FAC 0003-00040603;FAC;C9002;VENTA ONLINE;CAF-DESCA-250;1;7562.8;0;7562.8;
07/01/2025;FAC 0003-00040075;FAC;C9002;VENTA ONLINE;CAF-ETIOP-250;2;9500.0;0;19000.0;
25/03/2025;FAC 0003-00040950;FAC;C9002;VENTA ONLINE;CAF-COLOM-250;3;8564.77;0;25694.31;
06/05/2025;FAC 0003-00041688;FAC;C0131;Tostado Coghlan II;CAF-BLEND-1K;3;19637.04;35;38292.23;R. Ibarra
13/03/2025;FAC 0003-00040865;FAC;C0119;Coffee Lab Saavedra II;CAF-ETIOP-250;9;9922.6;35;58047.2;
04/02/2025;FAC 0003-00040681;FAC;C9002;VENTA ONLINE;CAF-ETIOP-250;2;9709.0;0;19418.0;
12/06/2025;FAC 0003-00042097;FAC;C0105;Panaderia Villa Crespo II;CAF-BLEND-1K;3;20069.06;32;40940.88;R. Ibarra
23/05/2025;FAC 0003-00041826;FAC;C9002;VENTA ONLINE;CAF-COLOM-250;3;8945.76;0;26837.29;
09/01/2025;FAC 0003-00040041;FAC;C0127;Cafe Parque Chas II;CAF-BRAS-1K;2;17000.0;32;23120.0;
15/04/2025;FAC 0003-00041428;FAC;C9002;VENTA ONLINE;CAF-DESCA-250;1;7899.22;0;7899.22;
23/03/2025;FAC 0003-00040879;FAC;C0132;Cafe Barracas;CAF-BRAS-1K;7;17756.23;35;80790.84;M. Paz
07/04/2025;FAC 0003-00041330;FAC;C9002;VENTA ONLINE;CAF-ETIOP-250;2;10140.9;0;20281.79;
08/04/2025;FAC 0003-00041252;FAC;C0106;El Almacen de Nunez;CAF-ETIOP-250;11;10140.9;30;78084.89;M. Paz
02/03/2025;FAC 0003-00040912;FAC;C9002;VENTA ONLINE;CAP-TAZA;3;9295.91;0;27887.72;
09/02/2025;FAC 0003-00040580;FAC;C9002;VENTA ONLINE;CAF-COLOM-250;1;8380.4;0;8380.4;
25/02/2025;FAC 0003-00040514;FAC;C9002;VENTA ONLINE;CAF-COLOM-250;2;8380.4;0;16760.8;
26/05/2025;FAC 0003-00041964;FAC;C9001;CONSUMIDOR FINAL;CAF-COLOM-250;2;8945.76;0;17891.53;
08/04/2025;FAC 0003-00041560;FAC;C9001;CONSUMIDOR FINAL;CAP-FILTRO-100;1;3415.88;0;3415.88;
22/03/2025;FAC 0003-00041016;FAC;C9002;VENTA ONLINE;CAF-BRAS-250;1;5535.77;0;5535.77;
08/02/2025;FAC 0003-00040519;FAC;C9002;VENTA ONLINE;CAF-BLEND-250;3;5723.2;0;17169.6;
11/03/2025;NC 0003-00001218;NC;C0115;Tostado Boedo II;CAF-BRAS-1K;-4;17756.23;30;-49717.44;
17/03/2025;FAC 0003-00041214;FAC;C9001;CONSUMIDOR FINAL;CAF-BLEND-1K;2;18800.71;0;37601.42;
16/01/2025;FAC 0003-00040025;FAC;C0112;La Ventanita de Recoleta;CAF-BRAS-1K;5;17000.0;35;55250.0;M. Paz
15/06/2025;FAC 0003-00042086;FAC;C0001;GRANOS DEL SUR S.A.;BLEND1K;60;20069.06;40;722486.08;
25/04/2025;FAC 0003-00041279;FAC;C0132;Cafe Barracas;CAP-FILTRO-100;5;3415.88;35;11101.61;R. Ibarra
23/05/2025;FAC 0003-00041785;FAC;C9002;VENTA ONLINE;CAF-COLOM-250;1;8945.76;0;8945.76;
16/03/2025;FAC 0003-00040894;FAC;C9002;VENTA ONLINE;CAF-ETIOP-250;3;9922.6;0;29767.79;
15/04/2025;FAC 0003-00041434;FAC;C9002;VENTA ONLINE;CAF-COLOM-250;1;8753.19;0;8753.19;
09/06/2025;FAC 0003-00042362;FAC;C9002;VENTA ONLINE;CAF-BLEND-250;3;6243.71;0;18731.12;
13/05/2025;FAC 0003-00041734;FAC;C9002;VENTA ONLINE;CAF-BLEND-250;2;6109.3;0;12218.6;
17/06/2025;FAC 0003-00042376;FAC;C9002;VENTA ONLINE;CAF-ETIOP-250;3;10592.0;0;31776.01;
03/01/2025;FAC 0003-00040252;FAC;C9002;VENTA ONLINE;CAF-DESCA-250;2;7400.0;0;14800.0;
03/04/2025;FAC 0003-00041355;FAC;C9002;VENTA ONLINE;CAF-ETIOP-250;1;10140.9;0;10140.9;
09/06/2025;FAC 0003-00042366;FAC;C9002;VENTA ONLINE;CAF-COLOM-250;1;9142.57;0;9142.57;
08/02/2025;FAC 0003-00040727;FAC;C9001;CONSUMIDOR FINAL;CAF-BLEND-1K;2;18396.0;0;36792.0;
19/06/2025;FAC 0003-00042229;FAC;C9002;VENTA ONLINE;CAF-BLEND-250;2;6243.71;0;12487.41;
04/02/2025;FAC 0003-00040774;FAC;C9001;CONSUMIDOR FINAL;CAP-FILTRO-100;2;3270.4;0;6540.8;
14/02/2025;FAC 0003-00040431;FAC;C0107;La Ventanita de Nunez II;CAP-FILTRO-100;4;3270.4;35;8503.04;R. Ibarra
27/04/2025;FAC 0003-00041365;FAC;C9002;VENTA ONLINE;CAF-COLOM-250;3;8753.19;0;26259.58;
15/02/2025;FAC 0003-00040574;FAC;C9002;VENTA ONLINE;CAF-ETIOP-250;2;9709.0;0;19418.0;
14/06/2025;FAC 0003-00042398;FAC;C9002;VENTA ONLINE;CAF-COLOM-250;1;9142.57;0;9142.57;
26/01/2025;FAC 0003-00040413;FAC;C9001;CONSUMIDOR FINAL;CAF-BLEND-1K;2;18000.0;0;36000.0;
22/04/2025;FAC 0003-00041614;FAC;C9001;CONSUMIDOR FINAL;CAF-BLEND-250;2;5977.79;0;11955.58;
11/05/2025;FAC 0003-00041742;FAC;C9002;VENTA ONLINE;CAF-ETIOP-250;2;10363.99;0;20727.99;
25/04/2025;FAC 0003-00041317;FAC;C9002;VENTA ONLINE;CAF-COLOM-250;3;8753.19;0;26259.58;
25/01/2025;FAC 0003-00040134;FAC;C9002;VENTA ONLINE;CAF-CAPS-10;1;6900.0;0;6900.0;
19/03/2025;FAC 0003-00040871;FAC;C0126;Panaderia Parque Chas;CAF-ETIOP-250;4;9922.6;32;26989.47;M. Paz
21/06/2025;FAC 0003-00042391;FAC;C9002;VENTA ONLINE;CAF-ETIOP-250;2;10592.0;0;21184.01;
02/05/2025;FAC 0003-00041699;FAC;C9002;VENTA ONLINE;CAP-TAZA;3;9709.43;0;29128.28;
21/02/2025;FAC 0003-00040570;FAC;C9002;VENTA ONLINE;CAF-ETIOP-250;3;9709.0;0;29127.0;
21/05/2025;FAC 0003-00041755;FAC;C9002;VENTA ONLINE;CAF-COLOM-250;3;8945.76;0;26837.29;
03/05/2025;FAC 0003-00041759;FAC;C9002;VENTA ONLINE;CAF-ETIOP-250;3;10363.99;0;31091.98;
06/02/2025;FAC 0003-00040504;FAC;C9002;VENTA ONLINE;CAF-COLOM-250;1;8380.4;0;8380.4;
14/05/2025;FAC 0003-00041756;FAC;C9002;VENTA ONLINE;CAF-BRAS-250;1;5782.02;0;5782.02;
28/02/2025;FAC 0003-00040643;FAC;C9002;VENTA ONLINE;CAF-COLOM-250;1;8380.4;0;8380.4;
28/05/2025;FAC 0003-00041897;FAC;C9002;VENTA ONLINE;CAP-FILTRO-100;1;3491.03;0;3491.03;
25/06/2025;FAC 0003-00042292;FAC;C9002;VENTA ONLINE;CAF-BRAS-250;2;5909.22;0;11818.45;
02/01/2025;FAC 0003-00040241;FAC;C9002;VENTA ONLINE;CAF-COLOM-250;2;8200.0;0;16400.0;
14/02/2025;FAC 0003-00040444;FAC;C0119;Coffee Lab Saavedra II;CAF-BRAS-1K;3;17374.0;35;33879.3;M. Paz
23/04/2025;FAC 0003-00041498;FAC;C9002;VENTA ONLINE;CAF-CAPS-10;1;7365.49;0;7365.49;
12/05/2025;FAC 0003-00041690;FAC;C0134;Bar Agronomia;CAF-BLEND-1K;3;19637.04;35;38292.23;R. Ibarra
28/04/2025;FAC 0003-00041488;FAC;C9002;VENTA ONLINE;CAF-COLOM-250;1;8753.19;0;8753.19;
20/03/2025;FAC 0003-00041114;FAC;C9002;VENTA ONLINE;CAF-ETIOP-250;3;9922.6;0;29767.79;
10/04/2025;FAC 0003-00041474;FAC;C9002;VENTA ONLINE;CAF-BLEND-250;2;5977.79;0;11955.58;
25/06/2025;FAC 0003-00042358;FAC;C9002;VENTA ONLINE;CAF-ETIOP-250;3;10592.0;0;31776.01;
12/04/2025;FAC 0003-00041318;FAC;C9002;VENTA ONLINE;CAF-BLEND-250;2;5977.79;0;11955.58;
02/06/2025;FAC 0003-00042106;FAC;C0112;La Ventanita de Recoleta;CAF-BLEND-1K;5;20069.06;35;65224.44;
19/04/2025;FAC 0003-00041405;FAC;C9002;VENTA ONLINE;CAF-COLOM-250;3;8753.19;0;26259.58;
18/01/2025;FAC 0003-00040053;FAC;C0139;La Ventanita de Constitucion II;CAP-FILTRO-100;4;3200.0;30;8960.0;R. Ibarra
25/02/2025;FAC 0003-00040815;FAC;C9001;CONSUMIDOR FINAL;CAF-BLEND-1K;2;18396.0;0;36792.0;
10/06/2025;FAC 0003-00042361;FAC;C9002;VENTA ONLINE;CAF-BRAS-250;3;5909.22;0;17727.67;
21/05/2025;FAC 0003-00041647;FAC;C0001;GRANOS DEL SUR S.A.;CAF-BLEND-1K;33;19637.04;40;388813.45;R. Ibarra
19/03/2025;FAC 0003-00041034;FAC;C9002;VENTA ONLINE;CAF-ETIOP-250;1;9922.6;0;9922.6;
06/05/2025;FAC 0003-00041986;FAC;C9001;CONSUMIDOR FINAL;CAP-FILTRO-100;2;3491.03;0;6982.06;
06/06/2025;FAC 0003-00042337;FAC;C9002;VENTA ONLINE;CAF-BRAS-250;1;5909.22;0;5909.22;
05/03/2025;FAC 0003-00041078;FAC;C9002;VENTA ONLINE;CAF-BLEND-250;1;5849.11;0;5849.11;
20/03/2025;FAC 0003-00041041;FAC;C9002;VENTA ONLINE;CAP-FILTRO-100;2;3342.35;0;6684.7;
09/06/2025;FAC 0003-00042375;FAC;C9002;VENTA ONLINE;CAF-COLOM-250;3;9142.57;0;27427.71;
17/02/2025;FAC 0003-00040578;FAC;C9002;VENTA ONLINE;CAF-DESCA-250;2;7562.8;0;15125.6;
23/05/2025;FAC 0003-00041645;FAC;C0001;GRANOS DEL SUR S.A.;CAF-BRAS-1K;22;18546.1;40;244808.47;
10/01/2025;FAC 0003-00040283;FAC;C9001;CONSUMIDOR FINAL;CAF-ETIOP-250;1;9500.0;0;9500.0;
23/03/2025;FAC 0003-00040951;FAC;C9002;VENTA ONLINE;CAP-TAZA;3;9295.91;0;27887.72;
23/04/2025;FAC 0003-00041456;FAC;C9002;VENTA ONLINE;CAF-DESCA-250;2;7899.22;0;15798.45;
14/01/2025;FAC 0003-00040196;FAC;C9002;VENTA ONLINE;CAF-BLEND-250;2;5600.0;0;11200.0;
22/02/2025;FAC 0003-00040448;FAC;C0121;Panaderia Chacarita II;CAP-FILTRO-100;5;3270.4;35;10628.8;M. Paz
06/06/2025;FAC 0003-00042267;FAC;C9002;VENTA ONLINE;CAF-ETIOP-250;2;10592.0;0;21184.01;
08/06/2025;FAC 0003-00042089;FAC;C0100;Cafe Palermo;CAF-BRAS-1K;4;18954.11;32;51555.18;R. Ibarra
24/03/2025;FAC 0003-00040995;FAC;C9002;VENTA ONLINE;CAF-ETIOP-250;3;9922.6;0;29767.79;
24/04/2025;FAC 0003-00041422;FAC;C9002;VENTA ONLINE;CAF-BLEND-250;1;5977.79;0;5977.79;
04/05/2025;FAC 0003-00042061;FAC;C9001;CONSUMIDOR FINAL;CAF-ETIOP-250;2;10363.99;0;20727.99;
24/05/2025;FAC 0003-00041984;FAC;C9001;CONSUMIDOR FINAL;CAF-ETIOP-250;2;10363.99;0;20727.99;
11/04/2025;FAC 0003-00041484;FAC;C9002;VENTA ONLINE;CAF-DESCA-250;3;7899.22;0;23697.67;
21/02/2025;FAC 0003-00040570;FAC;C9002;VENTA ONLINE;CAF-COLOM-250;2;8380.4;0;16760.8;
17/02/2025;FAC 0003-00040723;FAC;C9001;CONSUMIDOR FINAL;CAF-COLOM-250;2;8380.4;0;16760.8;
01/04/2025;FAC 0003-00041641;FAC;C9001;CONSUMIDOR FINAL;CAF-ETIOP-250;2;10140.9;0;20281.79;
08/03/2025;FAC 0003-00040842;FAC;C0001;GRANOS DEL SUR S.A.;CAF-BLEND-1K;53;18800.71;40;597862.64;R. Ibarra
14/03/2025;FAC 0003-00041099;FAC;C9002;VENTA ONLINE;CAF-BRAS-250;1;5535.77;0;5535.77;
20/04/2025;FAC 0003-00041328;FAC;C9002;VENTA ONLINE;CAP-TAZA;1;9500.42;0;9500.42;
21/03/2025;FAC 0003-00040997;FAC;C9002;VENTA ONLINE;CAF-COLOM-250;2;8564.77;0;17129.54;
09/01/2025;FAC 0003-00040087;FAC;C9002;VENTA ONLINE;CAF-CAPS-10;1;6900.0;0;6900.0;
23/02/2025;FAC 0003-00040603;FAC;C9002;VENTA ONLINE;CAF-BLEND-250;3;5723.2;0;17169.6;
01/06/2025;FAC 0003-00042092;FAC;C0102;Bar Belgrano;CAF-BLEND-1K;3;20069.06;35;39134.66;
07/06/2025;FAC 0003-00042378;FAC;C9002;VENTA ONLINE;CAF-BLEND-250;1;6243.71;0;6243.71;
03/02/2025;FAC 0003-00040449;FAC;C0123;La Ventanita de Almagro II;CAF-ETIOP-250;9;9709.0;35;56797.65;M. Paz
05/03/2025;FAC 0003-00041237;FAC;C9001;CONSUMIDOR FINAL;CAF-BLEND-1K;1;18800.71;0;18800.71;
27/03/2025;FAC 0003-00040976;FAC;C9002;VENTA ONLINE;CAF-COLOM-250;2;8564.77;0;17129.54;
19/05/2025;NC 0003-00001235;NC;C0001;GRANOS DEL SUR S.A.;CAF-BLEND-1K;-8;19637.04;40;-94257.81;
07/02/2025;FAC 0003-00040419;FAC;C0001;GRANOS DEL SUR S.A.;CAF-BLEND-CJ6;4;104244.0;40;250185.6;M. Paz
19/02/2025;FAC 0003-00040564;FAC;C9002;VENTA ONLINE;CAF-COLOM-250;3;8380.4;0;25141.2;
08/04/2025;FAC 0003-00041494;FAC;C9002;VENTA ONLINE;CAF-BRAS-250;1;5657.55;0;5657.55;
27/02/2025;FAC 0003-00040828;FAC;C9001;CONSUMIDOR FINAL;CAF-BLEND-1K;1;18396.0;0;18396.0;
15/01/2025;FAC 0003-00040316;FAC;C9001;CONSUMIDOR FINAL;CAP-FILTRO-100;1;3200.0;0;3200.0;
03/03/2025;FAC 0003-00041008;FAC;C9002;VENTA ONLINE;CAF-BRAS-250;2;5535.77;0;11071.53;
21/04/2025;FAC 0003-00041523;FAC;C9002;VENTA ONLINE;CAF-ETIOP-250;1;10140.9;0;10140.9;
10/05/2025;FAC 0003-00041650;FAC;C0001;GRANOS DEL SUR S.A.;CAF-BLEND-1K;37;19637.04;40;435942.35;R. Ibarra
17/06/2025;FAC 0003-00042095;FAC;C0104;Tostado Villa Crespo;CAF-BRAS-1K;2;18954.11;35;24640.34;R. Ibarra
07/05/2025;FAC 0003-00041727;FAC;C9002;VENTA ONLINE;CAF-BLEND-250;1;6109.3;0;6109.3;
21/04/2025;FAC 0003-00041388;FAC;C9002;VENTA ONLINE;CAF-DESCA-250;1;7899.22;0;7899.22;
27/01/2025;FAC 0003-00040208;FAC;C9002;VENTA ONLINE;CAF-COLOM-250;2;8200.0;0;16400.0;
14/06/2025;FAC 0003-00042132;FAC;C0133;El Almacen de Barracas II;CAF-BRAS-1K;2;18954.11;35;24640.34;M. Paz
06/03/2025;FAC 0003-00041187;FAC;C9001;CONSUMIDOR FINAL;CAF-COLOM-250;2;8564.77;0;17129.54;
20/02/2025;FAC 0003-00040629;FAC;C9002;VENTA ONLINE;CAF-BRAS-250;1;5416.6;0;5416.6;
09/01/2025;FAC 0003-00040039;FAC;C0125;Usina Flores II;CAF-BLEND-1K;8;18000.0;32;97920.0;M. Paz
06/03/2025;FAC 0003-00040913;FAC;C9002;VENTA ONLINE;CAF-BRAS-250;3;5535.77;0;16607.3;
04/03/2025;FAC 0003-00040937;FAC;C9002;VENTA ONLINE;CAF-BLEND-250;3;5849.11;0;17547.33;
28/05/2025;FAC 0003-00041940;FAC;C9002;VENTA ONLINE;CAF-COLOM-250;2;8945.76;0;17891.53;
15/01/2025;FAC 0003-00040130;FAC;C9002;VENTA ONLINE;CAF-COLOM-250;2;8200.0;0;16400.0;
06/02/2025;FAC 0003-00040717;FAC;C9001;CONSUMIDOR FINAL;CAF-BLEND-1K;1;18396.0;0;18396.0;
06/04/2025;FAC 0003-00041621;FAC;C9001;CONSUMIDOR FINAL;CAF-BLEND-250;2;5977.79;0;11955.58;
08/05/2025;FAC 0003-00041666;FAC;C0111;Cafe Devoto II;CAF-BLEND-1K;7;19637.04;35;89348.55;M. Paz
10/05/2025;FAC 0003-00041921;FAC;C9002;VENTA ONLINE;CAF-BLEND-250;2;6109.3;0;12218.6;
18/04/2025;FAC 0003-00041310;FAC;C9002;VENTA ONLINE;CAF-DESCA-250;3;7899.22;0;23697.67;
09/05/2025;FAC 0003-00041644;FAC;C0001;GRANOS DEL SUR S.A.;CAF-BLEND-1K;56;19637.04;40;659804.64;M. Paz
13/02/2025;FAC 0003-00040824;FAC;C9001;CONSUMIDOR FINAL;CAF-BLEND-250;2;5723.2;0;11446.4;
21/02/2025;FAC 0003-00040528;FAC;C9002;VENTA ONLINE;CAF-BLEND-250;1;5723.2;0;5723.2;
06/05/2025;FAC 0003-00041688;FAC;C0131;Tostado Coghlan II;CAF-BRAS-1K;4;18546.1;35;48219.85;R. Ibarra
26/06/2025;FAC 0003-00042088;FAC;C0001;GRANOS DEL SUR S.A.;CAF-BRAS-1K;11;18954.11;40;125097.13;R. Ibarra
11/04/2025;FAC 0003-00041271;FAC;C0125;Usina Flores II;CAF-BLEND-1K;10;19214.33;32;130657.43;
08/05/2025;FAC 0003-00041656;FAC;C0104;Tostado Villa Crespo;CAP-FILTRO-100;3;3491.03;35;6807.51;
20/04/2025;FAC 0003-00041283;FAC;C0135;Coffee Lab Agronomia II;CAF-BRAS-1K;2;18146.87;30;25405.61;R. Ibarra
17/06/2025;FAC 0003-00042143;FAC;C9002;VENTA ONLINE;CAP-FILTRO-100;1;3567.83;0;3567.83;
09/03/2025;FAC 0003-00040911;FAC;C9002;VENTA ONLINE;CAF-DESCA-250;2;7729.18;0;15458.36;
14/05/2025;FAC 0003-00041926;FAC;C9002;VENTA ONLINE;CAF-ETIOP-250;3;10363.99;0;31091.98;
25/04/2025;FAC 0003-00041276;FAC;C0129;Bar San Telmo II;CAF-BLEND-1K;9;19214.33;32;117591.69;
14/05/2025;FAC 0003-00041702;FAC;C9002;VENTA ONLINE;CAF-ETIOP-250;1;10363.99;0;10363.99;
23/04/2025;FAC 0003-00041456;FAC;C9002;VENTA ONLINE;CAF-COLOM-250;3;8753.19;0;26259.58;
13/02/2025;FAC 0003-00040575;FAC;C9002;VENTA ONLINE;CAF-BRAS-250;2;5416.6;0;10833.2;
09/01/2025;FAC 0003-00040039;FAC;C0125;Usina Flores II;CAF-ETIOP-250;5;9500.0;32;32300.0;M. Paz
18/01/2025;FAC 0003-00040360;FAC;C9001;CONSUMIDOR FINAL;CAF-BLEND-250;2;5600.0;0;11200.0;
25/03/2025;FAC 0003-00040975;FAC;C9002;VENTA ONLINE;CAF-DESCA-250;3;7729.18;0;23187.54;
24/05/2025;FAC 0003-00041946;FAC;C9001;CONSUMIDOR FINAL;CAF-BLEND-1K;1;19637.04;0;19637.04;
06/06/2025;FAC 0003-00042131;FAC;C0132;Cafe Barracas;CAF-BRAS-1K;7;18954.11;35;86241.2;
04/05/2025;FAC 0003-00041751;FAC;C9002;VENTA ONLINE;CAF-COLOM-250;3;8945.76;0;26837.29;
18/05/2025;FAC 0003-00041827;FAC;C9002;VENTA ONLINE;CAF-CAPS-10;2;7527.53;0;15055.07;
15/01/2025;FAC 0003-00040243;FAC;C9002;VENTA ONLINE;CAF-ETIOP-250;1;9500.0;0;9500.0;
18/05/2025;FAC 0003-00041905;FAC;C9002;VENTA ONLINE;CAF-ETIOP-250;2;10363.99;0;20727.99;
10/04/2025;FAC 0003-00041404;FAC;C9002;VENTA ONLINE;CAF-ETIOP-250;1;10140.9;0;10140.9;
18/06/2025;FAC 0003-00042224;FAC;C9002;VENTA ONLINE;CAF-BLEND-250;3;6243.71;0;18731.12;
18/01/2025;FAC 0003-00040018;FAC;C0106;El Almacen de Nunez;CAF-BRAS-1K;3;17000.0;30;35700.0;M. Paz
16/01/2025;FAC 0003-00040169;FAC;C9002;VENTA ONLINE;CAF-BLEND-250;3;5600.0;0;16800.0;
07/06/2025;FAC 0003-00042199;FAC;C9002;VENTA ONLINE;CAF-BRAS-250;1;5909.22;0;5909.22;
17/01/2025;FAC 0003-00040302;FAC;C9001;CONSUMIDOR FINAL;CAF-BLEND-1K;2;18000.0;0;36000.0;
12/03/2025;FAC 0003-00041138;FAC;C9001;CONSUMIDOR FINAL;CAF-COLOM-250;2;8564.77;0;17129.54;
16/05/2025;FAC 0003-00041999;FAC;C9001;CONSUMIDOR FINAL;CAF-BLEND-250;1;6109.3;0;6109.3;
18/05/2025;FAC 0003-00041989;FAC;C9001;CONSUMIDOR FINAL;CAF-BLEND-250;2;6109.3;0;12218.6;
12/05/2025;FAC 0003-00041773;FAC;C9002;VENTA ONLINE;CAF-ETIOP-250;2;10363.99;0;20727.99;
16/06/2025;FAC 0003-00042419;FAC;C9001;CONSUMIDOR FINAL;CAF-BLEND-1K;2;20069.06;0;40138.12;
10/02/2025;FAC 0003-00040734;FAC;C9001;CONSUMIDOR FINAL;CAF-BLEND-1K;2;18396.0;0;36792.0;
20/02/2025;FAC 0003-00040583;FAC;C9002;VENTA ONLINE;CAF-ETIOP-250;2;9709.0;0;19418.0;
24/06/2025;FAC 0003-00042138;FAC;C0137;Panaderia Villa Urquiza II;CAP-FILTRO-100;5;3567.83;30;12487.41;
17/04/2025;FAC 0003-00041447;FAC;C9002;VENTA ONLINE;CAF-CAPS-10;2;7365.49;0;14730.98;
14/02/2025;FAC 0003-00040799;FAC;C9001;CONSUMIDOR FINAL;CAF-ETIOP-250;1;9709.0;0;9709.0;
12/01/2025;FAC 0003-00040305;FAC;C9001;CONSUMIDOR FINAL;CAF-BLEND-250;2;5600.0;0;11200.0;
14/06/2025;FAC 0003-00042166;FAC;C9002;VENTA ONLINE;CAF-DESCA-250;2;8250.61;0;16501.23;
10/04/2025;FAC 0003-00041411;FAC;C9002;VENTA ONLINE;CAF-ETIOP-250;1;10140.9;0;10140.9;
15/01/2025;FAC 0003-00040178;FAC;C9002;VENTA ONLINE;CAF-BLEND-250;3;5600.0;0;16800.0;
16/01/2025;FAC 0003-00040011;FAC;C0101;El Almacen de Palermo II;CAF-BRAS-1K;4;17000.0;35;44200.0;R. Ibarra
13/04/2025;FAC 0003-00041342;FAC;C9002;VENTA ONLINE;CAF-DESCA-250;1;7899.22;0;7899.22;
28/05/2025;FAC 0003-00041857;FAC;C9002;VENTA ONLINE;CAF-ETIOP-250;1;10363.99;0;10363.99;
12/01/2025;FAC 0003-00040247;FAC;C9002;VENTA ONLINE;CAF-ETIOP-250;2;9500.0;0;19000.0;
21/04/2025;FAC 0003-00041542;FAC;C9001;CONSUMIDOR FINAL;CAF-COLOM-250;2;8753.19;0;17506.39;
18/06/2025;FAC 0003-00042350;FAC;C9002;VENTA ONLINE;CAP-FILTRO-100;3;3567.83;0;10703.5;
17/01/2025;FAC 0003-00040219;FAC;C9002;VENTA ONLINE;CAP-FILTRO-100;2;3200.0;0;6400.0;
25/03/2025;FAC 0003-00041145;FAC;C9001;CONSUMIDOR FINAL;CAF-BLEND-250;1;5849.11;0;5849.11;
24/02/2025;FAC 0003-00040801;FAC;C9001;CONSUMIDOR FINAL;CAP-FILTRO-100;1;3270.4;0;3270.4;
22/01/2025;FAC 0003-00040372;FAC;C9001;CONSUMIDOR FINAL;CAF-ETIOP-250;1;9500.0;0;9500.0;
02/05/2025;FAC 0003-00041842;FAC;C9002;VENTA ONLINE;CAF-COLOM-250;3;8945.76;0;26837.29;
20/01/2025;FAC 0003-00040031;FAC;C0118;Bar Saavedra;CAF-BLEND-1K;8;18000.0;32;97920.0;R. Ibarra
22/05/2025;FAC 0003-00041674;FAC;C0120;Tostado Chacarita;CAF-BLEND-1K;3;19637.04;32;40059.57;
26/02/2025;FAC 0003-00040423;FAC;C0100;Cafe Palermo;CAF-BRAS-1K;4;17374.0;32;47257.28;R. Ibarra
03/03/2025;FAC 0003-00040919;FAC;C9002;VENTA ONLINE;CAF-BLEND-250;1;5849.11;0;5849.11;
11/04/2025;FAC 0003-00041271;FAC;C0125;Usina Flores II;CAF-ETIOP-250;9;10140.9;32;62062.28;
28/02/2025;FAC 0003-00040417;FAC;C0001;GRANOS DEL SUR S.A.;CAF-BLEND-1K;47;18396.0;40;518767.2;R. Ibarra
12/01/2025;FAC 0003-00040012;FAC;C0102;Bar Belgrano;CAF-BRAS-1K;5;17000.0;35;55250.0;M. Paz
22/04/2025;FAC 0003-00041384;FAC;C9002;VENTA ONLINE;CAF-ETIOP-250;2;10140.9;0;20281.79;
27/03/2025;FAC 0003-00040916;FAC;C9002;VENTA ONLINE;CAP-TAZA;2;9295.91;0;18591.82;
16/01/2025;FAC 0003-00040089;FAC;C9002;VENTA ONLINE;CAF-CAPS-10;2;6900.0;0;13800.0;
05/02/2025;FAC 0003-00040433;FAC;C0109;Usina Colegiales II;CAF-BRAS-1K;2;17374.0;32;23628.64;R. Ibarra
23/01/2025;FAC 0003-00040403;FAC;C9001;CONSUMIDOR FINAL;CAF-COLOM-250;2;8200.0;0;16400.0;
22/03/2025;NC 0003-00001219;NC;C0136;Tostado Villa Urquiza;CAF-BRAS-1K;-5;17756.23;35;-57707.74;
27/02/2025;FAC 0003-00040458;FAC;C0129;Bar San Telmo II;CAF-BLEND-1K;4;18396.0;32;50037.12;
23/02/2025;FAC 0003-00040628;FAC;C9002;VENTA ONLINE;CAF-ETIOP-250;1;9709.0;0;9709.0;
04/03/2025;FAC 0003-00040883;FAC;C0135;Coffee Lab Agronomia II;CAP-FILTRO-100;6;3342.35;30;14037.86;R. Ibarra
09/01/2025;FAC 0003-00040083;FAC;C9002;VENTA ONLINE;CAF-CAPS-10;3;6900.0;0;20700.0;
28/06/2025;FAC 0003-00042377;FAC;C9002;VENTA ONLINE;CAF-COLOM-250;3;9142.57;0;27427.71;
23/03/2025;FAC 0003-00041084;FAC;C9002;VENTA ONLINE;CAF-ETIOP-250;1;9922.6;0;9922.6;
04/02/2025;FAC 0003-00040421;FAC;C0001;GRANOS DEL SUR S.A.;CAF-BLEND-CJ6;10;104244.0;40;625464.0;M. Paz
01/06/2025;NC 0003-00001242;NC;C0001;GRANOS DEL SUR S.A.;CAF-BLEND-1K;-10;20069.06;40;-120414.35;
09/05/2025;FAC 0003-00041644;FAC;C0001;GRANOS DEL SUR S.A.;CAF-BRAS-1K;23;18546.1;40;255936.13;M. Paz
07/03/2025;FAC 0003-00040949;FAC;C9002;VENTA ONLINE;CAF-BLEND-250;2;5849.11;0;11698.22;
09/02/2025;FAC 0003-00040424;FAC;C0100;Cafe Palermo;CAP-FILTRO-100;4;3270.4;32;8895.49;R. Ibarra
09/01/2025;FAC 0003-00040199;FAC;C9002;VENTA ONLINE;CAF-DESCA-250;1;7400.0;0;7400.0;
12/06/2025;FAC 0003-00042395;FAC;C9002;VENTA ONLINE;CAF-BLEND-250;1;6243.71;0;6243.71;
07/01/2025;FAC 0003-00040007;FAC;C0001;GRANOS DEL SUR S.A.;CAF-BLEND-CJ6;10;102000.0;40;612000.0;R. Ibarra
17/03/2025;FAC 0003-00041217;FAC;C9001;CONSUMIDOR FINAL;CAF-BLEND-250;2;5849.11;0;11698.22;
28/01/2025;FAC 0003-00040226;FAC;C9002;VENTA ONLINE;CAF-COLOM-250;2;8200.0;0;16400.0;
10/01/2025;FAC 0003-00040304;FAC;C9001;CONSUMIDOR FINAL;CAF-BLEND-1K;2;18000.0;0;36000.0;
06/03/2025;FAC 0003-00041059;FAC;C9002;VENTA ONLINE;CAF-ETIOP-250;3;9922.6;0;29767.79;
19/03/2025;FAC 0003-00040906;FAC;C9002;VENTA ONLINE;CAF-ETIOP-250;3;9922.6;0;29767.79;
17/06/2025;FAC 0003-00042124;FAC;C0126;Panaderia Parque Chas;CAF-BLEND-1K;7;20069.06;32;95528.72;
16/06/2025;FAC 0003-00042107;FAC;C0113;Bar Recoleta II;CAF-BLEND-1K;10;20069.06;30;140483.4;
19/02/2025;FAC 0003-00040596;FAC;C9002;VENTA ONLINE;CAF-BLEND-250;1;5723.2;0;5723.2;
14/01/2025;FAC 0003-00040254;FAC;C9002;VENTA ONLINE;CAF-BRAS-250;2;5300.0;0;10600.0;
19/03/2025;FAC 0003-00041051;FAC;C9002;VENTA ONLINE;CAF-BRAS-250;2;5535.77;0;11071.53;
09/06/2025;FAC 0003-00042119;FAC;C0123;La Ventanita de Almagro II;CAF-BLEND-1K;4;20069.06;35;52179.55;
01/05/2025;FAC 0003-00041692;FAC;C0135;Coffee Lab Agronomia II;CAF-BLEND-1K;4;19637.04;30;54983.72;M. Paz
25/05/2025;FAC 0003-00042064;FAC;C9001;CONSUMIDOR FINAL;CAF-ETIOP-250;1;10363.99;0;10363.99;
26/04/2025;FAC 0003-00041417;FAC;C9002;VENTA ONLINE;CAF-BLEND-250;2;5977.79;0;11955.58;
17/04/2025;FAC 0003-00041554;FAC;C9001;CONSUMIDOR FINAL;CAF-COLOM-250;1;8753.19;0;8753.19;
07/04/2025;FAC 0003-00041538;FAC;C9001;CONSUMIDOR FINAL;CAF-BLEND-250;2;5977.79;0;11955.58;
13/04/2025;NC 0003-00001226;NC;C0129;Bar San Telmo II;CAF-BRAS-1K;-4;18146.87;32;-49359.47;
28/04/2025;FAC 0003-00041485;FAC;C9002;VENTA ONLINE;CAF-COLOM-250;3;8753.19;0;26259.58;
22/04/2025;FAC 0003-00041575;FAC;C9001;CONSUMIDOR FINAL;CAP-FILTRO-100;2;3415.88;0;6831.76;
02/05/2025;FAC 0003-00041682;FAC;C0127;Cafe Parque Chas II;CAP-FILTRO-100;4;3491.03;32;9495.6;
16/05/2025;FAC 0003-00041748;FAC;C9002;VENTA ONLINE;CAP-TAZA;3;9709.43;0;29128.28;
23/05/2025;FAC 0003-00042077;FAC;C9001;CONSUMIDOR FINAL;CAF-ETIOP-250;2;10363.99;0;20727.99;
07/05/2025;FAC 0003-00041925;FAC;C9002;VENTA ONLINE;CAF-CAPS-10;1;7527.53;0;7527.53;
03/04/2025;FAC 0003-00041409;FAC;C9002;VENTA ONLINE;CAP-FILTRO-100;1;3415.88;0;3415.88;
28/05/2025;FAC 0003-00041940;FAC;C9002;VENTA ONLINE;CAF-CAPS-10;2;7527.53;0;15055.07;
06/02/2025;FAC 0003-00040689;FAC;C9002;VENTA ONLINE;CAF-CAPS-10;2;7051.8;0;14103.6;
14/04/2025;FAC 0003-00041513;FAC;C9002;VENTA ONLINE;CAF-ETIOP-250;1;10140.9;0;10140.9;
13/06/2025;FAC 0003-00042503;FAC;C9001;CONSUMIDOR FINAL;CAF-BLEND-250;1;6243.71;0;6243.71;
01/04/2025;FAC 0003-00041631;FAC;C9001;CONSUMIDOR FINAL;CAF-BLEND-250;2;5977.79;0;11955.58;
02/06/2025;FAC 0003-00042082;FAC;C0001;GRANOS DEL SUR S.A.;CAF-BLEND-CJ6;6;113724.66;40;409408.78;M. Paz
26/04/2025;FAC 0003-00041380;FAC;C9002;VENTA ONLINE;CAF-BRAS-250;3;5657.55;0;16972.66;
28/05/2025;FAC 0003-00041680;FAC;C0126;Panaderia Parque Chas;CAF-BLEND-1K;6;19637.04;32;80119.13;
15/06/2025;FAC 0003-00042307;FAC;C9002;VENTA ONLINE;CAF-COLOM-250;3;9142.57;0;27427.71;
05/05/2025;FAC 0003-00041654;FAC;C0103;Coffee Lab Belgrano II;CAF-BRAS-1K;2;18546.1;35;24109.92;M. Paz
15/06/2025;FAC 0003-00042086;FAC;C0001;GRANOS DEL SUR S.A.;CAF-BRAS-1K;12;18954.11;40;136469.59;
13/01/2025;FAC 0003-00040167;FAC;C9002;VENTA ONLINE;CAF-ETIOP-250;2;9500.0;0;19000.0;
10/02/2025;FAC 0003-00040469;FAC;C0137;Panaderia Villa Urquiza II;CAF-BLEND-1K;4;18396.0;30;51508.8;
28/03/2025;FAC 0003-00041079;FAC;C9002;VENTA ONLINE;CAF-ETIOP-250;2;9922.6;0;19845.2;
28/03/2025;FAC 0003-00041118;FAC;C9001;CONSUMIDOR FINAL;CAP-FILTRO-100;1;3342.35;0;3342.35;
21/06/2025;FAC 0003-00042489;FAC;C9001;CONSUMIDOR FINAL;CAF-COLOM-250;2;9142.57;0;18285.14;
24/03/2025;FAC 0003-00040836;FAC;C0001;GRANOS DEL SUR S.A.;CAF-BLEND-1K;41;18800.71;40;462497.52;
16/04/2025;FAC 0003-00041461;FAC;C9002;VENTA ONLINE;CAF-CAPS-10;2;7365.49;0;14730.98;
23/02/2025;FAC 0003-00040671;FAC;C9002;VENTA ONLINE;CAP-TAZA;1;9095.8;0;9095.8;
05/06/2025;FAC 0003-00042315;FAC;C9002;VENTA ONLINE;CAF-BRAS-250;2;5909.22;0;11818.45;
11/05/2025;FAC 0003-00042002;FAC;C9001;CONSUMIDOR FINAL;CAF-BLEND-250;2;6109.3;0;12218.6;
16/04/2025;FAC 0003-00041552;FAC;C9001;CONSUMIDOR FINAL;CAF-BLEND-250;1;5977.79;0;5977.79;
23/04/2025;FAC 0003-00041495;FAC;C9002;VENTA ONLINE;CAF-BLEND-250;3;5977.79;0;17933.37;
01/01/2025;FAC 0003-00040315;FAC;C9001;CONSUMIDOR FINAL;CAF-BLEND-250;2;5600.0;0;11200.0;
17/02/2025;FAC 0003-00040725;FAC;C9001;CONSUMIDOR FINAL;CAF-BLEND-1K;1;18396.0;0;18396.0;
17/01/2025;FAC 0003-00040303;FAC;C9001;CONSUMIDOR FINAL;CAF-ETIOP-250;2;9500.0;0;19000.0;
08/06/2025;FAC 0003-00042084;FAC;C0001;GRANOS DEL SUR S.A.;CAF-BLEND-1K;53;20069.06;40;638196.04;
26/05/2025;FAC 0003-00042045;FAC;C9001;CONSUMIDOR FINAL;CAF-COLOM-250;2;8945.76;0;17891.53;
09/01/2025;FAC 0003-00040071;FAC;C9002;VENTA ONLINE;CAF-COLOM-250;3;8200.0;0;24600.0;
12/04/2025;FAC 0003-00041314;FAC;C9002;VENTA ONLINE;CAF-BLEND-250;1;5977.79;0;5977.79;
21/02/2025;FAC 0003-00040648;FAC;C9002;VENTA ONLINE;CAF-CAPS-10;1;7051.8;0;7051.8;
13/05/2025;FAC 0003-00041832;FAC;C9002;VENTA ONLINE;CAF-ETIOP-250;2;10363.99;0;20727.99;
13/04/2025;FAC 0003-00041260;FAC;C0113;Bar Recoleta II;CAF-BLEND-1K;10;19214.33;30;134500.29;
22/02/2025;FAC 0003-00040696;FAC;C9001;CONSUMIDOR FINAL;CAF-ETIOP-250;2;9709.0;0;19418.0;
28/04/2025;FAC 0003-00041469;FAC;C9002;VENTA ONLINE;CAF-BRAS-250;3;5657.55;0;16972.66;
02/04/2025;FAC 0003-00041571;FAC;C9001;CONSUMIDOR FINAL;CAF-BLEND-250;1;5977.79;0;5977.79;
17/01/2025;FAC 0003-00040015;FAC;C0104;Tostado Villa Crespo;CAF-BRAS-1K;8;17000.0;35;88400.0;M. Paz
08/04/2025;FAC 0003-00041412;FAC;C9002;VENTA ONLINE;CAF-ETIOP-250;2;10140.9;0;20281.79;
25/06/2025;FAC 0003-00042370;FAC;C9002;VENTA ONLINE;CAP-TAZA;2;9923.03;0;19846.07;
21/04/2025;FAC 0003-00041468;FAC;C9002;VENTA ONLINE;CAF-BLEND-250;3;5977.79;0;17933.37;
05/03/2025;FAC 0003-00040870;FAC;C0124;Coffee Lab Flores;CAF-BLEND-1K;3;18800.71;35;36661.39;R. Ibarra
19/04/2025;FAC 0003-00041361;FAC;C9002;VENTA ONLINE;CAP-TAZA;3;9500.42;0;28501.25;
21/04/2025;NC 0003-00001228;NC;C0001;GRANOS DEL SUR S.A.;CAF-BLEND-1K;-4;19214.33;40;-46114.39;
09/03/2025;FAC 0003-00041105;FAC;C9002;VENTA ONLINE;CAF-BRAS-250;2;5535.77;0;11071.53;
09/01/2025;FAC 0003-00040087;FAC;C9002;VENTA ONLINE;CAF-BLEND-250;2;5600.0;0;11200.0;
21/06/2025;FAC 0003-00042312;FAC;C9002;VENTA ONLINE;CAF-COLOM-250;1;9142.57;0;9142.57;
05/06/2025;FAC 0003-00042251;FAC;C9002;VENTA ONLINE;CAF-ETIOP-250;3;10592.0;0;31776.01;
22/06/2025;FAC 0003-00042252;FAC;C9002;VENTA ONLINE;CAF-DESCA-250;3;8250.61;0;24751.84;
11/05/2025;FAC 0003-00041862;FAC;C9002;VENTA ONLINE;CAP-TAZA;2;9709.43;0;19418.85;
13/04/2025;FAC 0003-00041520;FAC;C9002;VENTA ONLINE;CAF-ETIOP-250;3;10140.9;0;30422.69;
25/05/2025;FAC 0003-00041740;FAC;C9002;VENTA ONLINE;CAF-BLEND-250;1;6109.3;0;6109.3;
12/03/2025;FAC 0003-00041182;FAC;C9001;CONSUMIDOR FINAL;CAF-BLEND-1K;2;18800.71;0;37601.42;
19/04/2025;FAC 0003-00041405;FAC;C9002;VENTA ONLINE;CAF-ETIOP-250;2;10140.9;0;20281.79;
27/01/2025;FAC 0003-00040220;FAC;C9002;VENTA ONLINE;CAF-ETIOP-250;1;9500.0;0;9500.0;
24/03/2025;FAC 0003-00041137;FAC;C9001;CONSUMIDOR FINAL;CAF-ETIOP-250;2;9922.6;0;19845.2;
11/01/2025;FAC 0003-00040255;FAC;C9002;VENTA ONLINE;CAF-BLEND-250;3;5600.0;0;16800.0;
09/05/2025;FAC 0003-00041963;FAC;C9001;CONSUMIDOR FINAL;CAF-ETIOP-250;1;10363.99;0;10363.99;
12/01/2025;FAC 0003-00040257;FAC;C9002;VENTA ONLINE;CAP-TAZA;1;8900.0;0;8900.0;
10/05/2025;FAC 0003-00041887;FAC;C9002;VENTA ONLINE;CAP-TAZA;3;9709.43;0;29128.28;
18/01/2025;FAC 0003-00040002;FAC;C0001;GRANOS DEL SUR S.A.;CAF-BLEND-CJ6;8;102000.0;40;489600.0;M. Paz
16/04/2025;FAC 0003-00041397;FAC;C9002;VENTA ONLINE;CAF-ETIOP-250;1;10140.9;0;10140.9;
15/06/2025;FAC 0003-00042426;FAC;C9001;CONSUMIDOR FINAL;CAF-BLEND-250;2;6243.71;0;12487.41;
16/04/2025;FAC 0003-00041275;FAC;C0128;La Ventanita de San Telmo;CAF-BLEND-1K;10;19214.33;32;130657.43;R. Ibarra
19/01/2025;FAC 0003-00040185;FAC;C9002;VENTA ONLINE;CAF-COLOM-250;1;8200.0;0;8200.0;
16/04/2025;FAC 0003-00041397;FAC;C9002;VENTA ONLINE;CAF-BLEND-250;3;5977.79;0;17933.37;
07/04/2025;FAC 0003-00041270;FAC;C0124;Coffee Lab Flores;CAP-FILTRO-100;2;3415.88;35;4440.64;M. Paz
10/05/2025;FAC 0003-00041735;FAC;C9002;VENTA ONLINE;CAF-BLEND-250;3;6109.3;0;18327.91;
11/01/2025;FAC 0003-00040288;FAC;C9001;CONSUMIDOR FINAL;CAP-FILTRO-100;2;3200.0;0;6400.0;
10/06/2025;FAC 0003-00042096;FAC;C0104;Tostado Villa Crespo;CAF-BRAS-1K;2;18954.11;35;24640.34;R. Ibarra
19/04/2025;FAC 0003-00041557;FAC;C9001;CONSUMIDOR FINAL;CAF-BLEND-1K;2;19214.33;0;38428.66;
05/06/2025;FAC 0003-00042149;FAC;C9002;VENTA ONLINE;CAF-ETIOP-250;2;10592.0;0;21184.01;
25/06/2025;FAC 0003-00042260;FAC;C9002;VENTA ONLINE;CAF-BRAS-250;2;5909.22;0;11818.45;
06/02/2025;FAC 0003-00040464;FAC;C0133;El Almacen de Barracas II;CAF-ETIOP-250;6;9709.0;35;37865.1;
21/04/2025;FAC 0003-00041491;FAC;C9002;VENTA ONLINE;CAF-COLOM-250;1;8753.19;0;8753.19;
07/05/2025;FAC 0003-00041646;FAC;C0001;GRANOS DEL SUR S.A.;CAF-BLEND-1K;60;19637.04;40;706933.54;R. Ibarra
19/01/2025;FAC 0003-00040110;FAC;C9002;VENTA ONLINE;CAF-CAPS-10;2;6900.0;0;13800.0;
21/03/2025;FAC 0003-00041112;FAC;C9002;VENTA ONLINE;CAF-CAPS-10;1;7206.94;0;7206.94;
06/03/2025;FAC 0003-00041060;FAC;C9002;VENTA ONLINE;CAP-FILTRO-100;2;3342.35;0;6684.7;
01/02/2025;FAC 0003-00040809;FAC;C9001;CONSUMIDOR FINAL;CAF-BLEND-250;1;5723.2;0;5723.2;
09/01/2025;FAC 0003-00040294;FAC;C9001;CONSUMIDOR FINAL;CAF-BLEND-250;2;5600.0;0;11200.0;
15/03/2025;FAC 0003-00041038;FAC;C9002;VENTA ONLINE;CAF-COLOM-250;3;8564.77;0;25694.31;
26/03/2025;FAC 0003-00041146;FAC;C9001;CONSUMIDOR FINAL;CAP-FILTRO-100;1;3342.35;0;3342.35;
10/03/2025;FAC 0003-00040893;FAC;C9002;VENTA ONLINE;CAF-BRAS-250;3;5535.77;0;16607.3;
21/04/2025;FAC 0003-00041423;FAC;C9002;VENTA ONLINE;CAF-ETIOP-250;1;10140.9;0;10140.9;
24/06/2025;FAC 0003-00042217;FAC;C9002;VENTA ONLINE;CAF-COLOM-250;1;9142.57;0;9142.57;
13/01/2025;FAC 0003-00040033;FAC;C0121;Panaderia Chacarita II;CAF-BLEND-1K;6;18000.0;35;70200.0;
27/01/2025;FAC 0003-00040324;FAC;C9001;CONSUMIDOR FINAL;CAF-BLEND-1K;2;18000.0;0;36000.0;
12/04/2025;FAC 0003-00041549;FAC;C9001;CONSUMIDOR FINAL;CAF-BLEND-1K;1;19214.33;0;19214.33;
10/05/2025;FAC 0003-00041852;FAC;C9002;VENTA ONLINE;CAF-BRAS-250;2;5782.02;0;11564.04;
17/01/2025;FAC 0003-00040184;FAC;C9002;VENTA ONLINE;CAF-ETIOP-250;1;9500.0;0;9500.0;
22/01/2025;FAC 0003-00040150;FAC;C9002;VENTA ONLINE;CAF-COLOM-250;3;8200.0;0;24600.0;
27/04/2025;FAC 0003-00041505;FAC;C9002;VENTA ONLINE;CAF-DESCA-250;3;7899.22;0;23697.67;
17/01/2025;NC 0003-00001207;NC;C0104;Tostado Villa Crespo;CAF-BRAS-1K;-1;17000.0;35;-11050.0;
22/05/2025;FAC 0003-00041708;FAC;C9002;VENTA ONLINE;CAF-ETIOP-250;1;10363.99;0;10363.99;
10/05/2025;FAC 0003-00041841;FAC;C9002;VENTA ONLINE;CAF-BLEND-250;2;6109.3;0;12218.6;
08/04/2025;FAC 0003-00041252;FAC;C0106;El Almacen de Nunez;CAF-BLEND-1K;10;19214.33;30;134500.29;M. Paz
18/03/2025;FAC 0003-00041077;FAC;C9002;VENTA ONLINE;CAF-COLOM-250;1;8564.77;0;8564.77;
04/01/2025;FAC 0003-00040153;FAC;C9002;VENTA ONLINE;CAF-CAPS-10;1;6900.0;0;6900.0;
06/02/2025;FAC 0003-00040462;FAC;C0131;Tostado Coghlan II;CAP-FILTRO-100;3;3270.4;35;6377.28;M. Paz
10/06/2025;FAC 0003-00042096;FAC;C0104;Tostado Villa Crespo;CAF-BLEND-1K;9;20069.06;35;117403.99;R. Ibarra
16/06/2025;FAC 0003-00042280;FAC;C9002;VENTA ONLINE;CAF-ETIOP-250;1;10592.0;0;10592.0;
15/01/2025;FAC 0003-00040244;FAC;C9002;VENTA ONLINE;CAF-DESCA-250;2;7400.0;0;14800.0;
10/02/2025;FAC 0003-00040750;FAC;C9001;CONSUMIDOR FINAL;CAF-ETIOP-250;2;9709.0;0;19418.0;
13/02/2025;FAC 0003-00040715;FAC;C9001;CONSUMIDOR FINAL;CAP-FILTRO-100;2;3270.4;0;6540.8;
21/02/2025;FAC 0003-00040497;FAC;C9002;VENTA ONLINE;CAF-COLOM-250;1;8380.4;0;8380.4;
26/03/2025;FAC 0003-00040838;FAC;C0001;GRANOS DEL SUR S.A.;BLEND1K;59;18800.71;40;665545.2;
01/04/2025;FAC 0003-00041369;FAC;C9002;VENTA ONLINE;CAF-COLOM-250;2;8753.19;0;17506.39;
27/06/2025;FAC 0003-00042117;FAC;C0121;Panaderia Chacarita II;CAF-BLEND-1K;7;20069.06;35;91314.21;M. Paz
11/04/2025;FAC 0003-00041399;FAC;C9002;VENTA ONLINE;CAP-TAZA;1;9500.42;0;9500.42;
06/02/2025;FAC 0003-00040472;FAC;C0138;El Almacen de Constitucion;CAF-BLEND-1K;5;18396.0;30;64386.0;R. Ibarra
24/06/2025;FAC 0003-00042288;FAC;C9002;VENTA ONLINE;CAF-COLOM-250;2;9142.57;0;18285.14;
25/01/2025;FAC 0003-00040093;FAC;C9002;VENTA ONLINE;CAP-FILTRO-100;2;3200.0;0;6400.0;
07/01/2025;FAC 0003-00040013;FAC;C0103;Coffee Lab Belgrano II;CAP-FILTRO-100;5;3200.0;35;10400.0;R. Ibarra
20/02/2025;FAC 0003-00040599;FAC;C9002;VENTA ONLINE;CAF-BLEND-250;1;5723.2;0;5723.2;
26/02/2025;FAC 0003-00040587;FAC;C9002;VENTA ONLINE;CAF-BRAS-250;3;5416.6;0;16249.8;
07/01/2025;FAC 0003-00040188;FAC;C9002;VENTA ONLINE;CAF-BRAS-250;2;5300.0;0;10600.0;
09/04/2025;FAC 0003-00041565;FAC;C9001;CONSUMIDOR FINAL;CAP-FILTRO-100;1;3415.88;0;3415.88;
15/02/2025;FAC 0003-00040663;FAC;C9002;VENTA ONLINE;CAF-COLOM-250;3;8380.4;0;25141.2;
19/01/2025;FAC 0003-00040100;FAC;C9002;VENTA ONLINE;CAF-BLEND-250;1;5600.0;0;5600.0;
05/04/2025;FAC 0003-00041448;FAC;C9002;VENTA ONLINE;CAF-DESCA-250;3;7899.22;0;23697.67;
07/04/2025;FAC 0003-00041270;FAC;C0124;Coffee Lab Flores;CAF-BRAS-1K;7;18146.87;35;82568.24;M. Paz
17/01/2025;FAC 0003-00040328;FAC;C9001;CONSUMIDOR FINAL;CAF-ETIOP-250;2;9500.0;0;19000.0;
08/02/2025;FAC 0003-00040669;FAC;C9002;VENTA ONLINE;CAF-COLOM-250;1;8380.4;0;8380.4;
08/04/2025;FAC 0003-00041274;FAC;C0127;Cafe Parque Chas II;CAF-BRAS-1K;4;18146.87;32;49359.47;M. Paz
04/01/2025;FAC 0003-00040153;FAC;C9002;VENTA ONLINE;CAF-BLEND-250;2;5600.0;0;11200.0;
14/03/2025;FAC 0003-00041200;FAC;C9001;CONSUMIDOR FINAL;CAF-BLEND-250;2;5849.11;0;11698.22;
03/05/2025;FAC 0003-00041928;FAC;C9002;VENTA ONLINE;CAF-BRAS-250;3;5782.02;0;17346.05;
21/01/2025;FAC 0003-00040218;FAC;C9002;VENTA ONLINE;CAF-BLEND-250;2;5600.0;0;11200.0;
03/04/2025;FAC 0003-00041245;FAC;C0001;GRANOS DEL SUR S.A.;BLEND1K;35;19214.33;40;403500.88;M. Paz
27/04/2025;FAC 0003-00041336;FAC;C9002;VENTA ONLINE;CAF-CAPS-10;1;7365.49;0;7365.49;
18/03/2025;FAC 0003-00041020;FAC;C9002;VENTA ONLINE;CAF-ETIOP-250;1;9922.6;0;9922.6;
03/02/2025;FAC 0003-00040600;FAC;C9002;VENTA ONLINE;CAF-BLEND-250;2;5723.2;0;11446.4;
25/02/2025;FAC 0003-00040688;FAC;C9002;VENTA ONLINE;CAF-COLOM-250;2;8380.4;0;16760.8;
24/03/2025;FAC 0003-00040980;FAC;C9002;VENTA ONLINE;CAF-ETIOP-250;2;9922.6;0;19845.2;
26/06/2025;FAC 0003-00042231;FAC;C9002;VENTA ONLINE;CAF-COLOM-250;1;9142.57;0;9142.57;
11/06/2025;FAC 0003-00042180;FAC;C9002;VENTA ONLINE;CAF-COLOM-250;1;9142.57;0;9142.57;
19/01/2025;FAC 0003-00040034;FAC;C0122;El Almacen de Almagro;CAF-BRAS-1K;4;17000.0;32;46240.0;R. Ibarra
25/06/2025;NC 0003-00001236;NC;C0118;Bar Saavedra;CAF-BRAS-1K;-5;18954.11;32;-64443.97;
13/03/2025;FAC 0003-00040982;FAC;C9002;VENTA ONLINE;CAF-DESCA-250;3;7729.18;0;23187.54;
13/02/2025;FAC 0003-00040588;FAC;C9002;VENTA ONLINE;CAP-FILTRO-100;1;3270.4;0;3270.4;
14/01/2025;FAC 0003-00040204;FAC;C9002;VENTA ONLINE;CAF-COLOM-250;2;8200.0;0;16400.0;
15/06/2025;FAC 0003-00042254;FAC;C9002;VENTA ONLINE;CAF-BLEND-250;2;6243.71;0;12487.41;
08/05/2025;FAC 0003-00041689;FAC;C0133;El Almacen de Barracas II;CAF-BLEND-1K;4;19637.04;35;51056.31;R. Ibarra
07/06/2025;FAC 0003-00042323;FAC;C9002;VENTA ONLINE;CAF-COLOM-250;2;9142.57;0;18285.14;
15/06/2025;FAC 0003-00042254;FAC;C9002;VENTA ONLINE;CAF-COLOM-250;3;9142.57;0;27427.71;
04/05/2025;FAC 0003-00041981;FAC;C9001;CONSUMIDOR FINAL;CAP-FILTRO-100;2;3491.03;0;6982.06;
22/02/2025;FAC 0003-00040416;FAC;C0001;GRANOS DEL SUR S.A.;CAF-BLEND-CJ6;9;104244.0;40;562917.6;R. Ibarra
09/02/2025;FAC 0003-00040530;FAC;C9002;VENTA ONLINE;CAF-COLOM-250;1;8380.4;0;8380.4;
15/01/2025;FAC 0003-00040132;FAC;C9002;VENTA ONLINE;CAF-BRAS-250;1;5300.0;0;5300.0;
23/06/2025;FAC 0003-00042431;FAC;C9001;CONSUMIDOR FINAL;CAF-ETIOP-250;1;10592.0;0;10592.0;
10/03/2025;FAC 0003-00040969;FAC;C9002;VENTA ONLINE;CAF-COLOM-250;1;8564.77;0;8564.77;
07/06/2025;FAC 0003-00042447;FAC;C9001;CONSUMIDOR FINAL;CAF-COLOM-250;2;9142.57;0;18285.14;
02/04/2025;FAC 0003-00041581;FAC;C9001;CONSUMIDOR FINAL;CAF-BLEND-250;2;5977.79;0;11955.58;
24/05/2025;FAC 0003-00041752;FAC;C9002;VENTA ONLINE;CAF-BRAS-250;2;5782.02;0;11564.04;
07/02/2025;FAC 0003-00040811;FAC;C9001;CONSUMIDOR FINAL;CAF-ETIOP-250;2;9709.0;0;19418.0;
22/01/2025;FAC 0003-00040059;FAC;C9002;VENTA ONLINE;CAP-TAZA;3;8900.0;0;26700.0;
22/06/2025;FAC 0003-00042133;FAC;C0134;Bar Agronomia;CAF-BLEND-1K;3;20069.06;35;39134.66;R. Ibarra
09/05/2025;FAC 0003-00041714;FAC;C9002;VENTA ONLINE;CAF-COLOM-250;2;8945.76;0;17891.53;
25/03/2025;FAC 0003-00040950;FAC;C9002;VENTA ONLINE;CAF-BRAS-250;3;5535.77;0;16607.3;
04/03/2025;FAC 0003-00041198;FAC;C9001;CONSUMIDOR FINAL;CAP-FILTRO-100;2;3342.35;0;6684.7;
13/01/2025;FAC 0003-00040024;FAC;C0111;Cafe Devoto II;CAF-BLEND-1K;7;18000.0;35;81900.0;M. Paz
04/04/2025;FAC 0003-00041390;FAC;C9002;VENTA ONLINE;CAF-DESCA-250;1;7899.22;0;7899.22;
13/03/2025;FAC 0003-00041056;FAC;C9002;VENTA ONLINE;CAF-ETIOP-250;1;9922.6;0;9922.6;
24/04/2025;FAC 0003-00041413;FAC;C9002;VENTA ONLINE;CAF-COLOM-250;1;8753.19;0;8753.19;
21/04/2025;FAC 0003-00041423;FAC;C9002;VENTA ONLINE;CAP-FILTRO-100;3;3415.88;0;10247.64;
22/02/2025;FAC 0003-00040414;FAC;C0001;GRANOS DEL SUR S.A.;CAF-BRAS-1K;12;17374.0;40;125092.8;M. Paz
12/05/2025;FAC 0003-00041789;FAC;C9002;VENTA ONLINE;CAF-DESCA-250;2;8073.01;0;16146.01;
19/01/2025;FAC 0003-00040177;FAC;C9002;VENTA ONLINE;CAF-ETIOP-250;3;9500.0;0;28500.0;
04/05/2025;FAC 0003-00041919;FAC;C9002;VENTA ONLINE;CAF-COLOM-250;3;8945.76;0;26837.29;
17/01/2025;FAC 0003-00040219;FAC;C9002;VENTA ONLINE;CAF-ETIOP-250;3;9500.0;0;28500.0;
24/04/2025;FAC 0003-00041427;FAC;C9002;VENTA ONLINE;CAF-ETIOP-250;1;10140.9;0;10140.9;
07/02/2025;FAC 0003-00040466;FAC;C0134;Bar Agronomia;CAF-BLEND-1K;3;18396.0;35;35872.2;R. Ibarra
28/05/2025;FAC 0003-00041797;FAC;C9002;VENTA ONLINE;CAF-BRAS-250;1;5782.02;0;5782.02;
18/04/2025;FAC 0003-00041407;FAC;C9002;VENTA ONLINE;CAF-ETIOP-250;3;10140.9;0;30422.69;
17/05/2025;FAC 0003-00041672;FAC;C0118;Bar Saavedra;CAF-BLEND-1K;4;19637.04;32;53412.76;M. Paz
11/04/2025;FAC 0003-00041484;FAC;C9002;VENTA ONLINE;CAF-BRAS-250;1;5657.55;0;5657.55;
22/04/2025;FAC 0003-00041576;FAC;C9001;CONSUMIDOR FINAL;CAF-BLEND-250;1;5977.79;0;5977.79;
23/01/2025;FAC 0003-00040091;FAC;C9002;VENTA ONLINE;CAF-BRAS-250;3;5300.0;0;15900.0;
21/03/2025;FAC 0003-00040946;FAC;C9002;VENTA ONLINE;CAP-TAZA;2;9295.91;0;18591.82;
21/02/2025;FAC 0003-00040494;FAC;C9002;VENTA ONLINE;CAF-BLEND-250;3;5723.2;0;17169.6;
08/03/2025;FAC 0003-00040954;FAC;C9002;VENTA ONLINE;CAF-BRAS-250;2;5535.77;0;11071.53;
14/01/2025;FAC 0003-00040290;FAC;C9001;CONSUMIDOR FINAL;CAF-BLEND-250;2;5600.0;0;11200.0;
04/01/2025;FAC 0003-00040248;FAC;C9002;VENTA ONLINE;CAF-COLOM-250;2;8200.0;0;16400.0;
18/05/2025;FAC 0003-00041997;FAC;C9001;CONSUMIDOR FINAL;CAF-ETIOP-250;1;10363.99;0;10363.99;
26/04/2025;FAC 0003-00041522;FAC;C9002;VENTA ONLINE;CAF-CAPS-10;3;7365.49;0;22096.48;
07/03/2025;FAC 0003-00041009;FAC;C9002;VENTA ONLINE;CAF-COLOM-250;2;8564.77;0;17129.54;
16/02/2025;FAC 0003-00040524;FAC;C9002;VENTA ONLINE;CAF-BLEND-250;2;5723.2;0;11446.4;
08/05/2025;FAC 0003-00041971;FAC;C9001;CONSUMIDOR FINAL;CAF-BLEND-250;2;6109.3;0;12218.6;
26/06/2025;FAC 0003-00042492;FAC;C9001;CONSUMIDOR FINAL;CAF-BLEND-250;1;6243.71;0;6243.71;
01/02/2025;FAC 0003-00040672;FAC;C9002;VENTA ONLINE;CAF-CAPS-10;2;7051.8;0;14103.6;
19/06/2025;FAC 0003-00042434;FAC;C9001;CONSUMIDOR FINAL;CAF-COLOM-250;2;9142.57;0;18285.14;
20/05/2025;FAC 0003-00041869;FAC;C9002;VENTA ONLINE;CAF-DESCA-250;3;8073.01;0;24219.02;
15/02/2025;FAC 0003-00040743;FAC;C9001;CONSUMIDOR FINAL;CAF-BLEND-250;2;5723.2;0;11446.4;
21/03/2025;FAC 0003-00040964;FAC;C9002;VENTA ONLINE;CAF-BLEND-250;2;5849.11;0;11698.22;
26/06/2025;NC 0003-00001237;NC;C0001;GRANOS DEL SUR S.A.;CAF-BLEND-1K;-8;20069.06;40;-96331.48;
16/01/2025;FAC 0003-00040011;FAC;C0101;El Almacen de Palermo II;CAF-BLEND-1K;6;18000.0;35;70200.0;R. Ibarra
09/05/2025;FAC 0003-00041758;FAC;C9002;VENTA ONLINE;CAF-ETIOP-250;2;10363.99;0;20727.99;
21/04/2025;FAC 0003-00041288;FAC;C9002;VENTA ONLINE;CAF-ETIOP-250;2;10140.9;0;20281.79;
18/03/2025;FAC 0003-00040999;FAC;C9002;VENTA ONLINE;CAF-ETIOP-250;1;9922.6;0;9922.6;
28/02/2025;FAC 0003-00040651;FAC;C9002;VENTA ONLINE;CAF-COLOM-250;3;8380.4;0;25141.2;
14/03/2025;FAC 0003-00041236;FAC;C9001;CONSUMIDOR FINAL;CAF-ETIOP-250;1;9922.6;0;9922.6;
19/02/2025;FAC 0003-00040639;FAC;C9002;VENTA ONLINE;CAF-ETIOP-250;2;9709.0;0;19418.0;
01/05/2025;FAC 0003-00042031;FAC;C9001;CONSUMIDOR FINAL;CAF-COLOM-250;1;8945.76;0;8945.76;
17/04/2025;FAC 0003-00041598;FAC;C9001;CONSUMIDOR FINAL;CAF-BLEND-250;2;5977.79;0;11955.58;
12/03/2025;FAC 0003-00041055;FAC;C9002;VENTA ONLINE;CAF-BLEND-250;2;5849.11;0;11698.22;
14/01/2025;FAC 0003-00040204;FAC;C9002;VENTA ONLINE;CAF-BLEND-250;2;5600.0;0;11200.0;
19/06/2025;FAC 0003-00042229;FAC;C9002;VENTA ONLINE;CAP-TAZA;3;9923.03;0;29769.1;
05/01/2025;FAC 0003-00040349;FAC;C9001;CONSUMIDOR FINAL;CAF-COLOM-250;1;8200.0;0;8200.0;
17/03/2025;FAC 0003-00040994;FAC;C9002;VENTA ONLINE;CAF-ETIOP-250;2;9922.6;0;19845.2;
02/03/2025;FAC 0003-00040881;FAC;C0133;El Almacen de Barracas II;CAF-BLEND-1K;8;18800.71;35;97763.7;
14/05/2025;FAC 0003-00041879;FAC;C9002;VENTA ONLINE;CAF-BRAS-250;1;5782.02;0;5782.02;
22/06/2025;FAC 0003-00042234;FAC;C9002;VENTA ONLINE;CAF-ETIOP-250;3;10592.0;0;31776.01;
20/01/2025;FAC 0003-00040253;FAC;C9002;VENTA ONLINE;CAF-ETIOP-250;3;9500.0;0;28500.0;
27/06/2025;FAC 0003-00042117;FAC;C0121;Panaderia Chacarita II;CAF-BRAS-1K;5;18954.11;35;61600.86;M. Paz
02/03/2025;FAC 0003-00041053;FAC;C9002;VENTA ONLINE;CAF-COLOM-250;1;8564.77;0;8564.77;
03/02/2025;FAC 0003-00040430;FAC;C0106;El Almacen de Nunez;CAF-BLEND-1K;7;18396.0;30;90140.4;
10/06/2025;FAC 0003-00042215;FAC;C9002;VENTA ONLINE;CAF-BRAS-250;3;5909.22;0;17727.67;
13/02/2025;FAC 0003-00040616;FAC;C9002;VENTA ONLINE;CAF-DESCA-250;2;7562.8;0;15125.6;
12/06/2025;FAC 0003-00042388;FAC;C9002;VENTA ONLINE;CAP-TAZA;1;9923.03;0;9923.03;
22/02/2025;FAC 0003-00040678;FAC;C9002;VENTA ONLINE;CAF-CAPS-10;3;7051.8;0;21155.4;
14/04/2025;FAC 0003-00041536;FAC;C9001;CONSUMIDOR FINAL;CAF-BLEND-250;1;5977.79;0;5977.79;
26/06/2025;FAC 0003-00042328;FAC;C9002;VENTA ONLINE;CAF-COLOM-250;1;9142.57;0;9142.57;
16/01/2025;FAC 0003-00040223;FAC;C9002;VENTA ONLINE;CAF-CAPS-10;3;6900.0;0;20700.0;
08/02/2025;FAC 0003-00040602;FAC;C9002;VENTA ONLINE;CAF-COLOM-250;3;8380.4;0;25141.2;
25/05/2025;FAC 0003-00042043;FAC;C9001;CONSUMIDOR FINAL;CAF-BLEND-250;1;6109.3;0;6109.3;
01/06/2025;FAC 0003-00042181;FAC;C9002;VENTA ONLINE;CAF-COLOM-250;1;9142.57;0;9142.57;
04/01/2025;FAC 0003-00040153;FAC;C9002;VENTA ONLINE;CAF-DESCA-250;3;7400.0;0;22200.0;
26/02/2025;FAC 0003-00040517;FAC;C9002;VENTA ONLINE;CAF-BLEND-250;3;5723.2;0;17169.6;
16/03/2025;FAC 0003-00041073;FAC;C9002;VENTA ONLINE;CAF-BLEND-250;2;5849.11;0;11698.22;
12/06/2025;FAC 0003-00042490;FAC;C9001;CONSUMIDOR FINAL;CAF-BLEND-1K;1;20069.06;0;20069.06;
10/03/2025;FAC 0003-00040983;FAC;C9002;VENTA ONLINE;CAF-BRAS-250;3;5535.77;0;16607.3;
05/04/2025;FAC 0003-00041379;FAC;C9002;VENTA ONLINE;CAF-ETIOP-250;2;10140.9;0;20281.79;
17/04/2025;FAC 0003-00041278;FAC;C0131;Tostado Coghlan II;CAF-BRAS-1K;7;18146.87;35;82568.24;R. Ibarra
04/03/2025;FAC 0003-00040839;FAC;C0001;GRANOS DEL SUR S.A.;BLEND1K;52;18800.71;40;586582.21;M. Paz
25/04/2025;FAC 0003-00041327;FAC;C9002;VENTA ONLINE;CAF-DESCA-250;1;7899.22;0;7899.22;
03/02/2025;FAC 0003-00040571;FAC;C9002;VENTA ONLINE;CAF-ETIOP-250;3;9709.0;0;29127.0;
19/03/2025;FAC 0003-00041111;FAC;C9002;VENTA ONLINE;CAF-COLOM-250;1;8564.77;0;8564.77;
06/01/2025;FAC 0003-00040023;FAC;C0110;Panaderia Devoto;CAF-BRAS-1K;4;17000.0;35;44200.0;R. Ibarra
06/01/2025;FAC 0003-00040023;FAC;C0110;Panaderia Devoto;CAF-BLEND-1K;9;18000.0;35;105300.0;R. Ibarra
19/03/2025;FAC 0003-00041169;FAC;C9001;CONSUMIDOR FINAL;CAF-ETIOP-250;1;9922.6;0;9922.6;
19/06/2025;FAC 0003-00042228;FAC;C9002;VENTA ONLINE;CAF-ETIOP-250;2;10592.0;0;21184.01;
25/02/2025;FAC 0003-00040483;FAC;C9002;VENTA ONLINE;CAF-COLOM-250;3;8380.4;0;25141.2;
21/06/2025;FAC 0003-00042456;FAC;C9001;CONSUMIDOR FINAL;CAF-BLEND-250;2;6243.71;0;12487.41;
01/03/2025;FAC 0003-00040868;FAC;C0123;La Ventanita de Almagro II;CAF-BLEND-1K;6;18800.71;35;73322.78;
08/05/2025;FAC 0003-00041881;FAC;C9002;VENTA ONLINE;CAF-DESCA-250;1;8073.01;0;8073.01;
17/06/2025;FAC 0003-00042281;FAC;C9002;VENTA ONLINE;CAF-BRAS-250;2;5909.22;0;11818.45;
27/02/2025;FAC 0003-00040674;FAC;C9002;VENTA ONLINE;CAF-COLOM-250;2;8380.4;0;16760.8;
11/02/2025;FAC 0003-00040645;FAC;C9002;VENTA ONLINE;CAF-ETIOP-250;1;9709.0;0;9709.0;
14/02/2025;FAC 0003-00040625;FAC;C9002;VENTA ONLINE;CAF-BLEND-250;2;5723.2;0;11446.4;
04/01/2025;FAC 0003-00040311;FAC;C9001;CONSUMIDOR FINAL;CAF-BLEND-250;2;5600.0;0;11200.0;
10/05/2025;FAC 0003-00041705;FAC;C9002;VENTA ONLINE;CAF-DESCA-250;2;8073.01;0;16146.01;
06/02/2025;FAC 0003-00040662;FAC;C9002;VENTA ONLINE;CAP-TAZA;3;9095.8;0;27287.4;
21/04/2025;FAC 0003-00041518;FAC;C9002;VENTA ONLINE;CAF-COLOM-250;1;8753.19;0;8753.19;
06/02/2025;FAC 0003-00040567;FAC;C9002;VENTA ONLINE;CAF-BLEND-250;1;5723.2;0;5723.2;
02/03/2025;FAC 0003-00040961;FAC;C9002;VENTA ONLINE;CAP-FILTRO-100;2;3342.35;0;6684.7;
09/05/2025;FAC 0003-00042079;FAC;C9001;CONSUMIDOR FINAL;CAF-COLOM-250;1;8945.76;0;8945.76;
12/03/2025;FAC 0003-00040845;FAC;C0100;Cafe Palermo;CAP-FILTRO-100;5;3342.35;32;11363.99;M. Paz
14/06/2025;FAC 0003-00042132;FAC;C0133;El Almacen de Barracas II;CAF-BLEND-1K;6;20069.06;35;78269.33;M. Paz
18/06/2025;FAC 0003-00042144;FAC;C9002;VENTA ONLINE;CAF-COLOM-250;3;9142.57;0;27427.71;
28/02/2025;FAC 0003-00040714;FAC;C9001;CONSUMIDOR FINAL;CAF-BLEND-250;2;5723.2;0;11446.4;
13/02/2025;FAC 0003-00040794;FAC;C9001;CONSUMIDOR FINAL;CAF-ETIOP-250;2;9709.0;0;19418.0;
01/01/2025;FAC 0003-00040237;FAC;C9002;VENTA ONLINE;CAF-COLOM-250;3;8200.0;0;24600.0;
27/02/2025;FAC 0003-00040687;FAC;C9002;VENTA ONLINE;CAF-COLOM-250;1;8380.4;0;8380.4;
04/03/2025;FAC 0003-00041156;FAC;C9001;CONSUMIDOR FINAL;CAF-COLOM-250;2;8564.77;0;17129.54;
07/03/2025;FAC 0003-00040933;FAC;C9002;VENTA ONLINE;CAF-DESCA-250;3;7729.18;0;23187.54;
04/04/2025;FAC 0003-00041464;FAC;C9002;VENTA ONLINE;CAF-BLEND-250;1;5977.79;0;5977.79;
20/06/2025;FAC 0003-00042105;FAC;C0111;Cafe Devoto II;CAF-ETIOP-250;11;10592.0;35;75732.82;M. Paz
20/03/2025;FAC 0003-00041212;FAC;C9001;CONSUMIDOR FINAL;CAF-BLEND-250;2;5849.11;0;11698.22;
01/06/2025;FAC 0003-00042090;FAC;C0101;El Almacen de Palermo II;CAF-BLEND-1K;8;20069.06;35;104359.1;
13/01/2025;FAC 0003-00040240;FAC;C9002;VENTA ONLINE;CAF-COLOM-250;2;8200.0;0;16400.0;
15/03/2025;FAC 0003-00041042;FAC;C9002;VENTA ONLINE;CAF-COLOM-250;1;8564.77;0;8564.77;
15/05/2025;FAC 0003-00042040;FAC;C9001;CONSUMIDOR FINAL;CAF-BLEND-250;2;6109.3;0;12218.6;
12/05/2025;FAC 0003-00041915;FAC;C9002;VENTA ONLINE;CAF-COLOM-250;1;8945.76;0;8945.76;
07/05/2025;FAC 0003-00041819;FAC;C9002;VENTA ONLINE;CAF-COLOM-250;3;8945.76;0;26837.29;
24/04/2025;FAC 0003-00041413;FAC;C9002;VENTA ONLINE;CAF-BLEND-250;1;5977.79;0;5977.79;
15/01/2025;FAC 0003-00040158;FAC;C9002;VENTA ONLINE;CAF-BRAS-250;3;5300.0;0;15900.0;
07/04/2025;FAC 0003-00041497;FAC;C9002;VENTA ONLINE;CAF-COLOM-250;2;8753.19;0;17506.39;
13/06/2025;NC 0003-00001241;NC;C0107;La Ventanita de Nunez II;CAF-BRAS-1K;-2;18954.11;35;-24640.34;
23/03/2025;FAC 0003-00041098;FAC;C9002;VENTA ONLINE;CAF-BLEND-250;1;5849.11;0;5849.11;
10/04/2025;FAC 0003-00041474;FAC;C9002;VENTA ONLINE;CAF-COLOM-250;1;8753.19;0;8753.19;
23/04/2025;FAC 0003-00041246;FAC;C0100;Cafe Palermo;CAF-BLEND-1K;3;19214.33;32;39197.23;
27/01/2025;FAC 0003-00040367;FAC;C9001;CONSUMIDOR FINAL;CAF-ETIOP-250;1;9500.0;0;9500.0;
08/05/2025;FAC 0003-00041655;FAC;C0104;Tostado Villa Crespo;CAF-BLEND-1K;6;19637.04;35;76584.47;
14/04/2025;FAC 0003-00041266;FAC;C0120;Tostado Chacarita;CAF-BLEND-1K;9;19214.33;32;117591.69;
23/05/2025;FAC 0003-00041733;FAC;C9002;VENTA ONLINE;CAF-ETIOP-250;1;10363.99;0;10363.99;
17/01/2025;FAC 0003-00040389;FAC;C9001;CONSUMIDOR FINAL;CAF-ETIOP-250;1;9500.0;0;9500.0;
11/04/2025;FAC 0003-00041489;FAC;C9002;VENTA ONLINE;CAF-BRAS-250;3;5657.55;0;16972.66;
07/06/2025;FAC 0003-00042352;FAC;C9002;VENTA ONLINE;CAP-TAZA;2;9923.03;0;19846.07;
28/04/2025;FAC 0003-00041524;FAC;C9002;VENTA ONLINE;CAF-BLEND-250;1;5977.79;0;5977.79;
06/04/2025;FAC 0003-00041321;FAC;C9002;VENTA ONLINE;CAP-TAZA;3;9500.42;0;28501.25;
17/05/2025;NC 0003-00001233;NC;C0135;Coffee Lab Agronomia II;CAF-BRAS-1K;-5;18546.1;30;-64911.34;
28/05/2025;FAC 0003-00042067;FAC;C9001;CONSUMIDOR FINAL;CAF-ETIOP-250;1;10363.99;0;10363.99;
16/03/2025;FAC 0003-00041010;FAC;C9002;VENTA ONLINE;CAF-COLOM-250;2;8564.77;0;17129.54;
04/03/2025;FAC 0003-00040900;FAC;C9002;VENTA ONLINE;CAF-ETIOP-250;3;9922.6;0;29767.79;
27/05/2025;FAC 0003-00041796;FAC;C9002;VENTA ONLINE;CAF-COLOM-250;1;8945.76;0;8945.76;
05/05/2025;FAC 0003-00041882;FAC;C9002;VENTA ONLINE;CAF-ETIOP-250;2;10363.99;0;20727.99;
23/05/2025;FAC 0003-00041931;FAC;C9002;VENTA ONLINE;CAF-CAPS-10;2;7527.53;0;15055.07;
10/05/2025;FAC 0003-00041877;FAC;C9002;VENTA ONLINE;CAF-BRAS-250;2;5782.02;0;11564.04;
07/05/2025;FAC 0003-00041717;FAC;C9002;VENTA ONLINE;CAP-TAZA;2;9709.43;0;19418.85;
24/05/2025;FAC 0003-00041901;FAC;C9002;VENTA ONLINE;CAF-COLOM-250;1;8945.76;0;8945.76;
21/04/2025;FAC 0003-00041486;FAC;C9002;VENTA ONLINE;CAF-COLOM-250;3;8753.19;0;26259.58;
03/05/2025;FAC 0003-00041759;FAC;C9002;VENTA ONLINE;CAF-BLEND-250;3;6109.3;0;18327.91;
11/06/2025;FAC 0003-00042129;FAC;C0131;Tostado Coghlan II;CAF-BLEND-1K;3;20069.06;35;39134.66;M. Paz
15/02/2025;FAC 0003-00040452;FAC;C0124;Coffee Lab Flores;CAF-BRAS-1K;8;17374.0;35;90344.8;R. Ibarra
06/04/2025;FAC 0003-00041326;FAC;C9002;VENTA ONLINE;CAF-DESCA-250;3;7899.22;0;23697.67;
25/06/2025;FAC 0003-00042370;FAC;C9002;VENTA ONLINE;CAP-FILTRO-100;2;3567.83;0;7135.67;
19/01/2025;FAC 0003-00040110;FAC;C9002;VENTA ONLINE;CAF-ETIOP-250;2;9500.0;0;19000.0;
22/01/2025;FAC 0003-00040117;FAC;C9002;VENTA ONLINE;CAF-BLEND-250;2;5600.0;0;11200.0;
19/06/2025;FAC 0003-00042314;FAC;C9002;VENTA ONLINE;CAP-TAZA;3;9923.03;0;29769.1;
02/02/2025;FAC 0003-00040832;FAC;C9001;CONSUMIDOR FINAL;CAF-COLOM-250;2;8380.4;0;16760.8;
23/05/2025;FAC 0003-00041783;FAC;C9002;VENTA ONLINE;CAF-BRAS-250;2;5782.02;0;11564.04;
07/05/2025;FAC 0003-00042008;FAC;C9001;CONSUMIDOR FINAL;CAF-BLEND-250;2;6109.3;0;12218.6;
13/05/2025;FAC 0003-00041810;FAC;C9002;VENTA ONLINE;CAF-BLEND-250;3;6109.3;0;18327.91;
15/01/2025;FAC 0003-00040225;FAC;C9002;VENTA ONLINE;CAF-BLEND-250;3;5600.0;0;16800.0;
17/05/2025;FAC 0003-00041798;FAC;C9002;VENTA ONLINE;CAF-BRAS-250;3;5782.02;0;17346.05;
16/01/2025;FAC 0003-00040052;FAC;C0138;El Almacen de Constitucion;CAF-BRAS-1K;4;17000.0;30;47600.0;
18/06/2025;FAC 0003-00042167;FAC;C9002;VENTA ONLINE;CAF-CAPS-10;2;7693.14;0;15386.28;
23/01/2025;FAC 0003-00040412;FAC;C9001;CONSUMIDOR FINAL;CAF-BLEND-250;2;5600.0;0;11200.0;
02/04/2025;FAC 0003-00041435;FAC;C9002;VENTA ONLINE;CAF-BRAS-250;3;5657.55;0;16972.66;
17/03/2025;FAC 0003-00040873;FAC;C0128;La Ventanita de San Telmo;CAF-BRAS-1K;3;17756.23;32;36222.71;M. Paz
03/02/2025;FAC 0003-00040449;FAC;C0123;La Ventanita de Almagro II;CAP-FILTRO-100;4;3270.4;35;8503.04;M. Paz
27/05/2025;FAC 0003-00041875;FAC;C9002;VENTA ONLINE;CAF-ETIOP-250;2;10363.99;0;20727.99;
11/04/2025;FAC 0003-00041436;FAC;C9002;VENTA ONLINE;CAP-TAZA;2;9500.42;0;19000.84;
26/03/2025;FAC 0003-00041074;FAC;C9002;VENTA ONLINE;CAF-COLOM-250;1;8564.77;0;8564.77;
07/06/2025;FAC 0003-00042441;FAC;C9001;CONSUMIDOR FINAL;CAF-BLEND-1K;2;20069.06;0;40138.12;
21/02/2025;NC 0003-00001215;NC;C0101;El Almacen de Palermo II;CAF-BRAS-1K;-5;17374.0;35;-56465.5;
02/03/2025;FAC 0003-00040932;FAC;C9002;VENTA ONLINE;CAF-BRAS-250;2;5535.77;0;11071.53;
24/04/2025;FAC 0003-00041570;FAC;C9001;CONSUMIDOR FINAL;CAP-FILTRO-100;1;3415.88;0;3415.88;
23/05/2025;FAC 0003-00041790;FAC;C9002;VENTA ONLINE;CAF-BRAS-250;1;5782.02;0;5782.02;
25/06/2025;FAC 0003-00042237;FAC;C9002;VENTA ONLINE;CAF-COLOM-250;1;9142.57;0;9142.57;
15/06/2025;FAC 0003-00042374;FAC;C9002;VENTA ONLINE;CAF-BRAS-250;1;5909.22;0;5909.22;
17/05/2025;FAC 0003-00041672;FAC;C0118;Bar Saavedra;CAF-BRAS-1K;2;18546.1;32;25222.69;M. Paz
09/01/2025;FAC 0003-00040137;FAC;C9002;VENTA ONLINE;CAF-COLOM-250;2;8200.0;0;16400.0;
16/06/2025;FAC 0003-00042411;FAC;C9001;CONSUMIDOR FINAL;CAF-ETIOP-250;1;10592.0;0;10592.0;
24/04/2025;FAC 0003-00041534;FAC;C9001;CONSUMIDOR FINAL;CAF-ETIOP-250;1;10140.9;0;10140.9;
16/01/2025;FAC 0003-00040308;FAC;C9001;CONSUMIDOR FINAL;CAF-COLOM-250;2;8200.0;0;16400.0;
16/03/2025;FAC 0003-00041015;FAC;C9002;VENTA ONLINE;CAF-ETIOP-250;3;9922.6;0;29767.79;
16/01/2025;FAC 0003-00040043;FAC;C0130;Usina Coghlan;CAF-BLEND-1K;5;18000.0;30;63000.0;
24/01/2025;FAC 0003-00040206;FAC;C9002;VENTA ONLINE;CAF-ETIOP-250;3;9500.0;0;28500.0;
01/01/2025;FAC 0003-00040027;FAC;C0113;Bar Recoleta II;CAP-FILTRO-100;2;3200.0;30;4480.0;M. Paz
11/05/2025;FAC 0003-00041767;FAC;C9002;VENTA ONLINE;CAF-COLOM-250;1;8945.76;0;8945.76;
18/01/2025;FAC 0003-00040053;FAC;C0139;La Ventanita de Constitucion II;CAF-BRAS-1K;8;17000.0;30;95200.0;R. Ibarra
09/01/2025;FAC 0003-00040407;FAC;C9001;CONSUMIDOR FINAL;CAF-BLEND-250;1;5600.0;0;5600.0;
10/05/2025;FAC 0003-00042009;FAC;C9001;CONSUMIDOR FINAL;CAP-FILTRO-100;1;3491.03;0;3491.03;
28/02/2025;FAC 0003-00040548;FAC;C9002;VENTA ONLINE;CAP-TAZA;2;9095.8;0;18191.6;
07/01/2025;FAC 0003-00040007;FAC;C0001;GRANOS DEL SUR S.A.;CAF-BLEND-1K;52;18000.0;40;561600.0;R. Ibarra
09/05/2025;FAC 0003-00041698;FAC;C9002;VENTA ONLINE;CAF-COLOM-250;1;8945.76;0;8945.76;
18/06/2025;FAC 0003-00042295;FAC;C9002;VENTA ONLINE;CAF-ETIOP-250;3;10592.0;0;31776.01;
24/02/2025;FAC 0003-00040428;FAC;C0104;Tostado Villa Crespo;CAF-BLEND-1K;9;18396.0;35;107616.6;
18/06/2025;FAC 0003-00042125;FAC;C0128;La Ventanita de San Telmo;CAP-FILTRO-100;6;3567.83;32;14556.76;M. Paz
27/04/2025;FAC 0003-00041358;FAC;C9002;VENTA ONLINE;CAF-BRAS-250;1;5657.55;0;5657.55;
02/05/2025;FAC 0003-00041868;FAC;C9002;VENTA ONLINE;CAF-BRAS-250;1;5782.02;0;5782.02;
04/03/2025;FAC 0003-00040900;FAC;C9002;VENTA ONLINE;CAF-BLEND-250;1;5849.11;0;5849.11;
23/04/2025;FAC 0003-00041495;FAC;C9002;VENTA ONLINE;CAF-COLOM-250;2;8753.19;0;17506.39;
10/03/2025;FAC 0003-00041086;FAC;C9002;VENTA ONLINE;CAF-COLOM-250;3;8564.77;0;25694.31;
04/01/2025;FAC 0003-00040356;FAC;C9001;CONSUMIDOR FINAL;CAF-COLOM-250;2;8200.0;0;16400.0;
03/01/2025;FAC 0003-00040004;FAC;C0001;GRANOS DEL SUR S.A.;CAF-BRAS-1K;12;17000.0;40;122400.0;R. Ibarra
20/04/2025;FAC 0003-00041256;FAC;C0109;Usina Colegiales II;CAF-BLEND-1K;8;19214.33;32;104525.94;R. Ibarra
07/04/2025;FAC 0003-00041296;FAC;C9002;VENTA ONLINE;CAF-BLEND-250;3;5977.79;0;17933.37;
21/05/2025;FAC 0003-00041809;FAC;C9002;VENTA ONLINE;CAF-BRAS-250;3;5782.02;0;17346.05;
11/01/2025;FAC 0003-00040095;FAC;C9002;VENTA ONLINE;CAF-ETIOP-250;1;9500.0;0;9500.0;
10/02/2025;FAC 0003-00040469;FAC;C0137;Panaderia Villa Urquiza II;CAF-ETIOP-250;5;9709.0;30;33981.5;
15/06/2025;FAC 0003-00042101;FAC;C0109;Usina Colegiales II;CAF-BLEND-1K;6;20069.06;32;81881.76;
02/04/2025;FAC 0003-00041634;FAC;C9001;CONSUMIDOR FINAL;CAF-ETIOP-250;2;10140.9;0;20281.79;
19/04/2025;FAC 0003-00041341;FAC;C9002;VENTA ONLINE;CAP-TAZA;2;9500.42;0;19000.84;
10/01/2025;FAC 0003-00040179;FAC;C9002;VENTA ONLINE;CAF-BRAS-250;2;5300.0;0;10600.0;
02/03/2025;FAC 0003-00041130;FAC;C9001;CONSUMIDOR FINAL;CAP-FILTRO-100;2;3342.35;0;6684.7;
06/03/2025;FAC 0003-00040991;FAC;C9002;VENTA ONLINE;CAF-BLEND-250;2;5849.11;0;11698.22;
21/04/2025;FAC 0003-00041518;FAC;C9002;VENTA ONLINE;CAF-BLEND-250;3;5977.79;0;17933.37;
10/02/2025;FAC 0003-00040619;FAC;C9002;VENTA ONLINE;CAF-BLEND-250;1;5723.2;0;5723.2;
16/06/2025;FAC 0003-00042300;FAC;C9002;VENTA ONLINE;CAF-BRAS-250;1;5909.22;0;5909.22;
20/04/2025;FAC 0003-00041283;FAC;C0135;Coffee Lab Agronomia II;CAF-BLEND-1K;4;19214.33;30;53800.12;R. Ibarra
26/06/2025;FAC 0003-00042430;FAC;C9001;CONSUMIDOR FINAL;CAF-COLOM-250;2;9142.57;0;18285.14;
07/06/2025;FAC 0003-00042212;FAC;C9002;VENTA ONLINE;CAF-CAPS-10;3;7693.14;0;23079.42;
18/04/2025;FAC 0003-00041370;FAC;C9002;VENTA ONLINE;CAF-ETIOP-250;1;10140.9;0;10140.9;
02/06/2025;FAC 0003-00042298;FAC;C9002;VENTA ONLINE;CAF-BLEND-250;3;6243.71;0;18731.12;
18/05/2025;FAC 0003-00041696;FAC;C0138;El Almacen de Constitucion;CAF-BRAS-1K;3;18546.1;30;38946.8;
09/04/2025;FAC 0003-00041515;FAC;C9002;VENTA ONLINE;CAF-ETIOP-250;2;10140.9;0;20281.79;
12/06/2025;FAC 0003-00042190;FAC;C9002;VENTA ONLINE;CAF-BLEND-250;2;6243.71;0;12487.41;
25/01/2025;FAC 0003-00040134;FAC;C9002;VENTA ONLINE;CAF-BLEND-250;3;5600.0;0;16800.0;
28/05/2025;FAC 0003-00041906;FAC;C9002;VENTA ONLINE;CAF-CAPS-10;2;7527.53;0;15055.07;
12/03/2025;FAC 0003-00040852;FAC;C0106;El Almacen de Nunez;CAF-BLEND-1K;10;18800.71;30;131604.98;
03/02/2025;FAC 0003-00040510;FAC;C9002;VENTA ONLINE;CAP-FILTRO-100;3;3270.4;0;9811.2;
08/03/2025;FAC 0003-00041028;FAC;C9002;VENTA ONLINE;CAP-FILTRO-100;1;3342.35;0;3342.35;
21/04/2025;FAC 0003-00041351;FAC;C9002;VENTA ONLINE;CAF-DESCA-250;3;7899.22;0;23697.67;
11/05/2025;FAC 0003-00041742;FAC;C9002;VENTA ONLINE;CAF-COLOM-250;2;8945.76;0;17891.53;
02/06/2025;FAC 0003-00042191;FAC;C9002;VENTA ONLINE;CAF-COLOM-250;1;9142.57;0;9142.57;
10/02/2025;FAC 0003-00040499;FAC;C9002;VENTA ONLINE;CAF-BLEND-250;2;5723.2;0;11446.4;
17/06/2025;FAC 0003-00042246;FAC;C9002;VENTA ONLINE;CAF-COLOM-250;2;9142.57;0;18285.14;
23/06/2025;FAC 0003-00042265;FAC;C9002;VENTA ONLINE;CAF-ETIOP-250;3;10592.0;0;31776.01;
11/04/2025;FAC 0003-00041484;FAC;C9002;VENTA ONLINE;CAF-COLOM-250;1;8753.19;0;8753.19;
09/03/2025;FAC 0003-00041159;FAC;C9001;CONSUMIDOR FINAL;CAF-COLOM-250;1;8564.77;0;8564.77;
17/01/2025;FAC 0003-00040230;FAC;C9002;VENTA ONLINE;CAF-COLOM-250;3;8200.0;0;24600.0;
18/03/2025;FAC 0003-00040942;FAC;C9002;VENTA ONLINE;CAF-BLEND-250;3;5849.11;0;17547.33;
03/03/2025;FAC 0003-00041163;FAC;C9001;CONSUMIDOR FINAL;CAF-BLEND-1K;1;18800.71;0;18800.71;
13/03/2025;FAC 0003-00041056;FAC;C9002;VENTA ONLINE;CAF-BRAS-250;3;5535.77;0;16607.3;
28/06/2025;FAC 0003-00042502;FAC;C9001;CONSUMIDOR FINAL;CAF-COLOM-250;1;9142.57;0;9142.57;
04/02/2025;FAC 0003-00040808;FAC;C9001;CONSUMIDOR FINAL;CAF-BLEND-250;1;5723.2;0;5723.2;
11/06/2025;FAC 0003-00042162;FAC;C9002;VENTA ONLINE;CAF-BRAS-250;3;5909.22;0;17727.67;
16/03/2025;FAC 0003-00040948;FAC;C9002;VENTA ONLINE;CAF-BRAS-250;1;5535.77;0;5535.77;
26/05/2025;FAC 0003-00041990;FAC;C9001;CONSUMIDOR FINAL;CAP-FILTRO-100;1;3491.03;0;3491.03;
10/03/2025;FAC 0003-00041185;FAC;C9001;CONSUMIDOR FINAL;CAF-BLEND-250;1;5849.11;0;5849.11;
04/03/2025;FAC 0003-00041092;FAC;C9002;VENTA ONLINE;CAF-ETIOP-250;1;9922.6;0;9922.6;
18/05/2025;FAC 0003-00041827;FAC;C9002;VENTA ONLINE;CAF-DESCA-250;2;8073.01;0;16146.01;
24/04/2025;FAC 0003-00041392;FAC;C9002;VENTA ONLINE;CAF-COLOM-250;3;8753.19;0;26259.58;
11/03/2025;FAC 0003-00041235;FAC;C9001;CONSUMIDOR FINAL;CAF-COLOM-250;1;8564.77;0;8564.77;
02/06/2025;FAC 0003-00042498;FAC;C9001;CONSUMIDOR FINAL;CAF-COLOM-250;2;9142.57;0;18285.14;
25/05/2025;FAC 0003-00041941;FAC;C9002;VENTA ONLINE;CAF-CAPS-10;3;7527.53;0;22582.6;
18/06/2025;FAC 0003-00042414;FAC;C9001;CONSUMIDOR FINAL;CAF-BLEND-250;2;6243.71;0;12487.41;
02/05/2025;FAC 0003-00041800;FAC;C9002;VENTA ONLINE;CAF-CAPS-10;2;7527.53;0;15055.07;
10/03/2025;FAC 0003-00041160;FAC;C9001;CONSUMIDOR FINAL;CAF-ETIOP-250;2;9922.6;0;19845.2;
12/02/2025;FAC 0003-00040450;FAC;C0123;La Ventanita de Almagro II;CAF-BLEND-1K;3;18396.0;35;35872.2;
14/03/2025;FAC 0003-00040898;FAC;C9002;VENTA ONLINE;CAF-ETIOP-250;2;9922.6;0;19845.2;
24/04/2025;FAC 0003-00041263;FAC;C0116;Cafe Caballito;CAF-BRAS-1K;7;18146.87;32;86379.08;M. Paz
24/05/2025;FAC 0003-00041916;FAC;C9002;VENTA ONLINE;CAF-BRAS-250;1;5782.02;0;5782.02;
22/03/2025;FAC 0003-00041157;FAC;C9001;CONSUMIDOR FINAL;CAF-BLEND-250;2;5849.11;0;11698.22;
25/01/2025;FAC 0003-00040265;FAC;C9001;CONSUMIDOR FINAL;CAF-BLEND-250;2;5600.0;0;11200.0;
24/01/2025;FAC 0003-00040231;FAC;C9002;VENTA ONLINE;CAP-FILTRO-100;2;3200.0;0;6400.0;
21/06/2025;FAC 0003-00042373;FAC;C9002;VENTA ONLINE;CAF-COLOM-250;3;9142.57;0;27427.71;
25/02/2025;FAC 0003-00040691;FAC;C9002;VENTA ONLINE;CAF-COLOM-250;2;8380.4;0;16760.8;
05/05/2025;FAC 0003-00041769;FAC;C9002;VENTA ONLINE;CAF-DESCA-250;1;8073.01;0;8073.01;
16/05/2025;FAC 0003-00041965;FAC;C9001;CONSUMIDOR FINAL;CAF-ETIOP-250;2;10363.99;0;20727.99;
13/05/2025;FAC 0003-00041765;FAC;C9002;VENTA ONLINE;CAF-ETIOP-250;2;10363.99;0;20727.99;
22/05/2025;FAC 0003-00041709;FAC;C9002;VENTA ONLINE;CAF-BRAS-250;3;5782.02;0;17346.05;
24/01/2025;FAC 0003-00040077;FAC;C9002;VENTA ONLINE;CAF-COLOM-250;3;8200.0;0;24600.0;
26/01/2025;FAC 0003-00040008;FAC;C0001;GRANOS DEL SUR S.A.;BLEND1K;51;18000.0;40;550800.0;R. Ibarra
23/03/2025;FAC 0003-00041031;FAC;C9002;VENTA ONLINE;CAF-COLOM-250;3;8564.77;0;25694.31;
01/04/2025;FAC 0003-00041248;FAC;C0103;Coffee Lab Belgrano II;CAP-FILTRO-100;6;3415.88;35;13321.93;
06/01/2025;FAC 0003-00040006;FAC;C0001;GRANOS DEL SUR S.A.;CAF-BLEND-CJ6;11;102000.0;40;673200.0;R. Ibarra
24/03/2025;FAC 0003-00041071;FAC;C9002;VENTA ONLINE;CAF-COLOM-250;1;8564.77;0;8564.77;
22/01/2025;FAC 0003-00040229;FAC;C9002;VENTA ONLINE;CAF-BLEND-250;3;5600.0;0;16800.0;
04/05/2025;FAC 0003-00041919;FAC;C9002;VENTA ONLINE;CAP-TAZA;3;9709.43;0;29128.28;
08/06/2025;FAC 0003-00042202;FAC;C9002;VENTA ONLINE;CAF-CAPS-10;2;7693.14;0;15386.28;
23/05/2025;FAC 0003-00041770;FAC;C9002;VENTA ONLINE;CAP-TAZA;2;9709.43;0;19418.85;
16/01/2025;FAC 0003-00040169;FAC;C9002;VENTA ONLINE;CAF-ETIOP-250;2;9500.0;0;19000.0;
23/06/2025;FAC 0003-00042135;FAC;C0135;Coffee Lab Agronomia II;CAF-BLEND-1K;8;20069.06;30;112386.72;
10/01/2025;FAC 0003-00040256;FAC;C9002;VENTA ONLINE;CAF-ETIOP-250;1;9500.0;0;9500.0;
13/05/2025;FAC 0003-00041658;FAC;C0107;La Ventanita de Nunez II;CAP-FILTRO-100;3;3491.03;35;6807.51;
16/05/2025;FAC 0003-00041704;FAC;C9002;VENTA ONLINE;CAF-BRAS-250;3;5782.02;0;17346.05;
04/04/2025;FAC 0003-00041390;FAC;C9002;VENTA ONLINE;CAP-TAZA;1;9500.42;0;9500.42;
22/01/2025;FAC 0003-00040117;FAC;C9002;VENTA ONLINE;CAF-CAPS-10;1;6900.0;0;6900.0;
07/06/2025;FAC 0003-00042241;FAC;C9002;VENTA ONLINE;CAF-COLOM-250;2;9142.57;0;18285.14;
01/02/2025;FAC 0003-00040582;FAC;C9002;VENTA ONLINE;CAF-ETIOP-250;1;9709.0;0;9709.0;
22/05/2025;FAC 0003-00042072;FAC;C9001;CONSUMIDOR FINAL;CAF-COLOM-250;2;8945.76;0;17891.53;
13/04/2025;FAC 0003-00041531;FAC;C9001;CONSUMIDOR FINAL;CAF-BLEND-250;1;5977.79;0;5977.79;
05/05/2025;FAC 0003-00042053;FAC;C9001;CONSUMIDOR FINAL;CAF-BLEND-250;1;6109.3;0;6109.3;
25/01/2025;FAC 0003-00040035;FAC;C0123;La Ventanita de Almagro II;CAP-FILTRO-100;2;3200.0;35;4160.0;R. Ibarra
05/05/2025;FAC 0003-00041859;FAC;C9002;VENTA ONLINE;CAF-COLOM-250;2;8945.76;0;17891.53;
27/06/2025;FAC 0003-00042467;FAC;C9001;CONSUMIDOR FINAL;CAF-BLEND-250;2;6243.71;0;12487.41;
17/03/2025;FAC 0003-00041167;FAC;C9001;CONSUMIDOR FINAL;CAF-ETIOP-250;2;9922.6;0;19845.2;
13/01/2025;FAC 0003-00040033;FAC;C0121;Panaderia Chacarita II;CAF-BRAS-1K;8;17000.0;35;88400.0;
17/03/2025;FAC 0003-00040873;FAC;C0128;La Ventanita de San Telmo;CAF-BLEND-1K;3;18800.71;32;38353.45;M. Paz
11/06/2025;FAC 0003-00042282;FAC;C9002;VENTA ONLINE;CAF-COLOM-250;3;9142.57;0;27427.71;
08/02/2025;FAC 0003-00040465;FAC;C0133;El Almacen de Barracas II;CAF-BLEND-1K;6;18396.0;35;71744.4;
03/02/2025;FAC 0003-00040589;FAC;C9002;VENTA ONLINE;CAF-BRAS-250;1;5416.6;0;5416.6;
26/03/2025;FAC 0003-00041154;FAC;C9001;CONSUMIDOR FINAL;CAF-COLOM-250;2;8564.77;0;17129.54;
10/01/2025;FAC 0003-00040405;FAC;C9001;CONSUMIDOR FINAL;CAP-FILTRO-100;1;3200.0;0;3200.0;
21/05/2025;FAC 0003-00041707;FAC;C9002;VENTA ONLINE;CAF-COLOM-250;3;8945.76;0;26837.29;
24/04/2025;FAC 0003-00041413;FAC;C9002;VENTA ONLINE;CAF-BRAS-250;3;5657.55;0;16972.66;
20/01/2025;FAC 0003-00040300;FAC;C9001;CONSUMIDOR FINAL;CAF-ETIOP-250;2;9500.0;0;19000.0;
16/04/2025;FAC 0003-00041569;FAC;C9001;CONSUMIDOR FINAL;CAF-ETIOP-250;2;10140.9;0;20281.79;
26/04/2025;FAC 0003-00041268;FAC;C0123;La Ventanita de Almagro II;CAP-FILTRO-100;2;3415.88;35;4440.64;
13/02/2025;FAC 0003-00040476;FAC;C9002;VENTA ONLINE;CAF-ETIOP-250;1;9709.0;0;9709.0;
11/02/2025;FAC 0003-00040438;FAC;C0113;Bar Recoleta II;CAF-BLEND-1K;5;18396.0;30;64386.0;R. Ibarra
07/01/2025;FAC 0003-00040309;FAC;C9001;CONSUMIDOR FINAL;CAF-BLEND-250;2;5600.0;0;11200.0;
14/02/2025;FAC 0003-00040418;FAC;C0001;GRANOS DEL SUR S.A.;BLEND1K;58;18396.0;40;640180.8;
02/04/2025;FAC 0003-00041623;FAC;C9001;CONSUMIDOR FINAL;CAF-BLEND-250;2;5977.79;0;11955.58;
16/06/2025;FAC 0003-00042263;FAC;C9002;VENTA ONLINE;CAF-BRAS-250;2;5909.22;0;11818.45;
13/01/2025;FAC 0003-00040307;FAC;C9001;CONSUMIDOR FINAL;CAF-COLOM-250;2;8200.0;0;16400.0;
24/02/2025;FAC 0003-00040758;FAC;C9001;CONSUMIDOR FINAL;CAF-BLEND-250;2;5723.2;0;11446.4;
21/02/2025;FAC 0003-00040666;FAC;C9002;VENTA ONLINE;CAF-BLEND-250;1;5723.2;0;5723.2;
25/04/2025;FAC 0003-00041600;FAC;C9001;CONSUMIDOR FINAL;CAF-BLEND-1K;1;19214.33;0;19214.33;
16/05/2025;FAC 0003-00041945;FAC;C9001;CONSUMIDOR FINAL;CAF-BLEND-250;2;6109.3;0;12218.6;
20/04/2025;FAC 0003-00041349;FAC;C9002;VENTA ONLINE;CAF-BRAS-250;2;5657.55;0;11315.1;
13/05/2025;FAC 0003-00041832;FAC;C9002;VENTA ONLINE;CAF-DESCA-250;1;8073.01;0;8073.01;
22/03/2025;FAC 0003-00040860;FAC;C0115;Tostado Boedo II;CAF-BLEND-1K;9;18800.71;30;118444.49;M. Paz
07/03/2025;FAC 0003-00040875;FAC;C0129;Bar San Telmo II;CAF-BLEND-1K;8;18800.71;32;102275.87;M. Paz
17/05/2025;FAC 0003-00042013;FAC;C9001;CONSUMIDOR FINAL;CAF-ETIOP-250;1;10363.99;0;10363.99;
19/06/2025;FAC 0003-00042228;FAC;C9002;VENTA ONLINE;CAF-COLOM-250;2;9142.57;0;18285.14;
17/02/2025;FAC 0003-00040557;FAC;C9002;VENTA ONLINE;CAP-TAZA;1;9095.8;0;9095.8;
24/03/2025;FAC 0003-00041000;FAC;C9002;VENTA ONLINE;CAF-BLEND-250;1;5849.11;0;5849.11;
26/01/2025;FAC 0003-00040358;FAC;C9001;CONSUMIDOR FINAL;CAF-BLEND-1K;2;18000.0;0;36000.0;
07/03/2025;FAC 0003-00041186;FAC;C9001;CONSUMIDOR FINAL;CAF-ETIOP-250;1;9922.6;0;9922.6;
23/05/2025;FAC 0003-00041849;FAC;C9002;VENTA ONLINE;CAP-FILTRO-100;3;3491.03;0;10473.09;
22/06/2025;FAC 0003-00042423;FAC;C9001;CONSUMIDOR FINAL;CAF-BLEND-250;2;6243.71;0;12487.41;
20/04/2025;FAC 0003-00041269;FAC;C0124;Coffee Lab Flores;CAF-BLEND-1K;7;19214.33;35;87425.19;M. Paz
09/06/2025;FAC 0003-00042119;FAC;C0123;La Ventanita de Almagro II;CAP-FILTRO-100;3;3567.83;35;6957.27;
14/03/2025;FAC 0003-00040958;FAC;C9002;VENTA ONLINE;CAF-ETIOP-250;1;9922.6;0;9922.6;
20/02/2025;FAC 0003-00040501;FAC;C9002;VENTA ONLINE;CAF-COLOM-250;2;8380.4;0;16760.8;
24/02/2025;FAC 0003-00040477;FAC;C9002;VENTA ONLINE;CAF-BLEND-250;3;5723.2;0;17169.6;
11/06/2025;FAC 0003-00042368;FAC;C9002;VENTA ONLINE;CAF-CAPS-10;2;7693.14;0;15386.28;
16/06/2025;FAC 0003-00042093;FAC;C0103;Coffee Lab Belgrano II;CAF-BLEND-1K;7;20069.06;35;91314.21;M. Paz
11/05/2025;FAC 0003-00041657;FAC;C0106;El Almacen de Nunez;CAF-BLEND-1K;3;19637.04;30;41237.79;
28/02/2025;FAC 0003-00040643;FAC;C9002;VENTA ONLINE;CAF-ETIOP-250;3;9709.0;0;29127.0;
04/03/2025;FAC 0003-00040839;FAC;C0001;GRANOS DEL SUR S.A.;CAF-BRAS-1K;12;17756.23;40;127844.84;M. Paz
23/01/2025;FAC 0003-00040306;FAC;C9001;CONSUMIDOR FINAL;CAF-BLEND-1K;2;18000.0;0;36000.0;
26/02/2025;FAC 0003-00040471;FAC;C0138;El Almacen de Constitucion;CAF-ETIOP-250;4;9709.0;30;27185.2;M. Paz
16/02/2025;FAC 0003-00040524;FAC;C9002;VENTA ONLINE;CAP-TAZA;1;9095.8;0;9095.8;
11/04/2025;FAC 0003-00041403;FAC;C9002;VENTA ONLINE;CAF-BRAS-250;2;5657.55;0;11315.1;
17/05/2025;FAC 0003-00041864;FAC;C9002;VENTA ONLINE;CAF-COLOM-250;3;8945.76;0;26837.29;
23/02/2025;FAC 0003-00040576;FAC;C9002;VENTA ONLINE;CAP-FILTRO-100;3;3270.4;0;9811.2;
07/06/2025;FAC 0003-00042301;FAC;C9002;VENTA ONLINE;CAF-CAPS-10;3;7693.14;0;23079.42;
04/05/2025;FAC 0003-00041938;FAC;C9002;VENTA ONLINE;CAF-CAPS-10;2;7527.53;0;15055.07;
10/06/2025;FAC 0003-00042187;FAC;C9002;VENTA ONLINE;CAF-COLOM-250;1;9142.57;0;9142.57;
25/06/2025;FAC 0003-00042284;FAC;C9002;VENTA ONLINE;CAF-BLEND-250;3;6243.71;0;18731.12;
19/06/2025;FAC 0003-00042394;FAC;C9002;VENTA ONLINE;CAF-BLEND-250;3;6243.71;0;18731.12;
28/01/2025;FAC 0003-00040156;FAC;C9002;VENTA ONLINE;CAF-CAPS-10;3;6900.0;0;20700.0;
25/05/2025;FAC 0003-00041895;FAC;C9002;VENTA ONLINE;CAF-ETIOP-250;3;10363.99;0;31091.98;
21/05/2025;FAC 0003-00041707;FAC;C9002;VENTA ONLINE;CAP-TAZA;2;9709.43;0;19418.85;
02/01/2025;FAC 0003-00040135;FAC;C9002;VENTA ONLINE;CAF-COLOM-250;3;8200.0;0;24600.0;
10/05/2025;FAC 0003-00042005;FAC;C9001;CONSUMIDOR FINAL;CAF-ETIOP-250;1;10363.99;0;10363.99;
07/04/2025;FAC 0003-00041330;FAC;C9002;VENTA ONLINE;CAF-BLEND-250;2;5977.79;0;11955.58;
03/06/2025;FAC 0003-00042116;FAC;C0120;Tostado Chacarita;CAF-BRAS-1K;4;18954.11;32;51555.18;R. Ibarra
15/04/2025;FAC 0003-00041617;FAC;C9001;CONSUMIDOR FINAL;CAF-COLOM-250;2;8753.19;0;17506.39;
18/05/2025;FAC 0003-00042049;FAC;C9001;CONSUMIDOR FINAL;CAF-BLEND-1K;2;19637.04;0;39274.09;
06/05/2025;FAC 0003-00041856;FAC;C9002;VENTA ONLINE;CAP-TAZA;3;9709.43;0;29128.28;
10/02/2025;FAC 0003-00040499;FAC;C9002;VENTA ONLINE;CAF-CAPS-10;1;7051.8;0;7051.8;
15/02/2025;FAC 0003-00040581;FAC;C9002;VENTA ONLINE;CAF-BRAS-250;2;5416.6;0;10833.2;
20/01/2025;FAC 0003-00040394;FAC;C9001;CONSUMIDOR FINAL;CAF-BLEND-250;2;5600.0;0;11200.0;
16/03/2025;FAC 0003-00040998;FAC;C9002;VENTA ONLINE;CAF-ETIOP-250;2;9922.6;0;19845.2;
11/03/2025;FAC 0003-00041178;FAC;C9001;CONSUMIDOR FINAL;CAF-BLEND-250;2;5849.11;0;11698.22;
13/04/2025;FAC 0003-00041260;FAC;C0113;Bar Recoleta II;CAP-FILTRO-100;5;3415.88;30;11955.58;
07/04/2025;FAC 0003-00041615;FAC;C9001;CONSUMIDOR FINAL;CAF-BLEND-250;1;5977.79;0;5977.79;
12/01/2025;FAC 0003-00040398;FAC;C9001;CONSUMIDOR FINAL;CAF-BLEND-250;2;5600.0;0;11200.0;
17/05/2025;FAC 0003-00041950;FAC;C9001;CONSUMIDOR FINAL;CAF-BLEND-1K;1;19637.04;0;19637.04;
01/01/2025;FAC 0003-00040162;FAC;C9002;VENTA ONLINE;CAF-BRAS-250;2;5300.0;0;10600.0;
01/03/2025;FAC 0003-00041087;FAC;C9002;VENTA ONLINE;CAF-COLOM-250;2;8564.77;0;17129.54;
19/01/2025;FAC 0003-00040021;FAC;C0109;Usina Colegiales II;CAF-BLEND-1K;4;18000.0;32;48960.0;
21/03/2025;FAC 0003-00040877;FAC;C0131;Tostado Coghlan II;CAF-BLEND-1K;10;18800.71;35;122204.63;
09/01/2025;FAC 0003-00040048;FAC;C0135;Coffee Lab Agronomia II;CAF-BRAS-1K;2;17000.0;30;23800.0;
02/06/2025;FAC 0003-00042381;FAC;C9002;VENTA ONLINE;CAF-BLEND-250;2;6243.71;0;12487.41;
03/06/2025;FAC 0003-00042104;FAC;C0110;Panaderia Devoto;CAF-BLEND-1K;5;20069.06;35;65224.44;M. Paz
08/03/2025;FAC 0003-00040985;FAC;C9002;VENTA ONLINE;CAF-BLEND-250;1;5849.11;0;5849.11;
25/02/2025;FAC 0003-00040691;FAC;C9002;VENTA ONLINE;CAF-CAPS-10;1;7051.8;0;7051.8;
11/01/2025;FAC 0003-00040046;FAC;C0133;El Almacen de Barracas II;CAF-BLEND-1K;3;18000.0;35;35100.0;
13/06/2025;FAC 0003-00042477;FAC;C9001;CONSUMIDOR FINAL;CAF-BLEND-1K;2;20069.06;0;40138.12;
15/03/2025;FAC 0003-00041036;FAC;C9002;VENTA ONLINE;CAF-BRAS-250;2;5535.77;0;11071.53;
16/03/2025;FAC 0003-00041090;FAC;C9002;VENTA ONLINE;CAF-ETIOP-250;1;9922.6;0;9922.6;
05/03/2025;FAC 0003-00041180;FAC;C9001;CONSUMIDOR FINAL;CAF-ETIOP-250;2;9922.6;0;19845.2;
08/05/2025;FAC 0003-00041666;FAC;C0111;Cafe Devoto II;CAF-BRAS-1K;5;18546.1;35;60274.81;M. Paz
24/06/2025;FAC 0003-00042346;FAC;C9002;VENTA ONLINE;CAF-ETIOP-250;2;10592.0;0;21184.01;
09/05/2025;FAC 0003-00041698;FAC;C9002;VENTA ONLINE;CAP-FILTRO-100;1;3491.03;0;3491.03;
04/01/2025;FAC 0003-00040336;FAC;C9001;CONSUMIDOR FINAL;CAF-ETIOP-250;1;9500.0;0;9500.0;
05/05/2025;FAC 0003-00041853;FAC;C9002;VENTA ONLINE;CAF-COLOM-250;3;8945.76;0;26837.29;
11/05/2025;FAC 0003-00041829;FAC;C9002;VENTA ONLINE;CAF-BLEND-250;3;6109.3;0;18327.91;
20/02/2025;FAC 0003-00040806;FAC;C9001;CONSUMIDOR FINAL;CAP-FILTRO-100;1;3270.4;0;3270.4;
14/03/2025;FAC 0003-00040928;FAC;C9002;VENTA ONLINE;CAF-ETIOP-250;3;9922.6;0;29767.79;
14/03/2025;FAC 0003-00040898;FAC;C9002;VENTA ONLINE;CAF-COLOM-250;3;8564.77;0;25694.31;
05/03/2025;FAC 0003-00041083;FAC;C9002;VENTA ONLINE;CAF-ETIOP-250;3;9922.6;0;29767.79;
13/04/2025;FAC 0003-00041250;FAC;C0105;Panaderia Villa Crespo II;CAP-FILTRO-100;4;3415.88;32;9291.19;M. Paz
18/02/2025;FAC 0003-00040426;FAC;C0102;Bar Belgrano;CAF-ETIOP-250;5;9709.0;35;31554.25;M. Paz
08/06/2025;FAC 0003-00042089;FAC;C0100;Cafe Palermo;CAF-BLEND-1K;5;20069.06;32;68234.8;R. Ibarra
06/01/2025;FAC 0003-00040400;FAC;C9001;CONSUMIDOR FINAL;CAF-BLEND-250;1;5600.0;0;5600.0;
25/04/2025;FAC 0003-00041363;FAC;C9002;VENTA ONLINE;CAP-FILTRO-100;1;3415.88;0;3415.88;
26/02/2025;FAC 0003-00040442;FAC;C0116;Cafe Caballito;CAF-BLEND-1K;6;18396.0;32;75055.68;M. Paz
05/01/2025;FAC 0003-00040047;FAC;C0133;El Almacen de Barracas II;CAF-BLEND-1K;8;18000.0;35;93600.0;M. Paz
24/02/2025;FAC 0003-00040568;FAC;C9002;VENTA ONLINE;CAF-DESCA-250;3;7562.8;0;22688.4;
09/06/2025;FAC 0003-00042185;FAC;C9002;VENTA ONLINE;CAF-BRAS-250;1;5909.22;0;5909.22;
09/06/2025;FAC 0003-00042440;FAC;C9001;CONSUMIDOR FINAL;CAF-BLEND-250;2;6243.71;0;12487.41;
11/01/2025;FAC 0003-00040410;FAC;C9001;CONSUMIDOR FINAL;CAF-COLOM-250;2;8200.0;0;16400.0;
25/06/2025;FAC 0003-00042303;FAC;C9002;VENTA ONLINE;CAF-BRAS-250;1;5909.22;0;5909.22;
03/01/2025;FAC 0003-00040246;FAC;C9002;VENTA ONLINE;CAF-DESCA-250;1;7400.0;0;7400.0;
11/02/2025;FAC 0003-00040505;FAC;C9002;VENTA ONLINE;CAF-ETIOP-250;2;9709.0;0;19418.0;
25/06/2025;FAC 0003-00042121;FAC;C0124;Coffee Lab Flores;CAF-BLEND-1K;8;20069.06;35;104359.1;R. Ibarra
28/03/2025;FAC 0003-00040947;FAC;C9002;VENTA ONLINE;CAF-COLOM-250;1;8564.77;0;8564.77;
13/05/2025;FAC 0003-00041891;FAC;C9002;VENTA ONLINE;CAF-CAPS-10;1;7527.53;0;7527.53;
05/05/2025;FAC 0003-00041662;FAC;C0109;Usina Colegiales II;CAF-BLEND-1K;3;19637.04;32;40059.57;
14/06/2025;FAC 0003-00042469;FAC;C9001;CONSUMIDOR FINAL;CAF-BLEND-250;2;6243.71;0;12487.41;
07/05/2025;FAC 0003-00041725;FAC;C9002;VENTA ONLINE;CAF-CAPS-10;3;7527.53;0;22582.6;
12/02/2025;FAC 0003-00040740;FAC;C9001;CONSUMIDOR FINAL;CAP-FILTRO-100;1;3270.4;0;3270.4;
15/01/2025;FAC 0003-00040222;FAC;C9002;VENTA ONLINE;CAF-COLOM-250;3;8200.0;0;24600.0;
15/05/2025;FAC 0003-00041854;FAC;C9002;VENTA ONLINE;CAP-TAZA;1;9709.43;0;9709.43;
24/05/2025;FAC 0003-00041661;FAC;C0109;Usina Colegiales II;CAF-BRAS-1K;3;18546.1;32;37834.04;
18/06/2025;FAC 0003-00042195;FAC;C9002;VENTA ONLINE;CAF-BLEND-250;2;6243.71;0;12487.41;
13/02/2025;FAC 0003-00040775;FAC;C9001;CONSUMIDOR FINAL;CAF-ETIOP-250;2;9709.0;0;19418.0;
20/01/2025;FAC 0003-00040114;FAC;C9002;VENTA ONLINE;CAF-BLEND-250;2;5600.0;0;11200.0;
25/06/2025;FAC 0003-00042168;FAC;C9002;VENTA ONLINE;CAF-DESCA-250;1;8250.61;0;8250.61;
09/05/2025;FAC 0003-00041885;FAC;C9002;VENTA ONLINE;CAF-BLEND-250;3;6109.3;0;18327.91;
25/01/2025;FAC 0003-00040371;FAC;C9001;CONSUMIDOR FINAL;CAF-COLOM-250;2;8200.0;0;16400.0;
11/01/2025;FAC 0003-00040081;FAC;C9002;VENTA ONLINE;CAF-BLEND-250;1;5600.0;0;5600.0;
19/02/2025;FAC 0003-00040641;FAC;C9002;VENTA ONLINE;CAF-COLOM-250;1;8380.4;0;8380.4;
10/01/2025;FAC 0003-00040111;FAC;C9002;VENTA ONLINE;CAF-BRAS-250;2;5300.0;0;10600.0;
16/02/2025;FAC 0003-00040555;FAC;C9002;VENTA ONLINE;CAF-BLEND-250;1;5723.2;0;5723.2;
28/05/2025;FAC 0003-00041857;FAC;C9002;VENTA ONLINE;CAF-DESCA-250;1;8073.01;0;8073.01;
23/01/2025;FAC 0003-00040296;FAC;C9001;CONSUMIDOR FINAL;CAF-ETIOP-250;2;9500.0;0;19000.0;
15/06/2025;FAC 0003-00042470;FAC;C9001;CONSUMIDOR FINAL;CAF-COLOM-250;1;9142.57;0;9142.57;
27/02/2025;FAC 0003-00040670;FAC;C9002;VENTA ONLINE;CAF-COLOM-250;2;8380.4;0;16760.8;
22/06/2025;FAC 0003-00042396;FAC;C9002;VENTA ONLINE;CAF-CAPS-10;3;7693.14;0;23079.42;
15/04/2025;FAC 0003-00041428;FAC;C9002;VENTA ONLINE;CAF-BLEND-250;3;5977.79;0;17933.37;
24/05/2025;FAC 0003-00041871;FAC;C9002;VENTA ONLINE;CAP-TAZA;1;9709.43;0;9709.43;
21/01/2025;FAC 0003-00040373;FAC;C9001;CONSUMIDOR FINAL;CAF-ETIOP-250;2;9500.0;0;19000.0;
22/06/2025;FAC 0003-00042252;FAC;C9002;VENTA ONLINE;CAF-COLOM-250;3;9142.57;0;27427.71;
22/05/2025;FAC 0003-00041708;FAC;C9002;VENTA ONLINE;CAF-COLOM-250;3;8945.76;0;26837.29;
25/02/2025;FAC 0003-00040486;FAC;C9002;VENTA ONLINE;CAF-BLEND-250;3;5723.2;0;17169.6;
19/05/2025;FAC 0003-00041886;FAC;C9002;VENTA ONLINE;CAF-ETIOP-250;2;10363.99;0;20727.99;
24/04/2025;FAC 0003-00041610;FAC;C9001;CONSUMIDOR FINAL;CAF-BLEND-1K;1;19214.33;0;19214.33;
22/06/2025;FAC 0003-00042080;FAC;C0001;GRANOS DEL SUR S.A.;CAF-BLEND-1K;45;20069.06;40;541864.56;
18/05/2025;FAC 0003-00041754;FAC;C9002;VENTA ONLINE;CAF-COLOM-250;3;8945.76;0;26837.29;
26/06/2025;FAC 0003-00042290;FAC;C9002;VENTA ONLINE;CAF-COLOM-250;1;9142.57;0;9142.57;
16/04/2025;FAC 0003-00041461;FAC;C9002;VENTA ONLINE;CAF-COLOM-250;3;8753.19;0;26259.58;
13/05/2025;FAC 0003-00041766;FAC;C9002;VENTA ONLINE;CAF-ETIOP-250;2;10363.99;0;20727.99;
06/06/2025;FAC 0003-00042081;FAC;C0001;GRANOS DEL SUR S.A.;CAF-BLEND-CJ6;5;113724.66;40;341173.98;R. Ibarra
09/01/2025;FAC 0003-00040238;FAC;C9002;VENTA ONLINE;CAF-BRAS-250;3;5300.0;0;15900.0;
19/02/2025;FAC 0003-00040432;FAC;C0108;Coffee Lab Colegiales;CAF-BRAS-1K;8;17374.0;32;94514.56;R. Ibarra
23/02/2025;FAC 0003-00040671;FAC;C9002;VENTA ONLINE;CAF-ETIOP-250;2;9709.0;0;19418.0;
25/03/2025;FAC 0003-00041141;FAC;C9001;CONSUMIDOR FINAL;CAF-ETIOP-250;2;9922.6;0;19845.2;
18/04/2025;FAC 0003-00041312;FAC;C9002;VENTA ONLINE;CAF-ETIOP-250;3;10140.9;0;30422.69;
09/05/2025;FAC 0003-00042047;FAC;C9001;CONSUMIDOR FINAL;CAP-FILTRO-100;2;3491.03;0;6982.06;
15/02/2025;FAC 0003-00040614;FAC;C9002;VENTA ONLINE;CAF-COLOM-250;2;8380.4;0;16760.8;
11/03/2025;FAC 0003-00041162;FAC;C9001;CONSUMIDOR FINAL;CAP-FILTRO-100;1;3342.35;0;3342.35;
24/06/2025;FAC 0003-00042217;FAC;C9002;VENTA ONLINE;CAF-CAPS-10;3;7693.14;0;23079.42;
12/04/2025;FAC 0003-00041439;FAC;C9002;VENTA ONLINE;CAF-DESCA-250;3;7899.22;0;23697.67;
14/01/2025;FAC 0003-00040017;FAC;C0105;Panaderia Villa Crespo II;CAF-BLEND-1K;6;18000.0;32;73440.0;R. Ibarra
22/02/2025;FAC 0003-00040490;FAC;C9002;VENTA ONLINE;CAF-ETIOP-250;3;9709.0;0;29127.0;
21/06/2025;FAC 0003-00042313;FAC;C9002;VENTA ONLINE;CAF-BRAS-250;3;5909.22;0;17727.67;
27/06/2025;FAC 0003-00042412;FAC;C9001;CONSUMIDOR FINAL;CAF-BLEND-250;1;6243.71;0;6243.71;
17/04/2025;FAC 0003-00041323;FAC;C9002;VENTA ONLINE;CAF-ETIOP-250;3;10140.9;0;30422.69;
08/05/2025;FAC 0003-00042037;FAC;C9001;CONSUMIDOR FINAL;CAF-BLEND-250;1;6109.3;0;6109.3;
07/05/2025;FAC 0003-00041774;FAC;C9002;VENTA ONLINE;CAF-ETIOP-250;1;10363.99;0;10363.99;
06/02/2025;FAC 0003-00040827;FAC;C9001;CONSUMIDOR FINAL;CAF-BLEND-250;1;5723.2;0;5723.2;
06/06/2025;FAC 0003-00042203;FAC;C9002;VENTA ONLINE;CAF-BRAS-250;2;5909.22;0;11818.45;
28/03/2025;FAC 0003-00040888;FAC;C0139;La Ventanita de Constitucion II;CAP-FILTRO-100;4;3342.35;30;9358.58;
03/05/2025;FAC 0003-00042044;FAC;C9001;CONSUMIDOR FINAL;CAF-ETIOP-250;1;10363.99;0;10363.99;
01/04/2025;FAC 0003-00041492;FAC;C9002;VENTA ONLINE;CAF-DESCA-250;2;7899.22;0;15798.45;
07/01/2025;FAC 0003-00040188;FAC;C9002;VENTA ONLINE;CAF-COLOM-250;1;8200.0;0;8200.0;
02/05/2025;FAC 0003-00041682;FAC;C0127;Cafe Parque Chas II;CAF-BLEND-1K;8;19637.04;32;106825.51;
25/02/2025;FAC 0003-00040604;FAC;C9002;VENTA ONLINE;CAF-ETIOP-250;1;9709.0;0;9709.0;
06/03/2025;FAC 0003-00040889;FAC;C9002;VENTA ONLINE;CAF-ETIOP-250;1;9922.6;0;9922.6;
07/01/2025;FAC 0003-00040286;FAC;C9001;CONSUMIDOR FINAL;CAF-BLEND-250;1;5600.0;0;5600.0;
20/01/2025;FAC 0003-00040253;FAC;C9002;VENTA ONLINE;CAP-TAZA;2;8900.0;0;17800.0;
08/02/2025;FAC 0003-00040633;FAC;C9002;VENTA ONLINE;CAF-DESCA-250;3;7562.8;0;22688.4;
14/02/2025;FAC 0003-00040551;FAC;C9002;VENTA ONLINE;CAF-CAPS-10;1;7051.8;0;7051.8;
11/06/2025;FAC 0003-00042399;FAC;C9001;CONSUMIDOR FINAL;CAF-BLEND-1K;1;20069.06;0;20069.06;
24/06/2025;FAC 0003-00042451;FAC;C9001;CONSUMIDOR FINAL;CAF-BLEND-250;2;6243.71;0;12487.41;
23/06/2025;FAC 0003-00042364;FAC;C9002;VENTA ONLINE;CAF-BLEND-250;2;6243.71;0;12487.41;
07/02/2025;FAC 0003-00040586;FAC;C9002;VENTA ONLINE;CAF-COLOM-250;3;8380.4;0;25141.2;
07/02/2025;FAC 0003-00040419;FAC;C0001;GRANOS DEL SUR S.A.;CAF-BLEND-1K;44;18396.0;40;485654.4;M. Paz
12/01/2025;FAC 0003-00040119;FAC;C9002;VENTA ONLINE;CAF-COLOM-250;1;8200.0;0;8200.0;
14/02/2025;FAC 0003-00040625;FAC;C9002;VENTA ONLINE;CAF-BRAS-250;2;5416.6;0;10833.2;
13/05/2025;FAC 0003-00041899;FAC;C9002;VENTA ONLINE;CAF-BRAS-250;1;5782.02;0;5782.02;
28/03/2025;FAC 0003-00040888;FAC;C0139;La Ventanita de Constitucion II;CAF-BLEND-1K;9;18800.71;30;118444.49;
24/05/2025;FAC 0003-00041813;FAC;C9002;VENTA ONLINE;CAF-COLOM-250;1;8945.76;0;8945.76;
20/03/2025;FAC 0003-00041195;FAC;C9001;CONSUMIDOR FINAL;CAF-COLOM-250;1;8564.77;0;8564.77;
08/05/2025;FAC 0003-00041867;FAC;C9002;VENTA ONLINE;CAF-BRAS-250;1;5782.02;0;5782.02;
10/06/2025;FAC 0003-00042438;FAC;C9001;CONSUMIDOR FINAL;CAF-COLOM-250;2;9142.57;0;18285.14;
01/01/2025;FAC 0003-00040369;FAC;C9001;CONSUMIDOR FINAL;CAF-BLEND-1K;2;18000.0;0;36000.0;
14/04/2025;NC 0003-00001229;NC;C0109;Usina Colegiales II;CAF-BRAS-1K;-2;18146.87;32;-24679.74;
17/06/2025;FAC 0003-00042188;FAC;C9002;VENTA ONLINE;CAF-ETIOP-250;2;10592.0;0;21184.01;
22/03/2025;FAC 0003-00040956;FAC;C9002;VENTA ONLINE;CAF-BRAS-250;1;5535.77;0;5535.77;
16/03/2025;FAC 0003-00041172;FAC;C9001;CONSUMIDOR FINAL;CAP-FILTRO-100;1;3342.35;0;3342.35;
11/04/2025;FAC 0003-00041403;FAC;C9002;VENTA ONLINE;CAF-COLOM-250;3;8753.19;0;26259.58;
14/02/2025;FAC 0003-00040833;FAC;C9001;CONSUMIDOR FINAL;CAF-ETIOP-250;2;9709.0;0;19418.0;
25/03/2025;FAC 0003-00040905;FAC;C9002;VENTA ONLINE;CAF-ETIOP-250;2;9922.6;0;19845.2;
20/06/2025;FAC 0003-00042496;FAC;C9001;CONSUMIDOR FINAL;CAP-FILTRO-100;2;3567.83;0;7135.67;
02/01/2025;FAC 0003-00040401;FAC;C9001;CONSUMIDOR FINAL;CAF-ETIOP-250;2;9500.0;0;19000.0;
08/01/2025;FAC 0003-00040032;FAC;C0120;Tostado Chacarita;CAF-BRAS-1K;7;17000.0;32;80920.0;M. Paz
08/01/2025;NC 0003-00001204;NC;C0127;Cafe Parque Chas II;CAF-BRAS-1K;-1;17000.0;32;-11560.0;
21/01/2025;FAC 0003-00040350;FAC;C9001;CONSUMIDOR FINAL;CAF-BLEND-250;2;5600.0;0;11200.0;
16/03/2025;FAC 0003-00040931;FAC;C9002;VENTA ONLINE;CAP-TAZA;2;9295.91;0;18591.82;
22/05/2025;FAC 0003-00041910;FAC;C9002;VENTA ONLINE;CAF-BRAS-250;1;5782.02;0;5782.02;
15/03/2025;FAC 0003-00040840;FAC;C0001;GRANOS DEL SUR S.A.;BLEND1K;40;18800.71;40;451217.09;R. Ibarra
18/05/2025;FAC 0003-00041719;FAC;C9002;VENTA ONLINE;CAF-COLOM-250;3;8945.76;0;26837.29;
02/01/2025;FAC 0003-00040341;FAC;C9001;CONSUMIDOR FINAL;CAF-BLEND-250;1;5600.0;0;5600.0;
04/04/2025;FAC 0003-00041482;FAC;C9002;VENTA ONLINE;CAF-BLEND-250;2;5977.79;0;11955.58;
21/01/2025;FAC 0003-00040085;FAC;C9002;VENTA ONLINE;CAP-FILTRO-100;3;3200.0;0;9600.0;
26/02/2025;FAC 0003-00040471;FAC;C0138;El Almacen de Constitucion;CAF-BRAS-1K;4;17374.0;30;48647.2;M. Paz
23/05/2025;FAC 0003-00041729;FAC;C9002;VENTA ONLINE;CAF-BLEND-250;1;6109.3;0;6109.3;
10/04/2025;FAC 0003-00041442;FAC;C9002;VENTA ONLINE;CAF-ETIOP-250;3;10140.9;0;30422.69;
15/01/2025;FAC 0003-00040098;FAC;C9002;VENTA ONLINE;CAF-CAPS-10;1;6900.0;0;6900.0;
27/02/2025;FAC 0003-00040473;FAC;C0139;La Ventanita de Constitucion II;CAP-FILTRO-100;2;3270.4;30;4578.56;R. Ibarra
02/01/2025;FAC 0003-00040003;FAC;C0001;GRANOS DEL SUR S.A.;CAF-BRAS-1K;20;17000.0;40;204000.0;R. Ibarra
18/02/2025;FAC 0003-00040702;FAC;C9001;CONSUMIDOR FINAL;CAF-ETIOP-250;1;9709.0;0;9709.0;
28/01/2025;FAC 0003-00040359;FAC;C9001;CONSUMIDOR FINAL;CAF-COLOM-250;2;8200.0;0;16400.0;
27/04/2025;FAC 0003-00041347;FAC;C9002;VENTA ONLINE;CAF-BRAS-250;1;5657.55;0;5657.55;
19/04/2025;FAC 0003-00041555;FAC;C9001;CONSUMIDOR FINAL;CAF-COLOM-250;2;8753.19;0;17506.39;
01/01/2025;FAC 0003-00040060;FAC;C9002;VENTA ONLINE;CAP-TAZA;3;8900.0;0;26700.0;
13/02/2025;FAC 0003-00040427;FAC;C0103;Coffee Lab Belgrano II;CAF-BLEND-1K;8;18396.0;35;95659.2;R. Ibarra
01/02/2025;NC 0003-00001212;NC;C0117;El Almacen de Caballito II;CAF-BRAS-1K;-1;17374.0;32;-11814.32;
15/03/2025;FAC 0003-00041085;FAC;C9002;VENTA ONLINE;CAF-BRAS-250;2;5535.77;0;11071.53;
18/03/2025;FAC 0003-00040955;FAC;C9002;VENTA ONLINE;CAF-BLEND-250;1;5849.11;0;5849.11;
26/03/2025;FAC 0003-00041074;FAC;C9002;VENTA ONLINE;CAF-BRAS-250;3;5535.77;0;16607.3;
18/01/2025;FAC 0003-00040002;FAC;C0001;GRANOS DEL SUR S.A.;BLEND1K;48;18000.0;40;518400.0;M. Paz
21/03/2025;FAC 0003-00040953;FAC;C9002;VENTA ONLINE;CAF-DESCA-250;1;7729.18;0;7729.18;
13/03/2025;FAC 0003-00040962;FAC;C9002;VENTA ONLINE;CAP-FILTRO-100;2;3342.35;0;6684.7;
18/04/2025;FAC 0003-00041312;FAC;C9002;VENTA ONLINE;CAF-DESCA-250;3;7899.22;0;23697.67;
17/06/2025;FAC 0003-00042124;FAC;C0126;Panaderia Parque Chas;CAF-BRAS-1K;2;18954.11;32;25777.59;
16/03/2025;FAC 0003-00040927;FAC;C9002;VENTA ONLINE;CAF-ETIOP-250;2;9922.6;0;19845.2;
11/05/2025;FAC 0003-00041834;FAC;C9002;VENTA ONLINE;CAF-ETIOP-250;3;10363.99;0;31091.98;
22/02/2025;FAC 0003-00040445;FAC;C0119;Coffee Lab Saavedra II;CAF-BLEND-1K;3;18396.0;35;35872.2;M. Paz
14/05/2025;FAC 0003-00041718;FAC;C9002;VENTA ONLINE;CAF-COLOM-250;3;8945.76;0;26837.29;
26/06/2025;FAC 0003-00042369;FAC;C9002;VENTA ONLINE;CAF-CAPS-10;1;7693.14;0;7693.14;
15/05/2025;FAC 0003-00041694;FAC;C0136;Tostado Villa Urquiza;CAF-BLEND-1K;10;19637.04;35;127640.78;M. Paz
17/04/2025;FAC 0003-00041466;FAC;C9002;VENTA ONLINE;CAF-COLOM-250;2;8753.19;0;17506.39;
03/06/2025;FAC 0003-00042509;FAC;C9001;CONSUMIDOR FINAL;CAF-BLEND-250;2;6243.71;0;12487.41;
02/03/2025;NC 0003-00001217;NC;C0103;Coffee Lab Belgrano II;CAF-BRAS-1K;-3;17756.23;35;-34624.64;
02/01/2025;FAC 0003-00040062;FAC;C9002;VENTA ONLINE;CAF-ETIOP-250;3;9500.0;0;28500.0;
08/05/2025;FAC 0003-00041855;FAC;C9002;VENTA ONLINE;CAF-ETIOP-250;3;10363.99;0;31091.98;
21/04/2025;FAC 0003-00041438;FAC;C9002;VENTA ONLINE;CAF-BLEND-250;2;5977.79;0;11955.58;
21/06/2025;FAC 0003-00042331;FAC;C9002;VENTA ONLINE;CAF-ETIOP-250;3;10592.0;0;31776.01;
09/01/2025;FAC 0003-00040321;FAC;C9001;CONSUMIDOR FINAL;CAF-BLEND-250;1;5600.0;0;5600.0;
08/03/2025;FAC 0003-00040866;FAC;C0120;Tostado Chacarita;CAF-BLEND-1K;5;18800.71;32;63922.42;
06/06/2025;FAC 0003-00042182;FAC;C9002;VENTA ONLINE;CAF-ETIOP-250;1;10592.0;0;10592.0;
09/04/2025;FAC 0003-00041353;FAC;C9002;VENTA ONLINE;CAF-DESCA-250;1;7899.22;0;7899.22;
23/04/2025;FAC 0003-00041301;FAC;C9002;VENTA ONLINE;CAF-COLOM-250;1;8753.19;0;8753.19;
21/05/2025;FAC 0003-00041755;FAC;C9002;VENTA ONLINE;CAF-ETIOP-250;3;10363.99;0;31091.98;
24/02/2025;FAC 0003-00040813;FAC;C9001;CONSUMIDOR FINAL;CAF-BLEND-250;2;5723.2;0;11446.4;
21/06/2025;FAC 0003-00042345;FAC;C9002;VENTA ONLINE;CAF-ETIOP-250;2;10592.0;0;21184.01;
17/02/2025;FAC 0003-00040675;FAC;C9002;VENTA ONLINE;CAP-FILTRO-100;1;3270.4;0;3270.4;
07/01/2025;FAC 0003-00040125;FAC;C9002;VENTA ONLINE;CAF-COLOM-250;3;8200.0;0;24600.0;
21/02/2025;FAC 0003-00040494;FAC;C9002;VENTA ONLINE;CAF-COLOM-250;1;8380.4;0;8380.4;
23/05/2025;FAC 0003-00041651;FAC;C0100;Cafe Palermo;CAF-BLEND-1K;10;19637.04;32;133531.89;M. Paz
12/06/2025;FAC 0003-00042388;FAC;C9002;VENTA ONLINE;CAF-BLEND-250;2;6243.71;0;12487.41;
16/02/2025;FAC 0003-00040704;FAC;C9001;CONSUMIDOR FINAL;CAF-ETIOP-250;2;9709.0;0;19418.0;
11/06/2025;FAC 0003-00042118;FAC;C0122;El Almacen de Almagro;CAF-BLEND-1K;3;20069.06;32;40940.88;M. Paz
25/02/2025;FAC 0003-00040789;FAC;C9001;CONSUMIDOR FINAL;CAF-BLEND-1K;1;18396.0;0;18396.0;
24/03/2025;FAC 0003-00040995;FAC;C9002;VENTA ONLINE;CAF-COLOM-250;2;8564.77;0;17129.54;
08/06/2025;FAC 0003-00042219;FAC;C9002;VENTA ONLINE;CAF-DESCA-250;3;8250.61;0;24751.84;
25/06/2025;FAC 0003-00042184;FAC;C9002;VENTA ONLINE;CAF-BRAS-250;2;5909.22;0;11818.45;
23/02/2025;FAC 0003-00040736;FAC;C9001;CONSUMIDOR FINAL;CAF-ETIOP-250;2;9709.0;0;19418.0;
10/02/2025;FAC 0003-00040660;FAC;C9002;VENTA ONLINE;CAF-BRAS-250;2;5416.6;0;10833.2;
21/06/2025;FAC 0003-00042483;FAC;C9001;CONSUMIDOR FINAL;CAF-ETIOP-250;2;10592.0;0;21184.01;
04/03/2025;FAC 0003-00040977;FAC;C9002;VENTA ONLINE;CAF-BLEND-250;3;5849.11;0;17547.33;
10/01/2025;FAC 0003-00040291;FAC;C9001;CONSUMIDOR FINAL;CAF-COLOM-250;2;8200.0;0;16400.0;
04/01/2025;FAC 0003-00040115;FAC;C9002;VENTA ONLINE;CAF-BLEND-250;2;5600.0;0;11200.0;
04/03/2025;FAC 0003-00040900;FAC;C9002;VENTA ONLINE;CAF-CAPS-10;3;7206.94;0;21620.82;
01/04/2025;FAC 0003-00041277;FAC;C0130;Usina Coghlan;CAF-BLEND-1K;5;19214.33;30;67250.15;M. Paz
28/03/2025;FAC 0003-00041129;FAC;C9001;CONSUMIDOR FINAL;CAP-FILTRO-100;1;3342.35;0;3342.35;
15/03/2025;FAC 0003-00041085;FAC;C9002;VENTA ONLINE;CAF-BLEND-250;1;5849.11;0;5849.11;
08/06/2025;FAC 0003-00042202;FAC;C9002;VENTA ONLINE;CAF-ETIOP-250;2;10592.0;0;21184.01;
12/06/2025;FAC 0003-00042249;FAC;C9002;VENTA ONLINE;CAF-COLOM-250;3;9142.57;0;27427.71;
23/04/2025;FAC 0003-00041572;FAC;C9001;CONSUMIDOR FINAL;CAP-FILTRO-100;1;3415.88;0;3415.88;
03/06/2025;FAC 0003-00042116;FAC;C0120;Tostado Chacarita;CAF-BLEND-1K;10;20069.06;32;136469.59;R. Ibarra
15/02/2025;FAC 0003-00040744;FAC;C9001;CONSUMIDOR FINAL;CAF-COLOM-250;2;8380.4;0;16760.8;
21/05/2025;FAC 0003-00042050;FAC;C9001;CONSUMIDOR FINAL;CAF-ETIOP-250;2;10363.99;0;20727.99;
07/05/2025;FAC 0003-00041717;FAC;C9002;VENTA ONLINE;CAF-COLOM-250;1;8945.76;0;8945.76;
28/02/2025;FAC 0003-00040439;FAC;C0113;Bar Recoleta II;CAF-BLEND-1K;8;18396.0;30;103017.6;M. Paz
13/01/2025;FAC 0003-00040096;FAC;C9002;VENTA ONLINE;CAF-COLOM-250;3;8200.0;0;24600.0;
26/03/2025;FAC 0003-00041115;FAC;C9002;VENTA ONLINE;CAF-BLEND-250;1;5849.11;0;5849.11;
06/03/2025;FAC 0003-00040889;FAC;C9002;VENTA ONLINE;CAF-DESCA-250;1;7729.18;0;7729.18;
16/05/2025;FAC 0003-00041681;FAC;C0126;Panaderia Parque Chas;CAF-BRAS-1K;4;18546.1;32;50445.38;
21/01/2025;FAC 0003-00040143;FAC;C9002;VENTA ONLINE;CAF-BLEND-250;2;5600.0;0;11200.0;
25/01/2025;FAC 0003-00040107;FAC;C9002;VENTA ONLINE;CAF-DESCA-250;1;7400.0;0;7400.0;
10/04/2025;FAC 0003-00041303;FAC;C9002;VENTA ONLINE;CAF-ETIOP-250;3;10140.9;0;30422.69;
07/06/2025;FAC 0003-00042099;FAC;C0108;Coffee Lab Colegiales;CAF-BLEND-1K;3;20069.06;32;40940.88;
04/01/2025;FAC 0003-00040038;FAC;C0125;Usina Flores II;CAF-ETIOP-250;12;9500.0;32;77520.0;R. Ibarra
26/02/2025;FAC 0003-00040559;FAC;C9002;VENTA ONLINE;CAF-COLOM-250;3;8380.4;0;25141.2;
14/02/2025;FAC 0003-00040446;FAC;C0120;Tostado Chacarita;CAF-BLEND-1K;6;18396.0;32;75055.68;
13/06/2025;FAC 0003-00042306;FAC;C9002;VENTA ONLINE;CAF-ETIOP-250;3;10592.0;0;31776.01;
24/01/2025;FAC 0003-00040109;FAC;C9002;VENTA ONLINE;CAF-ETIOP-250;1;9500.0;0;9500.0;
04/05/2025;FAC 0003-00041751;FAC;C9002;VENTA ONLINE;CAF-BLEND-250;1;6109.3;0;6109.3;
16/01/2025;FAC 0003-00040014;FAC;C0103;Coffee Lab Belgrano II;CAF-BRAS-1K;3;17000.0;35;33150.0;R. Ibarra
02/05/2025;FAC 0003-00041911;FAC;C9002;VENTA ONLINE;CAF-CAPS-10;1;7527.53;0;7527.53;
17/03/2025;FAC 0003-00040874;FAC;C0129;Bar San Telmo II;CAF-BLEND-1K;9;18800.71;32;115060.36;M. Paz
14/05/2025;FAC 0003-00041728;FAC;C9002;VENTA ONLINE;CAF-CAPS-10;2;7527.53;0;15055.07;
18/02/2025;FAC 0003-00040624;FAC;C9002;VENTA ONLINE;CAF-BLEND-250;2;5723.2;0;11446.4;
26/01/2025;FAC 0003-00040061;FAC;C9002;VENTA ONLINE;CAF-ETIOP-250;1;9500.0;0;9500.0;
16/04/2025;FAC 0003-00041509;FAC;C9002;VENTA ONLINE;CAF-COLOM-250;1;8753.19;0;8753.19;
16/01/2025;FAC 0003-00040334;FAC;C9001;CONSUMIDOR FINAL;CAF-BLEND-1K;2;18000.0;0;36000.0;
03/04/2025;FAC 0003-00041245;FAC;C0001;GRANOS DEL SUR S.A.;CAF-BLEND-CJ6;9;108881.19;40;587958.43;M. Paz
09/04/2025;FAC 0003-00041625;FAC;C9001;CONSUMIDOR FINAL;CAF-BLEND-250;1;5977.79;0;5977.79;
13/06/2025;FAC 0003-00042115;FAC;C0119;Coffee Lab Saavedra II;CAP-FILTRO-100;6;3567.83;35;13914.55;
05/04/2025;FAC 0003-00041284;FAC;C0137;Panaderia Villa Urquiza II;CAF-BRAS-1K;3;18146.87;30;38108.42;M. Paz
02/02/2025;FAC 0003-00040584;FAC;C9002;VENTA ONLINE;CAF-COLOM-250;1;8380.4;0;8380.4;
10/03/2025;FAC 0003-00041192;FAC;C9001;CONSUMIDOR FINAL;CAF-ETIOP-250;1;9922.6;0;9922.6;
05/05/2025;FAC 0003-00041662;FAC;C0109;Usina Colegiales II;CAF-BRAS-1K;4;18546.1;32;50445.38;
05/06/2025;FAC 0003-00042206;FAC;C9002;VENTA ONLINE;CAF-ETIOP-250;3;10592.0;0;31776.01;
17/06/2025;NC 0003-00001239;NC;C0109;Usina Colegiales II;CAF-BRAS-1K;-4;18954.11;32;-51555.18;
01/01/2025;FAC 0003-00040200;FAC;C9002;VENTA ONLINE;CAP-TAZA;2;8900.0;0;17800.0;
02/06/2025;FAC 0003-00042106;FAC;C0112;La Ventanita de Recoleta;CAF-BRAS-1K;8;18954.11;35;98561.37;
07/03/2025;FAC 0003-00040949;FAC;C9002;VENTA ONLINE;CAF-COLOM-250;3;8564.77;0;25694.31;
23/06/2025;FAC 0003-00042367;FAC;C9002;VENTA ONLINE;CAF-BLEND-250;3;6243.71;0;18731.12;
23/06/2025;FAC 0003-00042353;FAC;C9002;VENTA ONLINE;CAF-COLOM-250;1;9142.57;0;9142.57;
15/01/2025;FAC 0003-00040140;FAC;C9002;VENTA ONLINE;CAF-CAPS-10;3;6900.0;0;20700.0;
08/01/2025;FAC 0003-00040380;FAC;C9001;CONSUMIDOR FINAL;CAF-ETIOP-250;1;9500.0;0;9500.0;
06/04/2025;FAC 0003-00041305;FAC;C9002;VENTA ONLINE;CAF-COLOM-250;2;8753.19;0;17506.39;
18/06/2025;FAC 0003-00042350;FAC;C9002;VENTA ONLINE;CAF-COLOM-250;3;9142.57;0;27427.71;
17/06/2025;FAC 0003-00042163;FAC;C9002;VENTA ONLINE;CAP-FILTRO-100;2;3567.83;0;7135.67;
01/01/2025;FAC 0003-00040160;FAC;C9002;VENTA ONLINE;CAF-BRAS-250;2;5300.0;0;10600.0;
19/03/2025;FAC 0003-00041227;FAC;C9001;CONSUMIDOR FINAL;CAF-BLEND-250;1;5849.11;0;5849.11;
24/04/2025;FAC 0003-00041583;FAC;C9001;CONSUMIDOR FINAL;CAF-BLEND-250;2;5977.79;0;11955.58;
06/03/2025;FAC 0003-00041170;FAC;C9001;CONSUMIDOR FINAL;CAF-BLEND-1K;1;18800.71;0;18800.71;
01/01/2025;FAC 0003-00040027;FAC;C0113;Bar Recoleta II;CAF-BLEND-1K;4;18000.0;30;50400.0;M. Paz
09/01/2025;FAC 0003-00040238;FAC;C9002;VENTA ONLINE;CAF-DESCA-250;2;7400.0;0;14800.0;
18/03/2025;FAC 0003-00040876;FAC;C0130;Usina Coghlan;CAF-BLEND-1K;9;18800.71;30;118444.49;R. Ibarra
06/03/2025;FAC 0003-00041052;FAC;C9002;VENTA ONLINE;CAF-ETIOP-250;1;9922.6;0;9922.6;
12/04/2025;FAC 0003-00041562;FAC;C9001;CONSUMIDOR FINAL;CAF-COLOM-250;2;8753.19;0;17506.39;
15/02/2025;FAC 0003-00040620;FAC;C9002;VENTA ONLINE;CAF-BLEND-250;1;5723.2;0;5723.2;
21/04/2025;FAC 0003-00041357;FAC;C9002;VENTA ONLINE;CAP-TAZA;3;9500.42;0;28501.25;
09/06/2025;FAC 0003-00042468;FAC;C9001;CONSUMIDOR FINAL;CAF-BLEND-1K;1;20069.06;0;20069.06;
24/04/2025;FAC 0003-00041493;FAC;C9002;VENTA ONLINE;CAF-BRAS-250;1;5657.55;0;5657.55;
12/02/2025;FAC 0003-00040630;FAC;C9002;VENTA ONLINE;CAF-COLOM-250;3;8380.4;0;25141.2;
19/01/2025;FAC 0003-00040100;FAC;C9002;VENTA ONLINE;CAF-ETIOP-250;2;9500.0;0;19000.0;
13/05/2025;FAC 0003-00041700;FAC;C9002;VENTA ONLINE;CAF-COLOM-250;2;8945.76;0;17891.53;
18/02/2025;FAC 0003-00040493;FAC;C9002;VENTA ONLINE;CAF-BRAS-250;2;5416.6;0;10833.2;
11/05/2025;FAC 0003-00041872;FAC;C9002;VENTA ONLINE;CAF-BLEND-250;2;6109.3;0;12218.6;
08/05/2025;FAC 0003-00041746;FAC;C9002;VENTA ONLINE;CAF-BRAS-250;1;5782.02;0;5782.02;
14/05/2025;FAC 0003-00041728;FAC;C9002;VENTA ONLINE;CAF-BLEND-250;1;6109.3;0;6109.3;
04/06/2025;FAC 0003-00042372;FAC;C9002;VENTA ONLINE;CAP-FILTRO-100;2;3567.83;0;7135.67;
12/02/2025;FAC 0003-00040605;FAC;C9002;VENTA ONLINE;CAF-ETIOP-250;3;9709.0;0;29127.0;
14/04/2025;FAC 0003-00041360;FAC;C9002;VENTA ONLINE;CAF-COLOM-250;2;8753.19;0;17506.39;
13/01/2025;FAC 0003-00040154;FAC;C9002;VENTA ONLINE;CAF-CAPS-10;2;6900.0;0;13800.0;
20/02/2025;FAC 0003-00040547;FAC;C9002;VENTA ONLINE;CAF-BRAS-250;2;5416.6;0;10833.2;
27/03/2025;FAC 0003-00040959;FAC;C9002;VENTA ONLINE;CAF-ETIOP-250;3;9922.6;0;29767.79;
14/03/2025;FAC 0003-00040930;FAC;C9002;VENTA ONLINE;CAF-BLEND-250;1;5849.11;0;5849.11;
20/04/2025;FAC 0003-00041249;FAC;C0104;Tostado Villa Crespo;CAF-ETIOP-250;8;10140.9;35;52732.65;R. Ibarra
16/02/2025;FAC 0003-00040661;FAC;C9002;VENTA ONLINE;CAF-BLEND-250;2;5723.2;0;11446.4;
25/03/2025;FAC 0003-00040950;FAC;C9002;VENTA ONLINE;CAF-ETIOP-250;1;9922.6;0;9922.6;
27/03/2025;FAC 0003-00041101;FAC;C9002;VENTA ONLINE;CAF-BRAS-250;1;5535.77;0;5535.77;
03/05/2025;FAC 0003-00042071;FAC;C9001;CONSUMIDOR FINAL;CAF-BLEND-1K;1;19637.04;0;19637.04;
26/01/2025;FAC 0003-00040340;FAC;C9001;CONSUMIDOR FINAL;CAF-BLEND-250;1;5600.0;0;5600.0;
20/04/2025;FAC 0003-00041331;FAC;C9002;VENTA ONLINE;CAF-COLOM-250;1;8753.19;0;8753.19;
11/02/2025;FAC 0003-00040529;FAC;C9002;VENTA ONLINE;CAF-ETIOP-250;1;9709.0;0;9709.0;
21/04/2025;FAC 0003-00041506;FAC;C9002;VENTA ONLINE;CAF-ETIOP-250;2;10140.9;0;20281.79;
19/02/2025;FAC 0003-00040608;FAC;C9002;VENTA ONLINE;CAF-COLOM-250;2;8380.4;0;16760.8;
13/04/2025;FAC 0003-00041254;FAC;C0108;Coffee Lab Colegiales;CAF-BLEND-1K;6;19214.33;32;78394.46;R. Ibarra
17/03/2025;FAC 0003-00040862;FAC;C0117;El Almacen de Caballito II;CAP-FILTRO-100;6;3342.35;32;13636.78;
07/06/2025;FAC 0003-00042238;FAC;C9002;VENTA ONLINE;CAF-ETIOP-250;1;10592.0;0;10592.0;
15/04/2025;FAC 0003-00041544;FAC;C9001;CONSUMIDOR FINAL;CAF-BLEND-1K;2;19214.33;0;38428.66;
28/03/2025;FAC 0003-00040899;FAC;C9002;VENTA ONLINE;CAF-BLEND-250;2;5849.11;0;11698.22;
26/01/2025;FAC 0003-00040103;FAC;C9002;VENTA ONLINE;CAF-ETIOP-250;3;9500.0;0;28500.0;
11/05/2025;FAC 0003-00041657;FAC;C0106;El Almacen de Nunez;CAP-FILTRO-100;4;3491.03;30;9774.88;
27/05/2025;FAC 0003-00041796;FAC;C9002;VENTA ONLINE;CAF-ETIOP-250;1;10363.99;0;10363.99;
28/04/2025;FAC 0003-00041339;FAC;C9002;VENTA ONLINE;CAF-CAPS-10;2;7365.49;0;14730.98;
27/01/2025;FAC 0003-00040338;FAC;C9001;CONSUMIDOR FINAL;CAF-BLEND-250;2;5600.0;0;11200.0;
23/06/2025;FAC 0003-00042247;FAC;C9002;VENTA ONLINE;CAF-BLEND-250;1;6243.71;0;6243.71;
27/02/2025;FAC 0003-00040821;FAC;C9001;CONSUMIDOR FINAL;CAF-COLOM-250;2;8380.4;0;16760.8;
04/05/2025;FAC 0003-00041805;FAC;C9002;VENTA ONLINE;CAF-DESCA-250;1;8073.01;0;8073.01;
11/06/2025;FAC 0003-00042126;FAC;C0129;Bar San Telmo II;CAF-BLEND-1K;8;20069.06;32;109175.67;M. Paz
21/05/2025;FAC 0003-00041974;FAC;C9001;CONSUMIDOR FINAL;CAF-BLEND-250;2;6109.3;0;12218.6;
13/03/2025;FAC 0003-00040982;FAC;C9002;VENTA ONLINE;CAF-BLEND-250;1;5849.11;0;5849.11;
05/01/2025;FAC 0003-00040216;FAC;C9002;VENTA ONLINE;CAF-COLOM-250;1;8200.0;0;8200.0;
13/03/2025;FAC 0003-00040865;FAC;C0119;Coffee Lab Saavedra II;CAF-BLEND-1K;8;18800.71;35;97763.7;
07/01/2025;FAC 0003-00040104;FAC;C9002;VENTA ONLINE;CAF-ETIOP-250;3;9500.0;0;28500.0;
26/06/2025;FAC 0003-00042231;FAC;C9002;VENTA ONLINE;CAF-BRAS-250;1;5909.22;0;5909.22;
01/02/2025;FAC 0003-00040565;FAC;C9002;VENTA ONLINE;CAF-BLEND-250;2;5723.2;0;11446.4;
08/05/2025;FAC 0003-00041992;FAC;C9001;CONSUMIDOR FINAL;CAF-BLEND-1K;1;19637.04;0;19637.04;
07/05/2025;FAC 0003-00041685;FAC;C0129;Bar San Telmo II;CAF-BLEND-1K;6;19637.04;32;80119.13;M. Paz
05/02/2025;FAC 0003-00040455;FAC;C0127;Cafe Parque Chas II;CAF-BLEND-1K;7;18396.0;32;87564.96;R. Ibarra
13/04/2025;FAC 0003-00041254;FAC;C0108;Coffee Lab Colegiales;CAF-BRAS-1K;7;18146.87;32;86379.08;R. Ibarra
12/06/2025;FAC 0003-00042462;FAC;C9001;CONSUMIDOR FINAL;CAF-BLEND-1K;2;20069.06;0;40138.12;
07/01/2025;FAC 0003-00040145;FAC;C9002;VENTA ONLINE;CAF-DESCA-250;1;7400.0;0;7400.0;
17/01/2025;FAC 0003-00040184;FAC;C9002;VENTA ONLINE;CAF-CAPS-10;1;6900.0;0;6900.0;
25/06/2025;FAC 0003-00042201;FAC;C9002;VENTA ONLINE;CAF-DESCA-250;1;8250.61;0;8250.61;
02/05/2025;FAC 0003-00041873;FAC;C9002;VENTA ONLINE;CAF-BRAS-250;2;5782.02;0;11564.04;
14/04/2025;FAC 0003-00041477;FAC;C9002;VENTA ONLINE;CAP-TAZA;1;9500.42;0;9500.42;
24/04/2025;FAC 0003-00041451;FAC;C9002;VENTA ONLINE;CAF-CAPS-10;3;7365.49;0;22096.48;
01/01/2025;FAC 0003-00040037;FAC;C0124;Coffee Lab Flores;CAF-BRAS-1K;7;17000.0;35;77350.0;
11/06/2025;FAC 0003-00042162;FAC;C9002;VENTA ONLINE;CAF-ETIOP-250;3;10592.0;0;31776.01;
01/01/2025;FAC 0003-00040237;FAC;C9002;VENTA ONLINE;CAF-ETIOP-250;1;9500.0;0;9500.0;
16/05/2025;FAC 0003-00041681;FAC;C0126;Panaderia Parque Chas;CAP-FILTRO-100;2;3491.03;32;4747.8;
21/05/2025;FAC 0003-00041713;FAC;C9002;VENTA ONLINE;CAF-ETIOP-250;2;10363.99;0;20727.99;
22/05/2025;FAC 0003-00041709;FAC;C9002;VENTA ONLINE;CAF-ETIOP-250;3;10363.99;0;31091.98;
07/06/2025;FAC 0003-00042301;FAC;C9002;VENTA ONLINE;CAF-COLOM-250;1;9142.57;0;9142.57;
26/06/2025;FAC 0003-00042239;FAC;C9002;VENTA ONLINE;CAF-DESCA-250;2;8250.61;0;16501.23;
14/02/2025;FAC 0003-00040526;FAC;C9002;VENTA ONLINE;CAF-COLOM-250;2;8380.4;0;16760.8;
02/03/2025;FAC 0003-00040917;FAC;C9002;VENTA ONLINE;CAP-FILTRO-100;1;3342.35;0;3342.35;
04/02/2025;FAC 0003-00040421;FAC;C0001;GRANOS DEL SUR S.A.;BLEND1K;31;18396.0;40;342165.6;M. Paz
27/04/2025;FAC 0003-00041568;FAC;C9001;CONSUMIDOR FINAL;CAF-COLOM-250;2;8753.19;0;17506.39;
27/03/2025;FAC 0003-00040915;FAC;C9002;VENTA ONLINE;CAF-BRAS-250;1;5535.77;0;5535.77;
28/05/2025;FAC 0003-00041897;FAC;C9002;VENTA ONLINE;CAF-COLOM-250;2;8945.76;0;17891.53;
01/04/2025;FAC 0003-00041437;FAC;C9002;VENTA ONLINE;CAF-COLOM-250;1;8753.19;0;8753.19;
22/03/2025;FAC 0003-00041013;FAC;C9002;VENTA ONLINE;CAF-BLEND-250;1;5849.11;0;5849.11;
19/03/2025;FAC 0003-00041044;FAC;C9002;VENTA ONLINE;CAF-ETIOP-250;2;9922.6;0;19845.2;
14/02/2025;FAC 0003-00040446;FAC;C0120;Tostado Chacarita;CAF-BRAS-1K;7;17374.0;32;82700.24;
12/06/2025;FAC 0003-00042213;FAC;C9002;VENTA ONLINE;CAF-BLEND-250;2;6243.71;0;12487.41;
26/05/2025;FAC 0003-00041839;FAC;C9002;VENTA ONLINE;CAF-ETIOP-250;3;10363.99;0;31091.98;
25/03/2025;FAC 0003-00041025;FAC;C9002;VENTA ONLINE;CAP-FILTRO-100;1;3342.35;0;3342.35;
18/01/2025;FAC 0003-00040233;FAC;C9002;VENTA ONLINE;CAF-BRAS-250;1;5300.0;0;5300.0;
15/04/2025;FAC 0003-00041307;FAC;C9002;VENTA ONLINE;CAF-ETIOP-250;2;10140.9;0;20281.79;
01/06/2025;FAC 0003-00042340;FAC;C9002;VENTA ONLINE;CAF-CAPS-10;1;7693.14;0;7693.14;
13/05/2025;FAC 0003-00041799;FAC;C9002;VENTA ONLINE;CAF-COLOM-250;3;8945.76;0;26837.29;
03/01/2025;FAC 0003-00040393;FAC;C9001;CONSUMIDOR FINAL;CAF-COLOM-250;2;8200.0;0;16400.0;
13/03/2025;FAC 0003-00041056;FAC;C9002;VENTA ONLINE;CAF-COLOM-250;1;8564.77;0;8564.77;
03/04/2025;FAC 0003-00041446;FAC;C9002;VENTA ONLINE;CAF-CAPS-10;2;7365.49;0;14730.98;
11/05/2025;FAC 0003-00041959;FAC;C9001;CONSUMIDOR FINAL;CAF-BLEND-250;2;6109.3;0;12218.6;
22/02/2025;FAC 0003-00040749;FAC;C9001;CONSUMIDOR FINAL;CAF-BLEND-250;1;5723.2;0;5723.2;
12/06/2025;FAC 0003-00042242;FAC;C9002;VENTA ONLINE;CAF-COLOM-250;2;9142.57;0;18285.14;
23/03/2025;FAC 0003-00041003;FAC;C9002;VENTA ONLINE;CAF-ETIOP-250;3;9922.6;0;29767.79;
23/06/2025;FAC 0003-00042274;FAC;C9002;VENTA ONLINE;CAF-ETIOP-250;1;10592.0;0;10592.0;
10/04/2025;FAC 0003-00041410;FAC;C9002;VENTA ONLINE;CAF-DESCA-250;3;7899.22;0;23697.67;
05/01/2025;FAC 0003-00040047;FAC;C0133;El Almacen de Barracas II;CAF-ETIOP-250;11;9500.0;35;67925.0;M. Paz
20/01/2025;FAC 0003-00040347;FAC;C9001;CONSUMIDOR FINAL;CAF-COLOM-250;1;8200.0;0;8200.0;
11/04/2025;FAC 0003-00041489;FAC;C9002;VENTA ONLINE;CAF-COLOM-250;2;8753.19;0;17506.39;
15/05/2025;FAC 0003-00041771;FAC;C9002;VENTA ONLINE;CAF-COLOM-250;2;8945.76;0;17891.53;
01/01/2025;FAC 0003-00040136;FAC;C9002;VENTA ONLINE;CAF-COLOM-250;1;8200.0;0;8200.0;
07/02/2025;FAC 0003-00040752;FAC;C9001;CONSUMIDOR FINAL;CAF-BLEND-250;2;5723.2;0;11446.4;
25/04/2025;FAC 0003-00041276;FAC;C0129;Bar San Telmo II;CAP-FILTRO-100;5;3415.88;32;11613.99;
07/02/2025;FAC 0003-00040466;FAC;C0134;Bar Agronomia;CAF-BRAS-1K;4;17374.0;35;45172.4;R. Ibarra
07/04/2025;FAC 0003-00041616;FAC;C9001;CONSUMIDOR FINAL;CAF-COLOM-250;2;8753.19;0;17506.39;
25/03/2025;FAC 0003-00041210;FAC;C9001;CONSUMIDOR FINAL;CAF-COLOM-250;1;8564.77;0;8564.77;
21/06/2025;FAC 0003-00042482;FAC;C9001;CONSUMIDOR FINAL;CAF-BLEND-1K;1;20069.06;0;20069.06;
01/06/2025;FAC 0003-00042181;FAC;C9002;VENTA ONLINE;CAF-BLEND-250;2;6243.71;0;12487.41;
12/04/2025;FAC 0003-00041240;FAC;C0001;GRANOS DEL SUR S.A.;CAF-BLEND-1K;50;19214.33;40;576429.83;
17/01/2025;FAC 0003-00040184;FAC;C9002;VENTA ONLINE;CAP-TAZA;2;8900.0;0;17800.0;
25/02/2025;FAC 0003-00040483;FAC;C9002;VENTA ONLINE;CAF-ETIOP-250;2;9709.0;0;19418.0;
18/01/2025;FAC 0003-00040009;FAC;C0001;GRANOS DEL SUR S.A.;CAF-BLEND-1K;34;18000.0;40;367200.0;M. Paz
18/02/2025;FAC 0003-00040425;FAC;C0101;El Almacen de Palermo II;CAF-BRAS-1K;6;17374.0;35;67758.6;M. Paz
18/06/2025;FAC 0003-00042344;FAC;C9002;VENTA ONLINE;CAF-BLEND-250;3;6243.71;0;18731.12;
24/05/2025;FAC 0003-00041787;FAC;C9002;VENTA ONLINE;CAF-BRAS-250;3;5782.02;0;17346.05;
15/05/2025;FAC 0003-00041812;FAC;C9002;VENTA ONLINE;CAF-ETIOP-250;3;10363.99;0;31091.98;
16/05/2025;FAC 0003-00041979;FAC;C9001;CONSUMIDOR FINAL;CAF-BLEND-1K;2;19637.04;0;39274.09;
02/06/2025;FAC 0003-00042304;FAC;C9002;VENTA ONLINE;CAF-ETIOP-250;3;10592.0;0;31776.01;
14/03/2025;FAC 0003-00040958;FAC;C9002;VENTA ONLINE;CAF-COLOM-250;1;8564.77;0;8564.77;
01/06/2025;FAC 0003-00042424;FAC;C9001;CONSUMIDOR FINAL;CAF-ETIOP-250;1;10592.0;0;10592.0;
20/04/2025;FAC 0003-00041519;FAC;C9002;VENTA ONLINE;CAP-TAZA;1;9500.42;0;9500.42;
05/06/2025;FAC 0003-00042302;FAC;C9002;VENTA ONLINE;CAF-BLEND-250;3;6243.71;0;18731.12;
20/04/2025;NC 0003-00001224;NC;C0001;GRANOS DEL SUR S.A.;CAF-BLEND-1K;-13;19214.33;40;-149871.76;
09/02/2025;FAC 0003-00040530;FAC;C9002;VENTA ONLINE;CAF-BRAS-250;2;5416.6;0;10833.2;
16/03/2025;FAC 0003-00041177;FAC;C9001;CONSUMIDOR FINAL;CAF-BLEND-250;2;5849.11;0;11698.22;
17/06/2025;FAC 0003-00042222;FAC;C9002;VENTA ONLINE;CAF-BRAS-250;3;5909.22;0;17727.67;
12/05/2025;FAC 0003-00041649;FAC;C0001;GRANOS DEL SUR S.A.;CAF-BLEND-1K;44;19637.04;40;518417.93;R. Ibarra
01/05/2025;FAC 0003-00041738;FAC;C9002;VENTA ONLINE;CAF-ETIOP-250;2;10363.99;0;20727.99;
04/02/2025;FAC 0003-00040601;FAC;C9002;VENTA ONLINE;CAF-BRAS-250;1;5416.6;0;5416.6;
21/05/2025;FAC 0003-00041888;FAC;C9002;VENTA ONLINE;CAF-ETIOP-250;3;10363.99;0;31091.98;
20/01/2025;FAC 0003-00040123;FAC;C9002;VENTA ONLINE;CAF-BRAS-250;1;5300.0;0;5300.0;
18/03/2025;FAC 0003-00041035;FAC;C9002;VENTA ONLINE;CAF-COLOM-250;1;8564.77;0;8564.77;
23/01/2025;FAC 0003-00040409;FAC;C9001;CONSUMIDOR FINAL;CAF-BLEND-250;1;5600.0;0;5600.0;
09/05/2025;FAC 0003-00041903;FAC;C9002;VENTA ONLINE;CAF-ETIOP-250;2;10363.99;0;20727.99;
09/06/2025;FAC 0003-00042406;FAC;C9001;CONSUMIDOR FINAL;CAF-BLEND-250;1;6243.71;0;6243.71;
22/03/2025;FAC 0003-00041016;FAC;C9002;VENTA ONLINE;CAF-CAPS-10;2;7206.94;0;14413.88;
16/04/2025;FAC 0003-00041476;FAC;C9002;VENTA ONLINE;CAF-BLEND-250;2;5977.79;0;11955.58;
23/02/2025;FAC 0003-00040628;FAC;C9002;VENTA ONLINE;CAF-COLOM-250;1;8380.4;0;8380.4;
16/03/2025;FAC 0003-00040886;FAC;C0137;Panaderia Villa Urquiza II;CAF-BLEND-1K;4;18800.71;30;52641.99;R. Ibarra
08/02/2025;FAC 0003-00040712;FAC;C9001;CONSUMIDOR FINAL;CAP-FILTRO-100;1;3270.4;0;3270.4;
19/06/2025;FAC 0003-00042236;FAC;C9002;VENTA ONLINE;CAF-ETIOP-250;1;10592.0;0;10592.0;
17/04/2025;FAC 0003-00041278;FAC;C0131;Tostado Coghlan II;CAF-BLEND-1K;9;19214.33;35;112403.82;R. Ibarra
04/02/2025;FAC 0003-00040594;FAC;C9002;VENTA ONLINE;CAF-COLOM-250;3;8380.4;0;25141.2;
28/02/2025;FAC 0003-00040686;FAC;C9002;VENTA ONLINE;CAP-TAZA;1;9095.8;0;9095.8;
07/01/2025;FAC 0003-00040007;FAC;C0001;GRANOS DEL SUR S.A.;CAF-BRAS-1K;16;17000.0;40;163200.0;R. Ibarra
13/04/2025;FAC 0003-00041462;FAC;C9002;VENTA ONLINE;CAF-COLOM-250;2;8753.19;0;17506.39;
07/01/2025;FAC 0003-00040152;FAC;C9002;VENTA ONLINE;CAF-CAPS-10;2;6900.0;0;13800.0;
28/05/2025;FAC 0003-00041906;FAC;C9002;VENTA ONLINE;CAF-COLOM-250;3;8945.76;0;26837.29;
12/02/2025;FAC 0003-00040450;FAC;C0123;La Ventanita de Almagro II;CAF-BRAS-1K;2;17374.0;35;22586.2;
23/04/2025;FAC 0003-00041458;FAC;C9002;VENTA ONLINE;CAF-ETIOP-250;2;10140.9;0;20281.79;
06/03/2025;FAC 0003-00041062;FAC;C9002;VENTA ONLINE;CAF-DESCA-250;3;7729.18;0;23187.54;
19/03/2025;FAC 0003-00040869;FAC;C0124;Coffee Lab Flores;CAF-BRAS-1K;4;17756.23;35;46166.19;M. Paz
04/04/2025;FAC 0003-00041329;FAC;C9002;VENTA ONLINE;CAF-ETIOP-250;3;10140.9;0;30422.69;
20/01/2025;FAC 0003-00040031;FAC;C0118;Bar Saavedra;CAF-ETIOP-250;5;9500.0;32;32300.0;R. Ibarra
04/01/2025;FAC 0003-00040370;FAC;C9001;CONSUMIDOR FINAL;CAF-COLOM-250;1;8200.0;0;8200.0;
24/06/2025;FAC 0003-00042139;FAC;C0138;El Almacen de Constitucion;CAF-BRAS-1K;4;18954.11;30;53071.51;R. Ibarra
18/02/2025;FAC 0003-00040783;FAC;C9001;CONSUMIDOR FINAL;CAF-BLEND-1K;2;18396.0;0;36792.0;
17/01/2025;FAC 0003-00040070;FAC;C9002;VENTA ONLINE;CAF-BLEND-250;3;5600.0;0;16800.0;
09/03/2025;FAC 0003-00040911;FAC;C9002;VENTA ONLINE;CAF-COLOM-250;3;8564.77;0;25694.31;
12/02/2025;FAC 0003-00040739;FAC;C9001;CONSUMIDOR FINAL;CAF-BLEND-250;2;5723.2;0;11446.4;
23/02/2025;FAC 0003-00040618;FAC;C9002;VENTA ONLINE;CAF-COLOM-250;3;8380.4;0;25141.2;
13/05/2025;FAC 0003-00041891;FAC;C9002;VENTA ONLINE;CAF-ETIOP-250;1;10363.99;0;10363.99;
04/04/2025;FAC 0003-00041464;FAC;C9002;VENTA ONLINE;CAF-ETIOP-250;3;10140.9;0;30422.69;
01/01/2025;FAC 0003-00040377;FAC;C9001;CONSUMIDOR FINAL;CAF-BLEND-1K;1;18000.0;0;18000.0;
20/04/2025;FAC 0003-00041420;FAC;C9002;VENTA ONLINE;CAF-ETIOP-250;3;10140.9;0;30422.69;
16/02/2025;FAC 0003-00040826;FAC;C9001;CONSUMIDOR FINAL;CAF-BLEND-1K;2;18396.0;0;36792.0;
10/04/2025;FAC 0003-00041455;FAC;C9002;VENTA ONLINE;CAP-FILTRO-100;2;3415.88;0;6831.76;
04/01/2025;FAC 0003-00040213;FAC;C9002;VENTA ONLINE;CAF-DESCA-250;2;7400.0;0;14800.0;
07/02/2025;FAC 0003-00040756;FAC;C9001;CONSUMIDOR FINAL;CAF-ETIOP-250;1;9709.0;0;9709.0;
21/06/2025;FAC 0003-00042312;FAC;C9002;VENTA ONLINE;CAF-ETIOP-250;3;10592.0;0;31776.01;
21/01/2025;FAC 0003-00040143;FAC;C9002;VENTA ONLINE;CAF-ETIOP-250;1;9500.0;0;9500.0;
12/01/2025;FAC 0003-00040133;FAC;C9002;VENTA ONLINE;CAF-CAPS-10;3;6900.0;0;20700.0;
28/03/2025;FAC 0003-00040924;FAC;C9002;VENTA ONLINE;CAP-TAZA;3;9295.91;0;27887.72;
09/04/2025;FAC 0003-00041353;FAC;C9002;VENTA ONLINE;CAF-ETIOP-250;1;10140.9;0;10140.9;
07/06/2025;FAC 0003-00042404;FAC;C9001;CONSUMIDOR FINAL;CAF-COLOM-250;1;9142.57;0;9142.57;
07/04/2025;FAC 0003-00041465;FAC;C9002;VENTA ONLINE;CAF-ETIOP-250;3;10140.9;0;30422.69;
02/05/2025;FAC 0003-00041682;FAC;C0127;Cafe Parque Chas II;CAF-BRAS-1K;4;18546.1;32;50445.38;
13/04/2025;FAC 0003-00041254;FAC;C0108;Coffee Lab Colegiales;CAP-FILTRO-100;6;3415.88;32;13936.79;R. Ibarra
12/06/2025;FAC 0003-00042293;FAC;C9002;VENTA ONLINE;CAF-CAPS-10;1;7693.14;0;7693.14;
01/06/2025;FAC 0003-00042161;FAC;C9002;VENTA ONLINE;CAF-COLOM-250;2;9142.57;0;18285.14;
01/04/2025;FAC 0003-00041492;FAC;C9002;VENTA ONLINE;CAF-ETIOP-250;3;10140.9;0;30422.69;
14/04/2025;FAC 0003-00041501;FAC;C9002;VENTA ONLINE;CAF-ETIOP-250;2;10140.9;0;20281.79;
09/05/2025;FAC 0003-00041644;FAC;C0001;GRANOS DEL SUR S.A.;CAF-BLEND-CJ6;4;111276.58;40;267063.78;M. Paz
18/05/2025;FAC 0003-00041711;FAC;C9002;VENTA ONLINE;CAF-ETIOP-250;3;10363.99;0;31091.98;
13/02/2025;FAC 0003-00040613;FAC;C9002;VENTA ONLINE;CAF-ETIOP-250;2;9709.0;0;19418.0;
06/01/2025;FAC 0003-00040236;FAC;C9002;VENTA ONLINE;CAF-DESCA-250;1;7400.0;0;7400.0;
07/03/2025;FAC 0003-00040885;FAC;C0136;Tostado Villa Urquiza;CAF-BLEND-1K;6;18800.71;35;73322.78;
18/01/2025;FAC 0003-00040203;FAC;C9002;VENTA ONLINE;CAF-ETIOP-250;1;9500.0;0;9500.0;
17/06/2025;FAC 0003-00042433;FAC;C9001;CONSUMIDOR FINAL;CAF-COLOM-250;1;9142.57;0;9142.57;
12/05/2025;FAC 0003-00041649;FAC;C0001;GRANOS DEL SUR S.A.;CAF-BLEND-CJ6;11;111276.58;40;734425.4;R. Ibarra
25/04/2025;FAC 0003-00041593;FAC;C9001;CONSUMIDOR FINAL;CAF-ETIOP-250;1;10140.9;0;10140.9;
07/05/2025;FAC 0003-00041774;FAC;C9002;VENTA ONLINE;CAF-DESCA-250;1;8073.01;0;8073.01;
25/04/2025;FAC 0003-00041363;FAC;C9002;VENTA ONLINE;CAF-BLEND-250;3;5977.79;0;17933.37;
21/01/2025;FAC 0003-00040005;FAC;C0001;GRANOS DEL SUR S.A.;CAF-BRAS-1K;18;17000.0;40;183600.0;
12/01/2025;FAC 0003-00040072;FAC;C9002;VENTA ONLINE;CAF-BRAS-250;1;5300.0;0;5300.0;
06/02/2025;FAC 0003-00040437;FAC;C0112;La Ventanita de Recoleta;CAP-FILTRO-100;6;3270.4;35;12754.56;
23/02/2025;FAC 0003-00040513;FAC;C9002;VENTA ONLINE;CAF-BLEND-250;1;5723.2;0;5723.2;
11/01/2025;NC 0003-00001208;NC;C0118;Bar Saavedra;CAF-BRAS-1K;-1;17000.0;32;-11560.0;
03/06/2025;FAC 0003-00042145;FAC;C9002;VENTA ONLINE;CAF-COLOM-250;3;9142.57;0;27427.71;
11/01/2025;FAC 0003-00040287;FAC;C9001;CONSUMIDOR FINAL;CAF-BLEND-250;2;5600.0;0;11200.0;
02/03/2025;FAC 0003-00041193;FAC;C9001;CONSUMIDOR FINAL;CAF-ETIOP-250;1;9922.6;0;9922.6;
24/03/2025;FAC 0003-00041075;FAC;C9002;VENTA ONLINE;CAF-ETIOP-250;3;9922.6;0;29767.79;
19/01/2025;FAC 0003-00040044;FAC;C0130;Usina Coghlan;CAP-FILTRO-100;5;3200.0;30;11200.0;R. Ibarra
03/06/2025;FAC 0003-00042380;FAC;C9002;VENTA ONLINE;CAF-ETIOP-250;2;10592.0;0;21184.01;
21/02/2025;FAC 0003-00040523;FAC;C9002;VENTA ONLINE;CAF-ETIOP-250;1;9709.0;0;9709.0;
10/05/2025;FAC 0003-00041896;FAC;C9002;VENTA ONLINE;CAF-BRAS-250;1;5782.02;0;5782.02;
26/02/2025;FAC 0003-00040790;FAC;C9001;CONSUMIDOR FINAL;CAF-BLEND-250;1;5723.2;0;5723.2;
01/02/2025;FAC 0003-00040556;FAC;C9002;VENTA ONLINE;CAF-COLOM-250;3;8380.4;0;25141.2;
26/06/2025;FAC 0003-00042283;FAC;C9002;VENTA ONLINE;CAF-COLOM-250;2;9142.57;0;18285.14;
27/05/2025;FAC 0003-00041730;FAC;C9002;VENTA ONLINE;CAP-TAZA;3;9709.43;0;29128.28;
01/01/2025;FAC 0003-00040037;FAC;C0124;Coffee Lab Flores;CAF-BLEND-1K;3;18000.0;35;35100.0;
15/01/2025;FAC 0003-00040101;FAC;C9002;VENTA ONLINE;CAF-ETIOP-250;1;9500.0;0;9500.0;
27/02/2025;NC 0003-00001211;NC;C0001;GRANOS DEL SUR S.A.;CAF-BLEND-1K;-12;18396.0;40;-132451.2;
20/02/2025;FAC 0003-00040724;FAC;C9001;CONSUMIDOR FINAL;CAF-ETIOP-250;2;9709.0;0;19418.0;
05/04/2025;FAC 0003-00041454;FAC;C9002;VENTA ONLINE;CAF-COLOM-250;1;8753.19;0;8753.19;
09/01/2025;FAC 0003-00040176;FAC;C9002;VENTA ONLINE;CAF-CAPS-10;2;6900.0;0;13800.0;
13/03/2025;FAC 0003-00040856;FAC;C0110;Panaderia Devoto;CAF-BLEND-1K;3;18800.71;35;36661.39;R. Ibarra
09/04/2025;FAC 0003-00041500;FAC;C9002;VENTA ONLINE;CAF-BRAS-250;1;5657.55;0;5657.55;
04/03/2025;FAC 0003-00041093;FAC;C9002;VENTA ONLINE;CAF-BRAS-250;1;5535.77;0;5535.77;
07/03/2025;FAC 0003-00041165;FAC;C9001;CONSUMIDOR FINAL;CAF-BLEND-1K;1;18800.71;0;18800.71;
13/02/2025;FAC 0003-00040753;FAC;C9001;CONSUMIDOR FINAL;CAF-BLEND-250;1;5723.2;0;5723.2;
26/05/2025;FAC 0003-00041968;FAC;C9001;CONSUMIDOR FINAL;CAF-BLEND-250;1;6109.3;0;6109.3;
12/01/2025;FAC 0003-00040133;FAC;C9002;VENTA ONLINE;CAF-COLOM-250;2;8200.0;0;16400.0;
01/06/2025;FAC 0003-00042103;FAC;C0110;Panaderia Devoto;CAF-BLEND-1K;4;20069.06;35;52179.55;M. Paz
28/02/2025;NC 0003-00001216;NC;C0102;Bar Belgrano;CAF-BRAS-1K;-5;17374.0;35;-56465.5;
25/02/2025;FAC 0003-00040611;FAC;C9002;VENTA ONLINE;CAF-BRAS-250;1;5416.6;0;5416.6;
18/06/2025;FAC 0003-00042427;FAC;C9001;CONSUMIDOR FINAL;CAP-FILTRO-100;1;3567.83;0;3567.83;
12/05/2025;FAC 0003-00041892;FAC;C9002;VENTA ONLINE;CAF-CAPS-10;3;7527.53;0;22582.6;
17/03/2025;FAC 0003-00041158;FAC;C9001;CONSUMIDOR FINAL;CAF-BLEND-1K;2;18800.71;0;37601.42;
02/05/2025;FAC 0003-00042030;FAC;C9001;CONSUMIDOR FINAL;CAF-BLEND-250;2;6109.3;0;12218.6;
14/05/2025;FAC 0003-00041870;FAC;C9002;VENTA ONLINE;CAF-BLEND-250;1;6109.3;0;6109.3;
18/05/2025;FAC 0003-00041741;FAC;C9002;VENTA ONLINE;CAP-FILTRO-100;3;3491.03;0;10473.09;
16/02/2025;FAC 0003-00040626;FAC;C9002;VENTA ONLINE;CAF-DESCA-250;1;7562.8;0;7562.8;
20/06/2025;FAC 0003-00042417;FAC;C9001;CONSUMIDOR FINAL;CAF-ETIOP-250;1;10592.0;0;10592.0;
28/05/2025;FAC 0003-00041797;FAC;C9002;VENTA ONLINE;CAF-COLOM-250;2;8945.76;0;17891.53;
01/06/2025;FAC 0003-00042090;FAC;C0101;El Almacen de Palermo II;CAF-BRAS-1K;8;18954.11;35;98561.37;
01/04/2025;FAC 0003-00041567;FAC;C9001;CONSUMIDOR FINAL;CAF-BLEND-1K;2;19214.33;0;38428.66;
08/01/2025;FAC 0003-00040019;FAC;C0107;La Ventanita de Nunez II;CAF-BRAS-1K;6;17000.0;35;66300.0;M. Paz
25/01/2025;FAC 0003-00040273;FAC;C9001;CONSUMIDOR FINAL;CAF-ETIOP-250;1;9500.0;0;9500.0;
10/01/2025;FAC 0003-00040256;FAC;C9002;VENTA ONLINE;CAP-FILTRO-100;1;3200.0;0;3200.0;
16/03/2025;FAC 0003-00041001;FAC;C9002;VENTA ONLINE;CAF-BLEND-250;3;5849.11;0;17547.33;
18/05/2025;FAC 0003-00041696;FAC;C0138;El Almacen de Constitucion;CAF-BLEND-1K;8;19637.04;30;109967.44;
16/03/2025;FAC 0003-00040918;FAC;C9002;VENTA ONLINE;CAF-CAPS-10;3;7206.94;0;21620.82;
07/03/2025;FAC 0003-00041067;FAC;C9002;VENTA ONLINE;CAF-COLOM-250;3;8564.77;0;25694.31;
08/03/2025;FAC 0003-00041096;FAC;C9002;VENTA ONLINE;CAF-ETIOP-250;1;9922.6;0;9922.6;
04/05/2025;FAC 0003-00041858;FAC;C9002;VENTA ONLINE;CAP-FILTRO-100;3;3491.03;0;10473.09;
08/01/2025;FAC 0003-00040032;FAC;C0120;Tostado Chacarita;CAF-BLEND-1K;10;18000.0;32;122400.0;M. Paz
01/01/2025;FAC 0003-00040404;FAC;C9001;CONSUMIDOR FINAL;CAF-COLOM-250;2;8200.0;0;16400.0;
14/01/2025;FAC 0003-00040322;FAC;C9001;CONSUMIDOR FINAL;CAF-COLOM-250;1;8200.0;0;8200.0;
08/02/2025;FAC 0003-00040633;FAC;C9002;VENTA ONLINE;CAP-TAZA;2;9095.8;0;18191.6;
25/06/2025;FAC 0003-00042174;FAC;C9002;VENTA ONLINE;CAP-TAZA;1;9923.03;0;9923.03;
24/05/2025;FAC 0003-00041935;FAC;C9002;VENTA ONLINE;CAF-BRAS-250;1;5782.02;0;5782.02;
08/01/2025;FAC 0003-00040346;FAC;C9001;CONSUMIDOR FINAL;CAF-ETIOP-250;1;9500.0;0;9500.0;
07/04/2025;FAC 0003-00041504;FAC;C9002;VENTA ONLINE;CAF-BLEND-250;1;5977.79;0;5977.79;
02/03/2025;FAC 0003-00041106;FAC;C9002;VENTA ONLINE;CAF-BLEND-250;1;5849.11;0;5849.11;
17/03/2025;FAC 0003-00040849;FAC;C0103;Coffee Lab Belgrano II;CAP-FILTRO-100;4;3342.35;35;8690.11;M. Paz
14/01/2025;FAC 0003-00040254;FAC;C9002;VENTA ONLINE;CAF-CAPS-10;3;6900.0;0;20700.0;
03/01/2025;FAC 0003-00040004;FAC;C0001;GRANOS DEL SUR S.A.;CAF-BLEND-1K;60;18000.0;40;648000.0;R. Ibarra
03/01/2025;FAC 0003-00040004;FAC;C0001;GRANOS DEL SUR S.A.;CAF-BLEND-CJ6;12;102000.0;40;734400.0;R. Ibarra
23/02/2025;FAC 0003-00040679;FAC;C9002;VENTA ONLINE;CAF-ETIOP-250;2;9709.0;0;19418.0;
20/02/2025;FAC 0003-00040545;FAC;C9002;VENTA ONLINE;CAF-ETIOP-250;3;9709.0;0;29127.0;
12/06/2025;FAC 0003-00042232;FAC;C9002;VENTA ONLINE;CAF-ETIOP-250;3;10592.0;0;31776.01;
07/05/2025;FAC 0003-00041966;FAC;C9001;CONSUMIDOR FINAL;CAF-BLEND-250;1;6109.3;0;6109.3;
22/03/2025;FAC 0003-00041069;FAC;C9002;VENTA ONLINE;CAF-COLOM-250;2;8564.77;0;17129.54;
26/01/2025;FAC 0003-00040051;FAC;C0138;El Almacen de Constitucion;CAP-FILTRO-100;4;3200.0;30;8960.0;M. Paz
07/03/2025;FAC 0003-00041119;FAC;C9001;CONSUMIDOR FINAL;CAF-BLEND-1K;1;18800.71;0;18800.71;
18/06/2025;FAC 0003-00042220;FAC;C9002;VENTA ONLINE;CAF-BRAS-250;1;5909.22;0;5909.22;
19/05/2025;FAC 0003-00042012;FAC;C9001;CONSUMIDOR FINAL;CAF-ETIOP-250;2;10363.99;0;20727.99;
01/04/2025;FAC 0003-00041286;FAC;C0139;La Ventanita de Constitucion II;CAF-BLEND-1K;4;19214.33;30;53800.12;
10/02/2025;FAC 0003-00040660;FAC;C9002;VENTA ONLINE;CAF-ETIOP-250;2;9709.0;0;19418.0;
18/01/2025;FAC 0003-00040203;FAC;C9002;VENTA ONLINE;CAP-TAZA;3;8900.0;0;26700.0;
01/02/2025;FAC 0003-00040582;FAC;C9002;VENTA ONLINE;CAF-BLEND-250;1;5723.2;0;5723.2;
03/03/2025;FAC 0003-00041030;FAC;C9002;VENTA ONLINE;CAF-ETIOP-250;1;9922.6;0;9922.6;
19/06/2025;FAC 0003-00042449;FAC;C9001;CONSUMIDOR FINAL;CAF-BLEND-1K;1;20069.06;0;20069.06;
14/04/2025;FAC 0003-00041620;FAC;C9001;CONSUMIDOR FINAL;CAF-ETIOP-250;2;10140.9;0;20281.79;
18/03/2025;FAC 0003-00040923;FAC;C9002;VENTA ONLINE;CAF-BRAS-250;3;5535.77;0;16607.3;
23/05/2025;FAC 0003-00042068;FAC;C9001;CONSUMIDOR FINAL;CAP-FILTRO-100;1;3491.03;0;3491.03;
25/03/2025;FAC 0003-00041050;FAC;C9002;VENTA ONLINE;CAF-COLOM-250;1;8564.77;0;8564.77;
06/02/2025;FAC 0003-00040657;FAC;C9002;VENTA ONLINE;CAF-BRAS-250;2;5416.6;0;10833.2;
17/04/2025;FAC 0003-00041603;FAC;C9001;CONSUMIDOR FINAL;CAF-COLOM-250;2;8753.19;0;17506.39;
15/02/2025;FAC 0003-00040452;FAC;C0124;Coffee Lab Flores;CAF-BLEND-1K;10;18396.0;35;119574.0;R. Ibarra
07/05/2025;FAC 0003-00042016;FAC;C9001;CONSUMIDOR FINAL;CAF-COLOM-250;1;8945.76;0;8945.76;
16/06/2025;FAC 0003-00042310;FAC;C9002;VENTA ONLINE;CAF-COLOM-250;2;9142.57;0;18285.14;
03/02/2025;FAC 0003-00040566;FAC;C9002;VENTA ONLINE;CAF-COLOM-250;2;8380.4;0;16760.8;
18/01/2025;FAC 0003-00040239;FAC;C9002;VENTA ONLINE;CAF-DESCA-250;1;7400.0;0;7400.0;
04/06/2025;FAC 0003-00042338;FAC;C9002;VENTA ONLINE;CAF-ETIOP-250;1;10592.0;0;10592.0;
10/01/2025;FAC 0003-00040086;FAC;C9002;VENTA ONLINE;CAF-ETIOP-250;2;9500.0;0;19000.0;
26/06/2025;FAC 0003-00042327;FAC;C9002;VENTA ONLINE;CAF-ETIOP-250;1;10592.0;0;10592.0;
26/05/2025;FAC 0003-00041817;FAC;C9002;VENTA ONLINE;CAF-BLEND-250;2;6109.3;0;12218.6;
21/05/2025;FAC 0003-00041962;FAC;C9001;CONSUMIDOR FINAL;CAP-FILTRO-100;2;3491.03;0;6982.06;
07/06/2025;FAC 0003-00042321;FAC;C9002;VENTA ONLINE;CAF-COLOM-250;2;9142.57;0;18285.14;
06/01/2025;FAC 0003-00040175;FAC;C9002;VENTA ONLINE;CAF-COLOM-250;3;8200.0;0;24600.0;
15/01/2025;FAC 0003-00040406;FAC;C9001;CONSUMIDOR FINAL;CAF-COLOM-250;1;8200.0;0;8200.0;
19/03/2025;FAC 0003-00040869;FAC;C0124;Coffee Lab Flores;CAP-FILTRO-100;4;3342.35;35;8690.11;M. Paz
26/03/2025;FAC 0003-00040838;FAC;C0001;GRANOS DEL SUR S.A.;CAF-BLEND-CJ6;4;106537.37;40;255689.68;
26/02/2025;FAC 0003-00040770;FAC;C9001;CONSUMIDOR FINAL;CAF-BLEND-1K;2;18396.0;0;36792.0;
25/05/2025;FAC 0003-00041895;FAC;C9002;VENTA ONLINE;CAP-TAZA;3;9709.43;0;29128.28;
17/02/2025;FAC 0003-00040634;FAC;C9002;VENTA ONLINE;CAF-BLEND-250;2;5723.2;0;11446.4;
11/01/2025;FAC 0003-00040342;FAC;C9001;CONSUMIDOR FINAL;CAF-BLEND-1K;1;18000.0;0;18000.0;
11/05/2025;FAC 0003-00041829;FAC;C9002;VENTA ONLINE;CAF-ETIOP-250;2;10363.99;0;20727.99;
16/02/2025;FAC 0003-00040531;FAC;C9002;VENTA ONLINE;CAF-COLOM-250;2;8380.4;0;16760.8;
20/05/2025;FAC 0003-00041779;FAC;C9002;VENTA ONLINE;CAF-CAPS-10;3;7527.53;0;22582.6;
15/06/2025;FAC 0003-00042354;FAC;C9002;VENTA ONLINE;CAF-COLOM-250;2;9142.57;0;18285.14;
17/01/2025;FAC 0003-00040015;FAC;C0104;Tostado Villa Crespo;CAF-BLEND-1K;8;18000.0;35;93600.0;M. Paz
13/03/2025;FAC 0003-00041104;FAC;C9002;VENTA ONLINE;CAF-ETIOP-250;2;9922.6;0;19845.2;
13/06/2025;FAC 0003-00042115;FAC;C0119;Coffee Lab Saavedra II;CAF-BRAS-1K;4;18954.11;35;49280.69;
23/02/2025;FAC 0003-00040550;FAC;C9002;VENTA ONLINE;CAF-ETIOP-250;3;9709.0;0;29127.0;
19/02/2025;FAC 0003-00040683;FAC;C9002;VENTA ONLINE;CAF-BLEND-250;2;5723.2;0;11446.4;
26/03/2025;FAC 0003-00041147;FAC;C9001;CONSUMIDOR FINAL;CAF-BLEND-1K;1;18800.71;0;18800.71;
18/05/2025;FAC 0003-00041942;FAC;C9002;VENTA ONLINE;CAP-TAZA;2;9709.43;0;19418.85;
10/03/2025;FAC 0003-00040965;FAC;C9002;VENTA ONLINE;CAF-COLOM-250;3;8564.77;0;25694.31;
20/02/2025;FAC 0003-00040463;FAC;C0132;Cafe Barracas;CAF-BLEND-1K;8;18396.0;35;95659.2;
10/03/2025;FAC 0003-00041219;FAC;C9001;CONSUMIDOR FINAL;CAF-BLEND-1K;2;18800.71;0;37601.42;
06/02/2025;FAC 0003-00040766;FAC;C9001;CONSUMIDOR FINAL;CAF-COLOM-250;1;8380.4;0;8380.4;
28/01/2025;FAC 0003-00040314;FAC;C9001;CONSUMIDOR FINAL;CAF-BLEND-250;2;5600.0;0;11200.0;
21/04/2025;FAC 0003-00041357;FAC;C9002;VENTA ONLINE;CAF-BRAS-250;3;5657.55;0;16972.66;
15/03/2025;FAC 0003-00041046;FAC;C9002;VENTA ONLINE;CAF-COLOM-250;2;8564.77;0;17129.54;
23/01/2025;FAC 0003-00040084;FAC;C9002;VENTA ONLINE;CAF-BRAS-250;3;5300.0;0;15900.0;
02/02/2025;FAC 0003-00040607;FAC;C9002;VENTA ONLINE;CAF-COLOM-250;2;8380.4;0;16760.8;
01/01/2025;FAC 0003-00040278;FAC;C9001;CONSUMIDOR FINAL;CAF-ETIOP-250;2;9500.0;0;19000.0;
08/06/2025;FAC 0003-00042202;FAC;C9002;VENTA ONLINE;CAF-BLEND-250;3;6243.71;0;18731.12;
03/04/2025;FAC 0003-00041409;FAC;C9002;VENTA ONLINE;CAF-BLEND-250;3;5977.79;0;17933.37;
27/02/2025;FAC 0003-00040658;FAC;C9002;VENTA ONLINE;CAF-ETIOP-250;1;9709.0;0;9709.0;
24/04/2025;FAC 0003-00041392;FAC;C9002;VENTA ONLINE;CAF-DESCA-250;2;7899.22;0;15798.45;
13/02/2025;FAC 0003-00040508;FAC;C9002;VENTA ONLINE;CAF-ETIOP-250;1;9709.0;0;9709.0;
14/03/2025;NC 0003-00001220;NC;C0113;Bar Recoleta II;CAF-BRAS-1K;-5;17756.23;30;-62146.8;
19/05/2025;FAC 0003-00041947;FAC;C9001;CONSUMIDOR FINAL;CAF-COLOM-250;2;8945.76;0;17891.53;
20/04/2025;FAC 0003-00041328;FAC;C9002;VENTA ONLINE;CAF-COLOM-250;3;8753.19;0;26259.58;
10/05/2025;FAC 0003-00041876;FAC;C9002;VENTA ONLINE;CAF-ETIOP-250;2;10363.99;0;20727.99;
10/01/2025;FAC 0003-00040067;FAC;C9002;VENTA ONLINE;CAF-BRAS-250;2;5300.0;0;10600.0;
27/03/2025;FAC 0003-00040861;FAC;C0116;Cafe Caballito;CAF-BLEND-1K;5;18800.71;32;63922.42;
09/06/2025;FAC 0003-00042296;FAC;C9002;VENTA ONLINE;CAF-BLEND-250;1;6243.71;0;6243.71;
12/06/2025;FAC 0003-00042278;FAC;C9002;VENTA ONLINE;CAF-DESCA-250;3;8250.61;0;24751.84;
27/01/2025;FAC 0003-00040298;FAC;C9001;CONSUMIDOR FINAL;CAP-FILTRO-100;2;3200.0;0;6400.0;
05/04/2025;FAC 0003-00041239;FAC;C0001;GRANOS DEL SUR S.A.;BLEND1K;41;19214.33;40;472672.46;
14/06/2025;FAC 0003-00042484;FAC;C9001;CONSUMIDOR FINAL;CAP-FILTRO-100;2;3567.83;0;7135.67;
25/02/2025;FAC 0003-00040820;FAC;C9001;CONSUMIDOR FINAL;CAF-ETIOP-250;1;9709.0;0;9709.0;
15/04/2025;NC 0003-00001227;NC;C0001;GRANOS DEL SUR S.A.;CAF-BLEND-1K;-9;19214.33;40;-103757.37;
02/05/2025;FAC 0003-00041842;FAC;C9002;VENTA ONLINE;CAF-BLEND-250;1;6109.3;0;6109.3;
24/03/2025;FAC 0003-00040836;FAC;C0001;GRANOS DEL SUR S.A.;CAF-BRAS-1K;16;17756.23;40;170459.79;
22/02/2025;FAC 0003-00040577;FAC;C9002;VENTA ONLINE;CAF-ETIOP-250;2;9709.0;0;19418.0;
01/05/2025;FAC 0003-00041720;FAC;C9002;VENTA ONLINE;CAF-ETIOP-250;3;10363.99;0;31091.98;
27/01/2025;FAC 0003-00040144;FAC;C9002;VENTA ONLINE;CAF-DESCA-250;2;7400.0;0;14800.0;
03/06/2025;FAC 0003-00042285;FAC;C9002;VENTA ONLINE;CAF-BLEND-250;1;6243.71;0;6243.71;
13/06/2025;FAC 0003-00042102;FAC;C0109;Usina Colegiales II;CAF-BRAS-1K;8;18954.11;32;103110.36;M. Paz
18/01/2025;FAC 0003-00040368;FAC;C9001;CONSUMIDOR FINAL;CAF-BLEND-1K;1;18000.0;0;18000.0;
10/06/2025;FAC 0003-00042200;FAC;C9002;VENTA ONLINE;CAF-CAPS-10;3;7693.14;0;23079.42;
10/02/2025;FAC 0003-00040536;FAC;C9002;VENTA ONLINE;CAP-FILTRO-100;1;3270.4;0;3270.4;
15/05/2025;FAC 0003-00041771;FAC;C9002;VENTA ONLINE;CAF-BLEND-250;1;6109.3;0;6109.3;
20/03/2025;FAC 0003-00041037;FAC;C9002;VENTA ONLINE;CAF-ETIOP-250;3;9922.6;0;29767.79;
24/05/2025;FAC 0003-00041818;FAC;C9002;VENTA ONLINE;CAF-DESCA-250;3;8073.01;0;24219.02;
20/05/2025;FAC 0003-00042041;FAC;C9001;CONSUMIDOR FINAL;CAP-FILTRO-100;2;3491.03;0;6982.06;
19/01/2025;FAC 0003-00040044;FAC;C0130;Usina Coghlan;CAF-BRAS-1K;5;17000.0;30;59500.0;R. Ibarra
16/05/2025;FAC 0003-00042026;FAC;C9001;CONSUMIDOR FINAL;CAF-BLEND-1K;2;19637.04;0;39274.09;
20/06/2025;FAC 0003-00042189;FAC;C9002;VENTA ONLINE;CAF-ETIOP-250;3;10592.0;0;31776.01;
14/01/2025;FAC 0003-00040254;FAC;C9002;VENTA ONLINE;CAF-BLEND-250;1;5600.0;0;5600.0;
25/02/2025;FAC 0003-00040611;FAC;C9002;VENTA ONLINE;CAF-ETIOP-250;3;9709.0;0;29127.0;
08/01/2025;FAC 0003-00040019;FAC;C0107;La Ventanita de Nunez II;CAF-BLEND-1K;3;18000.0;35;35100.0;M. Paz
09/06/2025;FAC 0003-00042397;FAC;C9002;VENTA ONLINE;CAF-COLOM-250;1;9142.57;0;9142.57;
06/02/2025;FAC 0003-00040472;FAC;C0138;El Almacen de Constitucion;CAP-FILTRO-100;4;3270.4;30;9157.12;R. Ibarra
03/04/2025;FAC 0003-00041459;FAC;C9002;VENTA ONLINE;CAF-BLEND-250;3;5977.79;0;17933.37;
28/02/2025;FAC 0003-00040651;FAC;C9002;VENTA ONLINE;CAF-BRAS-250;2;5416.6;0;10833.2;
10/05/2025;FAC 0003-00041921;FAC;C9002;VENTA ONLINE;CAF-ETIOP-250;2;10363.99;0;20727.99;
19/06/2025;FAC 0003-00042319;FAC;C9002;VENTA ONLINE;CAF-ETIOP-250;2;10592.0;0;21184.01;
14/01/2025;FAC 0003-00040113;FAC;C9002;VENTA ONLINE;CAF-ETIOP-250;1;9500.0;0;9500.0;
03/04/2025;FAC 0003-00041272;FAC;C0126;Panaderia Parque Chas;CAF-BLEND-1K;8;19214.33;32;104525.94;R. Ibarra
22/03/2025;FAC 0003-00040922;FAC;C9002;VENTA ONLINE;CAF-ETIOP-250;3;9922.6;0;29767.79;
11/03/2025;FAC 0003-00041174;FAC;C9001;CONSUMIDOR FINAL;CAF-BLEND-250;1;5849.11;0;5849.11;
19/05/2025;FAC 0003-00041836;FAC;C9002;VENTA ONLINE;CAF-COLOM-250;3;8945.76;0;26837.29;
26/05/2025;FAC 0003-00041801;FAC;C9002;VENTA ONLINE;CAF-BRAS-250;2;5782.02;0;11564.04;
26/05/2025;FAC 0003-00041794;FAC;C9002;VENTA ONLINE;CAF-ETIOP-250;3;10363.99;0;31091.98;
27/06/2025;FAC 0003-00042320;FAC;C9002;VENTA ONLINE;CAF-COLOM-250;3;9142.57;0;27427.71;
08/03/2025;FAC 0003-00040866;FAC;C0120;Tostado Chacarita;CAF-BRAS-1K;3;17756.23;32;36222.71;
13/04/2025;FAC 0003-00041626;FAC;C9001;CONSUMIDOR FINAL;CAF-BLEND-1K;2;19214.33;0;38428.66;
22/01/2025;FAC 0003-00040168;FAC;C9002;VENTA ONLINE;CAF-BRAS-250;2;5300.0;0;10600.0;
05/02/2025;FAC 0003-00040590;FAC;C9002;VENTA ONLINE;CAF-ETIOP-250;3;9709.0;0;29127.0;
05/04/2025;FAC 0003-00041472;FAC;C9002;VENTA ONLINE;CAF-BRAS-250;3;5657.55;0;16972.66;
01/02/2025;FAC 0003-00040484;FAC;C9002;VENTA ONLINE;CAF-ETIOP-250;1;9709.0;0;9709.0;
19/06/2025;FAC 0003-00042324;FAC;C9002;VENTA ONLINE;CAF-CAPS-10;3;7693.14;0;23079.42;
08/02/2025;FAC 0003-00040791;FAC;C9001;CONSUMIDOR FINAL;CAP-FILTRO-100;1;3270.4;0;3270.4;
01/05/2025;FAC 0003-00041792;FAC;C9002;VENTA ONLINE;CAF-ETIOP-250;2;10363.99;0;20727.99;
07/01/2025;FAC 0003-00040245;FAC;C9002;VENTA ONLINE;CAF-BLEND-250;2;5600.0;0;11200.0;
07/04/2025;FAC 0003-00041445;FAC;C9002;VENTA ONLINE;CAF-COLOM-250;3;8753.19;0;26259.58;
04/02/2025;FAC 0003-00040793;FAC;C9001;CONSUMIDOR FINAL;CAF-ETIOP-250;1;9709.0;0;9709.0;
25/03/2025;FAC 0003-00041021;FAC;C9002;VENTA ONLINE;CAF-DESCA-250;3;7729.18;0;23187.54;
17/03/2025;FAC 0003-00040849;FAC;C0103;Coffee Lab Belgrano II;CAF-BLEND-1K;5;18800.71;35;61102.31;M. Paz
25/06/2025;FAC 0003-00042292;FAC;C9002;VENTA ONLINE;CAF-COLOM-250;1;9142.57;0;9142.57;
16/06/2025;FAC 0003-00042107;FAC;C0113;Bar Recoleta II;CAF-BRAS-1K;7;18954.11;30;92875.14;
15/03/2025;FAC 0003-00040920;FAC;C9002;VENTA ONLINE;CAF-COLOM-250;3;8564.77;0;25694.31;
14/02/2025;FAC 0003-00040690;FAC;C9002;VENTA ONLINE;CAF-BRAS-250;3;5416.6;0;16249.8;
28/03/2025;FAC 0003-00041231;FAC;C9001;CONSUMIDOR FINAL;CAF-COLOM-250;2;8564.77;0;17129.54;
19/02/2025;FAC 0003-00040697;FAC;C9001;CONSUMIDOR FINAL;CAF-BLEND-1K;2;18396.0;0;36792.0;
25/02/2025;FAC 0003-00040767;FAC;C9001;CONSUMIDOR FINAL;CAF-BLEND-250;1;5723.2;0;5723.2;
11/06/2025;FAC 0003-00042118;FAC;C0122;El Almacen de Almagro;CAF-BRAS-1K;4;18954.11;32;51555.18;M. Paz
18/02/2025;FAC 0003-00040563;FAC;C9002;VENTA ONLINE;CAF-BLEND-250;3;5723.2;0;17169.6;
21/05/2025;FAC 0003-00041647;FAC;C0001;GRANOS DEL SUR S.A.;CAF-BLEND-CJ6;6;111276.58;40;400595.67;R. Ibarra
10/06/2025;FAC 0003-00042457;FAC;C9001;CONSUMIDOR FINAL;CAF-ETIOP-250;1;10592.0;0;10592.0;
26/06/2025;FAC 0003-00042088;FAC;C0001;GRANOS DEL SUR S.A.;CAF-BLEND-CJ6;7;113724.66;40;477643.58;R. Ibarra
14/06/2025;FAC 0003-00042510;FAC;C9001;CONSUMIDOR FINAL;CAF-COLOM-250;1;9142.57;0;9142.57;
24/03/2025;FAC 0003-00040864;FAC;C0119;Coffee Lab Saavedra II;CAP-FILTRO-100;4;3342.35;35;8690.11;M. Paz
08/03/2025;FAC 0003-00041011;FAC;C9002;VENTA ONLINE;CAF-COLOM-250;2;8564.77;0;17129.54;
22/05/2025;FAC 0003-00041917;FAC;C9002;VENTA ONLINE;CAP-FILTRO-100;2;3491.03;0;6982.06;
06/05/2025;FAC 0003-00041722;FAC;C9002;VENTA ONLINE;CAF-BRAS-250;3;5782.02;0;17346.05;
28/04/2025;FAC 0003-00041257;FAC;C0110;Panaderia Devoto;CAF-BLEND-1K;5;19214.33;35;62446.56;
01/04/2025;FAC 0003-00041241;FAC;C0001;GRANOS DEL SUR S.A.;BLEND1K;46;19214.33;40;530315.44;M. Paz
18/02/2025;FAC 0003-00040467;FAC;C0136;Tostado Villa Urquiza;CAF-BLEND-1K;4;18396.0;35;47829.6;M. Paz
05/04/2025;FAC 0003-00041618;FAC;C9001;CONSUMIDOR FINAL;CAF-BLEND-1K;1;19214.33;0;19214.33;
08/03/2025;FAC 0003-00040835;FAC;C0001;GRANOS DEL SUR S.A.;CAF-BLEND-1K;35;18800.71;40;394814.95;
21/05/2025;FAC 0003-00041888;FAC;C9002;VENTA ONLINE;CAF-DESCA-250;1;8073.01;0;8073.01;
11/05/2025;FAC 0003-00041804;FAC;C9002;VENTA ONLINE;CAF-BRAS-250;3;5782.02;0;17346.05;
24/05/2025;FAC 0003-00041948;FAC;C9001;CONSUMIDOR FINAL;CAF-BLEND-250;1;6109.3;0;6109.3;
01/05/2025;FAC 0003-00042024;FAC;C9001;CONSUMIDOR FINAL;CAF-ETIOP-250;2;10363.99;0;20727.99;
07/01/2025;FAC 0003-00040235;FAC;C9002;VENTA ONLINE;CAF-DESCA-250;2;7400.0;0;14800.0;
07/03/2025;FAC 0003-00040966;FAC;C9002;VENTA ONLINE;CAF-BRAS-250;1;5535.77;0;5535.77;
01/04/2025;FAC 0003-00041444;FAC;C9002;VENTA ONLINE;CAP-TAZA;1;9500.42;0;9500.42;
25/02/2025;FAC 0003-00040710;FAC;C9001;CONSUMIDOR FINAL;CAF-BLEND-1K;2;18396.0;0;36792.0;
06/05/2025;FAC 0003-00041778;FAC;C9002;VENTA ONLINE;CAF-ETIOP-250;1;10363.99;0;10363.99;
14/05/2025;FAC 0003-00041969;FAC;C9001;CONSUMIDOR FINAL;CAP-FILTRO-100;1;3491.03;0;3491.03;
10/01/2025;FAC 0003-00040126;FAC;C9002;VENTA ONLINE;CAF-CAPS-10;2;6900.0;0;13800.0;
18/02/2025;FAC 0003-00040830;FAC;C9001;CONSUMIDOR FINAL;CAF-ETIOP-250;2;9709.0;0;19418.0;
26/01/2025;FAC 0003-00040227;FAC;C9002;VENTA ONLINE;CAF-BRAS-250;3;5300.0;0;15900.0;
21/03/2025;FAC 0003-00040964;FAC;C9002;VENTA ONLINE;CAF-ETIOP-250;2;9922.6;0;19845.2;
28/01/2025;FAC 0003-00040030;FAC;C0118;Bar Saavedra;CAF-BLEND-1K;10;18000.0;32;122400.0;M. Paz
01/05/2025;FAC 0003-00041865;FAC;C9002;VENTA ONLINE;CAF-COLOM-250;3;8945.76;0;26837.29;
07/05/2025;FAC 0003-00041847;FAC;C9002;VENTA ONLINE;CAF-CAPS-10;2;7527.53;0;15055.07;
22/01/2025;FAC 0003-00040165;FAC;C9002;VENTA ONLINE;CAF-BLEND-250;3;5600.0;0;16800.0;
08/02/2025;FAC 0003-00040602;FAC;C9002;VENTA ONLINE;CAF-BRAS-250;3;5416.6;0;16249.8;
26/04/2025;FAC 0003-00041424;FAC;C9002;VENTA ONLINE;CAF-COLOM-250;3;8753.19;0;26259.58;
05/01/2025;FAC 0003-00040146;FAC;C9002;VENTA ONLINE;CAF-COLOM-250;2;8200.0;0;16400.0;
12/02/2025;FAC 0003-00040782;FAC;C9001;CONSUMIDOR FINAL;CAF-BLEND-250;2;5723.2;0;11446.4;
18/03/2025;FAC 0003-00040876;FAC;C0130;Usina Coghlan;CAF-BRAS-1K;5;17756.23;30;62146.8;R. Ibarra
01/03/2025;FAC 0003-00040868;FAC;C0123;La Ventanita de Almagro II;CAF-BRAS-1K;5;17756.23;35;57707.74;
18/01/2025;FAC 0003-00040164;FAC;C9002;VENTA ONLINE;CAF-ETIOP-250;2;9500.0;0;19000.0;
03/05/2025;FAC 0003-00041995;FAC;C9001;CONSUMIDOR FINAL;CAF-ETIOP-250;1;10363.99;0;10363.99;
15/05/2025;FAC 0003-00041912;FAC;C9002;VENTA ONLINE;CAF-COLOM-250;3;8945.76;0;26837.29;
13/03/2025;FAC 0003-00041142;FAC;C9001;CONSUMIDOR FINAL;CAF-ETIOP-250;1;9922.6;0;9922.6;
17/06/2025;FAC 0003-00042270;FAC;C9002;VENTA ONLINE;CAF-COLOM-250;1;9142.57;0;9142.57;
24/02/2025;FAC 0003-00040668;FAC;C9002;VENTA ONLINE;CAF-ETIOP-250;2;9709.0;0;19418.0;
17/02/2025;FAC 0003-00040621;FAC;C9002;VENTA ONLINE;CAF-ETIOP-250;1;9709.0;0;9709.0;
11/03/2025;FAC 0003-00040944;FAC;C9002;VENTA ONLINE;CAF-ETIOP-250;3;9922.6;0;29767.79;
06/03/2025;FAC 0003-00040903;FAC;C9002;VENTA ONLINE;CAF-DESCA-250;3;7729.18;0;23187.54;
21/05/2025;FAC 0003-00042020;FAC;C9001;CONSUMIDOR FINAL;CAF-BLEND-250;2;6109.3;0;12218.6;
08/06/2025;FAC 0003-00042226;FAC;C9002;VENTA ONLINE;CAP-TAZA;2;9923.03;0;19846.07;
02/06/2025;FAC 0003-00042410;FAC;C9001;CONSUMIDOR FINAL;CAF-COLOM-250;1;9142.57;0;9142.57;
05/04/2025;NC 0003-00001231;NC;C0115;Tostado Boedo II;CAF-BRAS-1K;-1;18146.87;30;-12702.81;
02/06/2025;FAC 0003-00042409;FAC;C9001;CONSUMIDOR FINAL;CAF-COLOM-250;2;9142.57;0;18285.14;
09/05/2025;FAC 0003-00041684;FAC;C0128;La Ventanita de San Telmo;CAF-BLEND-1K;6;19637.04;32;80119.13;R. Ibarra
18/03/2025;FAC 0003-00041049;FAC;C9002;VENTA ONLINE;CAP-TAZA;3;9295.91;0;27887.72;
19/04/2025;FAC 0003-00041478;FAC;C9002;VENTA ONLINE;CAF-CAPS-10;1;7365.49;0;7365.49;
04/06/2025;FAC 0003-00042401;FAC;C9001;CONSUMIDOR FINAL;CAF-BLEND-1K;1;20069.06;0;20069.06;
18/02/2025;FAC 0003-00040520;FAC;C9002;VENTA ONLINE;CAF-COLOM-250;1;8380.4;0;8380.4;
28/05/2025;FAC 0003-00041731;FAC;C9002;VENTA ONLINE;CAF-ETIOP-250;3;10363.99;0;31091.98;
27/06/2025;FAC 0003-00042465;FAC;C9001;CONSUMIDOR FINAL;CAF-BLEND-250;1;6243.71;0;6243.71;
15/05/2025;FAC 0003-00041793;FAC;C9002;VENTA ONLINE;CAF-ETIOP-250;3;10363.99;0;31091.98;
24/02/2025;FAC 0003-00040568;FAC;C9002;VENTA ONLINE;CAF-BLEND-250;2;5723.2;0;11446.4;
10/04/2025;FAC 0003-00041303;FAC;C9002;VENTA ONLINE;CAF-COLOM-250;3;8753.19;0;26259.58;
23/06/2025;FAC 0003-00042499;FAC;C9001;CONSUMIDOR FINAL;CAF-BLEND-250;1;6243.71;0;6243.71;
01/01/2025;FAC 0003-00040376;FAC;C9001;CONSUMIDOR FINAL;CAP-FILTRO-100;2;3200.0;0;6400.0;
13/03/2025;FAC 0003-00041190;FAC;C9001;CONSUMIDOR FINAL;CAF-BLEND-250;2;5849.11;0;11698.22;
17/02/2025;FAC 0003-00040557;FAC;C9002;VENTA ONLINE;CAF-DESCA-250;2;7562.8;0;15125.6;
14/06/2025;FAC 0003-00042136;FAC;C0136;Tostado Villa Urquiza;CAP-FILTRO-100;6;3567.83;35;13914.55;
24/02/2025;FAC 0003-00040585;FAC;C9002;VENTA ONLINE;CAF-BRAS-250;1;5416.6;0;5416.6;
10/01/2025;FAC 0003-00040344;FAC;C9001;CONSUMIDOR FINAL;CAF-BLEND-250;2;5600.0;0;11200.0;
03/06/2025;FAC 0003-00042360;FAC;C9002;VENTA ONLINE;CAP-TAZA;1;9923.03;0;9923.03;
04/05/2025;FAC 0003-00041805;FAC;C9002;VENTA ONLINE;CAF-CAPS-10;1;7527.53;0;7527.53;
15/02/2025;FAC 0003-00040581;FAC;C9002;VENTA ONLINE;CAF-DESCA-250;3;7562.8;0;22688.4;
06/01/2025;FAC 0003-00040157;FAC;C9002;VENTA ONLINE;CAF-ETIOP-250;2;9500.0;0;19000.0;
25/02/2025;FAC 0003-00040514;FAC;C9002;VENTA ONLINE;CAF-CAPS-10;3;7051.8;0;21155.4;
22/05/2025;FAC 0003-00041917;FAC;C9002;VENTA ONLINE;CAF-ETIOP-250;2;10363.99;0;20727.99;
23/03/2025;FAC 0003-00041183;FAC;C9001;CONSUMIDOR FINAL;CAF-COLOM-250;1;8564.77;0;8564.77;
22/01/2025;FAC 0003-00040150;FAC;C9002;VENTA ONLINE;CAF-BLEND-250;1;5600.0;0;5600.0;
28/01/2025;FAC 0003-00040156;FAC;C9002;VENTA ONLINE;CAF-COLOM-250;3;8200.0;0;24600.0;
09/05/2025;FAC 0003-00041739;FAC;C9002;VENTA ONLINE;CAF-COLOM-250;3;8945.76;0;26837.29;
12/03/2025;FAC 0003-00040867;FAC;C0121;Panaderia Chacarita II;CAP-FILTRO-100;6;3342.35;35;13035.16;R. Ibarra
26/04/2025;FAC 0003-00041367;FAC;C9002;VENTA ONLINE;CAF-CAPS-10;1;7365.49;0;7365.49;
16/03/2025;FAC 0003-00040952;FAC;C9002;VENTA ONLINE;CAF-BRAS-250;1;5535.77;0;5535.77;
15/03/2025;FAC 0003-00041216;FAC;C9001;CONSUMIDOR FINAL;CAF-COLOM-250;2;8564.77;0;17129.54;
16/03/2025;FAC 0003-00041135;FAC;C9001;CONSUMIDOR FINAL;CAF-ETIOP-250;2;9922.6;0;19845.2;
04/02/2025;FAC 0003-00040594;FAC;C9002;VENTA ONLINE;CAF-BRAS-250;3;5416.6;0;16249.8;
23/01/2025;FAC 0003-00040065;FAC;C9002;VENTA ONLINE;CAF-ETIOP-250;3;9500.0;0;28500.0;
14/02/2025;FAC 0003-00040754;FAC;C9001;CONSUMIDOR FINAL;CAP-FILTRO-100;1;3270.4;0;3270.4;
22/01/2025;FAC 0003-00040189;FAC;C9002;VENTA ONLINE;CAF-BRAS-250;3;5300.0;0;15900.0;
15/03/2025;FAC 0003-00040844;FAC;C0100;Cafe Palermo;CAF-ETIOP-250;4;9922.6;32;26989.47;R. Ibarra
12/01/2025;FAC 0003-00040297;FAC;C9001;CONSUMIDOR FINAL;CAF-BLEND-1K;1;18000.0;0;18000.0;
18/02/2025;FAC 0003-00040780;FAC;C9001;CONSUMIDOR FINAL;CAP-FILTRO-100;2;3270.4;0;6540.8;
15/05/2025;FAC 0003-00041694;FAC;C0136;Tostado Villa Urquiza;CAF-BRAS-1K;5;18546.1;35;60274.81;M. Paz
04/03/2025;FAC 0003-00041093;FAC;C9002;VENTA ONLINE;CAF-ETIOP-250;1;9922.6;0;9922.6;
03/06/2025;FAC 0003-00042104;FAC;C0110;Panaderia Devoto;CAF-BRAS-1K;8;18954.11;35;98561.37;M. Paz
20/03/2025;FAC 0003-00041114;FAC;C9002;VENTA ONLINE;CAF-CAPS-10;3;7206.94;0;21620.82;
25/06/2025;FAC 0003-00042292;FAC;C9002;VENTA ONLINE;CAF-ETIOP-250;2;10592.0;0;21184.01;
09/04/2025;FAC 0003-00041577;FAC;C9001;CONSUMIDOR FINAL;CAF-BLEND-250;1;5977.79;0;5977.79;
19/04/2025;FAC 0003-00041487;FAC;C9002;VENTA ONLINE;CAF-BRAS-250;1;5657.55;0;5657.55;
04/06/2025;FAC 0003-00042286;FAC;C9002;VENTA ONLINE;CAF-CAPS-10;3;7693.14;0;23079.42;
25/01/2025;FAC 0003-00040271;FAC;C9001;CONSUMIDOR FINAL;CAF-BLEND-250;2;5600.0;0;11200.0;
28/04/2025;FAC 0003-00041613;FAC;C9001;CONSUMIDOR FINAL;CAF-COLOM-250;1;8753.19;0;8753.19;
22/06/2025;NC 0003-00001243;NC;C0001;GRANOS DEL SUR S.A.;CAF-BLEND-1K;-4;20069.06;40;-48165.74;
17/04/2025;FAC 0003-00041551;FAC;C9001;CONSUMIDOR FINAL;CAF-ETIOP-250;1;10140.9;0;10140.9;
14/02/2025;FAC 0003-00040786;FAC;C9001;CONSUMIDOR FINAL;CAF-COLOM-250;1;8380.4;0;8380.4;
12/01/2025;FAC 0003-00040362;FAC;C9001;CONSUMIDOR FINAL;CAF-BLEND-250;2;5600.0;0;11200.0;
10/02/2025;FAC 0003-00040610;FAC;C9002;VENTA ONLINE;CAF-CAPS-10;2;7051.8;0;14103.6;
27/03/2025;FAC 0003-00040996;FAC;C9002;VENTA ONLINE;CAF-BLEND-250;2;5849.11;0;11698.22;
20/05/2025;FAC 0003-00041723;FAC;C9002;VENTA ONLINE;CAP-TAZA;3;9709.43;0;29128.28;
24/04/2025;FAC 0003-00041422;FAC;C9002;VENTA ONLINE;CAF-COLOM-250;1;8753.19;0;8753.19;
15/05/2025;FAC 0003-00042019;FAC;C9001;CONSUMIDOR FINAL;CAF-COLOM-250;2;8945.76;0;17891.53;
07/01/2025;FAC 0003-00040353;FAC;C9001;CONSUMIDOR FINAL;CAP-FILTRO-100;2;3200.0;0;6400.0;
21/06/2025;FAC 0003-00042287;FAC;C9002;VENTA ONLINE;CAF-DESCA-250;3;8250.61;0;24751.84;
10/02/2025;FAC 0003-00040796;FAC;C9001;CONSUMIDOR FINAL;CAF-BLEND-250;1;5723.2;0;5723.2;
25/04/2025;FAC 0003-00041279;FAC;C0132;Cafe Barracas;CAF-BLEND-1K;4;19214.33;35;49957.25;R. Ibarra
10/05/2025;FAC 0003-00041664;FAC;C0110;Panaderia Devoto;CAF-BLEND-1K;10;19637.04;35;127640.78;
24/05/2025;FAC 0003-00041900;FAC;C9002;VENTA ONLINE;CAF-COLOM-250;1;8945.76;0;8945.76;
27/03/2025;FAC 0003-00040861;FAC;C0116;Cafe Caballito;CAF-BRAS-1K;2;17756.23;32;24148.47;
10/06/2025;FAC 0003-00042481;FAC;C9001;CONSUMIDOR FINAL;CAF-BLEND-250;2;6243.71;0;12487.41;
23/06/2025;FAC 0003-00042317;FAC;C9002;VENTA ONLINE;CAF-BLEND-250;1;6243.71;0;6243.71;
14/04/2025;FAC 0003-00041601;FAC;C9001;CONSUMIDOR FINAL;CAF-BLEND-250;2;5977.79;0;11955.58;
16/05/2025;FAC 0003-00041648;FAC;C0001;GRANOS DEL SUR S.A.;CAF-BLEND-CJ6;6;111276.58;40;400595.67;
15/04/2025;FAC 0003-00041406;FAC;C9002;VENTA ONLINE;CAP-TAZA;1;9500.42;0;9500.42;
22/06/2025;FAC 0003-00042094;FAC;C0103;Coffee Lab Belgrano II;CAF-BLEND-1K;5;20069.06;35;65224.44;R. Ibarra
26/02/2025;FAC 0003-00040488;FAC;C9002;VENTA ONLINE;CAF-BLEND-250;3;5723.2;0;17169.6;
01/03/2025;FAC 0003-00040878;FAC;C0132;Cafe Barracas;CAF-BLEND-1K;8;18800.71;35;97763.7;
26/03/2025;FAC 0003-00041131;FAC;C9001;CONSUMIDOR FINAL;CAP-FILTRO-100;1;3342.35;0;3342.35;
08/03/2025;FAC 0003-00041064;FAC;C9002;VENTA ONLINE;CAF-COLOM-250;2;8564.77;0;17129.54;
16/02/2025;FAC 0003-00040627;FAC;C9002;VENTA ONLINE;CAF-COLOM-250;2;8380.4;0;16760.8;
17/02/2025;FAC 0003-00040730;FAC;C9001;CONSUMIDOR FINAL;CAF-BLEND-250;2;5723.2;0;11446.4;
11/06/2025;FAC 0003-00042282;FAC;C9002;VENTA ONLINE;CAF-DESCA-250;3;8250.61;0;24751.84;
14/01/2025;FAC 0003-00040317;FAC;C9001;CONSUMIDOR FINAL;CAF-ETIOP-250;2;9500.0;0;19000.0;
09/02/2025;FAC 0003-00040757;FAC;C9001;CONSUMIDOR FINAL;CAF-BLEND-250;1;5723.2;0;5723.2;
06/01/2025;FAC 0003-00040131;FAC;C9002;VENTA ONLINE;CAF-BLEND-250;2;5600.0;0;11200.0;
21/05/2025;FAC 0003-00041843;FAC;C9002;VENTA ONLINE;CAF-ETIOP-250;3;10363.99;0;31091.98;
10/05/2025;FAC 0003-00041939;FAC;C9002;VENTA ONLINE;CAF-BLEND-250;2;6109.3;0;12218.6;
17/05/2025;FAC 0003-00041944;FAC;C9002;VENTA ONLINE;CAF-CAPS-10;2;7527.53;0;15055.07;
01/02/2025;FAC 0003-00040672;FAC;C9002;VENTA ONLINE;CAF-BRAS-250;1;5416.6;0;5416.6;
24/06/2025;FAC 0003-00042276;FAC;C9002;VENTA ONLINE;CAF-COLOM-250;2;9142.57;0;18285.14;
09/02/2025;FAC 0003-00040711;FAC;C9001;CONSUMIDOR FINAL;CAP-FILTRO-100;1;3270.4;0;3270.4;
27/04/2025;FAC 0003-00041336;FAC;C9002;VENTA ONLINE;CAF-COLOM-250;1;8753.19;0;8753.19;
26/06/2025;FAC 0003-00042266;FAC;C9002;VENTA ONLINE;CAF-ETIOP-250;2;10592.0;0;21184.01;
27/02/2025;FAC 0003-00040458;FAC;C0129;Bar San Telmo II;CAF-BRAS-1K;2;17374.0;32;23628.64;
15/01/2025;FAC 0003-00040140;FAC;C9002;VENTA ONLINE;CAF-COLOM-250;2;8200.0;0;16400.0;
08/06/2025;FAC 0003-00042240;FAC;C9002;VENTA ONLINE;CAF-ETIOP-250;3;10592.0;0;31776.01;
28/01/2025;FAC 0003-00040030;FAC;C0118;Bar Saavedra;CAF-BRAS-1K;3;17000.0;32;34680.0;M. Paz
08/02/2025;FAC 0003-00040519;FAC;C9002;VENTA ONLINE;CAF-ETIOP-250;3;9709.0;0;29127.0;
07/01/2025;FAC 0003-00040068;FAC;C9002;VENTA ONLINE;CAF-ETIOP-250;1;9500.0;0;9500.0;
03/06/2025;FAC 0003-00042294;FAC;C9002;VENTA ONLINE;CAP-TAZA;1;9923.03;0;9923.03;
22/06/2025;FAC 0003-00042098;FAC;C0107;La Ventanita de Nunez II;CAF-BLEND-1K;10;20069.06;35;130448.88;R. Ibarra
01/06/2025;FAC 0003-00042092;FAC;C0102;Bar Belgrano;CAF-BRAS-1K;3;18954.11;35;36960.51;
21/02/2025;FAC 0003-00040759;FAC;C9001;CONSUMIDOR FINAL;CAF-BLEND-250;2;5723.2;0;11446.4;
26/02/2025;FAC 0003-00040810;FAC;C9001;CONSUMIDOR FINAL;CAF-BLEND-1K;1;18396.0;0;18396.0;
08/05/2025;FAC 0003-00041701;FAC;C9002;VENTA ONLINE;CAF-DESCA-250;2;8073.01;0;16146.01;
06/02/2025;FAC 0003-00040733;FAC;C9001;CONSUMIDOR FINAL;CAF-BLEND-250;2;5723.2;0;11446.4;
02/04/2025;FAC 0003-00041387;FAC;C9002;VENTA ONLINE;CAF-COLOM-250;3;8753.19;0;26259.58;
05/03/2025;FAC 0003-00040882;FAC;C0134;Bar Agronomia;CAP-FILTRO-100;3;3342.35;35;6517.58;M. Paz
19/03/2025;FAC 0003-00041111;FAC;C9002;VENTA ONLINE;CAF-ETIOP-250;3;9922.6;0;29767.79;
27/04/2025;FAC 0003-00041358;FAC;C9002;VENTA ONLINE;CAF-ETIOP-250;2;10140.9;0;20281.79;
16/03/2025;FAC 0003-00040998;FAC;C9002;VENTA ONLINE;CAF-BLEND-250;3;5849.11;0;17547.33;
20/04/2025;FAC 0003-00041539;FAC;C9001;CONSUMIDOR FINAL;CAF-BLEND-1K;2;19214.33;0;38428.66;
22/02/2025;FAC 0003-00040572;FAC;C9002;VENTA ONLINE;CAF-BRAS-250;3;5416.6;0;16249.8;
24/04/2025;FAC 0003-00041582;FAC;C9001;CONSUMIDOR FINAL;CAF-BLEND-250;2;5977.79;0;11955.58;
16/01/2025;FAC 0003-00040169;FAC;C9002;VENTA ONLINE;CAF-COLOM-250;2;8200.0;0;16400.0;
03/01/2025;FAC 0003-00040151;FAC;C9002;VENTA ONLINE;CAF-BRAS-250;2;5300.0;0;10600.0;
19/02/2025;FAC 0003-00040521;FAC;C9002;VENTA ONLINE;CAF-COLOM-250;3;8380.4;0;25141.2;
27/06/2025;FAC 0003-00042153;FAC;C9002;VENTA ONLINE;CAF-BLEND-250;3;6243.71;0;18731.12;
24/05/2025;FAC 0003-00041661;FAC;C0109;Usina Colegiales II;CAF-BLEND-1K;4;19637.04;32;53412.76;
28/05/2025;FAC 0003-00041955;FAC;C9001;CONSUMIDOR FINAL;CAF-BLEND-1K;2;19637.04;0;39274.09;
13/01/2025;FAC 0003-00040411;FAC;C9001;CONSUMIDOR FINAL;CAF-BLEND-1K;2;18000.0;0;36000.0;
26/06/2025;FAC 0003-00042453;FAC;C9001;CONSUMIDOR FINAL;CAF-BLEND-1K;1;20069.06;0;20069.06;
04/04/2025;FAC 0003-00041390;FAC;C9002;VENTA ONLINE;CAF-CAPS-10;1;7365.49;0;7365.49;
12/06/2025;FAC 0003-00042272;FAC;C9002;VENTA ONLINE;CAF-BLEND-250;2;6243.71;0;12487.41;
01/02/2025;FAC 0003-00040762;FAC;C9001;CONSUMIDOR FINAL;CAF-BLEND-250;1;5723.2;0;5723.2;
23/04/2025;FAC 0003-00041430;FAC;C9002;VENTA ONLINE;CAF-BRAS-250;2;5657.55;0;11315.1;
24/04/2025;FAC 0003-00041427;FAC;C9002;VENTA ONLINE;CAP-TAZA;3;9500.42;0;28501.25;
21/06/2025;FAC 0003-00042207;FAC;C9002;VENTA ONLINE;CAF-ETIOP-250;3;10592.0;0;31776.01;
02/04/2025;FAC 0003-00041628;FAC;C9001;CONSUMIDOR FINAL;CAF-COLOM-250;2;8753.19;0;17506.39;
18/01/2025;FAC 0003-00040018;FAC;C0106;El Almacen de Nunez;CAF-BLEND-1K;8;18000.0;30;100800.0;M. Paz
26/04/2025;FAC 0003-00041514;FAC;C9002;VENTA ONLINE;CAF-ETIOP-250;2;10140.9;0;20281.79;
03/02/2025;FAC 0003-00040481;FAC;C9002;VENTA ONLINE;CAF-COLOM-250;1;8380.4;0;8380.4;
03/05/2025;FAC 0003-00041861;FAC;C9002;VENTA ONLINE;CAF-COLOM-250;1;8945.76;0;8945.76;
19/05/2025;FAC 0003-00041993;FAC;C9001;CONSUMIDOR FINAL;CAF-BLEND-250;2;6109.3;0;12218.6;
01/02/2025;FAC 0003-00040638;FAC;C9002;VENTA ONLINE;CAF-ETIOP-250;1;9709.0;0;9709.0;
28/04/2025;FAC 0003-00041450;FAC;C9002;VENTA ONLINE;CAF-ETIOP-250;3;10140.9;0;30422.69;
13/01/2025;FAC 0003-00040387;FAC;C9001;CONSUMIDOR FINAL;CAF-COLOM-250;1;8200.0;0;8200.0;
05/04/2025;FAC 0003-00041521;FAC;C9002;VENTA ONLINE;CAF-BLEND-250;1;5977.79;0;5977.79;
01/01/2025;FAC 0003-00040351;FAC;C9001;CONSUMIDOR FINAL;CAF-BLEND-250;2;5600.0;0;11200.0;
07/05/2025;FAC 0003-00041874;FAC;C9002;VENTA ONLINE;CAF-BLEND-250;1;6109.3;0;6109.3;
02/04/2025;FAC 0003-00041511;FAC;C9002;VENTA ONLINE;CAF-ETIOP-250;3;10140.9;0;30422.69;
06/06/2025;FAC 0003-00042182;FAC;C9002;VENTA ONLINE;CAF-COLOM-250;2;9142.57;0;18285.14;
13/02/2025;FAC 0003-00040554;FAC;C9002;VENTA ONLINE;CAP-TAZA;2;9095.8;0;18191.6;
02/05/2025;FAC 0003-00041911;FAC;C9002;VENTA ONLINE;CAP-TAZA;3;9709.43;0;29128.28;
08/04/2025;FAC 0003-00041273;FAC;C0127;Cafe Parque Chas II;CAF-BLEND-1K;9;19214.33;32;117591.69;R. Ibarra
03/02/2025;FAC 0003-00040540;FAC;C9002;VENTA ONLINE;CAF-DESCA-250;2;7562.8;0;15125.6;
18/05/2025;FAC 0003-00042000;FAC;C9001;CONSUMIDOR FINAL;CAF-COLOM-250;2;8945.76;0;17891.53;
18/02/2025;FAC 0003-00040597;FAC;C9002;VENTA ONLINE;CAF-CAPS-10;1;7051.8;0;7051.8;
16/06/2025;FAC 0003-00042128;FAC;C0130;Usina Coghlan;CAF-BRAS-1K;2;18954.11;30;26535.75;M. Paz
17/06/2025;FAC 0003-00042347;FAC;C9002;VENTA ONLINE;CAP-TAZA;3;9923.03;0;29769.1;
07/06/2025;FAC 0003-00042083;FAC;C0001;GRANOS DEL SUR S.A.;BLEND1K;51;20069.06;40;614113.17;R. Ibarra
20/05/2025;FAC 0003-00041723;FAC;C9002;VENTA ONLINE;CAF-ETIOP-250;2;10363.99;0;20727.99;
02/01/2025;FAC 0003-00040201;FAC;C9002;VENTA ONLINE;CAF-BRAS-250;3;5300.0;0;15900.0;
24/06/2025;FAC 0003-00042245;FAC;C9002;VENTA ONLINE;CAF-COLOM-250;1;9142.57;0;9142.57;
11/03/2025;FAC 0003-00041140;FAC;C9001;CONSUMIDOR FINAL;CAF-ETIOP-250;2;9922.6;0;19845.2;
10/05/2025;FAC 0003-00042057;FAC;C9001;CONSUMIDOR FINAL;CAF-BLEND-250;2;6109.3;0;12218.6;
08/05/2025;FAC 0003-00041693;FAC;C0135;Coffee Lab Agronomia II;CAF-BRAS-1K;8;18546.1;30;103858.14;M. Paz
08/03/2025;FAC 0003-00040993;FAC;C9002;VENTA ONLINE;CAF-BLEND-250;2;5849.11;0;11698.22;
08/03/2025;FAC 0003-00040835;FAC;C0001;GRANOS DEL SUR S.A.;CAF-BRAS-1K;11;17756.23;40;117191.1;
17/04/2025;FAC 0003-00041639;FAC;C9001;CONSUMIDOR FINAL;CAP-FILTRO-100;2;3415.88;0;6831.76;
22/05/2025;FAC 0003-00041823;FAC;C9002;VENTA ONLINE;CAF-BLEND-250;2;6109.3;0;12218.6;
22/05/2025;FAC 0003-00041961;FAC;C9001;CONSUMIDOR FINAL;CAF-BLEND-250;1;6109.3;0;6109.3;
21/03/2025;FAC 0003-00040953;FAC;C9002;VENTA ONLINE;CAF-ETIOP-250;1;9922.6;0;9922.6;
01/02/2025;FAC 0003-00040582;FAC;C9002;VENTA ONLINE;CAP-TAZA;2;9095.8;0;18191.6;
28/04/2025;FAC 0003-00041309;FAC;C9002;VENTA ONLINE;CAF-COLOM-250;3;8753.19;0;26259.58;
21/04/2025;FAC 0003-00041262;FAC;C0116;Cafe Caballito;CAF-BLEND-1K;10;19214.33;32;130657.43;M. Paz
27/03/2025;FAC 0003-00040976;FAC;C9002;VENTA ONLINE;CAF-ETIOP-250;1;9922.6;0;9922.6;
14/05/2025;FAC 0003-00041860;FAC;C9002;VENTA ONLINE;CAF-BRAS-250;2;5782.02;0;11564.04;
08/04/2025;FAC 0003-00041393;FAC;C9002;VENTA ONLINE;CAP-FILTRO-100;3;3415.88;0;10247.64;
16/03/2025;FAC 0003-00040894;FAC;C9002;VENTA ONLINE;CAF-BRAS-250;2;5535.77;0;11071.53;
24/02/2025;FAC 0003-00040447;FAC;C0120;Tostado Chacarita;CAF-BLEND-1K;7;18396.0;32;87564.96;M. Paz
01/01/2025;FAC 0003-00040162;FAC;C9002;VENTA ONLINE;CAF-BLEND-250;2;5600.0;0;11200.0;
21/01/2025;FAC 0003-00040085;FAC;C9002;VENTA ONLINE;CAF-DESCA-250;3;7400.0;0;22200.0;
18/01/2025;FAC 0003-00040170;FAC;C9002;VENTA ONLINE;CAF-COLOM-250;3;8200.0;0;24600.0;
06/06/2025;FAC 0003-00042081;FAC;C0001;GRANOS DEL SUR S.A.;CAF-BLEND-1K;45;20069.06;40;541864.56;R. Ibarra
18/06/2025;FAC 0003-00042125;FAC;C0128;La Ventanita de San Telmo;CAF-BLEND-1K;10;20069.06;32;136469.59;M. Paz
25/06/2025;FAC 0003-00042445;FAC;C9001;CONSUMIDOR FINAL;CAF-BLEND-1K;2;20069.06;0;40138.12;
25/04/2025;FAC 0003-00041304;FAC;C9002;VENTA ONLINE;CAF-ETIOP-250;3;10140.9;0;30422.69;
19/05/2025;FAC 0003-00041880;FAC;C9002;VENTA ONLINE;CAF-COLOM-250;3;8945.76;0;26837.29;
19/01/2025;FAC 0003-00040036;FAC;C0123;La Ventanita de Almagro II;CAF-BLEND-1K;5;18000.0;35;58500.0;M. Paz
22/05/2025;FAC 0003-00041815;FAC;C9002;VENTA ONLINE;CAF-DESCA-250;3;8073.01;0;24219.02;
22/02/2025;FAC 0003-00040595;FAC;C9002;VENTA ONLINE;CAF-BLEND-250;1;5723.2;0;5723.2;
17/04/2025;FAC 0003-00041466;FAC;C9002;VENTA ONLINE;CAF-ETIOP-250;1;10140.9;0;10140.9;
17/06/2025;FAC 0003-00042222;FAC;C9002;VENTA ONLINE;CAF-COLOM-250;2;9142.57;0;18285.14;
27/02/2025;FAC 0003-00040538;FAC;C9002;VENTA ONLINE;CAF-ETIOP-250;3;9709.0;0;29127.0;
11/06/2025;FAC 0003-00042418;FAC;C9001;CONSUMIDOR FINAL;CAF-BLEND-250;2;6243.71;0;12487.41;
12/06/2025;FAC 0003-00042471;FAC;C9001;CONSUMIDOR FINAL;CAF-COLOM-250;2;9142.57;0;18285.14;
02/05/2025;FAC 0003-00041800;FAC;C9002;VENTA ONLINE;CAF-BRAS-250;2;5782.02;0;11564.04;
18/02/2025;FAC 0003-00040520;FAC;C9002;VENTA ONLINE;CAP-TAZA;3;9095.8;0;27287.4;
25/06/2025;FAC 0003-00042284;FAC;C9002;VENTA ONLINE;CAF-BRAS-250;1;5909.22;0;5909.22;
23/04/2025;FAC 0003-00041440;FAC;C9002;VENTA ONLINE;CAF-CAPS-10;3;7365.49;0;22096.48;
17/06/2025;FAC 0003-00042142;FAC;C9002;VENTA ONLINE;CAF-BRAS-250;2;5909.22;0;11818.45;
26/05/2025;FAC 0003-00041803;FAC;C9002;VENTA ONLINE;CAF-COLOM-250;1;8945.76;0;8945.76;
28/04/2025;FAC 0003-00041335;FAC;C9002;VENTA ONLINE;CAF-BLEND-250;2;5977.79;0;11955.58;
04/01/2025;FAC 0003-00040276;FAC;C9001;CONSUMIDOR FINAL;CAF-BLEND-250;1;5600.0;0;5600.0;
14/01/2025;FAC 0003-00040196;FAC;C9002;VENTA ONLINE;CAF-ETIOP-250;2;9500.0;0;19000.0;
23/03/2025;FAC 0003-00041221;FAC;C9001;CONSUMIDOR FINAL;CAF-ETIOP-250;2;9922.6;0;19845.2;
04/03/2025;FAC 0003-00041201;FAC;C9001;CONSUMIDOR FINAL;CAF-BLEND-250;1;5849.11;0;5849.11;
11/03/2025;FAC 0003-00041211;FAC;C9001;CONSUMIDOR FINAL;CAF-COLOM-250;1;8564.77;0;8564.77;
19/04/2025;FAC 0003-00041341;FAC;C9002;VENTA ONLINE;CAP-FILTRO-100;1;3415.88;0;3415.88;
12/02/2025;FAC 0003-00040637;FAC;C9002;VENTA ONLINE;CAF-COLOM-250;3;8380.4;0;25141.2;
15/04/2025;FAC 0003-00041428;FAC;C9002;VENTA ONLINE;CAF-ETIOP-250;3;10140.9;0;30422.69;
02/02/2025;FAC 0003-00040584;FAC;C9002;VENTA ONLINE;CAF-BLEND-250;1;5723.2;0;5723.2;
05/03/2025;FAC 0003-00040882;FAC;C0134;Bar Agronomia;CAF-BRAS-1K;3;17756.23;35;34624.64;M. Paz
12/02/2025;FAC 0003-00040699;FAC;C9001;CONSUMIDOR FINAL;CAF-ETIOP-250;1;9709.0;0;9709.0;
11/03/2025;FAC 0003-00041102;FAC;C9002;VENTA ONLINE;CAF-CAPS-10;1;7206.94;0;7206.94;
08/03/2025;FAC 0003-00040954;FAC;C9002;VENTA ONLINE;CAF-COLOM-250;3;8564.77;0;25694.31;
16/01/2025;FAC 0003-00040331;FAC;C9001;CONSUMIDOR FINAL;CAF-BLEND-1K;1;18000.0;0;18000.0;
03/06/2025;FAC 0003-00042262;FAC;C9002;VENTA ONLINE;CAF-COLOM-250;2;9142.57;0;18285.14;
12/06/2025;FAC 0003-00042386;FAC;C9002;VENTA ONLINE;CAF-ETIOP-250;3;10592.0;0;31776.01;
07/06/2025;FAC 0003-00042348;FAC;C9002;VENTA ONLINE;CAF-CAPS-10;3;7693.14;0;23079.42;
27/02/2025;FAC 0003-00040473;FAC;C0139;La Ventanita de Constitucion II;CAF-BLEND-1K;3;18396.0;30;38631.6;R. Ibarra
05/01/2025;FAC 0003-00040174;FAC;C9002;VENTA ONLINE;CAF-ETIOP-250;2;9500.0;0;19000.0;
05/02/2025;FAC 0003-00040761;FAC;C9001;CONSUMIDOR FINAL;CAF-BLEND-1K;1;18396.0;0;18396.0;
14/02/2025;FAC 0003-00040431;FAC;C0107;La Ventanita de Nunez II;CAF-BRAS-1K;6;17374.0;35;67758.6;R. Ibarra
07/05/2025;FAC 0003-00041652;FAC;C0101;El Almacen de Palermo II;CAF-BLEND-1K;9;19637.04;35;114876.7;M. Paz
12/01/2025;FAC 0003-00040119;FAC;C9002;VENTA ONLINE;CAF-BLEND-250;3;5600.0;0;16800.0;
10/01/2025;FAC 0003-00040124;FAC;C9002;VENTA ONLINE;CAF-COLOM-250;1;8200.0;0;8200.0;
10/06/2025;FAC 0003-00042259;FAC;C9002;VENTA ONLINE;CAF-BLEND-250;2;6243.71;0;12487.41;
28/04/2025;FAC 0003-00041496;FAC;C9002;VENTA ONLINE;CAF-BLEND-250;2;5977.79;0;11955.58;
16/03/2025;NC 0003-00001223;NC;C0108;Coffee Lab Colegiales;CAF-BRAS-1K;-3;17756.23;32;-36222.71;
27/03/2025;FAC 0003-00040959;FAC;C9002;VENTA ONLINE;CAF-COLOM-250;3;8564.77;0;25694.31;
18/01/2025;NC 0003-00001202;NC;C0122;El Almacen de Almagro;CAF-BRAS-1K;-4;17000.0;32;-46240.0;
17/02/2025;FAC 0003-00040819;FAC;C9001;CONSUMIDOR FINAL;CAP-FILTRO-100;2;3270.4;0;6540.8;
07/05/2025;FAC 0003-00041894;FAC;C9002;VENTA ONLINE;CAF-CAPS-10;1;7527.53;0;7527.53;
25/04/2025;FAC 0003-00041304;FAC;C9002;VENTA ONLINE;CAF-COLOM-250;1;8753.19;0;8753.19;
28/05/2025;FAC 0003-00041772;FAC;C9002;VENTA ONLINE;CAF-ETIOP-250;1;10363.99;0;10363.99;
07/01/2025;FAC 0003-00040075;FAC;C9002;VENTA ONLINE;CAF-CAPS-10;3;6900.0;0;20700.0;
11/03/2025;FAC 0003-00041088;FAC;C9002;VENTA ONLINE;CAF-ETIOP-250;3;9922.6;0;29767.79;
18/04/2025;FAC 0003-00041558;FAC;C9001;CONSUMIDOR FINAL;CAF-COLOM-250;2;8753.19;0;17506.39;
13/01/2025;FAC 0003-00040127;FAC;C9002;VENTA ONLINE;CAF-BLEND-250;3;5600.0;0;16800.0;
06/03/2025;FAC 0003-00041070;FAC;C9002;VENTA ONLINE;CAF-BLEND-250;3;5849.11;0;17547.33;
18/03/2025;FAC 0003-00041035;FAC;C9002;VENTA ONLINE;CAF-BLEND-250;2;5849.11;0;11698.22;
20/02/2025;FAC 0003-00040583;FAC;C9002;VENTA ONLINE;CAF-CAPS-10;3;7051.8;0;21155.4;
25/03/2025;FAC 0003-00040971;FAC;C9002;VENTA ONLINE;CAF-DESCA-250;3;7729.18;0;23187.54;
26/04/2025;FAC 0003-00041380;FAC;C9002;VENTA ONLINE;CAF-COLOM-250;2;8753.19;0;17506.39;
12/01/2025;FAC 0003-00040295;FAC;C9001;CONSUMIDOR FINAL;CAF-ETIOP-250;2;9500.0;0;19000.0;
20/04/2025;FAC 0003-00041332;FAC;C9002;VENTA ONLINE;CAF-COLOM-250;3;8753.19;0;26259.58;
23/03/2025;FAC 0003-00040902;FAC;C9002;VENTA ONLINE;CAF-ETIOP-250;3;9922.6;0;29767.79;
13/05/2025;FAC 0003-00042001;FAC;C9001;CONSUMIDOR FINAL;CAF-COLOM-250;1;8945.76;0;8945.76;
08/04/2025;FAC 0003-00041599;FAC;C9001;CONSUMIDOR FINAL;CAF-BLEND-1K;1;19214.33;0;19214.33;
05/06/2025;FAC 0003-00042149;FAC;C9002;VENTA ONLINE;CAF-COLOM-250;3;9142.57;0;27427.71;
16/06/2025;FAC 0003-00042488;FAC;C9001;CONSUMIDOR FINAL;CAF-ETIOP-250;2;10592.0;0;21184.01;
23/06/2025;FAC 0003-00042274;FAC;C9002;VENTA ONLINE;CAF-COLOM-250;1;9142.57;0;9142.57;
22/01/2025;FAC 0003-00040094;FAC;C9002;VENTA ONLINE;CAF-BRAS-250;2;5300.0;0;10600.0;
01/04/2025;FAC 0003-00041381;FAC;C9002;VENTA ONLINE;CAF-BRAS-250;1;5657.55;0;5657.55;
13/03/2025;FAC 0003-00040940;FAC;C9002;VENTA ONLINE;CAP-FILTRO-100;2;3342.35;0;6684.7;
03/04/2025;FAC 0003-00041460;FAC;C9002;VENTA ONLINE;CAF-ETIOP-250;1;10140.9;0;10140.9;
28/04/2025;FAC 0003-00041368;FAC;C9002;VENTA ONLINE;CAF-BRAS-250;3;5657.55;0;16972.66;
05/01/2025;FAC 0003-00040364;FAC;C9001;CONSUMIDOR FINAL;CAP-FILTRO-100;1;3200.0;0;3200.0;
12/04/2025;FAC 0003-00041374;FAC;C9002;VENTA ONLINE;CAF-CAPS-10;3;7365.49;0;22096.48;
13/05/2025;FAC 0003-00041658;FAC;C0107;La Ventanita de Nunez II;CAF-BLEND-1K;5;19637.04;35;63820.39;
25/05/2025;FAC 0003-00041768;FAC;C9002;VENTA ONLINE;CAF-CAPS-10;1;7527.53;0;7527.53;
08/02/2025;FAC 0003-00040804;FAC;C9001;CONSUMIDOR FINAL;CAF-BLEND-250;2;5723.2;0;11446.4;
11/02/2025;FAC 0003-00040512;FAC;C9002;VENTA ONLINE;CAF-COLOM-250;1;8380.4;0;8380.4;
14/06/2025;FAC 0003-00042136;FAC;C0136;Tostado Villa Urquiza;CAF-BLEND-1K;9;20069.06;35;117403.99;
20/03/2025;FAC 0003-00040884;FAC;C0136;Tostado Villa Urquiza;CAF-BLEND-1K;5;18800.71;35;61102.31;M. Paz
14/05/2025;FAC 0003-00041949;FAC;C9001;CONSUMIDOR FINAL;CAF-COLOM-250;1;8945.76;0;8945.76;
11/03/2025;FAC 0003-00041189;FAC;C9001;CONSUMIDOR FINAL;CAF-COLOM-250;1;8564.77;0;8564.77;
